{"type":"Topology","objects":{"communes":{"type":"GeometryCollection","geometries":[{"type":"Polygon","arcs":[[0,1,2,3]],"properties":{"code":"010510105","name":"Imzouren"}},{"type":"Polygon","arcs":[[4,5,3,6,7]],"properties":{"code":"010510103","name":"Bni Bouayach"}},{"type":"Polygon","arcs":[[8,9,10]],"properties":{"code":"010510101","name":"Al Hoceima"}},{"type":"Polygon","arcs":[[11,12,-2,13,14]],"properties":{"code":"010511303","name":"Ait Youssef Ou Ali"}},{"type":"Polygon","arcs":[[15,5,-3,-13,16,17]],"properties":{"code":"010511317","name":"Louta"}},{"type":"Polygon","arcs":[[18,19,20,21]],"properties":{"code":"010511305","name":"Arbaa Taourirt"}},{"type":"Polygon","arcs":[[22,7,23,18]],"properties":{"code":"010511319","name":"Nekkour"}},{"type":"Polygon","arcs":[[24,25,-11,26,27]],"properties":{"code":"010511115","name":"Izemmouren"}},{"type":"Polygon","arcs":[[28,29,27,30,31]],"properties":{"code":"010511121","name":"Rouadi"}},{"type":"Polygon","arcs":[[24,32,11,16,33,34,-31]],"properties":{"code":"010511101","name":"Ait Kamra"}},{"type":"Polygon","arcs":[[4,-16,35,36,21,-24]],"properties":{"code":"010511323","name":"Tifarouine"}},{"type":"Polygon","arcs":[[37,38,-34,17,35]],"properties":{"code":"010511313","name":"Imrabten"}},{"type":"Polygon","arcs":[[-21,39,40,41,42,-38,36]],"properties":{"code":"010511311","name":"Chakrane"}},{"type":"Polygon","arcs":[[43,44,45,46]],"properties":{"code":"010511109","name":"Bni Hadifa"}},{"type":"Polygon","arcs":[[-29,47,46,48,49,50]],"properties":{"code":"010510307","name":"Senada"}},{"type":"MultiPolygon","arcs":[[[51]],[[52]],[[53]],[[49,54,55,56]],[[57]],[[58]],[[59]],[[60]],[[61]]],"properties":{"code":"010510301","name":"Bni Boufrah"}},{"type":"Polygon","arcs":[[62,45,-48,-32,-35,-39,-43]],"properties":{"code":"010511107","name":"Bni Abdellah"}},{"type":"Polygon","arcs":[[63,64,65,66]],"properties":{"code":"015730103","name":"Martil"}},{"type":"Polygon","arcs":[[67,68,69,-65,70]],"properties":{"code":"015730105","name":"M'diq"}},{"type":"Polygon","arcs":[[71,-66,-70,72,73]],"properties":{"code":"015710315","name":"Mallalienne"}},{"type":"Polygon","arcs":[[66,74,75,76,77,78,79,71]],"properties":{"code":"015710111","name":"Tétouan"}},{"type":"Polygon","arcs":[[80,81]],"properties":{"code":"010510107","name":"Targuist"}},{"type":"Polygon","arcs":[[82,83,56,-49,43,84,85,86,87,-82]],"properties":{"code":"010510719","name":"Sidi Boutmim"}},{"type":"Polygon","arcs":[[82,88,89,90,91,92,87,80]],"properties":{"code":"010510727","name":"Zarkt"}},{"type":"Polygon","arcs":[[44,-63,-42,93,94,-85]],"properties":{"code":"010511125","name":"Zaouiat Sidi Abdelkader"}},{"type":"Polygon","arcs":[[95,96,97,75,98]],"properties":{"code":"015710507","name":"Azla"}},{"type":"Polygon","arcs":[[99,100,101,102,-97,103,104]],"properties":{"code":"015710525","name":"Zaouiat Sidi Kacem"}},{"type":"Polygon","arcs":[[-77,98,105,106]],"properties":{"code":"015710523","name":"Zaitoune"}},{"type":"Polygon","arcs":[[107,108,101,109]],"properties":{"code":"015710107","name":"Oued Laou"}},{"type":"Polygon","arcs":[[110,111,112,113,114,-104,-96,105,115]],"properties":{"code":"015710527","name":"Zinat"}},{"type":"Polygon","arcs":[[-68,116,117,118,119]],"properties":{"code":"015730101","name":"Fnideq"}},{"type":"Polygon","arcs":[[-41,120,121,-94]],"properties":{"code":"010510721","name":"Sidi Bouzineb"}},{"type":"Polygon","arcs":[[122,86,-93,123,124,125]],"properties":{"code":"010510707","name":"Bni Bchir"}},{"type":"Polygon","arcs":[[126,127,128,129,-124,-92,130]],"properties":{"code":"010510711","name":"Bni Bounsar"}},{"type":"Polygon","arcs":[[131,132,133,129,124]],"properties":{"code":"010510703","name":"Bni Ahmed Imoukzan"}},{"type":"Polygon","arcs":[[133,-129,134,135,136]],"properties":{"code":"010510923","name":"Taghzout"}},{"type":"Polygon","arcs":[[-95,-122,137,122,-86]],"properties":{"code":"010510705","name":"Bni Ammart"}},{"type":"Polygon","arcs":[[138,139,140,141,126]],"properties":{"code":"010510913","name":"Issaguen"}},{"type":"Polygon","arcs":[[139,142,143,144]],"properties":{"code":"010510915","name":"Ketama"}},{"type":"Polygon","arcs":[[145,146,143,147]],"properties":{"code":"010510925","name":"Tamsaout"}},{"type":"Polygon","arcs":[[-139,127,134,148,-148,144]],"properties":{"code":"010510901","name":"Abdelghaya Souahel"}},{"type":"Polygon","arcs":[[55,-84,88,149,150,151,152]],"properties":{"code":"010510303","name":"Bni Gmil"}},{"type":"Polygon","arcs":[[153,154,-90,149]],"properties":{"code":"010510305","name":"Bni Gmil Maksouline"}},{"type":"Polygon","arcs":[[130,-142,155,154,90]],"properties":{"code":"010510917","name":"Moulay Ahmed Cherif"}},{"type":"Polygon","arcs":[[156,100,-109,157]],"properties":{"code":"015710515","name":"Bni Said"}},{"type":"Polygon","arcs":[[158,159,160,161,162,163,164,165]],"properties":{"code":"015710505","name":"Al Oued"}},{"type":"Polygon","arcs":[[107,166,167,168]],"properties":{"code":"011510713","name":"Tizgane"}},{"type":"Polygon","arcs":[[169,170,171,-168,172]],"properties":{"code":"011510707","name":"Steha"}},{"type":"MultiPolygon","arcs":[[[173]],[[174]],[[175]],[[176]],[[177]],[[178]],[[179]],[[180]],[[181]],[[170,182,183,184,185]]],"properties":{"code":"011510701","name":"Bni Bouzra"}},{"type":"Polygon","arcs":[[-78,-107,115,186]],"properties":{"code":"015710517","name":"Dar Bni Karrich"}},{"type":"Polygon","arcs":[[162,187,-105,-115,188]],"properties":{"code":"015710501","name":"Al Hamra"}},{"type":"Polygon","arcs":[[189,161,-189,-114,190]],"properties":{"code":"015710513","name":"Bni Leit"}},{"type":"Polygon","arcs":[[191,156,-100,-188,163]],"properties":{"code":"015710519","name":"Oulad Ali Mansour"}},{"type":"Polygon","arcs":[[-184,192,193,194]],"properties":{"code":"011510901","name":"Amtar"}},{"type":"Polygon","arcs":[[195,196,197,198,199,200]],"properties":{"code":"014050909","name":"Moqrissat"}},{"type":"Polygon","arcs":[[200,201,202,203,204,205,206]],"properties":{"code":"014051111","name":"Zoumi"}},{"type":"Polygon","arcs":[[207,208,209,210,199,-207]],"properties":{"code":"014051107","name":"Kalaat Bouqorra"}},{"type":"Polygon","arcs":[[211,212,197,213]],"properties":{"code":"011510511","name":"Fifi"}},{"type":"Polygon","arcs":[[214,215,216,217,218]],"properties":{"code":"011510507","name":"Bni Salah"}},{"type":"Polygon","arcs":[[219,220,189,-161,221,222]],"properties":{"code":"011510515","name":"Tanaqoub"}},{"type":"Polygon","arcs":[[223,196,-213,224,225,222,226]],"properties":{"code":"011510513","name":"Laghdir"}},{"type":"Polygon","arcs":[[227,228,-202,195,-224,229,230]],"properties":{"code":"014050901","name":"Ain Beida"}},{"type":"Polygon","arcs":[[-231,231,232,233]],"properties":{"code":"014050905","name":"Brikcha"}},{"type":"Polygon","arcs":[[-234,234,235,236,237,238,-228]],"properties":{"code":"014050903","name":"Asjen"}},{"type":"Polygon","arcs":[[239,240,241,242,243]],"properties":{"code":"011510313","name":"Iounane"}},{"type":"Polygon","arcs":[[-185,-195,244,243,245,246]],"properties":{"code":"011511103","name":"Bni Mansour"}},{"type":"Polygon","arcs":[[247,248,249,169,-186,-247,250]],"properties":{"code":"011511105","name":"Bni Selmane"}},{"type":"Polygon","arcs":[[-167,157,-192,164,251,249,-173]],"properties":{"code":"011510711","name":"Tassift"}},{"type":"Polygon","arcs":[[-252,165,252,253,248]],"properties":{"code":"011510709","name":"Talambote"}},{"type":"Polygon","arcs":[[254,255,146,-143,256,257,-241,258,259]],"properties":{"code":"011510323","name":"Tamorot"}},{"type":"Polygon","arcs":[[-156,-141,256,260,261,-151,153]],"properties":{"code":"011510919","name":"Ouaouzgane"}},{"type":"Polygon","arcs":[[262,261,151,263,264]],"properties":{"code":"011510917","name":"M'tioua"}},{"type":"Polygon","arcs":[[244,-243,265,-265,266,193]],"properties":{"code":"011510911","name":"Bni Smih"}},{"type":"Polygon","arcs":[[265,262,-261,257,241]],"properties":{"code":"011510909","name":"Bni Rzine"}},{"type":"Polygon","arcs":[[267,-159,252,268,-219,269,211,224,270,271]],"properties":{"code":"011510501","name":"Bab Taza"}},{"type":"Polygon","arcs":[[272,247,-254,268,214]],"properties":{"code":"011510503","name":"Bni Darkoul"}},{"type":"Polygon","arcs":[[-216,272,-251,-246,239,258,273]],"properties":{"code":"011510303","name":"Bab Berred"}},{"type":"Polygon","arcs":[[273,216,274,275,276,-260]],"properties":{"code":"011510621","name":"Oued Malha"}},{"type":"Polygon","arcs":[[277,278,279,-276,280]],"properties":{"code":"011510605","name":"Bni Ahmed Cherqia"}},{"type":"Polygon","arcs":[[267,159,221,-226,270,281]],"properties":{"code":"011510509","name":"Derdara"}},{"type":"Polygon","arcs":[[282,283,284,285,286]],"properties":{"code":"015710301","name":"Ain Lahsan"}},{"type":"Polygon","arcs":[[287,288,289,290,285,291]],"properties":{"code":"015710307","name":"Bni Harchen"}},{"type":"Polygon","arcs":[[292,293,294,295,-289,296]],"properties":{"code":"015710309","name":"Jbel Lahbib"}},{"type":"Polygon","arcs":[[295,289,297,298,299,300]],"properties":{"code":"015710303","name":"Al Kharroub"}},{"type":"Polygon","arcs":[[301,302,303,304,305,306,307,308]],"properties":{"code":"013310905","name":"Bni Garfett"}},{"type":"Polygon","arcs":[[309,294,-301,310,311,-304,312]],"properties":{"code":"013310901","name":"Ayacha"}},{"type":"Polygon","arcs":[[298,313,314,-112,315,316]],"properties":{"code":"015710311","name":"Bni Idder"}},{"type":"Polygon","arcs":[[317,284,-291,297,-317]],"properties":{"code":"015710305","name":"Bghaghza"}},{"type":"Polygon","arcs":[[318,319,320,321,322,323]],"properties":{"code":"013310703","name":"Ksar Bjir"}},{"type":"Polygon","arcs":[[324,325,326,327,328]],"properties":{"code":"013311103","name":"Oulad Ouchih"}},{"type":"Polygon","arcs":[[327,329,307,330]],"properties":{"code":"013311112","name":"Souaken"}},{"type":"Polygon","arcs":[[331,332,333,334,326,-331,308]],"properties":{"code":"013311109","name":"Rissana Janoubia"}},{"type":"Polygon","arcs":[[335,-302,331,336]],"properties":{"code":"013311107","name":"Rissana Chamalia"}},{"type":"Polygon","arcs":[[337,-235,-233,338,339,322,340]],"properties":{"code":"013310715","name":"Tatoft"}},{"type":"Polygon","arcs":[[341,342,339,-322,343,-306]],"properties":{"code":"013310701","name":"Boujedyane"}},{"type":"Polygon","arcs":[[-330,328,344,320,343,306]],"properties":{"code":"013311113","name":"Souk Tolba"}},{"type":"Polygon","arcs":[[324,345,319,-345]],"properties":{"code":"013310101","name":"Ksar El Kebir"}},{"type":"Polygon","arcs":[[346,347,348,349,350,351]],"properties":{"code":"015110303","name":"Aquouass Briech"}},{"type":"Polygon","arcs":[[293,-310,352,353,354,350,355]],"properties":{"code":"015110315","name":"Had Al Gharbia"}},{"type":"Polygon","arcs":[[292,-356,351,356,357,358]],"properties":{"code":"015110501","name":"Al Manzla"}},{"type":"Polygon","arcs":[[287,296,-359,359]],"properties":{"code":"015110507","name":"Dar Chaoui"}},{"type":"Polygon","arcs":[[360,361,-360,-358,362]],"properties":{"code":"015110505","name":"Sebt Azzinate"}},{"type":"Polygon","arcs":[[349,-355,363,364]],"properties":{"code":"015110101","name":"Assilah"}},{"type":"Polygon","arcs":[[365,366,367,368,79,-74,369]],"properties":{"code":"015710317","name":"Saddina"}},{"type":"Polygon","arcs":[[282,370,-368,371,372]],"properties":{"code":"015710319","name":"Souk Kdim"}},{"type":"Polygon","arcs":[[373,374,-366,375,-119,376,377]],"properties":{"code":"012270321","name":"Taghramt"}},{"type":"Polygon","arcs":[[378,379,380,381,382,383]],"properties":{"code":"012270505","name":"Ksar Sghir"}},{"type":"MultiPolygon","arcs":[[[384]],[[385]],[[386]],[[380,387,373,388]]],"properties":{"code":"012270313","name":"Ksar El Majaz"}},{"type":"Polygon","arcs":[[361,-292,286,-373,389,390,391,392]],"properties":{"code":"012270311","name":"Jouamaa"}},{"type":"Polygon","arcs":[[393,394,395,396,392,-361]],"properties":{"code":"015110517","name":"Laaouama"}},{"type":"Polygon","arcs":[[397,379,-389,374,366,371,389]],"properties":{"code":"012270305","name":"Anjra"}},{"type":"Polygon","arcs":[[398,-391,397,-379]],"properties":{"code":"012270509","name":"Malloussa"}},{"type":"Polygon","arcs":[[399,400,401,-311,-300,313]],"properties":{"code":"013310903","name":"Bni Arouss"}},{"type":"Polygon","arcs":[[337,235,402,403]],"properties":{"code":"014050707","name":"Mzefroune"}},{"type":"Polygon","arcs":[[404,-237,402,405]],"properties":{"code":"014050705","name":"Masmouda"}},{"type":"Polygon","arcs":[[406,-238]],"properties":{"code":"014050109","name":"Ouezzane"}},{"type":"Polygon","arcs":[[407,-203,-229,-239,-407,-405,408]],"properties":{"code":"014050701","name":"Bni Quolla"}},{"type":"Polygon","arcs":[[409,410,411,412,413,414]],"properties":{"code":"014051303","name":"Lamjaara"}},{"type":"Polygon","arcs":[[415,-410,416]],"properties":{"code":"014051311","name":"Sidi Ahmed Cherif"}},{"type":"Polygon","arcs":[[417,-411,-416,418]],"properties":{"code":"014051313","name":"Sidi Bousber"}},{"type":"Polygon","arcs":[[419,420,421]],"properties":{"code":"013310103","name":"Larache"}},{"type":"Polygon","arcs":[[422,420,423,424,425,-337,332]],"properties":{"code":"013311111","name":"Sahel"}},{"type":"Polygon","arcs":[[-420,426,427,-334,422]],"properties":{"code":"013310705","name":"Laouamra"}},{"type":"Polygon","arcs":[[-428,428,318,-346,325,-335]],"properties":{"code":"013310717","name":"Zouada"}},{"type":"Polygon","arcs":[[-363,-357,346,429,-394]],"properties":{"code":"015110519","name":"Hjar Ennhal"}},{"type":"MultiPolygon","arcs":[[[430]],[[431,395,432,-383,433]]],"properties":{"code":"001511010","name":"Tanger"}},{"type":"Polygon","arcs":[[-384,-433,396,-392,-399]],"properties":{"code":"012270501","name":"Al Bahraoyine"}},{"type":"Polygon","arcs":[[311,304,341,434,401]],"properties":{"code":"013310915","name":"Zaaroura"}},{"type":"Polygon","arcs":[[-220,226,229,231,338,-343,434,-401,435]],"properties":{"code":"013310711","name":"Souk L'qolla"}},{"type":"Polygon","arcs":[[-400,314,112,190,-221,-436]],"properties":{"code":"013310913","name":"Tazroute"}},{"type":"Polygon","arcs":[[424,436,353,363,437]],"properties":{"code":"015110311","name":"Sahel Chamali"}},{"type":"Polygon","arcs":[[438,439,407,203]],"properties":{"code":"014050715","name":"Sidi Redouane"}},{"type":"Polygon","arcs":[[438,440,417,411,441,-205]],"properties":{"code":"014051309","name":"Ouannana"}},{"type":"Polygon","arcs":[[412,442,443,-208,-206,-442]],"properties":{"code":"014051317","name":"Teroual"}},{"type":"Polygon","arcs":[[-414,442,444]],"properties":{"code":"014051319","name":"Zghira"}},{"type":"Polygon","arcs":[[186,78,-369,-371,283,-318,-316,-111]],"properties":{"code":"015710321","name":"Sahtryine"}},{"type":"Polygon","arcs":[[335,302,312,352,-437,425]],"properties":{"code":"015110313","name":"Sidi Lyamani"}},{"type":"Polygon","arcs":[[136,-133,445]],"properties":{"code":"010510909","name":"Bni Bouchibet"}},{"type":"Polygon","arcs":[[446,-281,-275,217,269,-214,198,-211]],"properties":{"code":"011510505","name":"Bni Faghloum"}},{"type":"Polygon","arcs":[[209,446,277,447]],"properties":{"code":"011510607","name":"Bni Ahmed Gharbia"}},{"type":"Polygon","arcs":[[448,279,276,254]],"properties":{"code":"011510615","name":"Mansoura"}},{"type":"Polygon","arcs":[[-272,281]],"properties":{"code":"011510101","name":"Chefchaouen"}},{"type":"Polygon","arcs":[[375,119,68,72,369]],"properties":{"code":"015730107","name":"Allyene"}},{"type":"Polygon","arcs":[[429,394,-432,449,-348]],"properties":{"code":"015110109","name":"Gueznaia"}},{"type":"Polygon","arcs":[[-377,-118,450]],"properties":{"code":"015730109","name":"Belyounech"}},{"type":"Polygon","arcs":[[-26,32,-15,451,-9]],"properties":{"code":"010510109","name":"Ajdir"}}]}},"arcs":[[[98988,44379],[2,1],[59,292],[462,1027],[11,334]],[[99522,46033],[12,38],[-21,8],[-20,4],[-113,-83],[31,184],[-240,53],[-11,-75],[-96,2],[-39,-7],[-405,-223],[-115,-10],[16,30],[7,28],[-49,129],[-72,86],[-29,178],[-63,205],[-12,77],[-33,92],[-16,104],[-244,-432],[-104,-182],[-37,118],[-10,42],[-41,-21],[-11,-18],[-20,-52],[-6,-46],[-28,-49],[10,-37],[26,-13],[20,-18],[3,-33],[-12,-43],[-1,-55],[-39,-93],[-10,-74],[-33,-90],[-16,-30],[-50,-16],[-13,-21],[-10,-25],[-17,1],[-24,-20],[-12,-34],[-40,-25],[-39,-49],[-18,-17],[-15,-16],[17,-47],[-13,-36],[-3,-22],[9,-36],[-8,-43],[-45,-70],[-39,-24],[-20,-31],[-43,-24],[-24,12],[-38,-101],[-35,-130],[20,-215],[-22,-274],[-2,-253]],[[97217,44211],[-8,-25],[-4,-17],[-10,-33],[-11,-120],[-6,-28],[-17,-49],[-41,-74],[-21,-17],[-10,-20],[-6,-30],[137,-220],[6,-31],[-8,-139],[-2,-40],[10,-24],[12,-29],[32,-37],[40,-34],[64,-25],[42,-6],[64,-8],[43,3],[178,114],[52,69],[38,66],[34,45],[33,25]],[[97858,43527],[-58,118],[14,69],[149,538],[241,265],[42,-429],[172,59],[17,-76],[85,80],[91,100],[275,117],[102,11]],[[97529,39918],[-13,408],[-7,197],[-12,284],[-6,259],[14,37],[68,64],[6,25],[-62,190],[-50,61],[-74,51],[-70,34],[-177,15],[-58,41],[-67,10],[-50,1],[-236,78],[-50,6],[-6,18],[4,57]],[[96683,41754],[40,76],[199,278],[130,291],[21,31],[61,60],[120,105],[73,43],[39,7],[82,-1],[53,8],[109,57],[62,96],[34,66],[71,178],[52,107],[61,67],[37,19],[79,62],[73,83],[-24,12],[-99,65],[-28,18],[-70,45]],[[98988,44379],[-166,-717],[20,-344],[-1,-159],[25,-349],[45,-120],[58,-143],[25,-72],[11,-86],[-9,-103],[-35,-112],[-28,-232],[30,-369],[37,-171],[35,-97],[66,-104],[50,138],[54,118],[46,50],[59,134],[71,16],[34,37],[36,-30],[-16,-73],[0,-66],[12,-62],[46,-86],[-41,-53],[-32,-93],[17,-105],[27,-149]],[[99464,40977],[-77,40],[-42,-40],[-2,-40],[18,-12],[7,-28],[-17,-63],[-12,-46],[-34,-25],[-54,17],[-19,-5],[-11,-11],[-38,-17],[-151,-123],[-9,-47],[-31,-73],[-64,-33],[-25,-21],[-45,13],[-30,-3],[-50,5],[-14,18],[-14,6],[-6,19],[-14,3],[-5,-90],[-10,-58],[-41,-70],[-40,-54],[-39,-3],[-35,13],[-31,-2],[-23,-30],[-31,-26],[-118,-52],[-31,5],[-125,115],[-30,37],[-27,9],[-124,-11],[-42,-17],[-73,-102],[-72,-44],[-18,-2],[-67,-28],[-37,-42],[-29,-12],[-44,-69],[-18,1],[-32,-24],[-12,-16],[-15,-24],[-15,4],[-17,-1]],[[94526,49749],[24,58],[41,74],[350,223],[230,96],[144,29],[176,197],[8,16]],[[95499,50442],[-67,70],[-17,65],[-1,46],[9,43],[4,12],[6,17],[14,26],[2,9],[0,12],[0,23],[-2,21],[-2,38],[-2,7],[-10,11],[-9,18],[-4,10],[-12,8],[-23,-7],[-19,-11],[-6,1],[-4,6],[-10,15],[-3,17],[3,12],[8,9],[4,14],[-3,14],[-11,12],[-13,-1],[-11,1],[-10,9],[-11,23],[-4,17],[-3,20],[-3,19],[-33,62],[4,25],[25,22],[7,9],[5,7],[6,7],[12,15],[3,4],[5,4],[2,5],[0,5],[2,8],[2,11],[3,9],[1,14],[-3,8],[-4,-1],[-12,-8],[-5,-8],[-5,-9],[-2,-7],[-3,-3],[-3,1],[-2,1],[-3,4],[-2,0],[-1,-2],[-1,-8],[-1,-2],[-2,0],[-2,2],[-1,4],[-1,3],[-2,0],[-2,-4],[0,-5],[-4,-1],[-24,10],[-18,7],[-36,0],[-14,3],[-16,5],[-8,7],[-11,18],[-1,8],[0,11],[0,5],[-1,2],[-3,-1],[-7,-4],[-11,-1],[-14,2],[-3,4],[1,6],[7,6],[7,9],[1,7],[3,6],[1,7],[2,4],[2,4],[0,5],[-3,4],[-7,-1],[-7,-6],[-9,-12],[-5,-4],[-8,2],[-7,14],[-3,12],[1,13],[7,19],[9,9],[29,24],[2,4],[-1,5],[-5,3],[-10,3],[-6,7],[-4,7],[-1,18],[-1,20],[2,25],[8,0],[17,4],[26,4],[23,17],[8,9],[2,12],[-1,11],[-2,1],[-3,-2],[-20,-7],[-21,-4],[-19,4],[-10,0],[-8,6],[-4,24],[-3,8],[-6,3],[-11,-3],[-2,13],[0,13],[2,9],[-1,3],[5,13],[18,42],[6,4],[25,1],[5,4],[6,36],[17,15],[19,9],[30,8],[27,28],[19,25],[3,7],[1,7],[-2,5],[-4,3],[-3,6],[0,6],[1,20],[-4,12],[-5,5],[-7,8],[-7,12],[-6,19],[-6,12],[-14,14],[-21,10],[-13,1],[-4,0],[-11,0],[-22,2],[-20,-1],[-27,-4],[-14,-2],[-9,1],[-18,-1],[-17,13],[-7,8],[-4,6],[-5,6],[-5,7],[-4,7],[-3,5],[0,4],[1,9],[0,3],[-2,1],[-9,-1],[-9,-4],[-12,6],[-5,9],[-4,18],[-2,22],[0,23],[2,28],[3,23],[9,33],[20,40],[39,-11],[8,-2],[80,-3],[98,78],[3,2],[1,3],[1,4],[0,4],[-1,4],[-2,2],[-2,2],[-3,1],[-2,0],[-2,-1],[-3,-2],[-1,-3],[-1,-4],[0,-4],[-26,-20],[-4,11],[-63,-50],[-6,16],[-8,-6],[-1,1],[-7,0],[-7,2],[-7,4],[-6,8],[0,21],[7,6],[-3,9],[-3,7],[63,50],[-5,11],[9,7],[1,-1],[2,0],[2,-1],[1,0],[0,3],[2,2],[1,3],[0,2],[-1,3],[1,1],[3,-2],[4,0],[2,4],[1,6],[4,4],[5,4],[3,8],[-2,11],[-1,4],[-6,10],[-7,10],[-7,1],[-11,-5],[-5,-7],[-4,-13],[-5,-12],[-3,-2],[-1,-1],[-7,-6],[-55,-48],[-2,6],[-3,9],[-3,8],[-2,7],[49,40],[-23,57],[-31,-21],[-7,24],[-11,-7],[-1,3],[-1,2],[11,8],[-3,12],[67,54],[5,5],[26,21],[9,-5],[1,-1],[13,-7],[1,-1],[14,-9],[1,0],[11,-6],[2,-1],[6,-4],[2,-1],[-3,-10],[5,-5],[4,11],[3,-1],[1,-1],[6,-6],[1,-1],[26,-40],[2,-4],[6,-15],[1,-3],[10,-21],[1,-3],[5,-11],[4,-22],[-2,-2],[-1,-3],[0,-5],[1,-4],[3,-3],[7,-7],[18,-57],[-1,-6],[0,-6],[1,-6],[3,-6],[4,-4],[5,-2],[5,1],[4,3],[4,5],[2,6],[0,7],[-1,7],[-2,5],[-4,4],[-26,77],[-5,18],[-16,46],[-14,28],[-9,16],[-6,8],[-6,12],[-13,22],[-7,14],[-1,10],[6,14],[13,28],[9,14],[5,8],[8,5],[7,5],[9,5],[28,19],[11,4],[7,1],[5,3],[4,7],[5,5],[8,3],[5,5],[5,3],[3,5],[22,21],[15,14],[5,7],[6,27],[11,21],[13,9],[7,1],[7,-1],[12,8],[5,10],[2,9],[-1,5],[-9,17],[-4,14],[-8,33],[-9,16],[-16,14],[-19,7],[-18,20],[-21,16],[-14,13],[-10,10],[-5,7],[-15,37],[-3,9],[-7,22],[-16,34],[-4,8],[-4,9],[-7,7],[-12,16],[-17,20],[-11,9],[-16,9],[-13,7],[-18,6],[-20,8],[-14,7],[-31,10],[-25,10],[-60,21],[-53,41],[-52,62],[-84,25],[-45,-6],[-53,-30],[-38,-38],[-37,-33],[-23,-5],[-33,10],[-38,14],[-18,1],[-14,-3],[-9,-4],[-11,-7],[-5,-6],[-9,-19],[-6,-24],[-2,-24],[-5,-22],[-9,-12],[-11,-6],[-34,-10],[-36,-3],[-25,-2],[-36,-18],[-20,-16],[-9,-12],[-3,-23],[2,-12],[-1,-17],[2,-18],[-7,-12],[-15,-10],[-22,-13],[-24,-19],[-32,-22],[-22,-13],[-7,-8],[-11,-11],[-21,-34],[-18,-39],[-21,-38],[-14,-11],[-25,-21],[-10,-14],[-8,-15],[-13,-40],[-15,-37],[-21,-24],[-39,-32],[-18,-23],[-90,-88],[-64,-47],[-23,-17],[-24,-11],[-24,2],[-10,0],[-7,-5],[-10,-17],[-12,-8],[-6,-2],[-3,4],[-3,6],[-1,4],[-3,0],[-11,-10],[-2,-6],[1,-5],[9,-9],[0,-9],[-6,-12],[-16,-21],[-30,-22],[-31,-17],[-63,-35],[-32,-35],[-11,-13],[-23,-20],[-9,-5],[-20,-10],[-10,-4],[-10,0],[-18,7]],[[93374,52221],[16,-27],[37,-40],[34,-66],[19,-116],[-16,-207],[-79,-275],[23,-148],[93,-106],[41,25],[134,76],[44,-65],[65,-120],[278,-393],[143,-137],[138,-19],[6,-26],[-48,-138],[5,-66],[49,-162],[15,-48],[81,-266],[74,-148]],[[94753,47225],[-655,-953],[22,6],[80,-51],[1,-41],[-15,-53],[-33,-100],[-6,-50],[-21,-27],[-13,-29],[23,-74],[73,-204],[46,-166],[46,-365],[-3,-89],[7,-114],[-12,-27],[-4,-30],[10,-56],[28,-102],[42,-104],[31,-97],[13,-34],[12,-41],[14,-41]],[[94439,44383],[18,7],[32,25],[24,19],[10,13],[66,58],[34,21],[35,0],[29,-15],[33,-23],[33,-19],[29,4],[54,80],[8,22],[31,38],[83,64],[82,95],[169,148],[53,38],[5,4],[119,67],[3,2],[125,25],[84,39],[25,-9],[19,-30],[96,-191],[35,-53],[82,-230],[53,-93],[32,-18],[31,-64],[105,-158],[-1,-61],[29,-40],[102,-136],[45,-16],[125,-71],[126,13],[93,43],[12,19],[8,31],[20,30],[99,48],[76,-29],[32,-41],[45,24],[56,1],[73,38],[68,71],[29,20],[39,16],[46,6],[19,-4]],[[99522,46033],[370,569],[91,325],[16,294],[-831,1735],[-4,39],[-52,-11],[-32,-16],[-56,-14],[-50,-17],[-58,-18],[-94,-32],[-105,-30],[-176,-36],[-96,-10],[-90,1],[-130,5],[-169,35],[-191,48],[-160,46],[-64,27],[-40,18],[-85,33],[-75,39],[-50,29],[-57,52],[-25,20],[-26,16],[-25,24],[-22,5],[-13,4],[-106,13],[-171,50],[-182,67]],[[96764,49343],[-4,-13],[-19,-50],[-25,-67],[-28,-82],[-5,-42],[-44,-39],[-111,-145],[-36,-26],[-52,-30],[-39,-55],[-43,-59],[-24,-62],[-23,-15],[-15,8],[-31,2],[-27,-14],[-50,-100],[-33,-53],[-21,-2],[-10,30],[-29,6],[-24,-28],[-44,-23],[-24,-38],[-8,-49],[-21,-24],[-27,-11],[-11,-16],[-17,-39],[-4,-7],[-23,-42],[-24,-32],[-3,-40],[-18,-54],[-26,-41],[-26,5],[-28,-25],[-31,-35],[-6,-22],[18,-43],[-4,-22],[-17,-50],[-25,-47],[-23,3],[-14,-43],[-18,-13],[6,-60],[-7,-39],[-25,12],[-12,-2],[6,-76],[0,-34],[-4,-15],[-34,6],[-32,-22],[-29,-63],[-32,-58],[-48,7],[-39,-27],[-16,11],[9,48],[3,25],[-17,0],[-32,-30],[-15,-16],[-22,9],[-13,-13],[-6,-14],[-13,-18],[-28,-5],[-18,4],[-15,-4],[-53,-70],[-7,-29],[-7,-23],[-22,7],[-30,36],[-23,51],[-2,54],[-66,-47],[-3,-20],[-11,-13],[-22,7],[7,27],[19,35],[-4,27],[-21,4],[-17,-15],[-24,-49],[-18,-16],[-10,-28],[-28,-12],[-32,-74],[-42,-1],[-21,-13],[-24,-38]],[[95238,40141],[12,70],[117,117],[131,56],[154,84],[145,136],[71,129],[7,212],[13,34],[4,58],[51,224],[6,30],[-3,73],[-4,45],[4,36],[-25,39],[-27,31],[-34,9],[-16,9],[-9,18],[-4,30],[-12,26],[20,15],[27,4],[56,0],[25,-11],[22,13],[32,-9],[70,9],[19,16],[11,25],[55,50],[15,13],[17,5],[22,14],[27,3],[17,4],[56,0],[77,0],[87,-2],[55,-1],[154,-1]],[[94439,44383],[-13,-119],[-19,-55],[-15,-170],[-20,-206]],[[94372,43833],[45,-23],[58,-69],[21,-71],[-5,-113],[73,-130],[91,-338],[-1,-157],[-12,-119],[-14,-260],[-31,-82],[-12,-121],[-2,-206],[9,-182],[34,-176],[28,-91],[32,-83],[78,-142],[29,-53],[31,-48],[29,-23],[2,-53],[48,-56],[53,-47],[11,-109],[-17,-45],[-18,-57],[-11,-81],[-29,-87],[0,-49],[-14,-36],[-33,-47],[-18,-32],[30,-72],[-6,-66],[-16,-82],[-2,-60],[14,-51],[65,-94],[38,-35],[44,-25],[43,-10],[143,3],[58,-14]],[[96032,32598],[6,6],[7,11],[16,8],[18,11],[6,10],[7,0],[11,-9],[1,21],[9,15],[12,2],[6,-1],[8,5],[17,-6],[25,-1],[10,6],[13,0],[13,10],[14,-4],[14,-12],[15,3],[12,-7],[9,1],[27,10],[31,20],[40,10],[41,-16],[6,36],[41,23],[24,23],[39,-8],[17,25],[21,11],[71,2],[39,43],[55,-4],[62,-23],[32,24],[21,9],[18,-38],[25,-74],[27,-56],[32,-31],[35,3],[21,19],[13,-8],[5,-16],[-1,-37],[0,-14],[24,-4],[13,-32],[13,-58],[23,-39],[42,-21],[38,-41],[37,-17],[24,-25],[17,-38],[15,7],[26,25],[36,0],[25,-43],[15,-39],[31,-24],[41,-60],[39,-47],[42,-71],[27,-57],[48,-46],[58,-31],[54,1],[46,-7],[76,-53],[61,-54],[43,-33],[47,-17],[98,18],[44,-52],[27,-113],[34,-104],[42,-82],[56,-63],[75,-90],[61,-66],[89,-89],[63,-67],[33,-56],[9,-18],[20,47],[30,45],[45,47],[9,28],[2,33],[4,25],[36,11],[9,31],[20,35],[-7,22],[-23,-6],[-15,53],[7,41],[7,22],[18,9],[10,5],[10,21],[-2,29],[-10,28],[1,25],[6,21],[8,18],[-15,44],[4,29],[-25,36],[-23,60],[12,51],[-11,61],[9,99],[18,19],[22,30],[7,27],[30,56],[5,65],[10,61],[49,64],[38,52],[30,23],[18,36],[16,19],[-3,177],[106,70],[12,125],[47,104],[66,-16],[25,-2],[18,6],[53,35],[16,3],[18,-4],[18,-9],[12,-13],[16,19],[11,27],[13,12],[18,1],[18,-9],[17,-11],[19,-9],[22,-4],[23,-10],[25,-7],[91,-7],[21,-12]],[[99676,32882],[-77,-454],[-37,-630],[-412,-1533],[200,-255],[-286,-288],[-140,-176],[-94,-140],[-53,-102],[-104,-230],[-15,-401],[161,-338],[262,-458],[10,-59],[-2,-58],[-12,-69],[-75,-466],[60,17],[-120,-182],[-169,-393],[-110,-402],[4,-261],[-86,-186],[-105,-60],[-94,-41],[-111,-33],[-45,-56],[-77,-27],[-145,-170],[-133,-122],[-370,-197],[-201,-53],[-208,-71],[-454,-106],[-160,-40],[-245,-176],[-122,-48],[-84,-11],[-84,-57],[-307,-115],[-222,3],[-93,-106],[-31,-2],[-37,41],[-27,-7],[-30,10],[-27,40],[-33,-6],[-53,47],[-16,-13],[-21,-4],[-15,-133],[7,-45],[-7,-18],[-11,-13],[-32,-12],[-41,33],[-20,-11],[-13,-36],[8,-48],[-21,-4],[-52,54],[-30,19],[-21,4],[-9,-28],[13,-50],[22,-59],[-13,-49],[-27,-45],[-2,-18],[4,-22],[17,-26],[14,-10],[19,-16],[14,-7],[8,-46],[8,-50],[-4,-36],[-16,-18],[-34,0],[-28,15],[-19,32],[-26,29],[-20,16],[-22,9],[-14,1],[-21,-10],[-18,-16],[-20,-28],[-16,-18],[-24,-26],[-17,-44],[-14,-27],[-11,-20],[-18,-23],[-16,-12],[-23,-6],[-20,13],[-20,19],[-217,180],[-50,-85],[-22,-16],[-25,-1],[-18,-3],[-19,-5],[-17,-11],[-24,-26],[-25,-11],[-111,-42],[-37,-5],[-73,-10],[-66,1],[-96,17],[-53,16],[-59,17],[-137,41],[-198,87],[-205,28],[-130,18],[-84,-1],[-101,-14],[-106,-13],[-83,-27],[-77,-42],[-60,-60],[-85,-96],[-140,-57],[-445,63]],[[91682,23595],[-35,23],[-14,-7],[-26,-40],[-29,-49],[-39,-3],[-26,-14],[-9,-17],[4,-30],[-19,-8],[-29,30],[-12,51],[20,68],[14,61],[23,60],[2,61],[-11,59],[-39,99],[-25,109],[36,99],[16,94],[-7,27],[3,48],[-1,60],[18,113],[22,62],[17,30],[33,11],[42,-5],[32,25],[16,41],[17,10],[52,41],[14,26],[34,19],[27,-51],[35,-21],[28,-4],[28,-10],[46,2],[43,-20],[31,-27],[25,3],[20,-20],[32,-9],[33,3],[32,17],[40,-3],[25,30],[28,4],[10,12],[2,94],[3,53],[12,36],[66,47],[53,6],[46,-18],[37,12],[44,56],[100,201],[84,219],[17,-3],[10,19],[-3,32],[5,20],[24,29],[10,26],[-2,43],[-14,61],[2,54],[19,38],[109,29],[73,26],[65,38],[62,40],[60,51],[22,18],[31,20],[35,5],[46,51],[3,45],[3,29],[-3,33],[3,46],[15,35],[30,27],[103,44],[11,-32],[29,-28],[32,-1],[19,-5],[42,-52],[41,-22],[98,-185],[91,-207],[41,-271],[48,-183],[63,-151],[123,-131],[148,156],[50,22],[152,366],[6,200],[-90,158],[-96,117],[-199,81],[-56,177],[-51,241],[58,184],[174,305],[223,213],[75,137],[168,578],[128,224],[149,170],[95,48],[75,20],[155,14],[128,-23],[241,34],[21,44],[102,353],[34,146],[156,8],[51,-17],[184,-30],[121,395],[16,221],[-14,180],[-73,412],[15,34],[15,21],[63,-39],[144,26],[51,95],[107,297],[-95,54],[-118,58],[-220,37],[-135,86],[-79,28],[-108,-22],[-77,-39],[-108,-61],[-69,-4],[-63,20],[-76,0],[-82,-33],[-134,3],[-127,17],[1,41],[-32,32],[-78,-4],[-99,-23],[-48,21],[-96,52],[-43,48],[107,165],[23,73],[22,30],[54,111],[83,214],[-32,250]],[[94966,31671],[16,79],[18,92],[136,16],[20,3],[385,46],[430,516],[61,175]],[[99676,32882],[-12,85],[-11,71],[224,824],[-4,100],[-3,82],[-25,91],[-8,17],[-11,33],[-34,44],[-43,41],[-13,31],[-6,47],[28,108],[-31,88],[-32,105],[-14,53],[-6,83],[2,75],[15,121],[15,40],[18,101],[4,54],[-8,64],[-8,54],[-8,60],[-40,137],[-59,118],[-33,38],[-53,53],[-14,36],[-12,74],[-8,70],[1,74],[-13,104],[3,64],[7,67],[-8,143],[-7,76],[-10,50],[-16,70],[-18,109],[13,187],[34,257],[-14,100],[14,78],[19,59],[15,97],[-18,133],[-33,164],[1,54],[-8,50],[44,102],[60,152],[15,143],[-39,15],[6,72],[22,80],[11,42],[63,77],[83,176],[62,242],[-26,147],[-21,132],[-5,57],[0,73],[0,65],[2,76],[0,27],[7,67],[-5,102],[1,36],[-12,85],[-14,77],[-12,63],[-13,40],[-12,38],[-20,68],[-20,69],[-42,137],[-17,59],[-10,49],[-16,69],[-76,524]],[[97529,39918],[-64,-239],[4,-204],[-744,-85],[21,-414],[331,-488],[-371,-665],[63,-247],[125,-593],[146,40],[83,94],[100,64],[84,28],[58,-10],[14,-111],[76,-25],[60,5],[178,5],[130,-70],[135,-92],[14,-176],[9,-24],[-225,-196],[-560,119],[-524,-734],[-313,0],[-337,-221],[-240,-168],[-189,-700],[-78,-1091],[-221,-714],[119,-377],[232,-85],[387,54]],[[89128,44607],[259,-84],[48,279],[71,176],[25,33],[29,-21],[34,-8],[21,-15],[18,1],[16,1],[25,-16],[43,9],[48,18],[43,9],[32,-11],[48,-1],[16,-7],[26,-92],[21,-39],[45,-42],[-3,106],[-25,197],[25,56],[-6,157],[-63,375],[161,139],[96,-58],[108,-48],[79,-8],[80,10],[115,77],[17,20],[35,82],[69,85],[-2,51],[-19,24],[-11,18],[-15,41],[24,26],[8,35],[26,42],[39,5],[17,27],[61,38],[53,61],[24,79],[-10,104],[43,47],[31,-28],[76,-174],[4,-60],[42,-73],[23,-53],[20,-31],[71,-34],[95,-28],[15,-39],[3,-45],[-8,-64],[0,-107],[16,-40],[63,-27],[39,-9],[48,-22],[25,-30],[32,-29],[19,-14],[0,-15],[34,-58],[15,-42],[18,-9],[20,1],[10,18],[2,36],[3,23],[23,46],[26,56],[33,93],[19,59],[9,37],[-49,82],[-7,39],[16,45],[54,132],[39,75],[4,94],[4,19],[22,12],[14,14],[10,24],[238,18],[216,12],[16,60],[16,19],[18,17],[28,4],[21,-35],[16,19],[130,245],[-4,93],[-7,22],[-6,17],[0,22],[-8,50],[10,32],[-9,73],[3,46],[-7,79],[-8,17],[-14,-2],[-23,35],[-11,129],[-4,33],[-8,24],[-14,13],[-7,26],[-4,55],[2,21],[13,14],[23,42],[31,19],[6,22],[85,90],[14,51],[43,19],[11,13],[10,35],[40,20],[45,-38],[11,30],[20,27],[14,37],[9,26],[22,33],[23,42],[17,5],[26,-38],[45,32],[17,-4],[25,24],[30,25],[78,-40],[59,-3],[50,16],[42,7],[50,-28],[49,-20],[21,-11],[30,4],[21,16],[19,30],[15,67],[-1,34],[-3,19],[-10,7],[-9,22],[15,26],[94,90],[21,18],[30,36],[31,28],[13,36],[14,75],[15,109],[3,52],[21,40],[41,16],[35,32],[24,48],[16,31],[46,45],[60,21],[54,29],[15,25],[11,29],[17,29],[-21,11],[38,104],[30,165],[32,52],[51,15],[44,-7],[42,39],[18,33],[25,17],[16,8]],[[94277,49501],[-6,34],[8,20],[6,17],[32,8],[17,4],[16,37],[38,54],[15,28],[27,53],[26,9],[22,17],[13,-25],[16,-17],[19,9]],[[93374,52221],[-38,-36],[-12,-23],[-4,-10],[0,-4],[2,-2],[7,0],[6,-2],[-3,-21],[-7,-15],[-8,-8],[-23,8],[-32,-26],[-64,-39],[-105,-62],[5,-67],[4,-21],[-142,-142],[-85,-69],[-88,-66],[-76,-34],[-14,1],[-12,7],[-5,13],[-1,11],[-5,6],[-8,-1],[-8,-5],[-8,-6],[-10,-10],[-14,-4],[-5,2],[-5,4],[-5,0],[-3,-4],[0,-12],[-3,-5],[-5,-1],[-3,1],[-2,7],[-2,5],[-4,6],[-5,7],[-7,7],[-9,7],[-7,2],[-32,-3],[-18,-5],[-8,-6],[-2,-9],[3,-10],[3,-5],[7,0],[5,5],[4,8],[33,7],[13,-5],[9,-10],[9,-12],[3,-20],[-5,-6],[-10,-7],[-15,-7],[-7,2],[-4,1],[-11,2],[-6,2],[-9,2],[-14,-2],[-13,-6],[-26,-22],[-40,-25],[-28,-8],[-14,3],[-24,-12],[-21,-1],[-33,-11],[-31,-2],[-36,7],[-15,12],[-15,19],[-4,3],[-4,44],[-2,38],[-3,6],[-4,0],[-11,-7],[-4,1],[-2,7],[1,21],[-1,21],[-5,8],[-20,-7],[-21,-13],[-11,-57],[-49,-12],[-11,16],[-9,0],[-10,-28],[-12,3],[-16,-16],[-1,-13],[-19,-10],[-30,15],[-14,-9],[-14,7],[-21,-11],[-17,1],[-17,-15],[-17,-5],[-2,-9],[6,-20],[-10,-31],[-52,-43],[-55,-43],[-31,-23],[-38,-16],[-37,-4],[-38,5],[-91,28],[-42,21],[-41,21],[-28,3],[-34,26],[-22,30],[-19,33],[-23,23],[-23,41],[-28,12],[-12,-7],[-29,52],[-7,23],[-10,28],[-1,39],[8,43],[29,49],[29,47],[13,31],[0,20],[-8,15],[-14,1],[-57,-3],[-47,-9],[-44,-16],[-20,-19],[-24,-29],[-16,-9],[-26,-8],[-27,-17],[-42,-21],[-5,-9],[-3,-39],[-6,-17],[-11,-11],[-55,-20],[-31,-8],[-53,-33],[-33,-6],[-16,-2],[-11,-1],[-12,3],[-6,5],[-3,9],[1,10],[0,16],[-1,4],[-5,3],[-5,-2],[-3,-3],[-2,-6],[-2,-9],[-4,-13],[-7,-18],[-3,-11],[1,-15],[-1,-29],[10,-44],[-12,17],[-6,-8],[4,-19],[-9,2],[-8,15],[-4,-8],[-4,1],[-16,2],[-3,-5],[-12,23],[-6,-4],[-2,-9],[5,-9],[-1,-6],[-8,-9],[-10,-15],[-9,-11],[-3,1],[-3,8],[-5,1],[-4,-5],[-2,-8],[-3,-55],[-10,-2],[-21,-3],[-39,4],[-3,-1],[-3,-1],[-1,10],[-6,5],[-3,1],[-4,-1],[-7,-2],[-4,-4],[-4,-12],[-26,-2],[-27,7],[-4,8],[-4,4],[-8,3],[-7,-11],[-3,-6],[-22,7],[-24,18],[-14,8],[-13,10],[-9,18],[-4,26],[-2,22],[6,15],[6,7],[4,13],[-10,26],[-16,5],[-14,-5],[-4,-8],[4,-12],[-6,-39],[-13,-10],[-15,8],[-12,12],[-14,-1],[-2,11],[-1,20],[-2,7],[-3,23],[-6,13],[-11,1],[-11,-7],[-3,-23],[-17,-15],[-4,12],[1,31],[-10,19],[-9,14],[-5,5],[-4,-2],[-2,-17],[-1,-18],[-6,13],[-5,9],[-11,9],[-10,4],[-15,2],[-4,-7],[-1,-12],[3,-10],[16,-15],[15,-11],[12,-6],[9,-4],[7,-17],[8,-43],[1,-42],[-5,-29],[-6,-47],[-26,-44],[-37,3],[-159,-106],[-32,-35],[-25,-45],[-6,-10],[3,-26],[-8,-24],[-20,-19],[-24,-11],[-63,-32],[-27,-16],[-68,0],[-21,8],[-29,5],[-18,5],[-26,17],[-14,7],[-8,-1],[-18,2],[-33,20]],[[89468,51084],[105,-219],[171,-653],[-166,-263],[-50,-94],[-51,-158],[-91,-242],[-78,-138],[-41,-65],[-39,-120],[-40,-78],[-25,-64],[-30,-229],[-117,-190],[-33,-39],[-36,-19],[61,-73],[193,-155],[77,-108],[97,-112],[62,-92],[41,-39],[283,-421],[53,-33],[47,-49],[-13,-82],[-26,-114],[-63,-91],[-45,-103],[16,-126],[47,-162],[-1,-33],[-31,0],[-60,43],[-66,108],[-19,9],[-20,-19],[-17,-36],[0,-78],[17,-65],[17,-97],[-5,-51],[-27,-49],[-50,-36],[-28,-51],[-13,-45],[12,-59],[29,-59],[-1,-25],[-20,-72],[-16,-89],[1,-75],[15,-79],[-12,-107],[1,-76],[-6,-48],[-32,-17],[-32,-2],[-21,-8],[-37,-2],[-12,-7],[-18,-37],[-11,-39],[-2,-100],[-9,-86],[-19,-68],[-16,-35],[-27,-17],[-67,-20],[-17,-15],[-8,-109],[-11,-34],[2,-20],[19,-47],[4,-50],[-14,-32],[-20,-26],[-14,-46],[-6,-65],[4,-51],[14,-63],[1,-35],[0,-26]],[[87686,41832],[-292,-318],[-282,95],[-490,-31],[-888,44],[-377,-253],[-327,538],[-221,196],[29,49],[-3,75],[38,94],[2,227],[-27,112],[4,84],[-6,120],[-14,37],[16,154],[10,143],[-59,-82],[-99,-147],[-58,-97],[-282,-293],[-156,456],[-178,288],[-475,754],[-281,-293],[-309,-581],[4,601],[-80,668],[-200,1],[-292,22],[-242,51],[-57,-31],[-65,-87],[-54,-215],[-36,-17],[-98,42],[-95,68],[-75,63],[-41,-25],[-52,2],[-32,169],[-7,91],[-35,97],[-69,49],[-39,-5],[-24,-57],[-32,-34],[-51,-13],[-177,107],[-165,123],[-111,6],[-206,24],[-42,55],[84,72],[16,14],[-26,76],[-60,75],[-99,38],[-123,37],[-86,27],[-12,34],[33,43],[107,104],[30,61],[-10,31],[-46,9],[-35,49],[24,50],[46,89],[15,47],[-25,37],[-97,-12],[-14,42],[9,115],[-4,103],[-44,133],[-69,203],[-78,69],[-78,57],[-9,132],[-3,133],[-29,117],[-24,60],[-11,36]],[[79970,47039],[24,7],[7,2],[5,3],[9,11],[9,13],[13,15],[3,25],[-3,34],[1,8],[3,3],[13,-1],[2,4],[0,5],[-6,10],[0,18],[3,12],[12,24],[4,17],[-6,11],[-17,17],[-6,34],[1,10],[7,2],[13,1],[12,-6],[5,4],[3,11],[1,12],[2,17],[10,10],[19,-4],[12,8],[3,14],[-27,34],[-10,38],[12,89],[10,30],[15,24],[29,25],[8,11],[6,10],[2,12],[-2,19],[-23,31],[0,2],[1,4],[4,2],[38,-7],[23,-9],[26,-21],[11,-32],[6,-21],[-7,-50],[12,-61],[21,-39],[32,-17],[33,5],[81,76],[16,3],[15,13],[7,24],[4,17],[16,11],[18,5],[15,-5],[10,-9],[7,-2],[15,9],[11,2],[10,-9],[5,-12],[4,-5],[12,9],[9,12],[13,27],[-4,12],[4,1],[4,-7],[4,3],[3,7],[4,4],[34,8],[17,8],[13,2],[3,2],[0,5],[9,4],[9,0],[4,-4],[13,6],[5,7],[6,4],[10,9],[4,7],[9,10],[8,3],[-1,9],[4,4],[8,-1],[8,1],[9,0],[11,4],[9,8],[5,20],[4,7],[3,8],[5,10],[6,16],[8,7],[8,-4],[2,-2],[4,4],[6,3],[4,6],[3,12],[3,1],[4,-4],[5,4],[7,0],[4,3],[4,-6],[6,6],[2,-7],[2,-2],[6,1],[3,-2],[4,-18],[1,-10],[11,-4],[29,11],[14,11],[10,28],[8,4],[17,-4],[22,3],[6,13],[8,16],[6,9],[13,17],[18,16],[3,10],[3,4],[4,-2],[5,-7],[3,-6],[15,-10],[7,0],[13,-6],[8,6],[18,0],[25,4],[20,-4],[24,0],[35,15],[23,10],[21,16],[18,19],[13,8],[16,5],[8,14],[5,25],[8,16],[2,13],[13,6],[10,9],[6,19],[10,8],[8,7],[20,14],[8,0],[9,-2],[9,-4],[13,-3],[11,3],[12,6],[13,0],[6,5],[4,7],[15,17],[11,16],[11,6],[12,2],[16,-8],[14,-8],[19,3],[13,7],[13,14],[11,22],[9,12],[18,9],[12,-3],[10,-10],[9,-6],[-1,-14],[8,-8],[13,2],[13,2],[9,9],[8,-2],[11,-6],[15,-8],[14,-14],[8,-15],[11,-4],[8,-5],[10,-10],[14,-9],[6,-17],[7,-7],[11,-5],[6,2],[6,9],[9,0],[7,6],[10,-1],[10,-8],[19,-30],[19,-27],[5,-7],[2,-12],[6,-9],[20,-11],[13,-12],[22,-10],[33,-25],[8,-2],[10,-2],[4,-7],[9,12],[6,-2],[10,0],[13,3],[8,-1],[26,9],[4,-2],[5,2],[4,0],[6,2],[10,-1],[13,4],[14,1],[6,6],[12,5],[12,3],[5,-3],[5,7],[3,-1],[4,0],[4,-1],[5,-10],[6,-4],[7,-11],[13,-4],[4,-3],[7,-2],[6,4],[8,-2],[3,1],[2,7],[3,1],[2,3],[1,6],[4,-3],[7,1],[14,4],[6,-2],[3,-4],[6,2],[1,3],[5,0],[5,4],[11,-2],[7,2],[12,4],[21,6],[9,-6],[18,-10],[22,2],[13,-1],[23,4],[20,9],[30,11],[17,8],[17,7],[13,-1],[11,2],[18,-4],[29,-19],[11,-9],[9,-6],[16,-21],[18,-12],[9,0],[7,5],[8,-9],[6,-1],[4,5],[5,-6],[8,1],[7,-6],[5,4],[20,-11],[34,-5],[23,-15],[25,-12],[27,-1],[22,-2],[18,9],[16,9],[30,16],[-2,7],[1,9],[3,-2],[6,-11],[7,2],[17,10],[29,22],[45,36],[9,12],[8,20],[-3,15],[7,5],[3,16],[13,23],[6,17],[-2,9],[0,7],[-9,9],[2,4],[3,7],[4,1],[2,2],[3,6],[-2,4],[-2,3],[-3,5],[0,4],[8,6],[4,3],[7,-5],[11,-7],[20,-2],[12,9],[11,26],[-3,12],[7,6],[7,10],[13,14],[-1,12],[-9,8],[0,7],[4,1],[11,1],[13,-3],[9,-14],[-2,-29],[5,-16],[14,-22],[27,-7],[54,3],[33,28],[26,55],[3,20],[8,10],[-12,27],[1,5],[-1,5],[-3,11],[1,9],[5,0],[4,4],[5,-2],[5,-1],[7,-3],[6,3],[4,9],[3,0],[8,-11],[4,-2],[0,-6],[5,-4],[7,-3],[8,-1],[11,-2],[9,1],[5,2],[5,-5],[3,1],[2,5],[0,5],[-2,3],[2,11],[3,2],[9,-1],[6,-2],[6,-5],[4,-2],[3,2],[2,6],[-3,5],[-3,-1],[-2,1],[-3,5],[0,4],[2,3],[4,3],[7,4],[2,7],[8,2],[0,12],[1,5],[8,-2],[10,-5],[8,7],[7,0],[8,6],[8,15],[10,3],[11,5],[24,18],[7,6],[4,7],[15,12],[6,16],[16,11],[11,11],[9,8],[12,9],[14,6],[4,3],[8,1],[3,6],[6,3],[3,2],[2,3],[1,9],[0,11],[2,4],[8,-2],[6,-1],[3,3],[2,6],[-3,9],[-2,10],[1,6],[4,7],[2,15],[3,7],[15,38],[4,10],[9,1],[5,3],[-3,6],[2,5],[11,6],[14,13],[23,3],[16,0],[14,3],[19,6],[16,-4],[7,6],[8,8],[10,3],[17,0],[9,36],[10,24],[26,27],[45,25],[14,16],[14,15],[9,10],[9,8],[4,-5],[7,-9],[13,-2],[7,3],[9,-6],[8,-11],[15,2],[5,2],[14,-5],[20,6],[6,16],[15,-3],[9,-4],[7,-15],[6,-4],[9,3],[4,16],[7,5],[7,-2],[10,-4],[9,-14],[7,-18],[10,-10],[12,-5],[23,-1],[16,3],[13,26],[12,21],[19,7],[16,-18],[23,-5],[3,-19],[11,-11],[21,6],[8,18],[38,5],[17,-7],[22,12],[6,7],[10,6],[11,-9],[7,-10],[7,-8],[15,1],[13,8],[12,23],[23,22],[24,41],[53,56],[19,6],[13,1],[11,-4],[25,4],[14,7],[9,13],[22,-9],[28,6],[52,30],[49,22],[53,26],[43,28],[26,5],[21,-1],[55,7],[72,-10],[49,4],[14,-26],[21,-15],[8,-37],[-5,-20],[6,-19],[12,-14],[74,-49],[30,-62],[12,-10],[11,2],[19,-4],[18,-16],[20,-28],[12,-18],[18,-6],[13,12],[9,17],[11,19],[5,3],[6,-1],[13,-14],[11,-8],[8,-1],[33,22],[4,7],[5,49],[22,16],[13,7],[3,27],[10,22],[14,6],[16,-2],[34,-33],[46,-4],[44,-16],[21,2],[38,22],[70,4],[63,-11],[13,-10],[7,-1],[18,16],[20,16],[10,11],[4,9],[6,4],[4,-3],[2,-8],[6,-2],[8,0],[28,0],[32,3],[21,2],[20,4],[14,12],[2,28],[-7,33],[4,21],[15,23],[24,8],[29,3],[16,13],[41,74],[4,4],[8,1],[98,-49],[35,-30],[16,-12],[11,8],[13,12],[19,11],[26,29],[28,60],[18,28],[13,11],[9,11],[27,17],[21,-1],[11,1],[7,26],[20,29],[24,27],[20,12],[16,0],[15,3],[21,-4],[21,-3],[29,-17],[19,-17],[28,-12],[12,4],[13,-12],[10,-12],[15,-9],[2,-1],[44,-1],[29,9],[27,10],[40,31],[60,45],[45,41],[28,51],[16,46],[27,39],[51,50],[3,16],[22,31],[23,28],[27,32],[40,22],[43,18],[58,29],[22,26],[9,22],[17,22],[13,5],[6,-22],[26,2],[44,32],[10,35],[2,37],[5,3],[4,13],[1,14],[-3,15],[6,10],[2,18],[13,15],[10,-5],[8,6],[15,-3],[13,27],[5,1],[11,-11],[7,19],[11,18],[11,0],[12,-3],[8,5],[2,13],[9,17],[0,8],[-3,7],[-3,7],[5,15],[-1,22],[2,20],[2,6],[13,5],[13,-3],[14,-1],[29,-4],[15,-5],[9,13],[0,19],[8,9],[21,12],[14,3],[19,2],[21,10],[18,31],[20,8],[5,43],[10,1],[1,12],[-7,34],[17,23],[19,11],[47,-8],[35,-5],[16,-7],[5,-20],[1,-42],[32,6],[14,5],[13,6],[14,19],[9,3],[7,-3],[39,-5],[35,2],[59,50],[29,49],[-9,20],[12,37],[28,17],[10,4],[17,5],[1,32],[15,14],[10,-17],[14,-2],[63,-5],[21,11],[14,17],[10,-11],[16,-3],[16,7],[18,4],[27,0],[33,3],[23,13],[23,6],[21,13],[45,24],[34,4],[74,43],[86,81],[17,18],[9,63],[12,34],[7,28],[10,23],[14,18],[24,16],[37,22],[26,35],[14,9],[12,2],[49,-32]],[[89128,44607],[-83,9],[-62,-93],[-76,-126],[-21,-46],[-6,-55],[36,-145],[-7,-52],[-60,-129],[-86,-138],[-18,-49],[-8,-104],[-19,-66]],[[88718,43613],[-94,-135],[-90,-46],[-40,-75],[-35,-150],[9,-48],[-12,-40],[-51,-84],[-187,-179],[-31,-145],[-35,-61],[-114,-111],[-93,-140],[-97,-243],[-30,-41],[-133,-114],[-5,-16],[6,-153]],[[94277,49501],[44,-145],[49,-68],[55,-121],[15,-64],[50,-66],[53,-63],[79,-52],[58,-98],[38,-82],[16,-108],[1,-31],[-27,-120],[-45,-131],[-84,-25],[-48,-41],[-23,-24],[-19,-13],[-86,-36],[-43,-29],[-23,-31],[-13,-43],[14,12],[22,22],[26,3],[16,-10],[25,-35],[28,-15],[38,-30],[7,-26],[32,-34],[25,-14],[-19,-34],[-30,-19],[-25,-6],[-17,-17],[8,-46],[19,-65],[12,-74],[22,-75],[13,-31],[8,-46],[3,-26],[5,-17],[17,-50],[19,-21],[17,-12],[24,-34],[35,-57],[34,-32],[36,-66],[15,-30]],[[94372,43833],[-66,-107],[-81,-102],[-139,-148],[-131,-48],[-95,-6],[-44,-5],[-53,-60],[-53,-21],[-133,-110],[-124,-173],[-109,-66],[-245,-109],[-67,-111],[-27,-129],[50,-233],[17,-141],[-13,-77],[-58,-80],[-335,-220],[-88,-181]],[[92578,41706],[-118,40],[-209,-35],[-153,-37],[-139,-67],[-97,114],[-165,27],[-87,-29],[-102,27],[-51,-7],[-353,282],[-431,-164],[-232,-106],[-396,-228],[-199,-40],[-316,20],[-189,201],[16,196],[-119,304],[-99,218],[44,235],[12,305],[-68,275],[-202,161],[-199,205],[-8,10]],[[95238,40141],[21,-105],[57,-124],[118,-217],[9,-38],[11,-35],[-116,-209],[-78,-73],[-86,-68],[-32,-81],[-7,-88],[36,-162],[18,-216],[-65,-7],[-121,-235],[25,-375],[10,-136],[17,-114],[-70,-36],[-23,-62],[-15,-58],[-23,-8],[-40,-46],[-66,-19],[-33,2],[-40,6],[-19,-27],[-18,-60],[-107,-105],[-45,-15],[-3,-51],[9,-18],[33,-350],[-15,-48],[-50,-67],[-7,-39],[-75,-129],[-97,-69],[-25,-42],[-155,-84],[-69,-82],[-36,-65],[-155,-141],[-91,-36],[-38,-19],[-22,-25],[-26,-16],[-65,-25],[-43,-35],[22,-138],[71,-269],[47,-460],[13,-120],[27,-138],[83,-294],[35,-87],[-1,-86],[40,-181],[50,-201],[93,-224],[-113,-170],[-19,-191],[-30,-142],[-44,-163],[9,-179]],[[93909,33046],[61,-274],[56,-80],[66,-416],[139,-159],[12,-49],[-23,-59],[75,-1],[52,-17],[19,-2],[17,-3],[20,-5],[10,1],[7,5],[14,15],[8,8],[8,8],[5,-1],[6,-7],[9,-16],[25,-54],[8,-9],[18,-9],[12,-5],[10,-2],[6,4],[21,20],[11,11],[4,6],[7,11],[5,3],[7,0],[7,-3],[7,-7],[9,-13],[8,-7],[15,-5],[9,0],[5,-4],[3,-12],[8,-21],[5,-14],[11,-19],[6,-9],[11,-3],[20,-6],[14,-2],[16,6],[33,18],[10,4],[8,1],[6,-6],[9,-12],[9,-11],[12,-9],[18,-5],[14,2],[11,8],[6,6],[5,0],[6,-5],[8,-13],[9,-21],[10,-24],[9,-17],[6,-15],[7,-21],[0,-17],[0,-14],[-2,-17],[3,-6],[11,-6]],[[93909,33046],[-37,4],[-56,-24],[-67,3],[-41,-12],[-62,-45],[-56,-18],[-21,-24],[-23,-53],[-168,-180],[-92,-59],[-44,29],[-25,59],[18,130],[67,225],[30,98],[-270,491],[-64,18],[-224,269],[-136,114],[-70,104],[-66,5],[-34,101],[-27,149],[-14,130],[-53,116],[-67,7],[-53,-31],[-56,-57],[-354,-837],[-31,-9],[-41,-17],[-53,-23],[-34,-4],[-30,-37],[2,-39],[-116,-128],[-53,-30],[-223,29],[-196,123],[-291,160],[-41,2],[-66,-49],[-36,9],[-76,81],[-83,67],[-20,7],[-163,27],[-27,23],[-97,136],[-46,86],[-28,31],[-15,108],[-1,80]],[[90079,34391],[39,13],[13,23],[2,37],[46,233],[119,219],[127,262],[14,38],[102,270],[102,228],[197,129],[151,99],[32,94],[-7,238],[584,1126],[7,530],[84,372],[-56,129],[-257,342],[137,188],[127,248],[0,243],[194,144],[1,543],[101,344],[214,267],[134,-183],[88,25],[-39,228],[70,237],[150,93],[120,79],[-30,230],[-67,247]],[[91682,23595],[-22,-86],[-49,-27],[-34,-116],[-13,-28],[3,-64],[-19,-71],[-1,-35],[-20,-50],[0,-21],[1,-15],[-3,-28],[-12,-27],[9,-42],[11,-42],[-21,-87],[-26,-81],[-12,-73],[-8,-22],[-95,-37],[-110,-14],[-25,-3],[-111,91],[-55,46],[-45,36],[-13,56],[0,46],[8,33],[8,44],[-6,23],[-11,18],[-43,17],[-20,11],[-14,30],[-42,22],[-33,23],[-13,19],[-23,20],[-25,8],[-23,4],[-19,-5],[-32,-11],[-16,-16],[-8,-29],[-20,-20],[-28,-7],[-39,-12],[-19,-16],[-28,-15],[-20,-33],[-10,-20],[-13,-10],[-27,-1],[-19,25],[-23,5],[-18,1],[-11,-23],[-42,-12]],[[90383,22974],[-73,-16],[-57,-13],[-22,-10],[-21,-2],[-22,18],[-27,32],[-19,16],[-16,0],[-17,13],[-20,2],[-45,31],[1,41],[17,68],[56,139],[32,65],[22,36],[15,60],[56,84],[-6,114],[8,100],[3,86],[52,120],[57,49],[39,62],[29,74],[-16,78],[10,82],[-16,98],[32,125],[-50,69],[-13,185],[-137,950],[-184,65]],[[90051,25795],[67,35],[19,10],[24,47],[11,45],[16,9],[12,32],[13,15],[12,6],[13,23],[4,19],[25,19],[12,16],[3,51],[-8,39],[3,65],[27,2],[16,7],[16,27],[11,41],[5,37],[2,29],[8,16],[19,26],[27,23],[31,25],[20,13],[30,8],[24,3],[28,16],[8,21],[5,24],[11,9],[13,21],[-48,38],[-22,13],[-133,77],[-43,18],[-170,78],[-39,105],[-50,-44],[-45,-14],[-59,-3],[-68,-1],[-88,2],[-67,9],[-28,11],[-53,23],[-8,12],[-23,6],[-21,21],[-44,69],[-29,7],[9,52],[13,38],[6,72],[-21,106],[-19,26],[-20,17],[-5,38],[-13,21],[-50,34],[-51,264],[-53,346],[38,115],[44,103],[26,62],[11,33],[6,28],[17,88],[3,92],[-11,56],[0,70],[12,44],[7,51],[40,80],[40,67],[48,61],[6,21],[14,483],[-1,108],[-11,50],[-32,-11],[-72,2],[-44,9],[-59,-3],[-30,2],[-16,-4],[-24,0],[-16,-9],[-112,-21],[-88,-30],[-133,9],[-27,12],[18,116],[-34,27],[-45,15],[-163,68],[7,52],[-8,55],[-108,128],[-80,137],[-108,86],[-52,96],[-67,348],[0,154],[72,333],[45,403],[25,70],[115,204],[18,117]],[[88607,31992],[139,93],[118,68],[59,40],[59,69],[24,71],[43,51],[96,82],[80,95],[29,57],[17,56],[33,37],[57,113],[34,31],[30,10],[79,-6],[59,-14],[46,44],[24,17],[71,-9],[29,20],[37,4],[32,83],[23,83],[6,83],[-2,69],[12,50],[53,136],[17,76],[-13,64],[-1,43],[13,36],[13,22],[5,38],[-2,36],[6,47],[35,81],[1,67],[24,63],[26,79],[36,47],[10,86],[3,36],[-24,69],[4,43],[13,26],[19,7]],[[82338,35253],[-342,-337],[-545,-645],[93,-266],[-141,-397],[-564,-473],[397,-466],[129,-416],[207,-223],[685,-681],[555,69],[960,553],[153,-32],[116,-76],[52,-57],[139,-169],[20,-105]],[[84252,31532],[113,-51],[41,85],[104,112],[-7,148],[38,128],[20,115],[80,143],[23,81],[74,41],[7,40],[19,39],[2,46],[30,53],[7,48],[56,69],[18,0],[95,15],[254,0],[152,100],[120,149],[169,-54],[35,119],[16,341],[464,12],[289,251],[264,319]],[[86735,33881],[-315,591],[608,341],[-107,331],[83,155],[225,129],[311,137],[102,1002],[-93,284],[-192,177],[-348,446],[-185,527]],[[86824,38001],[-110,124],[-146,44],[-111,-267],[-5,-361],[-134,-227],[-114,-178],[-45,5],[83,228],[0,67],[-33,85],[-26,190],[-27,98],[-284,-626],[-236,-7],[-250,-521],[-44,14],[-25,29],[15,67],[3,29],[-35,88],[-26,80],[-65,113],[-47,36],[-34,-6],[-67,-120],[-19,-138],[69,-133],[0,-38],[-56,-109],[-31,-44],[-22,1],[-60,103],[-52,7],[-39,-34],[-34,-28],[-12,-82],[30,-173],[39,-51],[-9,-32],[-60,-24],[-32,-42],[-1,-54],[46,-38],[33,-83],[-3,-55],[-52,-5],[-60,-91],[-24,-37],[-44,59],[-39,-6],[-43,-53],[2,-136],[-26,-98],[15,-95],[-35,-10],[-105,18],[-37,14],[-39,50],[-39,10],[-68,8],[-88,59],[-62,-54],[-852,-579],[-232,-158],[-682,419]],[[87686,41832],[-707,-3701],[-155,-130]],[[82338,35253],[76,152],[50,180],[-288,-203],[-123,139],[-39,149],[-62,299],[-96,-185],[-240,-278]],[[81616,35506],[-73,24],[-145,1062],[350,1062],[732,1079],[51,749],[-98,151],[-282,158],[-894,524],[-1,431],[-186,171],[-236,180],[4,85],[-159,98],[-14,192],[-34,13],[-24,50],[-31,49],[-6,38],[-27,40],[-30,27],[-26,43],[-33,73],[-4,44],[-20,20],[-32,81],[3,44],[-53,74],[-32,62],[-39,0],[-16,21],[8,57],[-32,8],[-20,69],[-47,49],[16,23],[-11,61],[-68,38],[-15,45],[13,105],[-22,13],[-16,32],[-36,21],[19,23],[-15,34],[-10,18],[10,26],[25,-4],[18,41],[-23,165],[18,129],[-20,7],[-54,30],[-52,97],[-31,137],[-26,0],[-23,155],[-8,189],[-6,25],[4,75],[-10,10],[-14,1],[2,37],[8,115],[-8,50],[-26,59],[-39,59],[2,32],[14,17],[0,2],[10,48],[-43,128],[-140,684],[-42,559],[-271,748],[24,218],[20,208]],[[79344,46794],[4,2],[1,5],[3,5],[1,7],[3,9],[4,4],[1,4],[4,10],[10,0],[8,-6],[-1,-10],[-2,-4],[3,-3],[7,-2],[10,0],[1,6],[4,-2],[2,-1],[2,-8],[10,-5],[4,-5],[3,-11],[7,-2],[4,-3],[5,-9],[1,-5],[5,-1],[1,-4],[7,-2],[0,-4],[-3,-3],[-4,0],[0,-4],[2,-2],[1,-3],[4,-1],[1,-2],[-1,-4],[-2,-3],[4,-5],[5,-7],[3,-13],[5,-3],[3,-2],[5,-3],[12,-8],[5,-13],[7,-3],[4,-3],[14,-8],[7,0],[16,-4],[4,-2],[3,3],[5,0],[3,0],[3,2],[0,5],[-3,7],[2,4],[8,3],[-1,6],[3,7],[-5,3],[0,6],[0,4],[2,5],[3,3],[4,1],[3,-2],[2,-8],[1,2],[0,6],[3,9],[5,1],[5,0],[1,5],[3,-2],[4,-4],[5,1],[8,-6],[6,-2],[5,-1],[3,4],[2,5],[1,4],[3,5],[1,4],[-3,3],[5,9],[-3,3],[-3,6],[1,7],[7,9],[2,3],[-1,6],[1,3],[-5,4],[-1,9],[0,5],[3,8],[4,6],[1,6],[8,13],[2,7],[9,13],[8,13],[5,8],[7,-1],[4,-3],[5,0],[1,2],[-4,11],[1,7],[2,3],[2,-3],[6,1],[4,2],[2,6],[6,7],[6,10],[4,6],[2,6],[0,6],[-5,-1],[-3,3],[1,3],[3,4],[2,-3],[2,-1],[1,6],[0,11],[-1,10],[-11,21],[40,7],[5,-11],[7,-11],[9,-10],[10,-7],[10,-5],[10,-3],[9,-1],[8,0],[11,0],[11,3],[6,1],[7,3],[5,2],[6,4],[9,8],[19,18],[10,2],[7,8],[7,3],[20,18],[18,6],[13,7]],[[79039,46759],[0,-3],[-3,-4],[0,-4],[1,-2],[3,-2],[2,0],[1,-1],[3,0],[3,1],[0,2],[2,1],[1,0],[2,2],[2,-1],[0,-1],[3,2],[1,2],[1,2],[1,1],[2,2],[1,3],[0,1],[1,2],[1,3],[0,2],[-2,0],[0,1],[-3,-1],[0,1],[0,1],[-2,1],[-2,1],[-2,-2],[-2,1],[-1,1],[-2,0],[-4,-1],[-3,-3],[-2,-3],[-3,-5]],[[76963,45650],[-3,7],[-4,1],[-5,-3],[-1,-7],[1,-5],[6,-3],[4,2],[2,8]],[[76937,45606],[4,1],[7,10],[2,9],[-1,3],[-4,2],[-5,-3],[-8,-7],[-4,-6],[1,-6],[5,-4],[3,1]],[[79344,46794],[1,5],[1,5],[2,10],[1,20],[5,11],[0,11],[-3,-1],[-2,-7],[-3,-1],[-7,3],[-9,-4],[-3,-6],[-2,-4],[-6,-10],[-10,-4],[-7,5],[-5,2],[-5,1],[-3,-6],[-6,-2],[-8,0],[-11,1],[-11,-4],[-7,2],[-6,-1],[-4,-6],[-1,-8],[1,-4],[3,-5],[0,-5],[2,-4],[4,-2],[-1,-3],[-3,-4],[-5,-2],[-5,3],[-6,1],[-5,2],[-4,-6],[0,-9],[0,-6],[-3,-7],[1,-6],[3,-11],[-3,-3],[-6,1],[-1,2],[-2,2],[-1,4],[-5,3],[-3,1],[-2,0],[-4,-5],[-1,-11],[-6,-13],[-3,-9],[0,-8],[2,-7],[0,-8],[4,-3],[2,-5],[3,-4],[2,-4],[0,-7],[-3,-3],[-5,-6],[-5,0],[-7,-2],[-15,-2],[-5,-3],[-2,-3],[-4,-2],[-6,1],[-7,4],[-10,1],[-7,7],[-7,4],[-2,3],[0,4],[-3,0],[-1,-2],[0,-3],[-3,-1],[-2,1],[-2,7],[-1,3],[-2,-1],[-2,-4],[-2,-3],[-2,-4],[-3,-2],[-2,-2],[-2,0],[-2,-1],[-2,1],[1,3],[0,2],[-4,1],[-1,5],[4,-1],[5,6],[0,6],[0,7],[-3,5],[-4,2],[-4,3],[-16,3],[-4,-1],[-11,2],[-2,3],[-11,2],[-7,2],[-1,-2],[12,-12],[7,-8],[2,-7],[6,-14],[8,-18],[2,-20],[-7,-23],[-15,-32],[-8,-14],[-19,-17],[-24,-4],[-9,3],[-36,10],[-22,-6],[-34,-10],[-43,-25],[-31,-32],[-7,-44],[4,-41],[-1,-26],[-8,-25],[-12,-22],[-43,-62],[-28,-43],[-15,-22],[-35,-62],[-29,-40],[-10,-3],[-15,-2],[-28,-8],[-25,-10],[-10,-8],[-4,-3],[-3,0],[-10,-5],[-7,-3],[-6,-2],[-13,-2],[-5,-3],[-8,0],[-8,4],[-7,0],[-4,-4],[-8,-4],[-8,0],[-5,-2],[-6,-5],[-5,-4],[-5,-2],[-7,2],[-20,-16],[-7,-3],[-10,-3],[-28,-12],[-11,-1],[-13,-8],[-3,3],[-9,1],[-15,-3],[-26,1],[-33,-14],[-38,7],[-22,19],[-12,27],[-11,26],[-22,34],[-9,1],[-10,-14],[-10,-17],[-21,-53],[-17,-26],[-19,-8],[-37,-3],[-41,-1],[-22,0],[-10,-9],[-39,-67],[-18,-16],[-17,-54],[-32,-56],[-32,-45],[-16,-41],[-26,-47],[-57,-45],[-25,-12],[-48,-8],[-23,5],[-11,8],[-13,3],[-13,-10],[-28,-37],[-23,-24],[-15,-6],[-22,-3],[-15,-4],[-18,-23],[-41,-87],[-8,-20],[-15,-27],[-13,-7],[-24,-7],[-50,6],[-39,7],[-53,19],[-14,7],[-12,11],[-11,15],[-14,9],[-18,-3],[-20,-12],[-24,-10],[-29,-2],[-43,-8],[-91,38],[-28,32],[-6,11],[-13,16],[-4,6],[-5,12],[-3,16],[-2,16],[-1,6],[-3,6],[-3,4],[-4,4],[-7,8],[-4,6],[-3,4],[-2,2],[-2,4],[-4,6],[-3,1],[-3,0],[-8,0],[6,-4],[-12,-14],[-3,2],[1,-2],[0,-36],[-10,-1],[0,-4],[-1,-32],[-4,0],[-37,0],[-4,-4],[-4,-2],[7,-16],[2,-15],[-5,-11],[-5,-12],[-7,-5],[-13,-4],[-37,-13],[-29,-3],[-15,-2],[-9,-1],[-34,4],[-39,20],[-27,15],[-31,33],[-17,37],[1,71],[1,30],[-4,21],[-5,15]],[[76499,45626],[-101,-461],[-14,-297],[-37,-253],[-62,-435],[-241,-1131],[452,-514],[647,-337],[386,-1041],[324,-1180],[-101,-2106],[-121,-1098],[-109,-1061],[557,-56],[13,-221],[-396,-357],[116,-229],[-49,-258],[600,-1173],[7,-266]],[[78370,33152],[72,-35],[100,132],[82,-341],[11,-34],[25,11],[25,32],[27,28],[-2,38],[17,67],[-4,28],[-29,27],[-14,88],[31,38],[55,38],[-8,80],[-2,66],[9,111],[15,81],[6,65],[89,76],[53,-74],[38,25],[50,-79],[116,-158],[98,8],[195,-186],[307,477],[229,516],[628,604],[1027,625]],[[77188,45601],[12,31],[4,12],[1,9],[0,7],[-1,8],[-2,6],[-3,8],[-8,30],[-3,15],[0,18],[-4,14],[-3,6],[-1,6],[2,7],[2,4],[-1,3],[-5,-2],[-6,-7],[-9,-6],[-6,-3],[-3,-4],[-1,-3],[0,-7],[0,-7],[0,-3],[-5,-8],[-2,-8],[0,-5],[0,-4],[0,-8],[1,-7],[3,-15],[2,-19],[17,-40],[6,-16],[2,-8],[1,-9],[1,-3],[3,0],[6,8]],[[76971,45699],[0,3],[-2,4],[-5,6],[-5,-1],[0,-6],[3,-4],[3,-2],[6,0]],[[76962,45669],[0,2],[-3,3],[-3,0],[-1,-2],[1,-6],[3,-1],[2,1],[1,3]],[[76905,45624],[1,3],[-1,3],[-2,0],[-1,-2],[-1,-3],[1,-2],[2,0],[1,1]],[[76968,45679],[-1,2],[-1,2],[-2,-1],[-1,-2],[0,-3],[3,-1],[2,3]],[[88607,31992],[-67,84],[-60,115],[-246,418],[-70,78],[-1301,727],[-128,467]],[[40082,77546],[-20,56],[-12,40],[-5,22],[-1,14],[-6,27],[-4,14],[-13,32],[-16,65],[-20,75],[-9,61],[-6,46],[0,51],[1,8],[2,5],[68,23],[3,4],[1,5],[0,5],[-3,2],[-5,1],[-13,-3],[-10,-7],[-24,-11],[-14,18],[-20,43],[-9,36],[-3,31],[1,23],[1,17],[-3,13],[-10,30],[-7,24],[-14,77],[-5,21],[-2,32],[-5,36],[-2,25],[-3,21],[-15,53],[-5,35],[-3,33],[-16,87],[-7,41],[-29,170],[-22,112],[-15,62],[-5,57],[-48,227],[-62,306],[-2,36],[-5,26],[-12,38],[-16,97],[-11,67],[-6,35],[-7,36],[-1,4],[-1,7],[-6,26],[-1,10],[-25,148]],[[39575,80241],[-31,3],[-148,25],[-434,113],[-401,27],[-210,-47],[-297,-1],[-218,-7],[-90,-3]],[[37746,80351],[-24,-165],[-190,-1155],[-59,-247],[-10,-106],[-14,-46],[-221,-995]],[[37228,77637],[233,-4],[463,80],[79,130],[250,164],[380,-259],[163,-108],[500,-370],[614,212],[172,64]],[[36625,90943],[-271,-21],[9,-152],[59,-179],[42,-124],[-25,-14],[-81,-21],[-92,-23],[-52,-12],[-15,-3],[-15,-5],[-21,-14],[-13,-14],[-11,-31],[-5,-13],[-13,-49],[-10,-21],[-25,-40],[-27,-32],[-17,-13],[-12,-12],[-12,-18],[-19,-65],[-8,-36],[-1,-38],[-11,-26],[-40,-64],[-22,-20],[-16,-8]],[[35901,89875],[55,-109],[29,-61],[-14,-25],[-21,-16],[-45,-12],[-15,-7],[-31,-50],[-8,-76],[89,-257],[39,-50],[-28,-69],[-47,-29],[-24,-37],[-69,-35],[-50,-66],[-82,-152],[-67,-601],[-71,-558],[-168,-780],[-39,-229],[58,-175],[3,-69],[7,-103],[44,-81],[-594,-547],[-25,-25],[-37,2],[-33,-73],[-26,-49],[3,-22],[22,-27],[21,-45],[-41,-67],[-17,-38],[1,-39],[-13,-28],[10,-34],[-2,-82],[18,-91],[23,5],[15,-21],[68,-195],[-1,-31],[-18,-15],[-13,-16],[-3,-30],[36,2],[39,-15],[50,14],[21,-12],[0,-44],[31,-19],[22,-49],[27,-4],[10,-35],[-13,-57],[-26,-46],[-22,-8],[-26,-64],[-14,-52],[10,-42],[24,-98],[5,-24],[0,-85],[0,-72],[-21,-1],[-28,4],[-16,-62],[4,-83],[23,-140],[-3,-40],[-11,-45],[2,-72],[25,-72],[16,-3],[12,1],[14,-25],[35,-63],[42,-50],[10,-27],[36,-81],[7,-44],[16,-20],[15,-3],[33,-7],[72,-75],[-19,-52],[-22,-51],[5,-36],[11,-13],[17,-9],[23,-38],[27,-29],[17,-37],[15,-8],[18,1],[20,23],[23,12],[1,-21],[-30,-123]],[[35367,82761],[43,-26],[6,-18],[-15,-34],[-1,-29],[5,-36],[10,-30],[12,31],[14,11],[39,22],[55,2],[27,-26],[18,-19],[39,-23],[17,-20],[13,-46],[40,-9],[23,-18],[39,-37],[16,-25],[27,-7],[17,13],[22,-41],[89,-59],[33,32],[34,31],[27,9],[44,28],[27,22],[42,25],[36,13],[15,50],[32,29],[16,36],[16,66],[16,29],[71,75],[36,22],[51,13],[20,-35],[38,-66],[19,13],[25,53],[25,-33],[76,18],[11,-9],[15,-44],[-13,-24],[6,-14],[27,-18],[9,-18],[26,9],[36,39],[109,82],[19,-2],[16,-20],[18,-8],[18,-25],[7,-8],[38,21],[25,-2],[18,-19],[17,9],[13,18],[29,19],[36,7],[15,-19],[19,-11],[-3,-34],[-8,-50],[18,-10],[16,0],[15,-10],[4,-20],[394,-289],[-8,-33],[22,-38],[3,-30],[0,-32],[-13,-31],[-2,-32],[4,-18],[72,-73],[64,-68],[53,-27],[14,3],[21,-8],[15,5],[19,-1],[36,-72],[11,15],[17,-5],[-13,-38],[-15,-95],[17,-187],[-27,-423],[-66,-404],[-49,-374]],[[39575,80241],[-18,87],[-28,142],[-25,137],[-10,67],[-5,35],[-5,38],[-10,35],[-17,129],[-8,49],[-15,97],[-34,207],[-12,85],[-11,69],[-18,117],[-3,54],[-3,28],[-3,12],[-5,24],[-5,23],[-4,17],[-4,21],[-2,16],[-5,20],[-5,21],[-4,25],[-12,57],[-6,48],[2,24],[4,19],[15,43],[12,22],[8,9],[3,1],[3,0],[2,-2],[4,5],[-13,28],[1,11],[4,16],[8,10],[17,17],[7,26],[1,17],[-1,19],[-3,22],[2,22],[4,12],[6,15],[6,15],[8,15],[4,4],[10,0],[5,5],[3,20],[-3,37],[1,18],[3,17],[13,25],[10,34],[8,39],[5,26],[3,24],[3,18],[8,34],[11,43],[12,30],[64,87],[60,101],[49,96],[56,117],[16,25],[7,57],[-1,174],[-17,31],[-38,2],[-73,-28],[-12,8],[-5,11],[-9,26],[-17,7],[-14,-9],[-11,-16],[-34,-25],[-20,-3],[-47,22],[-11,0],[-52,-17],[-26,2],[-17,14],[-25,23],[-25,9],[-40,11],[-30,5],[-37,14],[-43,36],[-22,7],[-40,-5],[-26,-12],[-78,-44],[-5,5],[-16,27],[-9,8],[-6,-4],[-19,-43],[-28,-34],[-23,-11],[-35,-13],[-33,-16],[-31,-20],[-26,-1],[-21,8],[-10,-5],[-10,-26],[-14,-16],[-35,-15],[-140,-45],[-35,-35],[-18,-28],[-6,-9],[-12,-8],[-45,-8],[-34,-13],[-26,-13],[-27,-4],[-17,4],[-14,11],[-21,23],[-43,70],[-30,52],[-34,42],[-29,24],[-4,5],[-4,3],[-4,1],[-4,-1],[-4,-3],[-3,-4],[-2,-5],[-1,-6],[1,-6],[2,-6],[3,-4],[4,-3],[5,0],[4,1],[2,2],[0,3],[3,-1],[10,-9],[10,-9],[19,-19],[2,-4],[2,-2],[0,-4],[0,-1],[0,-1],[0,-1],[-1,-1],[-7,-3],[-1,0],[-1,-1],[0,-1],[-1,-1],[0,-1],[1,-1],[1,-1],[1,0],[1,0],[6,1],[3,-14],[3,-14],[0,-2],[-9,-7],[-3,-3],[-1,-3],[0,-2],[-1,-3],[1,-2],[1,-3],[2,-3],[1,0],[2,0],[1,1],[0,1],[0,2],[2,0],[2,-1],[1,0],[2,1],[1,-1],[1,-2],[1,0],[12,13],[2,0],[51,-89],[0,-2],[0,-1],[-18,-20],[-19,-22],[-4,-3],[-4,1],[-70,28],[-39,16],[-1,2],[1,31],[2,3],[8,2],[10,2],[11,3],[14,6],[1,5],[-1,5],[-3,3],[-2,1],[-10,-7],[-11,-2],[-13,-1],[-4,4],[-2,4],[-1,24],[0,1],[-6,-1],[-1,0],[0,-1],[2,-14],[-1,-1],[-1,-2],[-36,-5],[-34,-6],[0,1],[-1,5],[0,4],[0,1],[-1,0],[-3,0],[-1,0],[0,1],[0,2],[-1,8],[-2,28],[0,2],[0,1],[0,1],[1,1],[1,1],[1,1],[2,0],[24,5],[1,0],[1,-1],[1,-4],[0,-1],[35,6],[1,-1],[0,1],[0,2],[0,3],[-1,2],[1,0],[3,-1],[1,1],[0,2],[0,1],[0,2],[-1,4],[0,2],[1,1],[0,1],[1,1],[3,0],[1,0],[0,-2],[0,-1],[-1,-1],[1,0],[0,-1],[1,-2],[1,-1],[1,-1],[2,-1],[1,-1],[2,0],[4,1],[3,2],[1,2],[0,1],[1,1],[0,2],[0,2],[0,3],[0,4],[-1,2],[-1,4],[-2,1],[0,1],[-2,1],[-2,0],[-4,0],[-20,-4],[-32,-6],[-28,-5],[-3,-1],[-3,-1],[-3,-4],[-3,-3],[-3,-5],[-4,-8],[-2,-7],[-1,-23],[0,-3],[0,-2],[-1,-20],[0,-2],[-1,-1],[-30,-9],[-8,-1],[-2,0],[-28,-1],[-28,1],[-9,7],[-9,9],[-8,9],[-7,12],[-45,87],[-43,96],[-37,84],[-45,116],[-51,143],[-46,147],[-16,53],[-32,105],[-34,117],[-26,112],[-31,135],[-23,84],[-61,283],[-23,116],[-18,93],[-12,69],[-33,160],[-22,127],[-8,54],[-13,66],[-6,34],[-1,9],[-12,68],[-7,44],[-3,37],[1,11],[1,9],[3,6],[21,6],[7,4],[6,4],[8,8],[20,28],[4,4],[5,7],[3,9],[3,10],[1,8],[0,11],[-11,80],[-1,8],[-3,13],[-3,3],[-3,2],[-8,-3],[-2,-3],[-1,-5],[3,-12],[4,-4],[4,-32],[2,-1],[0,-8],[-1,-2],[-1,0],[-12,-3],[-1,0],[-1,-1],[-2,-10],[0,-2],[1,-2],[1,-2],[8,-2],[6,-2],[3,-22],[-1,-10],[-2,-5],[-2,-5],[-2,-2],[-14,-4],[-2,-2],[0,-1],[0,-2],[1,-12],[0,-2],[-7,-9],[-7,-6],[-3,-1],[-16,-5],[-16,-4],[-17,-4],[-13,-3],[-2,0],[-2,1],[0,11],[-1,1],[-1,0],[-2,0],[-10,-2],[-2,0],[0,2],[-2,16],[-1,1],[-2,0],[-2,-1],[-2,-1],[-1,0],[-2,1],[-3,1],[-15,37],[15,5],[20,5],[0,1],[1,0],[1,1],[0,2],[-2,18],[0,1],[1,0],[12,3],[15,4],[19,5],[2,1],[1,2],[0,2],[2,8],[3,10],[0,1],[2,1],[5,-2],[1,0],[1,-2],[1,-3],[2,-2],[3,-1],[5,1],[2,3],[1,4],[0,6],[-1,2],[-2,2],[-14,12],[-3,2],[-5,1],[-9,11],[-11,17],[-6,12],[-6,19],[-12,44],[-2,24],[-23,158],[-16,113],[-12,107],[-18,104],[-12,65],[-7,68],[-8,31],[-9,86],[-11,107],[-17,155],[-15,107],[-7,42],[-4,39],[-10,82],[-3,34],[-6,40],[-5,39],[-3,30],[-7,26],[-3,24],[-4,45],[0,34],[-1,40],[-9,87],[-8,73],[-8,48],[-3,43],[1,35],[1,26],[2,16],[4,15],[6,28],[8,21],[9,21],[7,14],[6,9],[5,5],[6,3],[5,1],[3,0],[3,-1],[2,-2],[0,-6],[-2,0],[0,-2],[-1,-6],[-1,-3],[0,-2],[1,-3],[2,-2],[1,-1],[3,-1],[1,1],[2,1],[2,2],[1,2],[0,3],[-1,3],[-1,7],[-1,57],[2,4],[3,4],[6,3],[4,0],[3,2],[3,2],[1,5],[-1,4],[-1,3],[-3,1],[-2,0],[-3,-1],[-2,39],[-28,-2],[0,-25],[-17,0],[-1,-2],[0,-8],[0,-1],[-1,0],[-6,-1],[-15,0],[-1,1],[0,27],[-1,0],[-21,-1],[-1,1],[-4,80],[1,1],[15,0],[0,1],[-1,24],[0,2],[0,2],[0,2],[0,2],[0,3],[0,1],[0,12],[-1,1],[0,1],[-15,-1],[-1,2],[-18,61],[7,4],[0,2],[-6,21],[0,2],[12,7],[9,5],[1,1],[1,-1],[2,-10],[1,-2],[1,0],[2,0],[2,1],[15,10],[1,0],[1,-1],[19,-63],[10,0],[1,46],[0,1],[1,0],[12,-1],[1,0],[-1,-6],[1,0],[2,0],[15,-1],[0,-12],[0,-3],[1,-1],[1,0],[3,0],[12,-1],[1,0],[0,-1],[-3,-69],[0,-1],[1,-2],[3,-3],[0,-1],[0,-2],[1,-11],[1,-3],[3,-1],[3,1],[1,6],[0,33],[0,1],[1,1],[7,-1],[0,-5],[5,0],[0,-20],[8,-82],[1,-2],[2,0],[7,1],[3,-7],[14,-152],[-4,-3],[-3,-3],[-2,-5],[0,-6],[0,-6],[2,-5],[4,-4],[4,-3],[4,0],[4,2],[4,4],[2,5],[1,6],[-1,6],[-18,219],[-8,65],[-16,52],[-18,42],[-24,31],[-34,31],[-43,24],[-25,3],[-4,-2],[-6,-1],[-30,-1],[-7,1],[-1,2],[-2,2],[-7,21],[-6,48],[-4,28],[-3,36],[-6,68],[-7,47],[-5,62],[-1,20],[-2,34],[-7,30],[-4,28],[-1,52],[-4,26],[-5,30],[-4,34],[-8,99],[-6,46],[-6,38],[-2,26],[-4,33],[-3,33],[-5,56],[-7,114],[-2,37],[2,36],[8,40],[10,24],[11,12],[11,8],[8,1],[10,-6],[1,-2],[0,-2],[1,-19],[1,-2],[4,0],[2,2],[1,3],[-1,23],[-1,21],[-3,9],[-6,13],[-9,18],[-7,8],[-11,10],[-11,17],[-10,6],[-27,31],[-11,24],[-6,25],[-21,76],[-2,10],[1,6],[2,6],[5,2],[7,3],[2,5],[-3,12],[-10,38],[-2,15],[-4,36],[-4,28],[-6,73],[-5,64],[-5,54],[-3,55],[1,37],[-1,30],[-9,105],[-9,103],[-5,59],[3,56],[-3,27],[-2,20],[-4,92],[-1,54],[-5,73],[-9,99]],[[34361,76936],[2867,701]],[[35367,82761],[-21,-24],[-20,-33],[-29,-39],[-54,-68],[-195,-250],[-29,3],[-332,-239],[-19,-34],[2,-23],[-18,-66],[-33,-30],[-46,-45],[-29,2],[-23,19],[-18,7],[-15,-9],[-5,-38],[11,-63],[27,-63],[7,-29],[-5,-28],[-15,-21],[2,-35],[6,-17],[-3,-32],[-13,-14],[-19,-7],[-31,-5],[-42,-23],[-39,4],[-37,-16],[-49,-40],[-294,192],[-62,-13],[-525,57],[-322,60]],[[33080,81801],[32,-232],[5,-27],[161,-998],[656,-1199],[1059,-1304],[-285,-400],[-347,-705]],[[40082,77546],[28,5],[4,-1],[1,-8],[-3,-4],[-55,-7],[1,-11],[5,-49],[10,-74],[20,-57],[21,-41],[12,-57],[12,-41],[28,-74],[13,-54],[8,-56],[15,-68],[12,-56],[31,-130]],[[40245,76763],[-312,72],[-776,-374],[-591,-136],[-126,-455],[-32,-645],[22,-992],[-83,-326],[-299,-46],[-406,-409]],[[37642,73452],[-2296,56],[-63,-49],[-46,-172],[-8,-29],[-73,-93],[-24,20],[1,95],[-14,67],[6,61],[-5,39],[-23,25],[-37,36],[-27,4],[-42,-9],[-19,-9],[-44,-41],[-29,-33],[-30,-79],[-35,-47],[-10,-48]],[[34824,73246],[-17,-4],[-23,-6],[-15,-8],[-33,-52],[-31,-29],[-14,-21],[-17,-11],[-12,-20],[-9,13],[-5,22],[-31,23],[-85,58],[-62,86],[-20,71],[-13,15],[-13,-15],[-9,20],[-8,71],[1,36],[-18,11],[-38,-2],[-22,14],[-33,28],[-26,3],[-17,-4],[-21,-13],[-17,-12],[-15,-17],[-11,-5],[-16,6],[-12,13],[0,39],[-7,31],[3,34],[-4,39],[1,60],[-16,78],[-15,63],[-35,47],[-17,45],[-19,3],[-27,-27],[-34,-2],[-7,-30],[16,-112],[-4,-36],[-25,-91],[-25,-36],[-25,-18],[-16,-39],[-16,-15],[-2,-18],[16,-20],[0,-19],[-2,-30],[2,-56],[0,-28],[-9,-28],[-14,-56],[-13,-25],[-36,-27],[-16,2],[-22,37],[-35,23],[-12,25],[-24,26],[-23,36],[-32,30],[-11,22],[-9,28],[-24,134],[-8,72],[3,27],[-1,18],[-11,23],[-8,44],[-108,192],[-25,40],[-42,49],[-40,-32],[-13,-14]],[[33371,74025],[-27,4],[-19,22],[-12,26],[-1,25],[4,24],[53,26],[16,-8],[12,0],[27,22],[32,13],[39,20],[15,16],[26,80],[6,33],[0,25],[1,24],[19,29],[4,26],[-3,42],[-7,23],[-45,-14],[-39,-1],[-19,4],[-27,16],[-19,15],[-34,45],[-29,18],[-8,51]],[[33336,74631],[-13,45],[-7,70],[15,37],[-2,56],[5,53],[143,54],[82,-38],[26,2],[8,20],[1,19],[33,48],[11,49],[-16,64],[-30,45],[23,74],[21,29],[-11,31],[9,28],[1,28],[-7,26],[9,30],[65,27],[140,104],[35,51],[28,7],[28,8],[26,51],[4,22],[19,19],[38,11],[40,45],[-6,43],[-53,147],[-37,56],[-56,38],[-30,26],[-29,58],[-19,99],[-18,50],[13,23],[65,20],[17,19],[0,52],[8,26],[56,62],[59,63],[55,23],[55,66],[-11,26],[-24,8],[-25,38],[14,26],[-3,38],[-10,43],[-20,19],[-41,51],[-30,19],[-13,11],[-68,46],[-16,28],[-36,51],[-34,10],[-19,15],[136,79],[114,46],[20,-5],[14,-22],[16,-8],[43,-5],[65,-1],[23,-12],[35,-37],[15,-34],[6,-34],[55,-47],[15,-30]],[[79234,30147],[-77,-25],[-317,12],[-731,223],[-474,272],[-138,443],[102,172],[475,109],[263,-172],[472,124],[223,37]],[[79032,31342],[165,-272],[67,-683],[93,-215],[-123,-25]],[[79032,31342],[-175,275],[-83,167],[-240,-63],[-259,108],[18,368],[47,185],[-41,195],[-68,-4],[-121,-63],[-156,-100],[-72,10],[-72,32],[-22,-9],[-80,390]],[[77708,32833],[419,183],[243,136]],[[84252,31532],[3,-342],[-28,-333],[58,-82],[-101,-129],[-77,-181],[-47,-156],[-115,-67],[-40,-221],[-125,-219],[-83,-121],[16,-249],[-18,-250],[97,-211],[-58,-256],[-16,-151],[-65,-184],[-42,-241],[-63,-194],[-57,-57],[-154,-181],[-41,-159],[44,-107],[0,-79],[-61,-137],[-58,-49],[-132,-286],[31,-377],[85,-20]],[[83205,26493],[-199,-452],[-231,-1072],[83,-938],[-190,-7],[-79,-85],[-86,-7],[-139,-5],[-58,49],[-238,20],[-130,134],[-143,-45],[-149,-141],[-714,-144],[-483,634],[-185,1],[-68,-34],[-61,-35]],[[80135,24366],[-174,-6],[-161,90],[-48,6],[-141,65],[-302,43],[-36,-5],[-32,-27]],[[79241,24532],[112,461],[207,1105],[222,253],[447,117],[825,25],[51,439],[-224,355],[-44,522],[-173,530],[202,190],[-6,107],[-3,16],[-7,13],[-11,2],[-13,-5],[-14,-11],[-11,-7],[-10,0],[-9,13],[-15,26],[-51,115],[-12,30],[-8,34],[-6,38],[5,28],[-2,30],[-3,38],[-2,39],[1,34],[-5,40],[-1,20],[1,22],[-3,21],[-12,27],[-13,14],[-16,9],[-18,3],[-24,-4],[-19,-7],[-19,-14],[-41,-31],[-32,-17],[-21,-7],[-24,-3],[-28,7],[-39,18],[-58,48],[-45,39],[-28,36],[-36,22],[-28,16],[-31,16],[-53,6],[-45,8],[-17,12],[-15,19],[-16,38],[-9,31],[-7,57],[-5,32],[-10,33],[-19,38],[-17,22],[-56,54],[-25,30],[-20,32],[-26,43],[-11,13],[-16,5],[-154,-17],[-333,61],[-61,286]],[[77708,32833],[-225,-178],[-90,-112],[-351,-180],[-171,-62],[-172,246],[-162,176],[-121,-3],[89,-57],[39,-109],[-25,-12],[-88,15],[-56,74],[-83,94],[-52,30],[-37,37],[-25,-5],[-16,-27],[-54,-32],[2,-67],[66,-102],[0,-42],[-70,-13],[-113,-47],[-43,-24]],[[75950,32433],[26,-120],[49,-148]],[[76025,32165],[97,-591],[202,-404],[111,-209],[-331,47],[-75,-156],[51,-546],[-40,-420]],[[76040,29886],[719,-7039],[213,12],[189,-54],[88,-66]],[[77249,22739],[164,10],[71,4],[45,24],[436,397],[271,303],[138,83],[101,135],[84,412],[81,94],[131,127],[252,184],[147,25],[71,-5]],[[90051,25795],[-85,17],[-80,-18],[-69,3],[-48,-31],[-120,-47],[-64,-62],[-69,-42],[-42,4],[-42,-9],[-156,-182],[-74,59],[-29,-6],[-54,13],[-64,1],[-194,-83],[-161,28],[-212,-12],[-366,-67],[-13,-47],[5,-36],[-82,-64],[-91,-17],[-137,95],[-78,-57],[-77,-29],[-226,136],[-130,114],[-68,245],[-66,31],[-123,26],[-64,218],[-2,71],[11,45],[2,47],[-4,28],[13,23],[7,77],[-1,23],[1,29],[11,23],[22,11],[22,48],[34,13],[29,39],[-223,42],[-255,48],[-267,47],[-274,72],[-58,-57],[-58,-128]],[[85982,26477],[-100,2],[-121,-10],[-264,-74],[-444,-282],[-342,18],[-346,-13],[-121,129],[-98,-55],[-120,15],[-103,189],[-80,-12],[-111,-13],[-220,35],[-157,95],[-150,-8]],[[37953,67789],[69,-17],[114,-7],[334,62],[213,121]],[[38683,67948],[204,727],[857,1050],[613,1036],[380,52],[-3,1203],[380,1401],[60,204]],[[41174,73621],[-47,69],[-40,63],[-36,66],[-13,34],[-21,53],[-31,71],[-58,142],[-30,117],[-26,82],[-27,86],[-24,80],[-8,25],[-18,72],[-9,33],[-5,17],[-4,11],[-2,6],[-6,5],[-7,5],[-5,13],[-4,13],[-5,19],[-3,18],[0,17],[-1,9],[-6,13],[-1,7],[-1,6],[-12,58],[-7,28],[-14,69],[-9,41],[-12,48],[-25,103],[-13,42],[-19,48],[-6,23],[-5,38],[-4,48],[-2,28],[-5,30],[-1,18],[-4,28],[-4,34],[-6,29],[-8,41],[-10,58],[0,20],[4,9],[1,7],[-1,25],[-1,33],[0,37],[3,8],[2,5],[2,13],[-3,34],[-9,22],[-20,29],[-29,41],[-11,17],[-25,31],[-35,41],[-20,52],[-31,120],[-7,73],[-7,48],[-11,29],[-22,84],[0,4],[1,3],[-3,0],[-3,1],[-14,32],[-15,42],[-9,32],[-6,39],[-1,16],[-8,32],[-13,38],[-14,55],[-5,34],[0,18],[-1,13],[-14,41]],[[37642,73452],[-189,-394],[-9,-234],[196,-401],[78,-293],[163,-218],[42,-89],[116,-248],[173,-522],[181,-345],[478,-675],[-693,-452],[-179,-1427],[-15,-213],[-31,-152]],[[38124,63127],[598,266],[540,-93],[635,44],[322,133],[195,79],[446,204],[277,-456]],[[41137,63304],[267,368],[32,148],[311,1423],[209,923],[465,1115],[992,306],[1104,370]],[[44517,67957],[328,350],[460,618],[222,415],[193,175]],[[45720,69515],[-17,5],[-30,20],[-24,27],[-27,46],[-31,69],[-21,21],[-21,11],[-11,3],[-42,12],[-39,16],[-29,20],[-18,21],[-33,54],[-39,25],[-25,2],[-31,4],[-31,28],[-54,19],[-31,4],[-33,29],[-27,31],[-18,24],[-40,80],[-48,73],[-55,66],[-19,27],[-30,34],[-22,12],[-14,18],[-37,54],[-42,68],[-17,13],[-20,7],[-23,17],[-34,44],[-36,62],[-33,81],[-60,168],[-24,64],[-31,122],[-40,116],[-30,75],[-103,213],[-24,40],[-28,57],[-30,43],[-28,53],[-38,73],[-15,21],[-39,26],[-14,17],[-19,14],[-61,46],[-17,22],[-21,56],[-14,42],[-72,235],[-56,154],[-13,48],[1,20],[9,17],[0,6],[-18,16],[-36,32],[-37,27],[-11,4],[-8,0],[-6,6],[-7,14],[-3,7],[-9,7],[-54,33],[-54,27],[-36,13],[-27,13],[-34,31],[-41,29],[-25,19],[-43,51],[-46,28],[-47,6],[-28,-4],[-43,-34],[-69,-45],[-42,-14],[-15,0],[-21,2],[-23,-5],[-15,3],[-21,13],[-35,42],[-2,2],[-54,80],[-100,190],[-13,24],[-29,17],[-27,32],[-22,38],[-21,8],[-26,1],[-46,-7],[-33,11],[-47,-17],[-16,-16],[-11,-19],[-17,-41],[-21,-18],[-18,-21],[-16,-15],[-13,-24],[-21,-21],[-7,-18],[-9,-15],[-13,-7],[-13,-8],[-13,-13],[-18,-14],[-23,-7],[-66,-1],[-25,4],[-9,8],[-5,3],[-3,0],[-8,-3],[-10,1],[-19,15],[-29,18],[-66,71],[-35,44],[-29,40],[-29,47],[-32,50],[-18,35],[-46,84],[-34,75],[-76,142],[-16,35],[-1,15],[3,25],[-10,39],[-33,56],[-15,38],[-9,12],[-5,3],[-11,-1],[-6,5],[-9,19],[0,8],[-2,4],[-10,9],[-32,5],[-28,-11],[-17,-18],[-5,-11],[-4,-2],[-10,-1],[-14,1],[-17,-2],[-17,-1],[-17,-12],[-1,-3],[-2,-5],[-5,-7],[-47,-32],[-11,-13],[-14,-29],[-15,-23],[-13,-26],[-4,-4],[-5,0],[-3,-3],[-1,-5],[0,-28],[-3,-5],[-4,-3],[-4,-1],[-3,-1],[-1,-3],[-1,-7],[-2,-2],[-27,-3],[-33,11],[-23,17],[-30,22],[-14,6],[-9,-1],[-11,5],[-11,9],[-13,14],[-40,40]],[[38683,67948],[288,-1560],[-460,-444],[-342,-681],[-31,-1461]],[[38138,63802],[-14,-675]],[[37953,67789],[-51,-85],[-117,-142],[-48,-29],[-272,-46],[-75,6],[-411,114],[-212,83],[-65,11],[-118,53],[-141,79],[-59,56],[-64,32],[-56,46],[-79,37],[-145,33],[-51,17],[-53,33],[-90,82],[-81,63],[-38,6],[-361,442],[-334,635],[-115,192],[-141,242]],[[34776,69749],[-38,81],[-73,190],[-55,192],[-25,260],[-43,155],[-42,108],[-52,92],[-25,78],[-32,130],[-71,268],[17,117],[46,122],[60,73],[83,79],[6,108],[2,44],[-8,60],[6,30],[-19,50],[-9,47],[54,-8],[31,-8],[33,24],[40,3],[52,-27],[34,-14],[-18,197],[14,151],[-15,50],[2,168],[-17,37],[26,131],[9,109],[8,112],[29,119],[21,96],[17,73]],[[47645,65624],[15,-92],[-1,-76],[17,-345],[-67,-128],[-207,-168],[-97,-31],[-63,134],[-112,94],[-45,99],[0,88],[136,111],[2,111],[-40,12],[-131,-29],[-135,36],[-88,38],[-60,-1],[-36,-43],[-41,-156],[24,-92],[-48,-119],[-46,-110],[34,-83],[-1,-64],[-56,-51],[-104,27],[-147,-48],[-45,37]],[[46303,64775],[-30,109],[-67,95],[-82,77],[-36,58],[-46,67],[-49,87],[-93,64],[-88,85],[-71,76],[-159,38],[-159,102],[-161,184],[-122,124],[-172,137],[-76,147],[-29,90],[-21,149],[-30,110],[-73,64],[-44,116],[-56,112],[1,104],[68,76],[8,95],[7,241],[-14,200],[-120,150],[5,138],[-77,87]],[[45720,69515],[9,-6],[8,-6],[25,-36],[25,-23],[16,-12],[9,-9],[6,-8],[39,-52],[21,-24],[42,-50],[41,-34],[19,-29],[89,-126],[39,-84],[48,-103],[17,-26],[38,-22],[30,-29],[57,-111],[29,-57],[28,-50],[37,-51],[12,-14],[54,-30],[13,1],[19,7],[45,33],[31,20],[12,-1],[15,-13],[11,-21],[173,-474],[14,-53],[40,-103],[35,-92],[26,-89],[33,-94],[40,-132],[71,-210],[19,-46],[42,-135],[4,-14],[45,-123],[40,-119],[87,-258],[33,-90],[48,-133],[10,-28],[9,-28],[78,-220],[42,-108],[39,-100],[19,-47],[23,-60],[32,-61],[6,-11],[9,-22],[13,-33],[11,-42]],[[33711,68357],[-9,-24],[-13,-24],[-7,-26],[-10,-42],[0,-46],[10,-59],[39,-50],[36,-18],[38,-39],[6,-36],[0,-38],[-70,-101],[-34,-75],[-42,-123],[-64,-299],[-45,-105],[-39,-132],[-45,-93],[-23,-68],[-40,-31],[-25,-52],[-43,-168],[-18,-130],[3,-75],[-19,-45],[-73,-59],[-84,-213],[-108,-138],[-107,-41],[-182,-79],[-34,-76],[1,-499],[-124,-97],[-91,-290],[21,-114],[-18,-126],[-104,-134],[-14,-160],[-94,-125],[-65,-177],[2,-35],[-26,-63],[-8,-29],[-32,-21],[-80,-4]],[[32077,63978],[-16,-7],[-8,-3],[-74,-19],[-24,-15],[-43,-51],[-39,-75],[-13,-57],[-10,-98],[-18,-90],[-24,-71],[-23,-41],[-23,-11],[-33,2],[-27,18],[-15,39],[-33,68],[-27,20],[-59,9],[-89,-14],[-65,-6],[-27,-23],[-36,-75],[-33,-145],[-9,-128],[8,-41],[23,-26],[37,-13],[25,-34],[4,-21],[-8,-77],[-33,-38],[-26,-12],[-56,-13],[-53,-12],[-60,-34],[-40,-30],[-29,-54],[-5,-47],[-39,-96],[-43,-56],[-39,-27],[-55,-15],[-60,-31],[-27,-38],[-8,-21],[-1,-41],[0,-5]],[[30824,62423],[13,-27],[21,-33],[56,-65],[25,-22],[29,-26],[23,-17],[25,-31],[15,-13],[38,-21],[32,-2],[19,9],[15,12],[11,16],[19,1],[18,-47],[6,-18],[5,-18],[11,-25],[15,-40],[16,-52],[5,-40],[6,-29],[25,-49],[9,-24],[4,-30],[-2,-16],[-6,-31],[-12,-36],[-2,-13],[-2,-59],[-3,-30],[-12,-28],[-16,-13],[-19,-8],[-17,-2],[-7,-14],[0,-26],[7,-63],[22,-78],[11,-67],[10,-27],[12,-21],[19,-25],[10,-29],[0,-42],[-13,-59],[-7,-23],[8,-16],[30,-57],[29,-62],[15,-53],[27,-8],[42,-4],[17,-12],[18,-36],[11,-27],[1,-17],[-6,-26],[-6,-21],[5,-22],[20,-23],[19,-15],[17,-43],[9,-43],[-1,-62],[1,-21],[1,-19]],[[31515,60535],[36,-27],[11,-28],[69,-31],[59,-11],[80,5],[47,12],[44,18],[43,33],[54,40],[36,55],[33,66],[10,32],[28,62],[26,8],[100,-24],[45,-24],[860,-397]],[[33096,60324],[92,130],[-32,91],[57,133],[43,83],[44,50],[15,50],[18,30],[63,83],[47,28],[43,54],[-170,140],[-25,34],[-48,27],[-62,-21],[-90,58],[-45,-4],[-17,-6],[-27,-11],[-13,15],[11,47],[33,68],[52,62],[55,71],[30,10],[69,-8],[12,10],[41,14],[19,8],[12,17],[2,42],[6,33],[13,48],[26,25],[34,59],[7,20],[3,22],[26,6],[22,28],[32,137],[26,72],[51,174],[28,47],[23,56],[25,69],[49,148],[4,92],[-5,56],[-3,100],[-9,37],[13,125],[-25,50],[-43,338],[123,327],[14,16],[143,-66],[114,-55],[22,5],[12,8],[19,3],[60,-5],[18,7],[31,18],[17,6],[22,-2],[42,-26],[45,-16],[48,152],[49,125],[106,160],[36,-60],[25,-29],[25,-18],[17,2],[28,2],[28,3],[45,-14],[19,-21],[15,-5],[53,-1],[38,-22],[-9,-27],[-9,-41],[-13,-31],[-14,-17],[0,-21],[16,11],[22,29],[20,29],[64,52],[35,105],[43,59],[70,-99],[421,-471],[14,11],[39,34],[0,42],[31,-16],[25,4],[20,-21],[16,6],[17,-17],[24,17],[8,-41],[26,-52],[30,-75],[32,-9],[29,-8],[83,-57],[67,88],[47,58],[35,31],[65,62],[39,18],[70,22],[97,19],[266,-235],[352,193],[542,84],[366,59],[310,142]],[[34776,69749],[-111,-97],[-45,-65],[-17,-17],[-10,-23],[-1,-30],[-10,-31],[-16,-26],[-19,-43],[-20,-8],[-30,-40],[-17,-11],[-19,-35],[-1,-19],[-52,-90],[-43,-36],[-26,-25],[-65,-31],[-62,-57],[-25,-28],[-33,-59],[-44,-62],[-59,-39],[-38,-59],[-29,-52],[-25,-9],[-32,30],[-29,2],[-46,-13],[-12,-10],[-37,-22],[-36,-31],[-6,-45],[-49,-27],[-39,-23],[3,-27],[28,-39],[31,-57],[-1,-43],[-6,-40],[-17,-55]],[[36625,90943],[0,5],[-2,30],[-7,105],[-3,53],[-3,43],[-1,9],[0,13],[-1,13],[-1,14],[-1,21],[-5,105],[-4,55],[-6,93],[-5,124],[-6,90],[-3,51],[-1,20],[-1,27],[-5,57],[0,66],[-3,52],[2,83],[-5,80],[-6,66],[-4,84],[-3,63],[-8,132],[-6,88],[-5,110],[-4,149],[-1,39],[-4,124],[-1,61],[-4,66],[-5,64],[-6,63],[-2,57],[2,68],[-2,39],[-4,56],[-2,54],[1,51],[4,43],[1,56],[0,22],[1,33],[1,51],[-3,68],[-4,39],[1,27],[1,31],[-5,30],[-5,51],[-8,41],[-12,35],[-7,36],[-4,26],[0,23],[4,28],[4,17],[4,13],[6,11],[4,10],[-1,5],[-3,2],[-4,1],[-16,0],[-3,0],[-1,3],[0,7],[0,9],[0,2],[1,0],[5,0],[1,1],[0,11],[0,30],[1,1],[1,1],[39,-1],[12,-3],[10,-11],[3,-9],[2,-9],[0,-39],[-5,-4],[-2,-8],[1,-7],[2,-6],[6,-1],[3,1],[4,4],[2,6],[0,23],[0,10],[0,14],[0,12],[-2,11],[-10,20],[-8,7],[-11,6],[-8,1],[-6,-1],[-5,2],[-6,7],[-4,16],[-3,19],[3,166],[2,63],[2,47],[8,79],[7,67],[11,40],[16,36],[22,34],[8,11],[6,11],[3,11],[5,16],[6,9],[14,15],[9,7],[20,17],[8,7],[5,4],[3,9],[4,14],[17,22],[16,29],[9,12],[10,5],[17,8],[16,16],[10,24],[10,36],[4,18],[1,16],[-9,38],[-2,52],[6,65],[6,44],[7,28],[4,43],[-2,88],[3,20],[3,17],[4,12],[7,12],[2,10],[0,64],[8,84],[7,46],[5,30],[11,43],[9,22],[4,6],[2,12],[0,25],[2,67],[7,80],[6,62],[3,23],[12,58],[13,27],[3,17],[2,10],[1,1],[0,2],[-1,1],[-10,5],[-16,9],[-2,1],[-2,1],[-2,1],[-1,-2],[-6,-1],[-1,0],[-1,1],[-3,0],[-2,1],[-2,1],[-1,0],[-2,0],[-8,5],[-2,4],[-39,25],[-12,8],[-20,7],[-22,10],[-5,4],[-12,4],[-15,6],[-3,4],[-2,5],[-11,105],[-2,15],[-4,20],[-10,32],[-11,22],[-3,1],[-14,20],[-7,9],[-7,6],[-9,3],[-11,1],[-13,-8],[-3,-3],[-6,-23],[-6,-29],[-11,-43],[-3,-14],[-4,-21],[-5,-17],[-2,-10],[-2,-5],[-4,-5],[-4,-3],[-5,-2],[-5,0],[-20,8],[-16,7],[-25,13],[-6,2],[-7,2],[-3,1],[-4,0],[-4,-2],[-3,-1],[-5,-3],[-7,-5],[-12,-9],[-3,-4],[-6,-7],[-3,-3],[-4,-3],[-3,-1],[-2,-1],[-4,1],[-18,4],[-5,2],[-6,4],[-3,4],[-2,5],[-1,16],[-2,8],[-2,7]],[[36344,96563],[-23,-21],[-67,-49],[-46,-20],[-31,-32],[-19,10],[-22,38],[-49,45],[-17,9],[-22,25],[-21,6],[-19,-14],[-8,-18],[-20,-28],[-14,-8],[-23,8],[-15,17],[-18,16],[-17,6],[-18,-1],[-20,-1],[-28,-14],[-15,-11],[-14,-36],[-14,-9],[-18,1],[-15,13],[-35,9],[-18,17],[-29,15],[-47,-20],[-13,-19],[-10,-21],[-6,-48],[0,-17],[-7,-23],[-16,-12],[-4,-23],[-10,-24],[-6,-28],[2,-24],[-4,-31],[-12,-24],[-5,-33],[-7,-40],[-31,-37],[12,-18],[15,-34],[28,-9],[13,-26],[11,-56],[9,-24],[0,-55],[-4,-32],[11,-90],[2,-28],[-4,-21],[27,-65],[4,-17],[-11,-18],[2,-19],[-7,-32],[-18,-16],[-6,-15],[-9,-27],[-13,-10],[-26,0],[-14,4],[-5,-20],[15,-50],[6,-25],[17,-26],[-1,-50],[-5,-20],[-9,-24],[-6,-24],[3,-18],[-3,-19],[-13,-13],[-22,-17],[-16,-23],[-27,-133],[-39,-234],[-19,-87],[-7,-40]],[[35384,94681],[-10,-22],[-8,-23],[-1,-27],[0,-27],[1,-21],[2,-17],[11,-51],[18,-26],[25,-3],[14,5],[19,1],[11,-17],[-3,-24],[3,-65],[-8,-30],[-15,-26],[-11,-12],[-20,-7],[-15,-11],[-13,-12],[-14,-26],[-14,-18],[-18,-8],[-16,-15],[-14,-46],[-9,-17],[-13,-23],[-7,-27],[6,-36],[13,-38],[8,-34],[3,-30],[-2,-47],[-7,-29],[-9,-22],[-5,-21],[-2,-29],[-5,-30],[-9,-32],[-4,-21],[-1,-27],[3,-23],[7,-21],[20,-61],[-6,-23],[-19,-38],[-14,-11],[-10,-23],[-12,-46],[-38,-15],[-16,-14],[-25,-18],[-11,-20],[-8,-25],[-47,-49],[-34,-27],[-9,-7],[-14,-15],[-14,-13],[-13,-6],[-21,-21],[-15,-21],[-37,-11],[-15,-19],[-9,-23],[-18,-22],[-10,-19],[-8,-25],[-8,-13],[-14,-30],[-8,-14],[1,-24],[-5,-26],[-17,-42],[-9,-16],[-36,-35],[-19,-24],[-10,-23],[-14,-41],[-11,-26],[-6,-43],[4,-35],[14,-34],[4,-26],[-1,-52],[-11,-25],[-13,-58],[-16,-19],[-12,-8],[-15,-5],[-27,-18],[-16,-14],[-26,-25],[-6,-20],[-4,-17],[1,-18],[-14,-23],[-12,-17],[-10,-44],[-21,-27],[-4,-26],[1,-54],[6,-22],[18,-24],[4,-31],[14,-23],[16,-14],[18,-52],[10,-20],[6,-28],[-6,-26],[-1,-73],[-1,-31],[-9,-41],[1,-22],[8,-41],[24,-57],[2,-32],[-3,-10],[-11,-41],[-3,-20],[-11,-13],[-23,-16],[-6,-2],[-14,-23],[-10,-26],[-11,-21],[-8,-20],[-12,-10],[-9,-14],[-19,-8],[-16,-9],[-34,-45],[-5,-22],[1,-22],[8,-33],[27,-87],[10,-22],[32,-28],[19,-12]],[[34544,91111],[35,-36],[28,-33],[26,-3],[12,7],[18,-4],[19,-11],[22,-31],[32,-26],[26,-44],[30,-28],[28,-9],[36,16],[30,0],[40,-18],[80,-36],[12,21],[16,15],[18,-4],[18,-7],[19,11],[28,28],[39,17],[18,5],[13,7],[20,-18],[24,-39],[10,-71],[14,-19],[27,-16],[34,12],[17,-1],[40,-31],[20,-7],[26,-2],[22,8],[23,-134],[24,-97],[28,-75],[27,-58],[49,-90],[67,-97],[136,-187],[106,-151]],[[90383,22974],[17,-54],[60,-166],[29,-97],[9,-18],[63,-166],[-131,-358],[-99,-287],[-77,-251],[-24,-211],[8,-239],[-397,7],[-103,-189],[-139,-225],[-136,-163],[-105,-347],[-89,-108],[-119,-131],[-77,-75],[-21,10],[-43,-29],[-6,-67],[-9,-42],[-23,-28],[-17,-29],[-11,-35],[-25,-28],[-74,-70],[-56,-92],[-127,-45],[-108,-79],[-82,-191],[-50,-52],[-33,-135],[-197,-270],[-119,-48],[-119,-103],[-65,-70],[-92,-75],[-50,-67],[-35,-11],[-180,-276],[-48,-39],[-116,-101],[-78,-133],[-63,-162],[-223,192]],[[87003,17821],[-69,68],[-48,75],[-44,87],[-39,167],[-20,34],[-67,227],[-37,69],[79,273],[174,407],[80,257],[-205,18],[-79,16],[-60,43],[-51,74],[-26,60],[-4,69],[-14,74],[-24,46],[-36,20],[-54,-2],[-21,19],[-62,-7],[-57,127],[-127,75],[-110,90],[10,102],[4,652],[-10,208],[-57,107],[38,4],[7,211],[-16,509],[-17,131],[-5,39],[-50,139],[-60,74],[-61,57],[-29,50],[29,45],[-16,6],[2,37],[-15,66],[27,66],[-24,53],[47,198],[42,50],[-31,37],[-23,10],[-11,207],[-20,72],[16,58],[-13,55],[1,57],[-13,18],[-16,9],[-7,-42],[-23,2],[-11,74],[2,36],[-12,22],[-31,32],[-10,20],[0,46],[-16,7],[-28,25],[-22,58],[4,117],[-12,38],[2,27],[-33,35],[13,23],[-45,102],[-64,19],[-93,80],[-2,58],[-16,119],[99,-114],[146,106],[42,58],[5,86],[51,68],[17,76],[19,31],[124,256],[86,139],[77,65],[71,25],[65,59],[149,215],[-84,89],[-65,137],[-73,201],[-119,283],[-27,107],[-26,130],[11,28]],[[81346,21092],[-102,19],[-28,84],[-62,90],[-25,-3],[-28,18],[-36,48],[-4,44],[-38,94],[-28,-18],[-33,52],[-27,84],[3,96],[8,74],[-32,70],[1,122],[10,87],[6,97],[-5,40],[-26,31],[-47,99],[-28,105],[-98,138],[-44,15],[-66,39],[-32,71],[-39,40],[-21,131],[-26,66],[-41,230],[-13,46],[-21,34],[-40,29],[-73,109],[-47,96],[-134,229],[-36,423],[19,120],[22,125]],[[77249,22739],[20,-33],[-15,-168],[-115,-351],[-65,-144],[-19,-88],[-31,-48],[-47,-14],[-53,-62],[-58,-95],[-81,-159],[-55,-128],[3,-96],[-8,-32],[-37,-75],[-13,-99],[42,-192],[-3,-341],[-57,-30],[-62,-115],[-25,-32],[-75,-17],[-39,-53],[-32,1],[-8,-19],[-30,6],[-38,32],[-32,-9],[-25,13],[-34,7],[-78,64],[-72,-3],[-36,-28],[-31,14],[-53,10],[-15,25],[-15,-12],[-26,-5],[-32,12],[-32,-16],[-24,15]],[[75843,20474],[-28,-36],[8,-47],[-5,-30],[-46,-26],[-25,-40],[-6,-33],[-19,-34],[-8,-38],[20,-190],[74,-155],[85,-116],[10,-109],[-23,-94],[-138,-216],[-62,-139],[-9,-112],[8,-153],[14,-121],[49,-76],[43,-29],[43,-44],[60,-39],[35,-45],[57,-87],[2,-112],[-7,-140],[-60,-165],[28,-104],[53,-80],[25,-114],[16,-117],[31,19],[26,9],[24,20],[34,-9],[42,-36],[21,-43],[43,-46],[95,-309],[117,-104],[8,-358],[-7,-110],[8,-68],[0,-61],[-54,-408],[-44,-124],[1,-73],[30,-77],[28,-89],[75,-122],[31,-78],[20,-158],[-54,-66],[-25,-1],[-19,-31],[25,-113],[-22,-62],[-21,-58],[-53,-82],[-23,-30],[-44,-39],[-38,-12],[4,-32],[-13,-14]],[[76283,14868],[131,-497],[47,-205],[15,12],[36,28],[11,15],[7,18],[15,16],[9,14],[4,24],[-1,39],[-11,32],[-8,18],[26,-18],[32,-40],[15,-10],[25,11],[16,21],[6,25],[3,23],[3,23],[20,23],[14,-8],[40,-11],[19,0],[-2,18],[-2,19],[19,2],[18,-12],[26,-17],[20,2],[17,-1],[20,10],[15,-8],[11,-13],[15,-11],[7,29],[15,3],[15,-5],[22,0],[28,-9],[23,-3],[18,-9],[13,-9],[20,-10],[14,-10],[22,-6],[14,-11],[36,-4],[46,17],[24,14],[20,13],[27,28],[18,20],[15,-1],[12,-7],[18,-17],[16,11],[14,16],[21,10],[16,-10],[26,9],[47,17],[20,11],[25,15],[23,17],[14,4],[20,-6],[22,-1],[30,1],[26,3],[22,-12],[24,0],[21,-1],[28,8],[13,-12],[17,-14],[18,7],[12,16],[23,33],[20,1],[13,-25],[30,-38],[10,-35],[11,-41],[20,-6],[230,-110],[97,-52],[172,191],[127,156],[76,-72],[72,142],[110,330],[37,227],[12,140],[2,33],[-25,-7],[-41,78],[-46,50],[-20,68],[16,107],[6,38],[43,68],[59,67],[138,235],[67,37],[70,67],[60,64],[94,132],[49,49],[139,85],[143,93],[70,106],[97,127],[1,29],[-24,63],[-64,89],[-31,19],[-19,11],[-30,4],[-2,20],[-31,12],[-17,46],[-14,12],[-16,-3],[-55,29],[-19,26],[-20,18],[-18,25],[-20,47],[-15,17],[-53,119],[-2,51],[-32,30],[-39,61],[-22,39],[-35,21],[-22,17],[-5,29],[32,27],[17,43],[30,39],[50,60],[8,54],[32,8],[8,31],[-21,39],[14,25],[0,25],[-5,17],[28,17],[17,18],[7,24],[-2,69],[-1,20],[5,44],[9,36],[55,97],[24,58],[33,31],[24,48],[15,41],[47,20],[12,55],[15,-50],[16,-8],[9,15],[8,32],[2,31],[16,36],[13,-18],[30,5],[4,32],[34,14],[6,25],[-6,32],[20,41],[-6,28],[11,25],[40,5],[20,16],[8,22],[-3,64],[31,7],[12,17],[-20,33],[-2,20],[37,24],[9,41],[14,8],[30,-22],[19,3],[-2,73],[16,-9],[14,-17],[26,39],[13,11],[15,3],[15,11],[19,28],[38,16],[23,1],[34,16],[109,102],[18,26],[11,50],[14,16],[21,3],[22,-11],[28,-4],[44,18],[28,49],[12,21],[27,17],[9,16],[-14,10],[-4,20],[19,13],[3,20],[12,34],[11,9],[14,-4],[23,-5],[8,16],[18,46],[47,55],[15,22],[13,23],[16,53],[17,27],[19,16],[63,-9],[14,8],[46,78],[20,58],[15,2],[11,42],[13,13],[7,26],[15,25],[24,24],[18,17],[9,24],[-9,18],[-12,19],[4,20],[19,2],[10,18],[-7,25],[-1,20],[11,18],[10,25],[26,13],[18,58],[38,24],[13,32],[4,54],[15,31],[22,40],[11,27],[6,34],[11,41],[18,39],[20,38],[15,44],[0,29],[11,30],[19,22],[11,20],[39,98]],[[72062,25743],[-697,-566],[-700,-1183]],[[70665,23994],[115,-446],[-40,-470],[-26,-360],[34,-234],[31,-597],[56,-119]],[[70835,21768],[87,-23],[101,-95],[36,-75],[325,-263],[123,-161],[72,-58],[42,-69],[14,-50]],[[71635,20974],[65,132],[135,121],[516,164],[420,22],[251,-73],[149,91],[439,45],[362,217],[318,362],[84,21],[184,117],[194,22],[123,-20],[116,10],[33,43],[224,-110],[123,-498],[35,30],[33,12],[33,1],[49,22],[34,9],[116,-54],[71,-43],[-6,-17],[-130,-167],[-32,-115],[69,-248],[122,-351],[32,-126],[46,-119]],[[76040,29886],[-1077,577],[-109,-111],[-43,-73],[-93,21],[-114,10],[-403,121],[2,-82],[32,-111],[-41,-201],[-79,-201],[-21,-23],[-19,-12],[0,-57],[-16,-30],[-43,-35],[-3,-40],[28,-126],[-9,-70],[4,-89],[-51,-42],[-60,-75],[-5,-74],[-6,-112],[27,-84],[60,-113],[-30,-93],[-248,-25],[-225,-72],[-67,-5],[-72,-40],[-250,-166],[-311,-67],[-217,-104],[-98,-77],[-64,-100],[69,-131],[21,-124],[78,-154],[151,-360],[31,-58],[598,192],[-66,-174],[-11,-114],[55,-107],[-16,-204],[-74,-375],[-145,-501],[-11,3],[-119,143],[-345,-164],[-573,-234]],[[76283,14868],[-40,149],[-51,163],[-84,269],[-11,20],[-20,20],[-27,11],[-180,6],[-170,-30],[0,-21],[-52,-32],[-11,-15],[12,-147],[-5,-19],[5,-27],[0,-19],[15,-25],[16,-5],[17,-2],[11,-13],[7,-29],[-622,-6],[-59,-1],[-18,-8],[-17,-31],[-9,-23],[-4,-28],[-18,-39],[-19,-37],[-21,-16],[-26,-14],[-6,-25],[6,-18],[15,-23],[1,-27],[-33,-55],[-21,-62],[-8,-127],[3,-46],[-5,-26],[-14,-45],[-22,-42],[-8,-54],[-24,-34],[-21,-15],[-30,-11],[-29,-62],[-3,-29],[-3,-30],[-144,19],[-49,55]],[[74507,14262],[-21,23],[-136,383],[-12,157],[47,477],[-5,56],[-27,28],[-122,54],[-92,28],[-122,9],[-68,10],[-45,25],[-58,45],[58,92],[44,41],[37,177],[29,23],[14,25],[-2,26],[-1,87],[-8,33],[-32,58],[-12,54],[-113,150],[-81,-4],[-34,-45],[-23,13],[-2,41],[9,55],[-6,25],[17,28],[-26,48],[-30,7],[-7,51],[28,45],[6,19],[-21,3],[-32,44],[-14,49],[-33,16],[-60,25],[-31,42],[-31,60],[-41,24],[-9,26],[-5,83],[-60,17],[-21,55],[-35,32],[-34,-1],[-26,17],[-45,16],[-61,56],[-28,58],[-49,18],[-25,2],[-43,47],[-44,40],[-68,0],[-15,23],[-34,-12],[-25,-14],[-45,-1],[-52,-58],[-35,3],[-20,-20],[-24,41],[-34,30],[-50,-64],[-26,23],[-19,-12],[-41,26],[-21,-22],[-10,-22],[-17,-28],[-18,16],[-33,4],[-40,29],[-15,24],[-94,33],[-52,47],[-45,29],[-51,6],[-33,62],[-42,104],[-32,47],[-46,23],[-79,-11],[-45,-23],[-23,5],[-34,-26],[-29,8],[-17,-24],[-71,3],[-267,111],[31,98],[9,40],[5,26]],[[71406,17859],[35,-20],[39,25],[46,10],[28,25],[-25,157],[11,30],[74,144],[-70,48],[-42,-19],[-74,37],[-29,106],[-7,114],[35,90],[12,61],[12,48],[57,43],[20,23],[52,318],[33,33],[78,-110],[140,1],[44,-4],[34,72],[89,-37],[21,26],[102,178],[27,16],[28,-27],[84,-135],[10,-36],[4,-34],[28,-63],[12,5],[51,166],[42,276],[-51,83],[-84,92],[-108,90],[-65,81],[-81,226],[-59,87],[-158,300],[-132,281],[-34,308]],[[70835,21768],[-119,11],[-306,-137],[-106,-3],[-83,-81],[-223,-143],[-412,-316],[-180,-225],[-99,-163],[-72,-254],[-48,-318],[-87,-284],[-11,-210],[-30,-317],[-46,-249],[-126,-489],[-122,-293],[-64,-104],[-194,-270],[-312,-237],[-154,-164],[-96,-182],[-12,-212],[-16,-114],[-39,-54],[-72,-42],[-88,-96],[-90,-121],[-79,-58],[-27,-78],[-24,-48],[-46,-93],[-125,-277],[-41,-20],[-52,9],[-175,-4],[-65,-72],[-41,-80],[-6,-83],[-16,-69],[-28,-68],[-47,-85],[-33,-100],[-31,-98],[-3,-87],[-33,-99]],[[66756,15291],[90,29],[19,6],[19,0],[33,-7],[9,-13],[50,16],[31,3],[19,-27],[21,-7],[9,17],[4,50],[35,40],[45,0],[99,-28],[29,-7],[42,-8],[47,-54],[5,-20],[-5,-41],[-43,-33],[-24,-47],[0,-54],[28,-14],[34,6],[23,54],[24,36],[24,-62],[4,-62],[47,-14],[29,-1],[42,13],[43,27]],[[67588,15089],[-6,24],[-25,45],[-20,62],[4,47],[40,58],[13,41],[-26,72],[1,45],[43,26],[39,-6],[26,44],[30,33],[49,-19],[92,9],[55,25],[48,0],[53,-21],[15,28],[61,-45],[106,70],[49,12],[37,-10],[48,-32],[70,0],[25,52],[65,3],[153,117],[107,10],[79,37],[79,60],[107,5],[23,62],[53,-17],[16,47],[51,3],[62,119],[68,27],[76,42],[23,53],[144,87],[91,97],[43,5],[45,-25],[81,45],[37,15],[99,87],[111,157],[3,7],[2,7],[42,120],[76,134],[29,25],[113,176],[116,115],[99,168],[78,72],[35,-7],[71,-22],[28,1],[23,-10],[18,139],[7,72],[46,117],[7,127],[31,82],[65,47],[94,17],[72,15],[79,28],[63,44],[51,-85],[33,4],[30,40],[50,-108],[17,-151]],[[87003,17821],[-33,-34],[-189,-120],[-134,-39],[-134,-241],[-100,-35],[-27,-82],[-36,-52],[-46,-19],[-67,-63],[-21,-319],[-3,-25],[-19,-109],[-17,-99],[-71,-94],[-109,-173],[-92,-29],[-90,-172],[-31,-44],[-42,-59],[-32,-6],[-46,45],[-89,-23],[-33,4],[-126,143],[0,29],[-35,75],[-25,50],[-6,43],[6,84],[5,22],[17,27],[20,6],[22,6],[14,25],[30,56],[9,38],[7,56],[10,23],[12,19],[19,30],[-4,55],[-3,57],[-2,32],[-5,60],[-19,70],[-10,38],[-12,67],[-15,90],[-42,100],[-37,2],[-33,18],[-70,46],[-35,16],[-85,4],[-24,41],[-44,23],[-46,77],[-58,22],[-42,-30],[-119,-50],[-47,-31],[-69,-50],[-112,-29],[-51,31],[-75,4],[-18,-29],[-59,-46],[-38,-5],[-43,-19],[-55,10],[-44,-24],[-70,-28],[-94,-18],[-96,-15],[-17,-39],[-46,64],[-17,53],[-94,101],[-24,99],[-101,-28],[-111,62],[-175,67],[-82,-7],[-51,2],[-54,-22],[-46,-41],[-25,-57],[-33,-8],[-33,18],[-134,2],[-92,-21],[-164,183],[-190,219],[-17,26],[-130,143],[-11,27],[-18,34],[-26,61],[-38,125],[-29,140],[-14,143],[-5,129],[-1,27],[42,32],[37,48],[25,51],[2,53],[13,92],[3,21],[18,8],[0,21],[-14,20],[-2,23],[-22,15],[-21,7],[-4,49],[-44,28],[-57,20],[-20,26],[-55,30],[-38,22],[-11,27],[-5,38],[-15,28],[-8,39],[-8,23],[-27,36],[-15,26],[3,20],[7,28],[4,37],[-3,21],[-38,31],[-9,44],[0,22],[7,28],[13,19],[17,23],[7,15],[-10,47],[-3,38],[38,65],[8,32],[26,19],[25,10],[27,13],[10,26],[-33,52],[-7,22],[-3,18],[-1,52],[39,40],[11,12],[9,19],[5,24],[5,74],[15,38],[12,44],[6,40],[-2,71],[2,71],[6,166],[-3,26],[35,70],[1,121],[44,161],[-61,48],[-142,22],[-104,96],[-274,105],[-49,-94],[-19,10],[-19,-14],[-29,-43],[-18,-10],[-9,-22],[-13,-24],[-20,-33],[-14,-2],[-7,-24],[-6,-26],[-16,-46],[-12,-22],[-20,-16],[-22,0],[-11,-11]],[[70665,23994],[1,-253],[-76,12],[-144,-36],[-114,17],[-293,6],[-270,48],[-76,2],[-248,-155],[-151,-71],[-215,132],[-211,46],[-233,-8],[-88,82],[-255,802],[-97,236],[-281,280],[-126,93],[-305,216]],[[67483,25443],[-25,667],[-105,260],[-177,287],[-657,741],[-534,1033],[-259,504],[-142,253],[-158,309],[-102,159],[-72,139],[-86,84],[-97,-10],[-51,-7],[-67,15],[-66,104],[-41,107],[58,154],[34,109],[-55,166],[-130,156],[-160,236],[81,141],[-50,341]],[[64622,31391],[431,699],[757,-921],[899,16],[226,4],[1166,443],[671,619]],[[68772,32251],[775,-91],[767,96],[15,-456],[0,-8],[3,-83],[0,-7],[2,-52],[2,-68],[163,-512],[88,-533],[174,-521],[91,-322],[324,160],[186,-27],[192,3],[216,37],[83,-723],[-19,-1156],[-417,-760],[-178,-288],[223,-802],[600,-395]],[[64622,31391],[-390,-607],[-101,6],[-51,-19],[-47,-54],[-23,-92],[-10,-453],[-7,-66],[-15,-34],[-35,-56],[-55,-57],[-44,-25],[-73,-15],[-88,-11],[-52,-20],[-14,-8],[-30,-58],[-33,-125],[-88,-97],[-53,-36],[-25,-56],[-53,-61],[5,-124],[-58,9],[-137,-47],[-161,-31],[-174,-36],[-133,-45],[-105,1],[-75,-78],[-44,-68],[-70,-18],[-56,2],[-5,-20],[-47,-88],[-28,-40],[-12,-20],[-24,-103],[-16,-31],[-11,-11],[-25,-75],[-70,-139],[-62,-82],[-39,-38],[-33,-17],[-39,-18],[-119,-8],[-168,-14],[-90,0],[-36,-10],[-21,-11],[-9,-18],[-15,-54],[-23,-203],[8,-124],[-5,-94],[-2,-32],[-1,-100],[-34,-87],[-51,-150],[-14,-78],[-18,-34],[-15,-28],[-12,-9],[-17,-22],[-21,-23],[-27,-48],[-8,-127],[-20,-86],[-69,-80],[-58,-79],[-48,-38],[-46,-78],[-13,-74],[-30,-47],[-16,-75],[-10,-19],[3,-18],[-30,-51],[-2,-34],[-4,-15],[-17,-16],[-6,-25],[-33,-28],[-16,-31],[-41,-23],[-13,-19],[-5,-29],[-25,-46],[-32,-32],[-23,-33],[-3,-22],[-13,-24],[-2,-32],[-2,-35],[-1,-62],[11,-24],[2,-58],[18,-42],[26,-32],[-5,-35],[-14,-32],[2,-36],[8,-26],[-12,-41],[2,-26],[4,-28],[-6,-23],[-28,-36],[-10,-34],[8,-23],[-2,-34],[-1,-47],[-5,-26],[0,-49],[-2,-38],[-17,-25]],[[60622,25190],[8,-20],[81,6],[70,-18],[68,-32],[152,-110],[61,-8],[73,52],[22,30],[25,12],[29,4],[44,31],[1,23],[-5,32],[-2,28],[51,37],[33,0],[21,15],[33,-18],[4,25],[11,57],[35,124],[34,48],[49,-10],[156,-105],[57,-99],[-19,-108],[8,-113],[-32,-74],[-13,-43],[-51,-60],[0,-104],[-21,-83],[12,-58],[-29,-60],[-44,-42],[20,-134],[30,-162],[12,-119],[30,-154],[76,-85],[42,-24],[45,-3],[99,30],[116,-65],[33,-5],[58,3],[90,20],[34,15],[105,22],[83,5],[67,74],[47,44],[30,-126],[-2,-198],[-12,-40],[18,-92],[35,-92],[35,-127],[-16,-97],[-63,-129],[-9,-59],[28,-122],[41,-60],[12,-99],[16,-77],[65,-67],[35,-73],[5,-109],[71,-129],[73,-99],[6,-35],[44,-25],[28,-8],[42,-23],[421,532],[99,-322],[77,-263],[141,5],[154,53]],[[63905,22130],[-69,23],[118,325],[211,383],[116,64],[-290,24],[23,109],[28,55],[107,104],[13,42],[33,23],[109,-10],[21,12],[34,112],[564,47],[85,30],[226,194],[609,370],[239,58],[317,146],[-104,1033],[278,153],[438,88],[297,-10],[175,-62]],[[59590,19024],[16,60],[9,31],[32,100],[-4,72],[31,143],[46,253],[-17,34],[0,23],[5,28],[9,26],[16,31],[3,28],[-7,111],[-9,220],[-27,90],[-25,156],[-45,121],[-28,139],[-12,146],[6,281],[-47,90],[-16,31],[-9,106],[-11,128],[13,67],[-1,89],[-16,36],[-11,71],[-26,25],[-73,55],[-81,45],[-64,20],[-6,28],[-14,24],[-20,2],[-16,66],[-15,33],[-13,21],[-45,82],[-5,39],[1,49],[-16,19],[0,25],[-16,18],[-23,-20],[-21,13],[-19,108],[-7,82],[-18,82],[47,130],[-16,69],[13,13],[26,69],[10,36],[-3,27],[40,59],[149,443],[63,187],[15,42]],[[59338,23626],[8,27],[18,156],[-89,240],[-23,51],[-35,59],[-29,32],[-19,16],[-22,34],[-35,96],[-30,41],[-24,52],[-14,37],[-14,62],[-9,30],[-51,22],[-17,30],[0,-51],[-203,-175],[-11,30],[-10,37],[-28,50],[3,56],[-40,42],[-6,65],[-28,110],[13,57],[-15,16],[-35,20],[-36,39],[-77,135],[-35,127],[-28,72],[-10,139],[13,72],[29,29],[35,21],[24,-26],[13,9],[24,53],[-10,40],[20,32],[21,69],[62,69],[8,11],[-15,22],[44,71],[36,131],[37,110],[60,82],[50,58],[45,75],[40,31],[38,7],[24,-21],[26,0],[25,-15],[13,24],[165,-579],[8,-28],[64,-82],[4,-32],[22,-34],[39,-4],[11,-67],[36,-98],[63,-118],[20,-90],[40,-63],[55,-15],[50,-86],[49,-43],[28,-77],[-4,-45],[16,-38],[25,-24],[33,-12],[43,7],[29,-7],[22,-31],[50,-20],[10,-21],[2,-30],[48,-83],[56,-28],[14,-25],[30,-23],[16,5],[14,16],[38,9],[56,69],[31,15],[30,-18],[36,52],[61,-2],[11,20],[1,35],[18,25],[5,34],[-5,26],[4,33],[10,45],[30,48],[42,41],[17,41],[31,4],[17,22],[15,45],[20,58],[27,29]],[[63905,22130],[-125,-225],[93,-12],[32,-89],[14,-146],[23,-92],[223,-492],[-70,-89],[-129,-157],[-100,-94],[-91,-62],[-29,-20],[-42,-54],[-33,-11],[-21,-63],[-25,-29],[-58,-4],[-10,-35],[-58,-30],[-44,-82],[-32,-47],[-19,-45],[-48,-77],[-26,-18],[-11,-34],[-120,10],[-35,-15],[-250,23],[-35,-118],[-21,-36],[-5,-65],[-16,-29],[-1,-153],[14,-73],[28,-33],[-64,-53],[-103,-189],[-43,-122],[-31,-38],[-39,-10],[-310,10],[-63,3],[-70,-5],[1,199],[32,229],[143,313],[-14,87],[-16,286],[-48,201],[-21,-50],[-23,-211],[-19,-57],[-127,-119],[-102,-33],[-54,-49],[-113,-189],[-19,-48],[-32,-47],[-50,-50],[-75,-108],[-30,-44],[-40,-19],[-116,-75],[-53,-15],[-60,-34],[-75,-13],[-32,15],[-79,25],[-20,231],[-51,144],[-124,-7],[-69,35],[-63,-23],[-53,-49],[-56,-27],[-92,-83],[-95,-124],[-142,-47],[-69,-63],[-60,-79],[-48,-30],[-103,62],[-85,62],[-26,17],[-91,-78],[-45,-14],[-33,-79],[-4,-31],[-36,-56],[-71,-52],[-45,-42],[-38,-49],[-14,-10],[-10,-8]],[[66756,15291],[-26,-45],[-21,-49],[-10,-70],[28,-56],[1,-43],[-34,-34],[-60,-34],[-86,-28],[-142,-104],[-69,-65],[-129,-70],[-343,-190],[-142,-90],[-25,-5],[-83,-9],[-245,-275],[-136,79],[-132,121],[-225,212],[-155,189],[-14,42],[-27,110],[75,1],[-94,84],[-55,6],[-31,18],[-46,-11],[-18,19],[-78,-48],[-29,110],[-29,7],[-41,-30],[-65,-29],[-48,-108],[-29,-10],[-148,26],[-145,68],[-81,26],[-113,15],[-131,-44],[-44,17],[-58,-23],[-42,1],[-127,-35],[-55,76],[-108,49],[-53,-18],[-46,18],[-190,173],[-200,195],[-87,369],[-1,91],[-24,-16],[-11,-87],[-31,-132],[-72,-126],[-105,-40],[-197,-22],[-390,10],[-144,68],[-96,216],[-9,29],[-58,137],[-9,42],[-18,86],[-30,41],[-88,58],[-149,59],[-108,-1],[-71,-19],[-61,-33],[-67,-57],[-99,-85],[-16,67],[-44,75],[-68,28],[-91,46],[-11,39],[-23,74],[-43,62],[-62,18],[-24,31],[-13,18],[-39,69],[-30,64],[-28,58],[-36,56],[-10,33],[-21,63],[-18,61],[8,50],[22,46],[19,40],[99,164],[19,61],[-166,313],[-15,-16],[-38,-18],[-56,13],[-98,14],[-28,-7],[-34,-5],[-48,-15],[-24,15],[-28,-3],[-29,30],[13,51],[-15,100],[8,43],[14,65],[21,76],[32,25],[5,42],[-14,24],[-9,51],[-16,95],[3,26],[4,27],[-14,24],[-22,38],[-10,21],[3,71],[1,54],[-16,16],[-27,-58],[-13,-7],[-77,97],[-28,21],[-8,15],[4,97],[-10,27],[-26,22],[-28,39],[-7,35],[2,63],[5,39],[-3,62],[25,42],[31,83],[9,36]],[[75950,32433],[-84,265],[180,58],[32,205],[-188,46],[37,378],[68,325],[72,214],[67,188],[-37,231],[-175,15],[-219,-72],[-318,-42],[-100,125],[109,420],[259,287],[211,417],[213,808],[-136,604],[-304,584],[1184,2399],[-1086,-188],[-225,941],[-1062,-257],[-204,-10],[-556,29],[-1033,118]],[[72655,40521],[-978,258]],[[71677,40779],[465,2239],[626,1538],[-652,675],[646,1347]],[[72762,46578],[42,-24],[38,-11],[37,-22],[36,-26],[53,-30],[30,-14],[37,-23],[42,-19],[40,-11],[95,-55],[43,-22],[72,-13],[36,1],[42,-19],[44,-36],[38,-12],[31,-15],[35,-35],[38,-35],[66,-35],[19,-12],[122,-65],[60,-13],[97,-26],[96,-33],[40,-8],[46,-2],[44,-8],[18,-1],[17,-4],[15,-11],[31,-21],[29,-25],[57,-51],[44,-18],[63,-11],[43,6],[34,3],[27,5],[28,14],[45,20],[39,12],[27,-1],[42,14],[47,13],[30,2],[26,9],[44,33],[45,46],[47,34],[78,45],[58,25],[53,11],[32,3],[27,-10],[36,-2],[39,2],[39,-3],[49,-21],[65,-32],[29,-13],[33,-23],[21,-9],[22,-10],[22,0],[35,-25],[96,-37],[119,-89],[63,-54],[20,-13],[59,-23],[13,-9],[20,-9],[33,0],[21,-5],[20,-10],[32,-19],[47,-4],[37,-1],[22,-2],[42,27],[104,78],[30,20],[17,1],[34,-15],[37,-14],[26,-20],[9,-25],[-19,-112]],[[72655,40521],[-239,-1516],[-563,-1963],[-921,-1832]],[[70932,35210],[136,-80],[-141,-313],[-170,-244],[-35,-297],[85,-60],[529,3],[109,-43],[81,-119],[180,-350],[-93,-158],[-62,-205],[186,-230],[200,-63],[280,191],[259,-338],[116,-37],[70,111],[83,-76],[84,-90],[39,20],[81,5],[90,-89],[272,-325],[243,-102],[178,-10],[79,65],[121,263],[348,146],[240,223],[131,273],[166,345],[100,290],[127,-707],[318,-496],[271,-399],[102,-117],[98,-30],[192,-2]],[[68772,32251],[2076,2791],[84,168]],[[43960,61367],[-22,150],[-160,218],[-170,71],[-57,62],[-204,25],[-207,93],[-158,136],[-125,-34],[-131,-37],[-116,44],[-65,-35],[-136,173],[-99,20],[-104,180],[-210,114],[-75,86],[-115,70],[-11,7],[-85,-59],[-170,-97],[-124,-91],[-97,-10],[-195,227],[-98,281],[111,343]],[[46303,64775],[-89,32],[-23,-21],[-9,-139],[-45,-101],[-136,-70],[-139,-23],[-54,-46],[-33,-94],[5,-97],[31,-92],[45,-133],[63,-116],[-11,-88],[-103,-83],[-85,42],[-65,-4],[-54,-70],[9,-164],[-32,-83],[-41,-47],[-182,-96],[-28,-174],[43,-49],[-5,-122],[-94,-129],[-70,13],[-166,-164],[-31,-118],[-56,-57],[-46,-5],[-122,119],[-94,43],[-177,-119],[-102,-15],[-62,-257],[59,-138],[283,-281],[209,-146],[31,-68],[-32,-81],[-84,-111],[-93,-37],[-73,27],[-33,33],[-83,-25],[-122,-103],[-36,-114],[-82,-6],[-90,87],[-72,93],[-75,12],[-42,7],[-50,-30]],[[39720,50596],[-1100,166],[-453,654],[-197,229],[-139,50],[-230,76],[25,-430],[-160,106],[-210,5],[-40,7],[-239,40],[-131,-9],[-101,-8],[-129,-240],[-26,-386],[16,-193]],[[36606,50663],[-149,-63],[-121,-11],[-87,185],[-828,-666],[-846,-331],[-848,36],[-755,-323]],[[32972,49490],[8,58],[615,1339],[-141,608],[-14,274],[-11,226]],[[33429,51995],[621,314],[378,665],[655,1033],[185,278],[56,175],[19,186],[95,620],[103,118]],[[35541,55384],[207,-75],[19,3],[267,-40],[414,-170],[29,-14],[38,-8],[63,15],[33,12],[39,85],[69,31],[94,35],[46,37],[20,34],[24,8],[40,-36],[43,23],[21,-9],[19,0],[32,-12],[40,14],[28,-8],[34,11],[94,82],[52,-79],[5,-38],[54,-77],[11,-35],[25,-22],[11,-27],[39,-11],[53,-3],[153,164],[40,22],[96,187],[16,17],[262,277],[257,369],[293,0],[343,791],[158,421],[241,129],[417,265]],[[39780,57752],[454,-284],[705,-75],[259,75],[527,-145],[120,-33],[278,-197],[457,-174]],[[42580,56919],[92,-157],[-152,-213],[113,-89],[34,-511],[-508,14],[-59,-1063],[455,-1479]],[[42555,53421],[-905,-717],[-552,-1005],[-504,-911],[-674,-223],[-200,31]],[[46303,64775],[9,-40],[21,-110],[190,-320],[45,-73],[42,-67],[80,-174],[140,-351],[134,-417],[115,-317],[137,-303],[123,-336],[26,-163],[-1,-360],[15,-511],[-9,-158],[-33,-544],[-90,-638],[-132,-262],[-49,-227],[-27,-195],[-5,-400],[-13,-283],[23,-299],[67,-368],[68,-273],[146,-442],[113,-257]],[[47438,56887],[247,130],[120,54],[118,-15],[332,4],[469,-34],[224,-92],[200,161],[250,466],[156,213],[18,543],[-2,455],[290,318],[16,630],[257,385],[281,336],[412,-553],[359,-89],[404,232],[243,29],[310,247],[83,135]],[[52225,60442],[-12,21],[-28,41],[-29,50],[-50,89],[-14,27],[-17,29],[-25,32],[-17,23],[-27,27],[-11,12],[-18,11],[-17,9],[-35,12],[-18,15],[-14,15],[-11,16],[-13,10],[-5,1],[-8,-1],[-5,-1],[-12,1],[-7,5],[-13,15],[-11,18],[-15,26],[-29,40],[-32,41],[-24,22],[-34,33],[-38,38],[-22,21],[-30,19],[-33,31],[-23,23],[-37,51],[-17,20],[-16,22],[-27,47],[-14,21],[-14,28],[-24,39],[-15,23],[-14,28],[-5,9],[-2,1],[-6,-5],[-4,3],[-1,3],[1,6],[1,7],[0,7],[-3,3],[-6,6],[-18,5],[-4,5],[-3,9],[-4,4],[-4,1],[-3,-2],[-6,-5],[-11,-1],[-7,3],[-5,8],[-4,9],[-30,57],[-21,44],[-15,28],[-25,53],[-16,23],[-14,22],[-20,42],[-8,15],[-7,21],[-9,21],[-13,21],[-21,45],[-9,26],[-19,48],[-35,67],[-35,63],[-15,22],[-4,9],[-10,4],[-7,7],[-6,17],[-2,17],[-5,14],[-12,16],[-17,19],[-21,9],[-20,8],[-14,9],[-25,9],[-17,6],[-13,11],[-47,87],[-46,77],[-22,42],[-22,53],[-95,214],[-136,290],[-94,176],[-18,40],[-15,38],[-15,10],[-23,4],[-48,-13],[-172,-67],[-86,-65],[-66,-31],[-47,-39],[-23,-25],[-38,-30],[-27,-6],[-33,7],[-53,36],[-37,14],[-12,-1],[-25,3],[-57,40],[-92,70],[-30,32],[-13,4],[-12,-5],[-7,1],[-63,23],[-56,42],[-7,3],[-12,7],[-7,2],[-13,2],[-44,4],[-35,5],[-46,2],[-60,6],[-58,2],[-26,10],[-57,20],[-21,3],[-18,9],[-24,16],[-28,13],[-47,22],[-19,7],[-25,3],[-2,0],[-2,0],[-7,0],[-17,6],[-20,4],[-14,0],[-16,-3],[-17,-5],[-8,0],[-10,1],[-11,4],[-31,19],[-22,24],[-50,57],[-49,66],[-31,50],[-25,43],[-37,55],[-23,54],[-76,158],[-33,77],[-30,80],[-14,37],[-24,67],[-14,32],[-24,46],[-5,22],[-6,19],[-14,32],[-32,79],[-25,74],[-26,66],[-26,85],[-20,58],[-20,56],[-12,25],[-7,26],[-9,34],[-33,89],[-20,68],[-27,57],[-37,112],[-22,80],[-3,11],[-2,8],[-20,36],[-24,61],[-26,66],[-26,90]],[[49412,51353],[552,366],[464,401],[191,471],[156,387],[562,474],[272,419]],[[51609,53871],[-86,840],[-80,329],[5,377],[-5,291],[34,218],[41,186],[89,158],[109,86],[63,118],[201,40],[42,549],[99,543],[130,247],[221,400],[278,247],[429,403]],[[53179,58903],[-14,22],[-5,10],[-16,24],[-49,64],[-12,15],[-15,19],[-21,34],[-33,36],[-22,31],[-22,37],[-22,27],[-14,19],[-30,40],[-35,60],[-23,36],[-26,41],[-36,56],[-44,71],[-30,47],[-48,62],[-36,62],[-80,133],[-71,130],[-51,95],[-35,60],[-20,42],[-16,34],[-37,69],[-53,83],[-21,44],[-17,36]],[[47438,56887],[324,-969],[324,-911],[309,-776],[14,-915],[-81,-638],[240,-618],[394,-415],[450,-292]],[[56606,55926],[0,-3],[2,-2],[1,-1],[2,0],[1,2],[0,2],[0,3],[-1,1],[-2,1],[-2,-1],[-1,-2]],[[56633,55952],[0,-3],[3,-1],[1,2],[1,1],[-1,1],[-1,1],[-2,0],[-1,-1]],[[56645,55959],[-1,-1],[1,-2],[0,-1],[1,0],[1,0],[1,2],[0,1],[-1,1],[-1,1],[-1,-1]],[[56638,55931],[0,-2],[1,-3],[3,-2],[4,0],[1,1],[2,2],[0,2],[-1,2],[-1,2],[-4,1],[-3,-1],[-1,0],[-1,-2]],[[56635,55921],[0,-3],[1,-1],[2,0],[1,1],[0,2],[-1,2],[-2,1],[-1,-1],[0,-1]],[[56630,55921],[-1,-2],[0,-1],[-1,-2],[0,-1],[1,-1],[1,0],[1,0],[1,1],[0,4],[0,1],[0,1],[-1,0],[-1,0]],[[56327,56475],[-1,-2],[0,-1],[2,-3],[2,-4],[0,-2],[1,-1],[1,-1],[1,1],[1,2],[0,3],[-1,2],[-1,3],[-2,2],[-3,1]],[[56330,56428],[1,0],[2,2],[3,3],[4,1],[1,1],[0,3],[-2,3],[-3,1],[-3,-1],[-4,-4],[-1,-4],[0,-1],[0,-2],[2,-2]],[[56338,56422],[0,-1],[1,-1],[0,-1],[1,1],[1,0],[0,1],[0,2],[-1,1],[-1,-1],[-1,0],[0,-1]],[[53179,58903],[39,-60],[30,-56],[33,-52],[30,-48],[9,-15],[34,-68],[40,-85],[23,-40],[52,-130],[3,-8],[34,-85],[26,-91],[25,-52],[4,-7],[5,-2],[5,3],[8,-2],[7,-9],[45,-74],[7,-12],[1,-7],[0,-8],[-4,-7],[-6,-2],[-6,1],[-2,5],[0,7],[1,4],[0,2],[1,2],[0,4],[-1,2],[-45,75],[-6,1],[-17,-3],[-1,-2],[1,-6],[-1,-2],[-18,-13],[-1,-2],[6,-16],[1,-2],[1,-4],[1,-1],[0,-2],[4,-12],[1,-2],[0,-1],[1,-4],[3,-9],[1,-3],[1,-2],[1,-3],[2,-5],[0,-2],[-1,-3],[1,-3],[2,-5],[2,-3],[2,-2],[4,-8],[2,-2],[10,5],[6,5],[1,3],[1,5],[0,4],[0,2],[3,1],[3,-3],[1,-3],[-3,-13],[0,-10],[1,-7],[4,-18],[8,-18],[5,-8],[10,-15],[44,-45],[44,-55],[44,-86],[48,-88],[20,-29],[14,-14],[24,-45],[7,-23],[11,-24],[38,-71],[29,-52],[18,-18],[120,-119],[55,-42],[24,-21],[13,-8],[12,-5],[25,-6],[20,-10],[33,-37],[42,-44],[13,-10],[26,-7],[51,-42],[58,-40],[29,-13],[46,0],[33,-14],[35,-46],[68,-64],[26,-26],[37,-23],[23,-36],[74,-79],[38,-19],[78,-55],[27,-11],[23,-15],[20,-12],[32,-20],[53,-38],[65,-54],[52,-28],[49,-18],[106,-8],[50,-3],[54,-19],[106,-76],[51,-48],[18,-15],[24,-10],[19,-2],[14,2],[26,5],[34,-6],[26,-22],[19,-15],[21,-24],[27,-21],[30,-13],[19,-11],[18,-9],[25,-11],[17,4],[12,9],[20,10],[26,5],[17,1],[15,-4],[23,3],[15,4],[14,12],[2,8],[2,3],[5,2],[6,-2],[10,2],[27,13],[42,16],[81,63],[30,12],[22,-2],[26,-25],[23,-37],[16,-20],[43,-84],[32,-50],[13,-21],[15,-24],[17,-29],[49,-48],[17,-19],[36,-73],[23,-50],[50,-80],[36,-65],[19,-33],[18,-36],[21,-36],[29,-27],[28,-21],[23,-18],[9,-25],[11,-23],[19,-27],[9,-20],[33,-62],[45,-92],[46,-98],[43,-88],[44,-88],[33,-67],[51,-100],[30,-63],[21,-47],[18,-31],[24,-43],[21,-35],[27,-34],[29,-18],[26,-6],[25,-7],[56,-44],[28,-32],[14,-19],[56,-100],[96,-171],[28,-48],[36,-62],[48,-85],[66,-117],[21,-30],[25,-21],[14,-9],[13,-14],[75,-90],[80,-114],[61,-74],[40,-21],[18,-17],[29,-13],[14,-14],[26,-47],[29,-35],[36,-52],[20,-25],[33,-37],[45,-48],[19,-15],[74,-53],[30,-13],[25,-17],[19,-16],[43,-29],[14,-6],[13,-1],[27,-2],[18,-5],[53,-18],[75,-13],[5,-2],[5,-4],[10,-22],[97,-77],[38,-27],[27,-11],[43,-13],[42,-15],[23,-3],[27,0],[6,-3],[2,-4],[0,-3],[-1,-3],[1,-5],[10,-10],[24,-22],[17,-18],[30,-29],[34,-30],[37,-34],[26,-26],[25,-31],[4,-4],[5,-6],[6,-4]],[[59391,52535],[-87,-69],[-73,-49],[-57,-51],[-36,-12],[-64,-85],[47,-108],[111,-108],[63,-44],[-38,-37],[3,-15],[45,-31],[78,-5],[-19,-123],[-5,-56],[-14,35],[-7,-34],[-1,-34],[-11,-29],[4,-32],[-12,-18],[-18,-13],[-18,0],[-9,-8],[-10,-25],[-1,-32],[-19,-77],[-1,-113],[10,-64],[-14,-81],[3,-55],[13,-17],[14,-8],[3,-5],[-27,-9],[-18,-57],[11,-57],[3,-19],[-5,-24],[-12,-87],[-21,-59],[-9,-72],[-32,-33],[-41,-3],[-39,2],[-27,22],[-25,7],[-13,-1],[-22,-16],[-78,7],[-60,39],[-39,39],[-45,32],[-11,15],[-1,34],[-15,39],[-44,40],[-51,32],[-43,-42],[-32,-46],[-15,-27],[-18,-19],[-10,-18],[-51,-116],[-22,-40],[-44,-63],[-26,-46],[-14,-49],[-4,-44],[-15,-32],[-15,-43],[-19,-43],[-18,-26],[-21,-44],[-6,-50],[-11,-48],[-16,-55],[-22,-48],[-19,-32],[-25,-31],[-20,-27],[-30,-21],[-26,-38],[-48,-21],[-26,-13],[-30,-48],[-85,-43],[-55,-29],[-43,-1],[-22,6],[-31,-23],[-36,-110],[-41,-76],[-47,-38],[-82,-83],[-33,-62],[-20,-59],[0,-70],[1,-41],[13,-49],[15,-81],[-12,-44],[-30,-35],[-23,-5]],[[57473,49030],[-294,83],[-345,401],[-471,192],[-503,693],[-72,-178],[-153,-431],[-428,-14],[-315,22],[-168,180],[-185,87],[-405,52],[-304,-144],[-229,-92],[-30,-6],[-19,-18],[-12,11],[-6,16],[14,53],[0,28],[-6,13],[-17,2],[-13,70],[-5,11],[-70,27],[-48,47],[-63,115],[3,35],[57,63],[-5,47],[-10,13],[-32,-2],[-66,25],[-45,6],[-15,19],[-3,14],[41,39],[7,24],[-6,12],[-66,18],[-18,32],[7,24],[29,42],[-5,25],[-47,9],[-20,20],[-20,80],[-10,-12],[-35,-32],[-26,16],[-4,39],[18,54],[-7,47],[-61,77],[-13,3],[-58,-14],[-30,24],[-92,91],[-19,39],[5,53],[-14,22],[-70,-8],[-31,9],[-24,31],[2,89],[-57,30],[-53,102],[-6,-4],[-36,-100],[-15,18],[1,78],[40,121],[-18,8],[-93,18],[-21,16],[-6,31],[12,82],[-19,66],[-24,-2],[-32,-35],[-99,14],[-69,-2],[-27,13],[-21,40],[-20,76],[-61,35]],[[52019,51928],[15,45],[102,51],[-4,38],[-111,31],[-59,58],[-4,30],[98,44],[15,64],[-3,100],[10,26],[74,0],[20,54],[-33,58],[-61,31],[-103,-25],[-41,99],[-30,58],[-83,36],[-6,102],[1,58],[-94,250],[5,47],[65,7],[31,26],[-22,78],[-92,107],[-37,60],[0,47],[62,102],[29,103],[-20,39],[-91,36],[-14,53],[-29,30]],[[33711,68357],[-55,54],[-31,23],[-42,27],[-45,41],[-33,17],[-47,-8],[-30,-6],[-21,0],[-25,-27],[-27,-27],[-26,0],[-11,13],[-14,23],[-18,42],[-30,62],[-21,23],[-177,96],[-155,103],[-10,51],[9,54],[19,40],[41,47],[64,16],[53,44],[38,56],[26,51],[16,61],[-9,54],[-39,68],[-103,3],[-94,-14],[-39,33],[-99,198],[-57,131],[-82,420],[-49,115],[-136,195],[12,43],[154,83],[44,80],[-33,103],[-35,111],[36,71],[116,240],[138,246],[30,111],[-10,241],[-27,240],[10,170],[22,225],[-1,315],[76,18],[179,39],[55,89],[28,67],[12,106],[-2,137],[-7,137],[5,19],[73,130],[16,63],[-7,17],[-2,30],[25,74],[-17,60],[3,33],[8,40],[30,52],[12,33],[8,32],[2,51],[-13,41],[-8,15],[-13,27]],[[39780,57752],[-318,1993],[-1107,923],[-231,2459]],[[33096,60324],[-653,30],[29,-45],[45,-77],[35,-43],[60,-71],[41,-31],[44,-36],[34,-21],[65,-93],[32,-42],[48,-49],[25,-33],[2,-35],[12,-31],[56,-52],[24,-6],[10,-8],[71,-72],[21,-2],[21,7],[48,7],[-1,-21],[-17,-70],[-11,-67],[15,-35],[50,-12],[41,7],[29,7],[15,0],[10,-10],[18,-22],[12,-8],[24,-11],[15,-12],[16,-23],[33,-14],[11,-6],[7,-11],[14,-10],[15,4],[14,-1],[16,-19],[7,-20],[2,-26],[8,-20],[5,-15],[9,-9],[12,2],[14,-23],[14,-10],[27,-47],[3,-17],[37,-46],[22,-16],[13,-14],[10,-16],[11,-37],[14,-15],[30,-10],[17,-14],[19,-21],[10,-27],[33,-149],[16,-57],[20,-64],[24,-122],[13,-25],[72,-19],[15,-13],[12,-4],[24,-16],[28,-6],[21,2],[24,9],[22,17],[34,20],[18,7],[18,5],[18,-4],[19,-6],[24,-1],[18,7],[26,-3],[22,-9],[12,-16],[18,-7],[16,-3],[12,-2],[49,-13],[24,-21],[8,-8],[9,-10],[11,-21],[19,-11],[9,-12],[12,-7],[14,-16],[10,-18],[21,-5],[12,7],[8,4],[21,-9],[24,-26],[18,-19],[12,-21],[2,-9],[19,4],[9,-26],[14,-11],[9,7],[10,22],[12,-13],[13,-10],[-4,-17],[17,-9],[4,-22],[22,1],[10,-17],[-10,-13],[-23,-6],[-26,-9],[-14,-12],[-20,-30],[-14,-6],[-13,-19],[-6,-15],[-9,-16],[-20,-23],[-22,-30],[-24,-27],[-21,-16],[-8,-7],[-22,-25],[-17,-13],[-14,-9],[10,-48],[17,-51],[12,-16],[11,-33],[29,-78],[5,-47],[3,-31],[4,-18],[18,-39],[60,-97],[58,-106],[55,-82],[15,-35],[15,-17],[23,0],[108,-40],[100,-73],[35,-16],[79,-57],[125,-85],[47,-73],[35,-44],[68,-80],[4,-4],[15,8],[9,-11],[4,-2],[14,9],[24,33],[11,8],[19,-21],[20,-46],[9,-11],[14,-10],[21,-50],[2,-16],[21,-5],[33,-28],[20,-15],[11,-3],[32,-8],[11,0],[20,4],[16,-4],[-7,-177],[-6,-144],[-5,-136],[-36,-125],[-45,-155],[-45,-154],[-43,-148],[-24,-84]],[[30721,52043],[185,-64],[176,-21],[98,-18],[147,-31],[89,-5],[168,12],[433,13],[165,-22],[463,0],[334,-30],[92,-23],[358,141]],[[31515,60535],[-14,-5],[-12,-12],[-10,-20],[-19,-3],[-18,-11],[-17,-17],[-12,-5],[-12,-15],[-12,-29],[-18,-12],[-26,-1],[-14,-5],[-9,-18],[-23,-8],[-27,-5],[-15,-9],[-30,-26],[-11,-10],[-24,-16],[-14,-6],[-24,-37],[-23,-13],[-164,-82],[-240,-120],[18,-160],[12,-124],[0,-60],[17,-252],[31,-64],[16,-45],[26,-84],[40,-113],[141,-435],[99,-248],[11,-31],[5,-21],[17,-26],[13,-8],[97,21],[176,32],[184,47],[46,8],[23,-121],[28,-89],[26,-60],[14,-61],[25,-73],[27,-63],[22,-44],[69,-168],[99,-236],[185,-453],[70,-187],[-20,-14],[-24,-4],[-14,-2],[-28,-6],[-14,-5],[-24,2],[-17,6],[-13,1],[-11,-2],[-21,0],[-27,2],[-47,1],[-66,0],[-14,14],[-23,-438],[-23,-392],[-13,-81],[-17,-69],[-29,-263],[-23,-133],[-15,-64],[-21,-214],[-126,-218],[-60,-107],[-157,-342],[-59,-161],[-34,-25],[-45,-83],[-147,-325],[-52,-130],[-120,-275],[-32,-124],[-30,-66],[-35,-133],[-52,-152],[-35,-70],[-72,-348],[-2,-142],[-19,-153],[1,-292],[9,-48],[28,-34]],[[42580,56919],[61,181],[70,133],[126,115],[56,141],[73,68],[85,130],[25,140],[77,213],[-100,485],[116,347],[-63,175],[17,85],[53,28],[115,47],[25,57],[-31,349],[-7,129],[93,117],[88,17],[123,-123],[52,73],[100,209],[-65,115],[-68,110],[61,117],[12,116],[57,175],[-9,40],[-25,100],[95,326],[40,125],[61,112],[67,-4]],[[59391,52535],[64,-119],[23,-43],[30,-53],[28,-45],[27,-52],[30,-48],[34,-65],[27,-47],[33,-55],[28,-58],[30,-56],[35,-56],[20,-31],[20,-30],[32,-43],[23,-31],[17,-17],[23,-14],[16,-9],[22,-18],[28,-14],[38,-17],[35,-5],[41,21],[40,7],[16,-5],[27,-18],[39,-37],[23,-24],[21,-13],[17,-7],[38,1],[29,-9],[24,-17],[15,-15],[27,-10],[70,-8],[23,-10],[10,-5],[32,-32],[22,-22],[7,-15],[41,-50],[25,-28],[60,-69],[101,-115],[49,-52],[42,-43],[24,-22],[26,-29],[24,-19],[76,-69],[66,-64],[45,-40],[46,-36],[36,-20],[37,-16],[50,-13],[53,-3],[38,7],[70,27],[45,15],[73,20],[51,12],[55,8],[8,-2],[6,-4],[60,-36],[68,-69],[52,-55],[61,-76],[58,-55],[60,-66],[45,-41],[9,-14],[33,-26],[46,-36],[23,-20],[26,-9],[36,-11],[25,-20],[10,-7],[35,-14],[135,-59],[91,-67],[85,-47],[48,-29],[38,-8],[67,25],[5,-1],[7,-9],[15,-13],[34,-17],[259,-189],[100,-63],[44,-25],[76,-27],[76,-25],[88,-11],[127,-43],[43,-13],[54,-29],[53,-44],[46,-41],[31,-22],[23,-15]],[[63914,49459],[-67,-138],[-76,-241],[-26,-174],[-366,-238],[-466,-208],[-122,-403],[-505,-610],[-671,-457],[-634,-495],[-581,-27],[-164,77],[-150,-95],[160,-428],[-40,-544],[-114,-241],[-234,-268],[-114,136],[-252,205],[-296,-48],[-195,-274],[-123,-198],[-137,-481],[-72,-328],[-144,-332],[-99,-246],[-232,8],[-255,431],[-274,-37]],[[57665,43805],[-1,11],[-12,23],[-19,16],[-19,13],[-25,26],[-11,21],[-42,123],[-25,51],[-33,24],[-33,12],[-25,18],[-46,44],[-18,37],[9,19],[23,19],[4,32],[-46,37],[-18,30],[4,37],[23,20],[8,6],[21,65],[7,81],[17,10],[19,42],[17,39],[11,59],[-9,71],[-11,66],[6,29],[11,12],[27,14],[14,15],[20,78],[0,24],[-16,20],[-34,-3],[-28,10],[-40,13],[-7,23],[5,58],[-3,13],[-16,27],[-15,112],[4,23],[12,31],[9,39],[-1,39],[-19,39],[-16,20],[-36,30],[-21,39],[-11,20],[-41,28],[-9,21],[-24,20],[-20,17],[-19,47],[-14,18],[-6,22],[0,80],[6,29],[15,16],[32,15],[10,21],[3,29],[-9,39],[0,55],[17,76],[2,20],[-8,36],[-41,82],[-11,39],[-2,39],[6,72],[9,115],[-4,31],[-8,21],[-12,31],[-3,29],[-5,44],[2,41],[9,15],[18,28],[33,42],[33,23],[30,32],[41,33],[30,44],[13,37],[0,45],[-3,17],[-8,21],[-25,46],[-3,14],[0,35],[-2,45],[-6,35],[-1,42],[0,41],[3,48],[7,53],[-1,48],[-5,18],[-22,46],[-28,36],[-30,29],[-24,7],[-19,16],[-14,25],[-7,39],[-2,68],[8,53],[15,117],[2,33],[-27,81],[-5,26],[-4,38],[-4,15],[-6,48],[6,36],[1,68],[6,51],[15,63],[17,86],[11,26],[28,34],[17,32],[9,89],[1,12],[23,31],[13,15],[32,26],[23,33],[24,45],[9,41],[4,47],[7,28],[15,34],[31,45],[14,17],[25,17]],[[33346,26298],[-5,55],[-14,159],[-10,234],[2,45],[44,73],[17,79],[5,37],[37,97],[32,56],[0,37],[11,51],[39,14],[76,26],[13,15],[25,46],[56,60],[1,30],[-5,59],[-4,22],[7,25],[8,28],[20,39],[13,37],[33,35],[5,25],[5,34],[18,18],[25,10],[20,6],[-32,46],[-5,50],[-13,37],[3,47],[11,25],[47,126],[19,25],[61,125],[72,120],[48,178],[45,55],[28,21],[85,27],[86,48],[62,72],[80,97],[33,20],[176,150],[47,25],[32,-5],[69,-24],[58,-25],[27,-3],[90,63],[117,31],[57,53],[71,88],[8,43],[-21,73],[-34,147],[-27,59],[-9,50],[-48,150],[-54,221],[-49,104],[-46,136],[-20,73],[-10,32],[-4,42],[-36,175],[26,58],[20,51],[78,140],[49,107],[23,49],[77,110],[60,54],[65,-101],[-18,155],[-62,297],[-24,184],[-17,79],[-6,76],[-28,120],[-19,94],[-24,93],[-109,567],[-35,75],[-95,-53],[-43,18],[-67,40],[-22,29],[-105,23],[-13,-7],[-97,-12],[-28,23],[-100,-13],[-85,-31],[-33,-17],[-94,-30],[-59,-4],[-22,4],[-58,19],[-27,2],[-39,-5],[-79,-49],[-12,-2],[-21,-16],[-23,-4],[-41,-3],[-52,9],[-69,-3],[-148,41],[-38,22],[-43,36],[-16,29],[-10,33],[-36,49],[-25,27],[-29,16],[-43,37],[-26,60],[11,24],[31,24],[27,42],[19,12],[26,40],[29,6],[17,1],[20,1],[20,-7],[45,-11],[30,-15],[24,3],[63,33],[35,6],[31,21],[15,7],[23,-1],[38,13],[45,11],[79,20],[177,38],[117,35],[186,62],[281,157],[90,33],[285,-75],[32,30],[31,42],[-18,137],[85,-27],[39,43],[39,16],[17,32],[15,14],[22,10],[37,35],[24,43],[-1,37],[-7,53],[-5,32],[-21,14],[26,35],[19,44],[108,118],[14,15],[12,20],[-54,104],[-30,72],[-35,99],[-37,183],[-24,65],[-78,245],[-29,110],[-23,169],[-16,106],[-9,121],[5,97],[10,92],[24,195],[-3,168],[14,137],[9,38],[23,29],[9,59],[12,23],[8,75],[3,42],[16,62],[13,37],[8,64],[11,47]],[[35261,36665],[25,-4],[35,-35],[56,15],[14,5],[56,14],[82,-32],[28,-21],[85,-98],[27,-119],[8,-81],[57,-94],[14,-70],[35,-40],[26,12],[24,46],[29,11],[24,-30],[3,-57],[82,-105],[72,11],[31,3],[14,-29],[-4,-44],[-45,-67],[23,-33],[115,-82],[67,20],[79,-15],[3,-27],[-24,-17],[-60,3],[0,-28],[14,-26],[19,-114],[42,-60],[11,-36],[-1,-26],[-19,-18],[-6,-34],[32,-82],[15,-32],[8,-73],[25,-8],[12,-42],[-4,-33],[-11,-23],[-5,-42],[6,-22],[31,-4],[13,-17],[0,-21],[-31,-56],[-1,-26],[10,-30],[20,-18],[40,-19],[14,0],[29,-12],[1,-44],[-8,-25],[-4,-39],[18,-27],[46,-10],[26,33],[12,17],[26,24],[22,1],[14,-77],[23,-21],[39,4],[36,-7],[21,16],[10,52],[19,-26],[28,-68],[51,-24],[15,-16],[-2,-42],[9,-28],[43,-33],[39,-30],[24,-53],[17,-7],[40,-50],[3,-46],[25,-15],[25,11],[36,0],[9,-44],[25,-39],[37,-23],[25,-29],[17,-24],[16,-8],[24,-30],[1,-27],[-1,-49],[-16,-42],[-2,-8],[45,-9],[39,12],[26,24],[20,0],[22,-31],[1,-74]],[[37447,33872],[-12,-24],[1,-15],[5,-14],[22,-18],[16,-2],[40,-29],[42,-19],[29,-67],[38,-28],[17,10],[37,-24],[-1,-27],[-1,-31],[13,-10],[10,15],[2,36],[13,-5],[18,-39],[41,-46],[17,3],[23,-9],[30,-74],[29,-46],[1,-35],[-19,-26],[9,-24],[16,-6],[32,-10],[22,-31],[17,-77],[10,-49],[-17,-39],[5,-26],[22,-5],[10,-33],[-7,-25],[15,-36],[33,-2],[18,-10],[-6,-42],[9,-19],[13,-6],[24,22],[64,24],[16,-18],[1,-27],[-9,-51],[3,-40],[12,-7],[28,25],[31,-30],[31,-17],[18,-36],[40,-24],[58,32],[11,18],[26,16],[27,-6],[-6,-23],[-23,-10],[-19,-28],[34,-19],[17,0],[34,-20],[14,-28],[-15,-62],[7,-30],[21,-15],[17,-31],[-2,-46],[11,-43],[33,-22],[-7,-55],[18,-14],[23,-8],[17,-64],[7,-19],[26,-56],[-2,-41],[20,-28],[51,-6],[30,-30],[18,-32],[26,-95],[29,17],[1,11],[21,4],[8,-74],[12,-22],[46,7],[20,-16],[9,-28],[28,-21],[3,-18],[-4,-28],[11,-27],[21,5],[6,15],[16,10],[84,21],[25,-5],[15,-19],[42,6],[35,35],[90,4],[60,-10],[42,-37],[48,-25],[13,-34],[20,-24],[29,-35],[36,-51],[59,-41],[-101,-73],[-50,-17],[-3,-92],[19,-86],[-8,-56],[-14,-43],[-18,-24],[-2,-46],[20,-5],[30,10],[21,-12],[35,5],[30,-8],[16,12],[24,-50],[20,-40],[2,-46],[16,-34],[36,-30],[10,-21],[10,-39],[-4,-23],[-15,-16],[-2,-22],[9,-21],[21,-22],[22,-35],[8,-47],[5,-64],[-24,-102],[7,-48],[7,-5],[20,6],[35,52],[21,57],[15,7],[22,-10],[15,-26],[-8,-23],[9,-70],[10,-23],[11,-33],[10,-24],[14,-21],[0,-15],[20,-55],[10,-31],[24,-20],[2,-22],[9,-20],[21,2],[14,8],[16,-10],[13,-20],[29,-7],[15,-11],[25,-36],[10,-28],[11,-80],[5,-23],[11,0],[22,-12],[11,-18],[16,-5],[16,-13],[22,-32],[13,-40],[57,-52],[44,7],[43,-33],[0,-20],[7,-23],[14,4],[12,-7],[18,-16],[12,-7],[25,-12],[21,-6],[24,-39],[11,-11],[22,-4],[9,-19],[-3,-22],[6,-27],[12,16],[28,-13],[23,-9],[18,-22],[48,-20],[3,-16],[-4,-28],[15,-10],[15,-48],[14,-11],[39,-66],[10,-46],[37,-54],[14,-9],[10,-19],[14,-16],[37,-25],[53,-63],[39,-1],[34,-50],[5,-33],[14,-41],[31,-37],[34,-7],[26,-54],[17,0],[18,7],[26,4],[30,-3],[15,-39],[13,-65],[17,-9],[34,10],[24,-7],[10,-19],[9,-31],[3,-36],[-18,-35],[3,-24],[18,-22],[25,4],[16,-4],[50,30],[20,-2],[12,-28],[6,-41],[6,-22],[15,-26],[21,-19],[33,-29],[17,-34],[2,-17],[-10,-41],[-24,-39],[-22,-25],[-2,-50],[57,-129],[14,0],[107,-15],[52,24],[45,-43],[26,-70],[-6,-88],[65,-158],[11,-28],[33,-104],[19,-31],[21,-13],[18,-1],[17,9],[54,23],[18,-30],[18,-49],[6,-65],[1,-75],[2,-55],[10,-32],[17,6],[77,31],[31,-14],[29,-13],[-17,-27],[-18,-27],[-7,-13]],[[42226,27320],[-14,-12],[-24,-17],[-22,-40],[-7,-43],[18,-67],[8,-49],[-15,-95],[-4,-82],[16,-32],[23,-25],[28,-14],[37,-19],[21,-19],[13,-26],[12,-53],[-3,-46],[5,-53],[17,-49],[21,-13],[21,-19],[45,-29],[31,-14],[33,-37],[19,-14],[64,-61],[7,-21],[-6,-35],[-13,-38],[3,-18],[32,-6],[30,-2],[56,-18],[16,-20],[13,-24],[-12,-104],[-9,-29],[-15,-60],[-17,-56],[1,-21],[5,-23],[14,-15],[26,-13],[33,11],[22,9],[28,23],[39,19],[39,2],[25,-33],[3,-22],[-4,-36],[-16,-36],[-10,-36],[-7,-97],[-6,-87],[-16,-60],[-10,-62],[-6,-110],[-27,-66],[-4,-31],[1,-29],[21,-30],[31,-6],[31,-16],[21,-18],[2,-29],[-14,-26],[-39,-14],[-23,-11],[-12,-26],[0,-135],[8,-46],[29,-80],[20,-48],[20,-29],[63,-52],[71,-41],[36,-47],[23,-35],[-1,-60],[-6,-20],[-13,-22],[-23,-25],[-39,-44],[-18,-35],[-28,-75],[-3,-32],[-5,-36],[5,-39],[13,-31],[17,-16],[27,-30],[42,-32],[29,-36],[12,-19],[13,-28],[5,-40],[13,-70],[2,-28],[-9,-32],[7,-37],[19,-19],[26,-14],[-42,-22],[-10,-14],[-9,-20],[-19,-20],[-9,-26],[-9,-31]],[[43059,23606],[-24,5],[-12,-21],[-9,-23],[-22,-12],[-81,-29],[-48,-82],[-25,-54],[-31,-25],[-45,-6],[-44,6],[-32,-6],[-17,12],[-16,15],[-272,72],[-230,-351],[-150,-3],[-215,83],[-252,298]],[[41534,23485],[-2,34],[-309,132],[-131,502],[-475,-40],[-664,-20],[-419,-114],[-60,30],[-21,99],[30,78],[-50,69],[17,83],[-65,50],[10,62],[-41,103],[1,63],[-51,48],[10,65],[-54,34],[-84,17],[-22,70],[-59,40],[-73,80],[-54,71],[-28,138],[-89,170],[-70,121],[-60,95],[35,162],[-22,195],[-99,110],[-97,10],[-143,-118],[-158,-186],[-291,-370],[-237,-188],[-242,-258],[-409,-292],[-697,-20],[-798,219],[-714,253],[-631,440],[-204,228],[-268,170],[-61,12],[-88,-25],[-65,-2],[-111,132],[-31,69],[2,43],[-6,70],[-6,38],[-13,17],[-21,24]],[[33346,26298],[-36,10],[-31,-14],[-22,-10],[-35,-35],[-29,-43],[-34,-18],[-18,0],[-41,31],[-47,16],[-26,-26],[-29,-20],[-46,26],[-46,-2],[-3,-23],[-24,-30],[-25,-5],[-13,13],[2,31],[32,69],[4,48],[-15,42],[-20,23],[-60,48],[-35,42],[-53,16],[-22,21],[-16,120],[-64,227],[-28,19],[-37,-11],[-403,-585],[-213,-142],[-427,-300],[-83,-76],[-113,-128],[-47,-102],[-41,-62],[-21,-18],[-73,-132],[-35,-35],[-46,-99],[-26,-21],[-87,-163],[-228,-307],[-214,-380],[-47,-196],[5,-25],[32,-68],[3,-73],[-6,-25],[-27,-23],[-25,-10],[4,-28],[7,-23],[7,-47],[23,-15],[18,27],[13,-25],[0,-30],[-6,-80],[66,-112],[29,-80],[-18,-26],[-2,-46],[12,-18],[0,-63]],[[30560,23327],[29,-133],[31,-196],[-5,-100],[14,-99],[20,-156],[10,-30],[34,-92],[32,-67],[478,-1054],[406,-358],[520,-465],[572,-2421],[114,-1438],[243,-933]],[[33058,15785],[442,-99],[341,-554],[1573,666],[692,-2300]],[[36106,13498],[1808,1824],[268,575],[301,40],[245,-103],[373,-132],[109,74]],[[39210,15776],[57,88],[162,190],[298,59],[177,-45],[92,-1],[53,7],[113,48],[59,22],[49,62]],[[40270,16206],[-115,196],[-41,64],[-29,56],[-102,176],[-127,398],[112,117],[-118,308],[87,410],[88,41],[2,169],[-80,226],[-90,126],[-246,36],[-95,228],[-317,133],[-148,303],[5,176],[99,-64],[25,184],[102,168],[12,215],[-63,230],[161,488],[59,497],[-23,362],[-160,418],[-4,115],[223,80],[387,-280],[236,238],[317,-115],[188,67],[49,-5],[48,22],[-20,100],[-3,29],[-17,59],[278,-4],[94,-1],[175,-6],[47,-16],[36,1],[52,-22],[412,-5],[70,12],[-8,110],[-16,82],[-66,302],[-149,559],[-61,261],[-2,35]],[[40270,16206],[33,-45],[25,-60],[74,-102],[3,-48],[15,-41],[18,-7],[35,-57],[76,-67],[165,-70],[59,-4],[73,-33],[21,11],[128,-63],[170,-11],[101,-146],[69,-126],[113,0],[134,18],[100,39],[113,20],[93,-4],[88,-51],[61,-90],[104,35],[72,-13],[125,62],[129,75],[41,5],[21,-7],[31,-26],[34,-39],[9,-29],[-4,-58],[-12,-50],[5,-37],[11,-30],[79,-74],[47,-26],[95,-86],[108,-162],[35,-6],[20,42],[74,88],[98,225],[29,36],[77,36],[24,50]],[[43289,15280],[-11,32],[-10,27],[0,19],[-5,20],[-2,33],[-1,18],[5,26],[-4,17],[-2,25],[-6,19],[-9,16],[6,20],[-3,32],[-11,17],[-1,27],[12,7],[24,75],[3,18],[15,11],[5,30],[17,9],[5,38],[7,31],[16,35],[7,26],[15,21],[31,0],[7,26],[31,30],[15,35],[9,38],[16,28],[38,22],[7,53],[-3,47],[6,21],[47,19],[31,7],[30,1],[33,15],[24,25],[29,42],[12,-18],[17,31],[26,10],[22,21],[15,46],[38,34],[82,41],[37,4],[23,36],[25,15],[32,98],[28,31],[96,57],[17,31],[4,32],[-6,43],[5,56],[23,101],[27,43],[23,16],[14,22],[5,88],[31,33],[26,3],[34,-9],[52,-15],[13,62],[-1,27],[4,23],[11,15],[-9,21],[5,17],[-5,36],[-7,27],[5,57],[-8,42],[-22,49],[-23,35],[-16,-2],[-3,22],[-18,33],[7,51],[-30,20],[-25,40],[7,26],[22,39],[-6,42],[1,36],[6,31],[9,28],[-18,12],[4,19],[14,16],[3,25],[25,22],[12,14],[0,41],[15,6],[-2,52],[21,21],[-14,62],[14,3],[9,34],[49,42],[-5,20],[12,24],[-5,55],[-1,29],[7,15],[10,29],[0,33],[20,39],[13,15],[25,10],[23,13],[10,58],[1,44],[14,16],[16,-6],[11,-23],[16,1],[8,22],[16,37],[15,5],[21,14],[7,49],[13,12],[47,22],[18,5],[24,-6],[4,-19],[19,-6],[0,-19],[-7,-21],[10,-23],[45,-12],[30,0]],[[44906,18766],[-23,146],[-67,16],[-114,12],[-109,70],[-82,111],[-47,48],[-110,88],[-110,94],[-36,17],[-47,-7],[-40,14],[-73,6],[-28,12],[-16,-2],[-38,18],[-15,18],[-29,10],[-21,21],[-39,36],[-78,130],[-27,32],[-17,47],[-63,136],[-46,130],[-45,201],[-12,185],[-14,66],[1,44],[18,37],[43,37],[22,30],[11,39],[1,60],[-14,24],[-10,30],[2,73],[40,26],[26,4],[28,-5],[43,-1],[45,-9],[50,-19],[35,-19],[-134,1121],[-21,59],[-15,89],[20,73],[16,34],[62,68],[37,4],[66,47],[53,54],[31,61],[8,63],[-3,45],[-20,73],[-75,128],[-66,123],[-31,53],[-60,36],[-22,8],[-26,-12],[-25,-50],[-34,-126],[-5,-41],[-34,-185],[-3,-218],[-47,-125],[-23,-20],[-91,-27],[-41,14],[-70,61],[-33,75],[-1,34],[2,38],[76,138],[0,83],[-10,56],[-40,157],[-21,46],[-25,24],[-70,80],[-52,47],[-32,30],[-26,37],[-2,43],[21,34],[100,30],[128,9],[28,26],[53,62],[-1,24],[-1,33],[-19,42],[-23,20],[-26,22]],[[43374,23372],[-29,1],[-56,10],[-50,22],[-30,2],[-43,21],[-23,11],[-53,54],[-17,27],[-11,29],[-3,57]],[[45241,31796],[-385,421],[-643,600],[-651,587],[-417,380],[-393,380],[-160,170],[-245,58],[-392,134],[-478,89],[-270,30],[-359,33],[-326,-89],[-498,17],[-371,83],[-397,67],[-257,210],[-41,27],[-30,38],[-17,28],[-22,15]],[[38889,35074],[-10,-6],[-36,-24],[-38,14],[-13,-20],[12,-26],[1,-22],[-17,-22],[-41,-15],[-11,-15],[-20,-11],[-13,-44],[-13,-8],[-14,-29],[-4,-21],[-9,-14],[-4,-13],[-6,-31],[-14,-14],[1,-36],[-3,-30],[-28,-28],[-11,3],[-17,-18],[-7,-34],[-5,-47],[-11,-39],[-20,-25],[-32,-20],[-35,-55],[-25,-43],[-14,-33],[-13,-84],[-14,-18],[1,-70],[-3,-62],[-5,-28],[18,-55],[-10,-23],[-15,-17],[-22,-10],[-15,-11],[10,-52],[-17,-16],[-19,10],[-7,10],[-17,11],[-15,-8],[-26,-36],[-32,-9],[-26,14],[-35,32],[-29,-19],[-44,-3],[-39,-19],[-23,-5],[-39,19],[-63,0],[-29,13],[-21,55],[-23,10],[-30,43],[-26,16],[-16,-9],[-22,-33],[-33,-30],[-24,5],[-66,49],[-72,-97],[-36,1],[-49,-78],[-18,-7],[-21,35]],[[42226,27320],[10,-9],[8,-10],[11,-17],[21,-30],[15,-5],[11,4],[14,23],[16,18],[36,2],[18,-20],[16,4],[12,21],[-7,53],[-9,19],[3,56],[-15,16],[-9,20],[-2,22],[15,37],[-4,58],[8,22],[3,17],[-10,115],[-18,59],[-19,67],[-23,39],[-8,27],[-28,41],[-3,26],[13,37],[-5,66],[6,62],[11,19],[22,10],[30,22],[21,29],[12,41],[17,29],[36,40],[56,29],[36,33],[95,46],[47,27],[35,34],[30,46],[13,31],[38,52],[70,138],[44,74],[22,15],[28,-5],[34,-6],[35,-32],[139,264],[420,4],[408,38],[152,14],[117,212],[206,355],[33,566],[11,309],[4,97],[190,357],[291,351],[39,66],[197,331]],[[45873,35059],[153,-14],[143,-6],[142,-111],[158,-169],[76,-12],[81,17],[170,27],[117,57],[-6,39],[80,78],[-7,63],[-46,26],[-105,-38],[-84,76],[-73,105],[25,169],[-15,65],[-54,3],[-104,-55],[-91,3],[-49,53],[31,132],[-17,83],[-121,64],[-50,37],[-7,100],[4,101],[164,177],[175,141],[218,178],[191,107],[176,92],[76,317],[387,292],[313,174],[510,-1],[678,-39],[22,34],[263,284],[35,39],[151,132],[75,60],[46,20],[63,5],[79,-14],[23,-7],[43,2]],[[49912,37945],[0,-32],[15,-48],[31,-24],[54,-47],[13,-40],[41,-35],[14,-26],[-2,-26],[-13,-38],[3,-20],[12,-30],[18,-15],[34,-6],[21,-13],[6,-12],[2,-33],[-8,-15],[-10,-7],[-15,-23],[-6,-30],[1,-45],[-3,-143],[5,-20],[17,-22],[8,-78],[-6,-19],[-20,-26],[-4,-18],[-7,-39],[-7,-18],[-13,-7],[-13,-24],[-45,-19],[-25,8],[-13,-8],[-12,-16],[-3,-16],[16,-54],[1,-60],[-15,-43],[11,-29],[22,-34],[13,-64],[19,-36],[32,-67],[14,-57],[14,-39],[16,-17],[2,-16],[11,-102],[-6,-47],[2,-17],[5,-10],[31,-21],[15,-23],[13,-45],[64,-111],[23,-1],[8,7],[5,10],[-3,96],[48,45],[28,21],[49,24],[6,1],[15,94],[13,-29],[21,-17],[29,-7],[3,-28],[16,-19],[27,6],[14,-6],[46,-77],[23,-35],[28,-35],[-13,-73],[-8,-73],[10,-38],[-5,-24],[7,-46],[3,-29],[23,-54],[22,-19],[1,-41],[-12,-17],[-6,-21],[-3,-40],[-6,-24],[9,-58],[37,-108],[96,-179],[30,-20],[23,-3],[18,-21],[-5,-34],[-20,-30],[2,-68],[-47,-106],[33,-100],[-6,-70],[4,-36],[-14,-73],[0,-30],[-21,3],[-10,20],[-17,7],[-17,-20],[-16,13],[-30,1],[-23,-5],[-13,-37],[0,-27],[3,-18],[40,-74],[-5,-23],[-79,-60],[-12,-27],[-5,-30],[-10,-13],[-4,-29],[11,-36],[75,-76],[22,-59],[63,-45],[32,-67],[18,-17],[18,-7],[34,-26],[21,-7],[20,-10],[19,-18],[6,-16],[15,-75],[42,-32],[0,-50],[4,-25],[-4,-29],[-12,-14],[-9,-25],[14,-72],[-6,-35],[-7,-44],[-13,-8],[-31,-56],[-10,-75],[2,-40],[11,-26],[1,-55],[-7,-32],[4,-56],[5,-78],[-24,-43],[-54,-50],[-26,-77],[-8,-33],[-1,-14],[-16,-30],[-15,-30],[-8,-30],[-4,-20],[-15,-47],[0,-28],[6,-18],[-4,-73],[-1,-22],[-6,-23],[-19,-18],[-14,-29],[-70,-15],[-33,-35],[-5,-28],[7,-53],[36,-47],[56,-21],[21,-27],[13,-30],[21,-7],[8,-13],[8,-12]],[[50806,32235],[2,-76],[-1,-93],[-33,-69],[-18,-56],[-65,-38],[-136,-52],[-66,-13],[-17,5],[-14,16],[-26,6],[-11,19],[6,23],[-30,-12],[-10,-8],[4,-36],[16,-18],[5,-19],[-34,-36],[-40,-43],[-25,-75],[-32,-19],[-51,2],[-21,1],[-41,20],[-37,-16],[-17,-19],[-59,-17],[-21,63],[-33,3],[-30,-24],[-13,-37],[-25,-22],[-27,-33],[-2,-80],[15,-17],[-2,-47],[-7,-34],[-19,-26],[-47,-16],[-37,-6],[-29,-21],[-46,-58],[-15,-41],[-8,-79],[-17,-28],[-30,-30],[-20,-3],[-22,6],[-46,-25],[-65,-52],[-8,-23],[-92,-54],[-15,-31],[-59,-37],[-47,-41],[-15,-22],[-11,16],[2,47],[-22,-3],[-35,-48],[-24,-35],[-16,24],[-27,86],[-10,84],[-8,44],[-7,93],[-15,8],[-62,-23],[-29,-4],[-75,-2],[-57,-7],[-57,-2],[-25,-14],[-25,-21],[-33,-36],[-62,-118],[-26,-36],[-12,-31],[-165,-102],[-34,-14],[-87,-20],[-36,-1],[-40,17],[-17,-3],[-29,-16],[-10,-46],[3,-42],[-8,-38],[-30,-12],[-20,-11],[-11,-38],[-31,10],[-22,-37],[-23,-1],[-22,9],[-12,-21],[-104,62],[-42,-17],[-100,21],[7,61],[-8,82]],[[47796,30662],[-62,262],[-30,397],[229,184],[88,268],[96,302],[312,380],[17,119],[-142,328],[-88,158],[-166,303],[-295,193],[-14,-104],[-110,-207],[-151,-325],[-147,-120],[-358,6],[-343,-134],[-228,-187],[-289,-96],[-144,-93]],[[45971,32296],[30,400],[34,245],[68,395],[106,377],[-241,317],[-209,238],[-120,236],[66,274],[111,114],[57,167]],[[30565,38558],[-99,176],[-127,179],[224,357],[-196,181],[-130,5],[-114,-47],[-32,203],[-452,815],[-287,552],[69,587],[35,161],[-137,530],[-149,491],[209,193],[401,503],[67,131],[26,62],[-45,32],[-41,-25],[-51,-77],[-79,-44],[-80,28],[-112,202],[-51,119],[-104,-37],[-16,-72],[-45,-22],[-43,59],[-28,74],[-30,57],[-14,62],[-33,55],[-23,30],[18,79],[1,49],[36,30],[61,17],[-10,84],[-29,50],[20,92],[35,49],[19,119],[-31,64],[8,89],[-44,33],[-36,14],[-2,45],[24,40],[9,49],[-17,92],[-16,15],[-69,-5],[-47,-5],[-20,27],[25,77],[46,101],[-16,40],[-144,15],[-37,47],[-14,81],[45,141],[-30,47],[-49,18],[-40,32],[-34,97],[7,81],[25,20],[77,2],[34,-9],[0,44],[-62,72],[11,35],[28,9],[26,-14],[20,59],[0,72],[-32,52],[-35,12],[-5,35],[29,72],[20,27],[35,-10],[14,-35],[44,-10],[19,13],[11,52],[-4,138],[25,60],[-16,34],[-33,13],[-74,-3],[-51,3],[-60,34],[-37,-62],[-35,-29],[-23,17],[-3,27],[15,32],[22,13],[-30,47],[-28,20],[-8,44],[20,70],[2,84],[-9,62],[-18,24],[-19,60],[5,24],[-2,30],[-31,50],[12,27],[25,37],[5,99],[21,42],[-2,47],[-17,64],[1,30],[16,47],[79,35],[39,18],[69,83],[-2,282],[-69,1078],[-220,702],[-44,58]],[[28527,49821],[144,-4],[74,-21],[62,30],[54,-3],[95,118],[44,4],[87,146],[60,7],[67,37],[31,45],[2,104],[32,72],[35,27],[9,121],[15,24],[25,-8],[70,28],[27,65],[17,66],[28,-2],[27,35],[58,1],[84,125],[429,658],[232,361],[229,312],[72,-88],[85,-38]],[[32972,49490],[22,-158],[-13,-489],[65,-423],[181,-537],[180,-543],[-91,-196],[-186,-288],[-77,-86],[-57,-80],[-52,-42],[-27,-101],[-81,-82],[-54,-54],[-18,-82],[-56,-44],[-32,-62],[-44,-40],[-81,-37],[-31,-50],[-32,-27],[-39,-27],[-40,-17],[-26,-55],[-29,-42],[-54,-69],[-39,-45],[-30,-72],[-36,-79],[-196,-403],[-218,-203],[-241,-303],[-132,-267],[-81,-287],[56,-235],[153,-272],[194,-349],[171,-201],[139,15],[270,121],[222,134],[199,27],[285,-104],[366,-151],[487,-163],[297,-166],[144,-189],[112,-234],[4,-647],[2,-196],[-12,-163],[7,-159],[-4,-52]],[[34419,41216],[-166,75],[-112,19],[-107,-121],[-53,-109],[20,-104],[-50,-83],[-45,-182],[9,-166],[0,-184],[-33,-46],[-38,-55],[-148,-124],[-151,-47],[-262,-133],[-329,-121],[-145,-63],[-115,-78],[-101,2],[-115,-24],[-107,36],[-128,20],[-151,62],[-77,44],[-57,12],[-129,-3],[-95,3],[-53,-15],[-130,35],[-80,58],[-52,0],[-103,-140],[-74,-47],[-84,-39],[-127,-6],[-103,-63],[-66,-104],[-34,-72],[-40,-33],[-52,-76],[-21,-51],[24,-130],[-45,-90],[-101,29],[-88,-40],[-79,-92],[-2,-110],[127,-63],[53,45],[15,109],[55,40],[60,-43],[31,-106],[13,-94],[-53,-63],[-110,-59],[-50,-68]],[[30714,36643],[31,-9],[63,-3],[64,71],[80,-24],[71,79],[15,137],[42,84],[98,69],[106,130],[63,73],[75,142],[100,34],[98,9],[103,-19],[31,52],[26,122],[40,118],[120,143],[66,50],[94,-80],[50,10],[-11,128],[27,35],[95,-137],[30,-94],[-8,-172],[65,-99],[78,-73],[77,-87],[73,13],[91,-24],[110,-108],[124,-109],[61,-93],[77,-36],[82,15],[231,-58],[50,-148],[151,-134],[82,-144],[71,-25],[95,104],[83,-25],[103,37],[94,-9],[30,14],[26,18],[34,40],[103,-34],[78,43],[150,9],[81,85],[81,91],[65,23],[39,-126],[44,-82],[62,-17],[45,68],[36,29],[38,-29],[-21,-63],[150,-47],[63,28],[66,38],[10,-11]],[[38889,35074],[14,12],[31,-17],[21,-4],[16,16],[14,61],[-10,16],[16,19],[25,-5],[12,27],[63,128],[70,189],[58,261],[63,119],[136,51],[-7,134]],[[39411,36081],[-102,55],[-169,233],[-141,198],[-144,466],[-49,228],[-229,288],[-38,377],[14,317],[-221,434],[-194,210],[-370,347],[-257,362],[-195,281],[-100,51],[-151,10],[-263,63],[-378,-24],[-277,60],[-377,40],[-257,208],[-165,158],[-165,149],[-218,139],[-226,188],[-125,93],[-100,90],[-95,114]],[[30565,38558],[-22,-19],[-133,-104],[-48,-70],[2,-114],[36,-88],[104,-210],[97,-92],[227,-201],[47,-178],[-80,-139],[-7,-185],[26,-188],[-18,-99],[-82,-228]],[[28917,24826],[-3,-23],[13,-38],[4,-54],[-9,-34],[-20,-36],[-13,-45],[-1,-39],[-12,-34],[-9,-25],[22,-23],[15,-100],[-12,-14],[-21,-18],[-10,-14],[9,-50],[-8,-29],[2,-123],[-9,-35],[16,-28],[-23,-97],[-18,-28],[-3,-27],[5,-23],[14,-39],[-6,-23],[5,-43],[25,-25],[11,-25],[2,-27],[10,-61],[-6,-17],[-13,-35],[-19,-19],[-18,-6],[-8,-42],[-11,-11],[-22,-12],[-22,-37],[-4,-22],[4,-30],[-23,-54],[-1,-37],[-17,-49],[-2,-29],[10,-30],[2,-24],[-7,-27],[-21,-32]],[[28715,23133],[5,-26],[11,-25],[2,-25],[-2,-41],[-8,-28],[-3,-35],[160,-79],[288,-110],[30,-18],[60,-7],[190,18],[119,113],[120,125],[84,58],[149,52],[124,58],[172,53],[99,21],[100,34],[145,56]],[[30714,36643],[-96,-133],[-167,-181],[-35,-310],[49,-337],[26,-222],[-67,-117],[-156,-99],[-222,-101],[-215,-219],[-210,-341],[-139,-42],[-75,-206],[-144,-134],[-233,-16],[-278,221],[-176,172]],[[28576,34578],[22,-114],[-5,-75],[-108,-209],[-40,-145],[-27,-27],[-48,-148],[31,-174],[101,-21],[53,-64],[0,-99],[-28,-47],[-42,-10],[-51,43],[-40,-25],[-47,-87],[-18,-64],[38,-133],[114,5],[120,-212],[8,-65],[-8,-58],[36,-27],[-2,-31],[23,27],[43,18],[81,6],[36,-5],[36,-27],[37,-86],[16,-109],[16,-30],[21,-53],[-8,-63],[-11,-48],[13,-80],[14,-19],[115,-135],[51,-2],[31,84],[30,62],[43,95],[32,10],[53,-15],[96,-94],[59,-68],[61,-85],[31,-58],[9,-43],[-3,-61],[-24,-25],[-38,-5],[-66,-10],[-54,-17],[-6,-36],[9,-97],[47,-70],[45,-110],[-18,-72],[-13,-46],[-54,-98],[-43,-81],[-37,-60],[-18,-87],[-3,-36],[-48,-204],[-54,-59],[-28,-78],[-20,-84],[11,-46],[-8,-30],[-62,-59],[1,-42],[15,-13],[31,-50],[-2,-25],[-12,-80],[10,-85],[-10,-98],[15,-44],[9,-68],[3,-61],[17,-29],[34,-31],[23,-39],[-26,-38],[-35,-20],[-58,-15],[-19,-37],[-18,-55],[3,-81],[-16,-82],[-36,-87],[-53,3],[-25,-6],[-26,-51],[-52,-66],[-28,-27],[-47,-72],[-15,-96],[-20,-40],[-6,-82],[-1,-81],[34,-43],[82,-5],[64,12],[19,-12],[13,-29],[17,-54],[-7,-56],[19,-66],[2,-52],[-17,-80],[18,-54],[36,-86],[17,-81],[38,-21],[46,-7],[20,-10],[31,-78],[-11,-28],[-32,-21],[2,-52],[81,-154],[15,-34],[19,-81],[14,-102],[-14,-27],[-58,-57],[-14,-33],[-2,-72],[0,-114],[-42,-68],[-17,-50],[18,-45],[34,-75],[62,-45],[54,-45],[92,-116],[39,-98],[10,-128],[22,-66],[34,-41],[41,0],[26,15],[28,-17],[4,-40],[-13,-55],[-14,-45],[16,-47],[5,-45],[-10,-74],[-28,-94],[37,-102],[-8,-30],[-19,-52],[-18,-20],[-38,7],[-16,3],[-21,-28],[-46,-44],[-14,-32],[0,-48],[-16,-64],[-54,-38],[-30,-29],[-41,7],[-7,-35],[-5,-37],[9,-35],[21,-39],[-4,-77],[-40,-92],[-37,-13],[-5,-30],[7,-32],[19,-34],[-33,-266],[-17,-21],[-22,4],[-16,7],[-11,17],[-18,5],[-48,-68],[-20,-1],[-12,-14],[-2,-25],[-19,-43],[-2,-47],[3,-38],[-11,-44],[-15,-34],[-41,-40]],[[28576,34578],[-85,192],[-51,67],[-34,66],[-16,118],[23,143],[28,179],[-26,133],[-132,82],[-425,-73],[-46,-46],[-24,-246],[6,-153],[-23,-423],[-49,-14],[-91,54],[-71,23],[-80,9],[-78,-24],[-73,-76],[-26,-28],[15,-176],[-103,53],[-31,41],[-46,32],[-49,21],[-38,2],[22,58],[-25,52],[-30,32],[15,96],[24,40],[31,103],[-125,278],[-1,114],[47,159],[129,196],[221,249],[67,121],[-35,142],[-56,121],[-102,81],[-176,3],[-90,75],[-58,74],[-1,56],[-78,109],[-28,25],[-35,-8],[-25,-52],[-91,-48],[-51,-6],[-62,-1],[-89,58],[-49,-1],[-165,67],[-58,-44],[-64,-128],[0,-86],[42,-175],[-4,-318],[-84,-89],[-152,-107],[-249,-86],[-72,60],[-79,187],[-88,107],[-36,56],[-53,121],[-14,50],[-29,222],[-2,119],[-10,47],[-35,250],[-31,111],[-7,64],[-18,40],[-18,68],[-53,57],[-23,39],[-42,25],[-46,11],[-46,-8],[-43,-34]],[[24921,37286],[-21,-31],[-19,-47],[-12,-50],[-2,-32],[-1,-64],[17,-96],[13,-83],[0,-50],[20,-109],[22,-70],[5,-39],[-8,-34],[-9,-140],[-1,-58],[-9,-38],[-23,-57],[-40,-46],[-18,-26],[-98,-106],[-42,-106],[-16,-71],[-21,-126],[-2,-91],[-14,-138],[28,-119],[103,-385],[17,-198],[71,-106],[45,-124],[9,-192],[-5,-98],[-48,-74],[-77,-86],[-148,-11],[-118,-18],[-84,14],[-162,34],[-142,107],[-542,-50],[-547,-397],[-91,-42],[-37,-109],[-18,-56],[-75,-235],[68,-368],[-37,-401],[-227,-283],[-302,-138],[37,-574],[-70,-376]],[[22290,31293],[316,-49],[294,-46],[55,37],[74,4],[33,-16],[32,-4],[19,7],[48,97],[31,34],[48,81],[27,65],[17,-47],[2,-21],[31,-51],[64,-70],[37,7],[62,-55],[15,76],[4,106],[12,57],[39,73],[26,88],[-10,57],[-30,48],[-30,19],[-15,28],[-9,30],[-5,42],[19,18],[44,19],[65,14],[133,-10],[23,9],[123,-14],[30,-35],[60,-31],[82,-6],[69,-38],[14,8],[74,-22],[-14,-76],[3,-31],[18,-30],[37,-23],[19,-22],[45,21],[15,-21],[35,-42],[18,-1],[21,15],[25,-59],[20,-4],[37,-3],[56,-28],[38,-58],[44,-5],[28,12],[20,-8],[22,11],[40,-2],[14,-47],[21,-7],[46,51],[49,38],[31,8],[29,4],[24,-8],[24,-18],[23,-15],[17,9],[20,8],[21,22],[33,51],[34,48],[83,142],[18,31],[28,29],[61,-1],[25,59],[10,26],[11,14],[16,9],[32,-22],[29,-1],[59,-73],[38,-46],[48,-67],[8,-19],[16,-56],[8,-47],[2,-61],[79,-68],[41,-49],[22,-6],[14,-7],[17,-13],[15,-18],[33,-21],[22,-20],[34,-18],[16,-16],[26,-7],[13,2],[49,-42],[18,-1],[20,13],[25,21],[84,-8],[37,-11],[15,-20],[27,-30],[28,-44],[2,-121],[11,-121],[19,-138],[7,-106],[33,-144],[69,-73],[61,-50],[19,-16],[37,-45],[31,15],[27,9],[47,-34],[-18,-13],[-37,-5],[-90,-43],[-226,-129],[-236,-199],[-150,-104],[-81,-72],[-91,-36],[70,-349],[-7,-70],[17,-8],[49,-6],[41,-98],[20,-50],[21,-47],[53,-84],[101,-110],[40,-59],[34,-61],[10,-81],[-5,-112],[20,-98],[-4,-87],[1,-37],[27,-15],[56,-77],[63,-64],[42,-22],[27,-31],[21,-18],[47,-21],[14,-10],[97,-156],[50,-98],[7,-83],[32,-119],[51,-126],[19,-243],[0,-15],[7,-15],[24,-120],[-2,-119],[-37,-109],[-15,-37],[-11,-49],[-4,-49],[-13,-50],[13,-79],[3,-99],[-11,-62],[-18,-40],[-10,-43],[-2,-52],[5,-94],[38,-155],[49,-167],[65,-163],[19,-29],[23,-27],[8,-31],[7,-30],[44,-59],[10,-43],[27,-30],[20,0],[71,1],[16,-11],[21,-55],[46,-12],[30,-35],[58,-32],[44,0],[31,-9],[85,49],[97,-19],[19,14],[33,15],[62,-26],[61,-35],[-23,-144],[12,-23],[3,-68],[6,-22],[21,0],[37,-13],[19,13],[23,-5],[26,-3],[29,6],[28,8],[67,13],[87,-18],[34,-8],[22,-14],[280,8],[254,-161],[183,-66],[72,-11],[123,-26]],[[22290,31293],[-106,-192],[-239,-432],[-346,-200],[-197,-44],[-95,-33],[-123,-93],[-30,1],[-19,-30],[-158,-378],[-156,-171],[-268,19],[-244,-7],[-290,-148],[-125,-294],[-87,-205]],[[19807,29086],[4,-47],[55,-477],[124,-619],[78,-105],[66,-43],[23,25],[66,-48],[-38,-88],[20,-97],[62,43],[28,0],[-2,-89],[20,-153],[-32,-179],[24,-31],[-38,-137],[9,-132],[16,-88],[56,-118],[69,-114],[24,-110],[18,-6],[13,35],[30,-41],[5,-62],[38,-27],[83,-4],[62,125],[106,-35],[31,-36],[5,-30],[43,-2],[20,-11],[24,11],[31,2],[28,-26],[82,20],[56,17],[63,-83],[15,63],[52,151],[17,14],[36,20],[35,13],[8,-129],[78,-175],[116,-139],[54,-24],[192,144],[147,-6],[95,22],[139,85],[101,170],[56,38],[86,-41],[184,-84],[625,-1000],[630,-1512]],[[23845,23936],[229,-551],[-121,-705],[470,-1087],[581,275],[345,292],[380,303],[334,187],[103,-553],[9,-239],[-179,-684]],[[25996,21174],[941,707],[85,30],[191,213],[25,37],[21,-23],[53,-40],[44,-1],[61,15],[28,16],[43,37],[48,-21],[48,-42],[34,-19],[19,-2],[20,19],[60,6],[27,-48],[29,-35],[114,-75],[112,-50],[125,46],[127,49],[92,35]],[[28343,22028],[23,28],[27,48],[8,412],[33,131],[23,56],[54,60],[112,281],[27,51],[27,16],[17,3],[21,19]],[[54666,39244],[0,-175],[-5,-91],[-10,-81],[6,-225],[-7,-395],[-3,-78],[-14,-97],[-51,-249],[-30,-55],[-73,-150],[-19,-54],[-26,-119],[0,-73],[14,-60],[20,-79],[0,-157],[-88,-610],[14,-96],[25,-115],[24,-63],[17,-19],[9,-43],[24,-83],[22,-69],[25,-51],[37,-59],[71,-79],[65,-52],[4,-36],[-9,-41],[-34,-70],[1,-96],[-7,-41],[112,-40],[189,-41],[120,-39],[51,-12],[29,-14],[17,-157],[40,-20],[30,-23],[118,-12],[76,10],[25,-15],[17,-73],[23,-19],[22,-28],[57,-6],[35,-23],[49,-53],[20,-7],[18,11],[18,-5],[40,-130],[76,-23],[33,-12],[40,-19],[28,-44],[1,-101],[65,-46],[63,66],[61,49],[60,7],[65,-3],[56,58],[47,5],[86,61],[101,155],[50,18],[41,-14],[30,-52],[23,-146],[22,-55],[46,-205],[59,-62],[68,-62],[20,-35],[18,-54],[70,-288],[100,-69],[66,16],[-3,85],[20,37],[0,112],[38,136],[44,32],[69,158],[39,42],[58,18],[34,-5],[33,-22],[72,-30],[53,3],[59,-38],[-19,-28],[52,-71],[109,-119],[57,-70],[40,-27],[102,-46],[114,-55],[111,-81],[205,-187]],[[58456,33776],[103,-74],[239,-189],[83,29],[98,-5],[57,63],[39,88],[4,107],[34,72],[48,1],[28,-55],[120,-127],[69,-28],[36,-82],[69,20],[12,-57],[125,1],[113,-31],[135,116],[68,-5],[47,-128],[109,-37],[110,25],[92,-23],[97,-126],[121,-35],[114,22],[65,-32],[51,-109],[58,-60],[50,-116],[77,-32],[139,64],[37,84],[105,40],[23,102],[85,-32],[54,-95],[43,-10],[72,35],[54,-15],[26,-42],[25,-18]],[[61590,33082],[-13,73],[-34,161],[-21,167],[-7,102],[-15,116],[81,369],[61,241],[-11,93],[-55,120],[-84,106],[-95,142],[132,101],[63,112],[-76,160],[-101,151],[-141,408],[-277,17],[-290,110],[-346,89],[-131,17],[-328,49],[-198,105],[-19,285],[142,31],[197,51],[277,53],[152,45],[211,243],[124,228],[-245,276],[-46,202],[-5,237],[87,233],[172,163],[195,110],[230,236],[437,1015],[126,345],[93,325]],[[61832,40169],[-169,54],[-409,-31],[-379,-56],[-325,-200],[-180,17],[-79,117],[-65,226],[-39,155],[-35,273],[-28,63],[-1,107],[28,112],[144,232],[-289,309],[-96,26],[-318,147],[-120,10],[-79,-263],[-33,-68],[-209,-28],[-148,-26],[-48,-88],[-9,-77],[-17,-24],[-96,-32],[-82,-84],[-10,-132],[-68,-13],[-56,72],[-112,11],[-50,-25],[-30,23],[-7,164],[-57,356],[-127,-81],[-70,-75],[-94,-67],[-67,-111],[-44,-31],[-66,-46],[-53,-54],[-36,-4],[-42,39],[-493,-724],[-207,132],[-339,13]],[[56723,40487],[-54,-41],[-12,-14],[-14,-2],[-15,20],[-24,10],[-25,4],[-24,10],[-30,31],[-26,10],[-23,0],[-27,8],[-41,27],[-22,5],[-20,-6],[-30,4],[-28,32],[-25,26],[-39,17],[-30,21],[-25,11],[-16,20],[-13,11],[-30,-39],[-35,-93],[-11,-30],[-16,-40],[-25,-89],[-27,-130],[-5,-13],[-25,4],[-4,-15],[-5,-39],[-17,-26],[-12,-16],[-31,-21],[-69,-24],[-25,-2],[-24,7],[-17,-40],[-41,-38],[-7,25],[-18,-38],[-30,-58],[-3,-21],[-19,-45],[-21,-26],[-96,-71],[-38,-80],[-28,-35],[-10,-11],[-14,-27],[-6,-27],[-45,-99],[-17,-40],[-22,-33],[-8,-22],[-20,-56],[-36,-12],[-101,-3],[-171,-24],[-81,-2],[-157,3],[-77,-2],[-17,-9],[-19,-27],[-14,-63]],[[57665,43805],[-7,-26],[2,-50],[-11,-70],[-16,-54],[0,-55],[-18,-38],[-21,-19],[-45,6],[-20,-9],[-21,-23],[-13,-39],[-39,-156],[-6,-23],[5,-34],[13,-41],[5,-46],[-7,-25],[-18,-22],[-26,-8],[-45,-51],[-3,-40],[-5,-34],[10,-30],[12,-23],[-36,-3],[-16,-9],[-18,-20],[-43,4],[-12,-1],[-18,-7],[-9,-15],[-30,-34],[-50,-10],[-39,22],[-23,-9],[-19,10],[-33,-1],[-13,-7],[-28,6],[-37,-11],[-33,7],[-21,-12],[-35,-3],[-54,-2],[-15,-5],[-22,12],[-60,-2],[-27,12],[-56,-9],[-60,-13],[-6,-18],[-3,-76],[14,-334],[13,-131],[14,-423],[-6,-160],[9,-113],[-2,-174],[13,-114],[15,-345],[10,-61],[0,-80],[10,-74],[26,-122],[32,-83]],[[54666,39244],[4,97],[-10,63],[-24,39],[-32,10],[-28,-10],[-228,86],[-132,36],[-114,4],[-170,2],[-238,23],[-89,12],[-52,5]],[[53553,39611],[-76,161],[-34,74],[-279,414],[-159,361],[-206,389],[-75,338],[44,424],[66,280],[85,589],[76,417],[7,330],[12,136],[63,57],[23,211],[62,423],[35,307],[-150,44],[-84,137],[-128,126],[-164,168],[39,216],[84,265],[-60,165],[-30,156],[80,119],[109,196],[12,158],[-65,136],[-113,164],[-37,138],[44,146],[58,159],[51,242],[6,148],[-74,126],[-48,191],[-35,119],[4,144],[-23,205],[14,124],[-92,74],[-161,215],[-143,101],[-88,171],[-23,139],[-102,101],[-147,52],[-104,188],[40,102],[-98,366],[-44,209],[109,147],[65,104],[2,247],[-23,79],[79,373],[33,154],[152,197],[-9,66],[-27,181],[-87,348]],[[49674,39096],[-10,17],[-107,42],[-40,38],[-80,110],[-54,66],[-61,61],[30,94],[-22,111],[-18,163],[-162,50],[-36,-191],[-219,-128],[-118,119],[-144,37],[-37,131],[-113,20],[-30,87],[-188,44],[21,198],[-53,20],[-96,-79],[-118,164],[-58,173],[-53,206],[-139,150]],[[47769,40799],[14,34],[-77,217],[-104,302],[-49,590],[-123,599],[-62,698],[-322,119],[-304,127],[-206,81],[-97,498],[-14,359],[71,131],[332,245],[1326,-147],[718,-77],[162,421],[-656,212],[105,470],[269,381],[-167,306],[-440,239],[-313,103],[65,156],[44,176],[117,292],[66,315],[-58,263],[44,160],[-134,111]],[[47976,48180],[129,366],[162,356],[237,522],[299,495],[609,1434]],[[53553,39611],[-88,14],[-210,-9],[-66,-14],[-100,-50],[-72,-58],[-86,-77],[-44,-59],[-10,-41],[-94,-44],[16,-8],[-97,-46],[-86,-10],[-21,-9],[-85,0],[-130,13],[-74,11],[-138,-6],[-147,44],[-76,40],[-84,46],[-115,62],[-194,21],[-137,22],[-201,-7],[-115,-22],[-216,-62],[-90,-27],[-207,-40],[-56,-27],[-72,-26],[-67,-18],[-25,-6],[-38,-15],[-82,-23],[-41,-21],[-94,-54],[-59,-32],[-66,0],[-84,13],[-76,2],[-55,11],[-22,-4],[-46,14],[-18,-7],[-11,-6]],[[42555,53421],[224,195],[248,185],[366,173],[369,-129],[226,-116],[260,-126],[218,-220],[246,-195],[143,-230],[23,-200],[-39,-255],[-268,-653],[-151,-128],[157,-92],[89,-76],[36,-181],[126,-69],[127,-252],[104,-255],[118,-257],[112,-225],[127,-382],[246,-501],[244,-260],[266,-255],[280,-76],[162,281],[304,-180],[234,-228],[292,-549],[149,12],[118,-43],[67,39],[58,-15],[14,6],[10,38],[7,25],[17,25],[23,-5],[33,-65],[36,-2]],[[39720,50596],[113,-203],[-3,-365],[190,-70],[-7,-89],[-39,-187],[348,-535],[559,-681],[22,-26],[460,168],[401,35],[380,-238],[116,-262],[113,-619],[207,-431],[542,-519],[405,5],[503,103],[468,-251],[341,-768],[383,-1406],[159,-654],[302,-1084],[450,-1184]],[[46133,41335],[373,-307],[348,-402],[236,-366],[215,-422],[88,-267],[126,-5],[74,183],[92,74],[-92,253],[74,134],[18,169],[-116,381],[97,9],[5,1],[63,25],[35,4]],[[54393,27680],[369,-358],[176,-298],[380,-392],[281,-457],[-14,-770],[138,-248],[62,-270],[-165,-64],[-200,26],[-307,257],[-203,-108],[35,-353],[359,-194],[3,-253],[-92,-270],[-77,-224],[76,-266],[-115,-383],[-152,-214],[89,-84],[43,-59],[37,-69],[36,-165],[-21,-88]],[[55131,22376],[13,-19],[10,-12],[47,23],[43,36],[26,49],[23,9],[44,-4],[31,0],[24,23],[7,23],[9,26],[25,41],[28,-8],[31,-36],[13,20],[7,20],[-7,51],[8,56],[5,16],[28,16],[2,23],[12,15],[27,13],[19,3],[34,20],[28,-35],[7,-25],[21,-54],[-1,-20],[23,-31],[51,16],[37,22],[28,43],[7,33],[15,23],[25,5],[29,-15],[43,-17],[27,-22],[19,-29],[16,3],[18,-3],[18,-13],[8,-14],[31,0],[19,25],[18,15],[21,6],[20,19],[28,39],[13,24],[25,31],[20,-16],[8,-34],[1,-29],[13,-31],[9,-26],[5,-22],[14,-50],[5,-23],[14,-13],[18,13],[26,49],[9,15],[15,18],[21,-8],[8,-17],[13,-29],[11,-32],[9,-19],[13,-17],[17,5],[12,17],[3,38],[5,17],[18,20],[18,12],[16,19],[37,29],[40,33],[11,-59],[-8,-42],[-9,-26],[-14,-13],[-21,-18],[-13,-20],[4,-46],[33,-59],[13,-6],[18,-2],[27,14],[49,-31],[23,-14],[43,9],[26,34],[17,33],[39,0],[34,21],[36,31],[53,44],[32,19],[43,-12],[16,2],[25,11],[36,7],[18,-8],[18,-20],[13,-6],[20,10],[24,-11],[31,-7],[23,1],[18,-18],[22,-11],[22,0],[46,13],[23,-21],[5,-31],[9,-17],[11,-8],[14,-1],[57,8],[31,-7],[44,7],[33,-41],[10,-21],[30,-37],[9,-20],[15,-13],[14,-5],[11,-20],[-8,-32],[1,-18],[10,-11],[34,28],[20,28],[4,20],[-21,92],[5,21],[28,83],[13,15],[11,12],[5,25],[-7,22],[-49,66],[-10,24],[-21,34],[-2,80],[30,3],[26,0],[36,3],[27,13],[28,-8],[29,-7],[40,-1],[24,-14],[19,-15],[21,-5],[45,-3],[18,2],[16,6],[34,22],[26,29],[29,15],[14,-16],[16,-9],[18,-2],[38,14],[29,2],[25,7],[17,-9],[18,0],[48,8],[17,3],[10,19],[4,32],[-5,24],[-5,42],[-4,36],[-5,79],[1,27],[9,35],[15,42],[16,57],[1,43],[6,22],[14,23],[9,32],[29,27],[12,11],[-6,24],[14,-8],[16,-6],[28,-2],[27,7],[34,1],[13,8],[31,11],[26,-2],[28,-21],[28,-14],[19,-5],[37,-31],[32,-28],[26,-3],[33,-1],[18,15],[19,7],[10,18],[14,23],[43,62],[41,34],[36,36],[22,15],[39,2],[77,35],[25,-4],[64,39],[20,18]],[[64622,31391],[-13,106],[6,65],[20,84],[-15,40],[3,53],[-6,26],[-18,78],[-27,51],[9,46],[9,114],[48,101],[25,54]],[[64663,32209],[-13,-6],[-36,-47],[-47,-5],[-74,25],[-61,-30],[-144,-1],[-63,-23],[-34,33],[-38,15],[-34,-10],[-118,-13],[-39,70],[-39,77],[-91,201],[-9,26],[-79,63],[-49,77],[-77,109],[-35,21],[-34,-4],[-76,-56],[-91,-152],[-118,-124],[-39,-33],[-214,13],[-27,65],[-49,42],[-44,-16],[-47,-17],[-41,12],[-33,-35],[-54,-11],[-31,38],[-42,27],[-60,17],[-49,70],[-54,-2],[-109,35],[-74,-33],[-29,-72],[-50,7],[-90,77],[-88,-20],[-67,45],[-95,99],[-153,172],[-135,147]],[[58456,33776],[21,-49],[7,-39],[9,-201],[-3,-91],[13,-97],[-12,-292],[24,-259],[24,-124],[86,-107],[14,-94],[2,-109],[-8,-65],[-56,-148],[-55,-196],[-22,-56],[-241,-310],[-44,-114],[37,-39],[50,-113],[-59,19],[-38,-27],[-7,-89],[-66,-90],[-3,-30],[15,-56],[-9,-31],[-55,-106],[0,-46],[21,-59],[-3,-34],[-23,-83],[7,-20],[-23,-46],[13,-51],[-4583,-153]],[[53489,30371],[-3,-189],[-77,-447],[-48,-275],[34,-292],[-5,-143],[29,-269],[-4,-173],[1,-205],[56,-69],[82,-37],[55,-31],[67,-11],[90,-49],[74,-15],[29,74],[73,-2],[47,34],[49,14],[59,-13],[80,5],[91,14],[34,27],[21,-55],[39,20],[41,-25],[60,11],[13,-71],[-6,-111],[-16,-130],[-16,-86],[-45,-192]],[[64663,32209],[569,4337],[102,37],[356,567],[18,123],[177,165],[254,176],[-10,55],[3,24],[83,16],[30,-8],[19,8],[-6,34],[101,8],[30,23],[-72,592],[-414,4130]],[[65903,42496],[116,-22],[84,20],[85,0],[75,4],[81,19],[77,10],[111,17],[120,109],[169,59],[134,40],[77,10],[84,-89],[169,198],[120,227],[148,169],[218,228],[119,128],[261,119],[26,-234],[14,-198],[58,-182],[33,-155],[-19,-152],[153,-135],[79,-152],[113,-119],[-49,-317],[89,-125],[120,-139],[211,-149],[100,86],[120,168],[176,139],[209,43],[126,-109],[99,-327],[77,-307],[150,-241],[281,-585],[155,-366],[174,-146],[120,-10],[58,259],[49,235],[106,138],[110,192],[197,171],[101,-228],[145,-48],[145,30]],[[64612,44337],[99,49],[218,178],[138,63],[143,-83],[119,-69],[-28,-178],[-14,-248],[-70,-277],[-148,-228],[91,-119],[219,-297],[182,-247],[205,-218],[137,-167]],[[72762,46578],[-23,24],[-21,26],[-47,46],[-41,42],[-17,18],[-17,14],[-43,50],[-53,67],[-26,33],[-21,16],[-61,24],[-31,15],[-55,36],[-41,31],[-65,46],[-61,43],[-77,41],[-68,31],[-53,26],[-83,81],[-42,33],[-47,32],[-57,13],[-54,4],[-82,1],[-87,29],[-33,12],[-75,17],[-65,4],[-45,-7],[-42,-1],[-25,2],[-29,-3],[-59,-13],[-53,3],[-51,-9],[-49,-11],[-61,-14],[-45,-19],[-47,-33],[-29,-10],[-21,-5],[-68,-19],[-70,-2],[-43,9],[-22,10],[-17,12],[-22,17],[-19,18],[-16,6],[-63,19],[-73,17],[-52,10],[-75,19],[-130,53],[-52,11],[-53,31],[-45,40],[-22,24],[-35,27],[-39,11],[-49,6],[-44,4],[-32,6],[-40,25],[-36,17],[-69,51],[-66,33],[-71,41],[-81,35],[-45,19],[-45,5],[-51,-5],[-20,-3],[-20,4],[-61,21],[-43,13],[-35,14],[-33,14],[-20,11],[-15,10],[-25,17],[-22,12],[-29,33],[-25,28],[-31,29],[-116,71],[-37,5],[-42,-16],[-47,-9],[-35,0],[-22,1],[-35,11],[-42,21],[-66,23],[-22,21],[-21,27],[-14,24],[-9,9],[-11,4],[-23,-1],[-28,1],[-13,8],[-38,15],[-33,16],[-72,36],[-60,11],[-69,20],[-119,42],[-53,17],[-87,37],[-27,8],[-49,-16],[-67,-40],[-48,-26],[-33,-25],[-61,-53],[-38,-37],[-15,-14],[-17,-20],[-17,-22],[-17,-11],[-53,-25],[-28,-7],[-29,-4],[-60,11],[-66,25],[-58,26],[-23,9],[-25,4],[-44,16],[-18,8],[-17,2],[-67,5],[-49,14],[-60,31],[-31,20],[-33,22],[-110,75],[-31,31],[-19,24],[-13,13],[-19,17],[-28,3],[-17,6],[-19,9],[-21,6],[-37,8],[-101,31],[-39,18],[-30,19],[-32,23],[-21,17],[-32,20],[-39,28],[-56,67],[-49,77],[-165,256],[-108,164],[-72,105],[-45,64],[-78,121],[-79,125],[-77,133],[-8,23],[-7,30],[1,6],[9,14],[10,6],[18,6],[13,10],[4,10],[0,11],[-4,17],[-1,12],[-2,12],[-10,31],[-8,15],[-11,7],[-6,-3],[-6,-7],[-12,4],[-10,11],[-12,2],[-6,-13],[-19,-38],[-6,-14],[-12,-5],[-16,5],[-10,-3],[-1,-24],[-4,-17],[-4,-12],[-9,-11],[-1,-11],[-1,-1],[-4,2],[-1,5],[7,21],[-1,28],[-4,15],[-10,9],[-12,1],[-21,-10],[0,-13],[4,-29],[8,-31],[0,-4],[-3,-6],[-11,-1],[-6,2],[-5,5],[3,12],[-2,47],[-7,10],[-10,4],[-23,11],[-18,12],[-24,13],[-7,0],[-6,-13],[0,-12],[7,-9],[2,-7],[-2,-9],[-7,-5],[-11,-7],[-1,-8],[1,-12],[4,-5],[25,-8],[8,-11],[5,-11],[2,-10],[2,-26],[-12,-42],[-28,-31],[-35,-22],[-33,-10],[-36,1],[-22,6],[-20,13],[-17,22],[-18,25],[1,5],[21,35],[0,3],[-6,16],[0,5],[2,6],[5,6],[7,3],[2,-2],[3,-5],[1,-2],[2,-1],[4,6],[8,22],[2,16],[0,4],[-2,4],[-32,13],[-23,4],[-22,0],[-19,-4],[-10,-8],[-5,-4],[-7,1],[-13,10],[-10,-2],[-66,-69],[-20,-39],[-24,-66],[-4,-7],[-2,-8],[-2,-6],[-1,-9],[-1,-11],[-2,-3],[-13,-24],[-2,-2],[-62,-30],[-4,-4],[-11,-14],[-2,-2],[-1,-3],[0,-3],[1,-3],[2,-3],[1,-2],[3,0],[2,0],[2,1],[2,2],[1,3],[0,3],[0,3],[5,8],[6,3],[1,-1],[38,19],[32,18],[1,-3],[1,-3],[4,-17],[0,-2],[1,-3],[-3,-2],[2,-10],[4,1],[1,-4],[1,-3],[5,-17],[0,-1],[-2,-5],[-15,-8],[-1,0],[-1,3],[-62,-29],[0,8],[-1,3],[-2,3],[-3,1],[-4,-1],[-1,-4],[-1,-4],[0,-5],[-18,-12],[-6,-9],[-7,-7],[-6,-10],[-7,-17],[-9,-10],[-9,-6],[-47,-19],[-54,-22],[-23,-16],[-36,-23],[-32,-13],[-30,-11],[-69,-43],[-25,-12],[-23,-4]],[[64176,49352],[48,-208],[42,-136],[39,-242],[-7,-252],[-166,-158],[-196,-129],[100,-306],[46,-232],[-56,-310],[-195,-301],[-100,-269],[137,-587],[327,-439],[191,43],[-62,-341],[226,-156],[-72,-695],[-7,-278],[141,-19]],[[61832,40169],[55,26],[11,38],[54,102],[78,39],[113,158],[140,189],[183,347],[127,79],[68,-155],[77,-238],[87,-172],[113,-119],[77,109],[42,96],[110,571],[11,818],[109,550],[257,574],[162,169],[207,178],[471,297],[46,272],[182,240]],[[64176,49352],[-26,-1],[-32,5],[-48,21],[-79,37],[-77,45]],[[38337,46507],[-4,90],[-54,90],[-183,52],[-28,118],[129,118],[16,84],[19,184],[90,362],[-20,114],[-141,126],[47,222],[37,110],[29,197],[68,195],[-83,130],[-42,99],[-46,309],[-26,40],[-227,353],[-28,137],[49,186],[-109,59],[-227,101],[-161,-69],[-264,-109],[-186,55],[-291,591],[-95,212]],[[46133,41335],[-253,94],[-784,10],[-637,-287],[-278,-35],[0,-233],[155,-318],[116,-217],[60,-183],[38,-135],[58,-143],[0,-53],[0,-46],[-55,-20],[-49,6],[-31,-65],[-29,-30],[-30,-170],[-47,-67],[-28,-59],[6,-42],[-66,-143],[-15,-18],[17,-132],[42,-226],[-7,-319],[-11,-271],[21,-365],[23,-467],[25,-160],[106,1],[26,55],[39,-19],[9,-111],[40,-139],[162,-280],[81,-104],[111,-99],[223,-112],[231,-132],[50,-54],[46,-50],[44,-190],[48,-115],[179,-12],[37,-119],[27,-248],[28,-270],[12,-184]],[[45971,32296],[-361,-199],[-369,-301]],[[39411,36081],[68,83],[109,40],[106,134],[143,1],[127,123],[80,150],[198,276],[175,135],[8,212],[-133,362],[-226,629],[-163,309],[-132,460],[-307,650],[-129,703],[-132,636],[-55,379],[48,260],[38,129],[81,270],[41,274],[-4,273],[-35,132],[8,132],[-9,107],[-43,93],[-48,155],[-61,65],[-141,25],[-55,78],[36,88],[7,128],[-26,106],[-49,176],[-90,95],[-10,192],[-90,95],[-33,217],[-6,208],[23,211],[-24,190],[140,173],[23,75],[-33,70],[-85,183],[-164,203],[-23,33],[15,47]],[[38579,45846],[360,-1],[539,-128],[180,-254],[270,-128],[449,126],[181,381],[-90,255],[90,254],[1,381],[-90,382],[-270,510],[-269,381],[-270,83],[0,299],[-629,382],[-158,-253],[68,-128],[89,-254],[-180,-508],[-270,-255],[179,-635],[-180,-128],[-242,-101]],[[49912,37945],[17,8],[8,0],[20,-7],[28,0],[19,-14],[20,9],[7,33],[-9,49],[5,21],[45,67],[23,52],[4,107],[-17,27],[-29,45],[-16,-10],[-40,63],[-29,62],[-35,89],[-21,79],[-29,71],[-11,31],[-20,35],[-46,44],[-32,19],[-79,67],[-17,35],[-29,99],[5,33],[20,37]],[[53489,30371],[-266,144],[-209,193],[-218,239],[-22,4],[-65,-1],[-17,-62],[-71,-108],[-82,-30],[-52,82],[-118,79],[-83,81],[-112,107],[-70,131],[-76,148],[-91,146],[-82,197],[55,142],[18,113],[31,150],[5,269],[-38,501],[-337,-90],[-204,-69],[-146,-49],[-433,-453]],[[47796,30662],[-332,-127],[40,-128],[75,-180],[-3,-98],[11,-66],[15,-501],[-491,-239],[-900,-44],[-282,-440],[-274,-394],[239,-562],[227,-334]],[[46121,27549],[236,-160],[782,-397],[255,-94],[206,197],[180,-61],[197,176],[235,-129],[136,-245],[112,-122],[320,-32],[238,-261],[5,-186],[213,-162],[332,-154]],[[49568,25919],[298,50],[406,-117],[294,40],[292,49],[226,122],[219,122],[172,-80],[169,-151],[197,-10],[234,129],[114,214],[-95,206],[-95,427],[39,196],[160,87],[228,-84],[141,15],[268,15],[299,-5],[436,-5],[59,-81],[88,-272],[84,9],[54,254],[56,75],[7,139],[-123,213],[-18,105],[183,-194],[28,35],[14,159],[50,-40],[133,-10],[88,64],[120,85]],[[45887,25164],[158,243],[146,-212],[227,-528],[20,-335],[-60,-303],[61,-378],[201,-52],[162,134],[142,164],[202,72],[194,-229],[126,-176],[67,-184],[-35,-97],[-157,-316],[-103,-250],[-71,-197],[-56,-136],[-47,-207],[-106,-244],[-95,-177],[-68,-200],[-34,-192],[-11,-239],[27,-188],[314,144],[123,-63],[96,-35],[-102,-224],[-44,-165],[-40,-338],[24,-113],[57,-178],[21,-51],[-17,-134]],[[47209,19780],[21,7],[30,29],[42,74],[42,-2],[57,8],[70,65],[42,89],[125,105],[84,-1],[56,1],[38,47],[15,19],[22,45],[33,87],[16,31],[19,44],[20,25],[24,11],[120,-54],[84,-29],[83,-22],[13,-16],[19,-5],[50,0],[15,-15],[24,-5],[20,1],[13,11],[19,5],[28,-10],[22,-18],[44,-25],[19,6],[3,21],[23,22],[4,24],[-8,13],[-14,21],[1,28],[16,17],[5,63],[15,13],[21,28],[18,6],[30,77],[29,19],[23,49],[23,17],[19,12],[16,39],[15,22],[16,20],[8,27],[11,13],[28,19],[30,12],[21,16],[20,5],[224,286],[124,96],[52,-12],[32,-17],[39,-26],[35,-44],[20,-25],[7,-27],[27,13],[16,12],[30,3],[54,-10],[28,-8],[44,-15],[47,-7],[22,-6],[-10,-30],[-1,-48],[3,-48],[-17,-51],[-6,-34],[-1,-24],[4,-25],[9,-43],[16,-36],[21,-21],[24,-37],[20,-34],[12,-16],[26,-44],[21,-34],[10,-16],[14,-24],[14,-29],[31,-26],[34,-13],[25,-19],[5,-19],[12,-15],[16,-11],[33,0],[21,-7],[18,-5],[19,-12],[11,-19],[17,-17],[36,-12],[20,-9],[14,-6]],[[50183,20320],[11,18],[6,29],[18,38],[40,7],[9,9],[7,22],[6,44],[-32,53],[1,13],[0,16],[10,6],[28,7],[17,-4],[25,13],[18,33],[11,26],[1,64],[-10,35],[6,53],[29,56],[0,18],[-6,28],[-17,19],[-21,-22],[-16,-38],[-13,-18],[-24,41],[-16,36],[-39,42],[-11,30],[6,16],[25,17],[15,8],[16,21],[3,30],[-12,25],[-70,2],[-1,34],[35,22],[37,19],[36,67],[1,95],[-88,-3],[6,90],[7,119],[17,42],[-5,40],[-9,61],[-38,103],[29,67],[39,40],[-20,88],[-59,93],[-44,8],[29,96],[-6,58],[-78,25],[-12,57],[31,44],[-40,78],[-63,-5],[-50,58],[-22,61],[-49,17],[-50,-29],[-40,32],[-4,109],[-36,-7],[-23,94],[-85,33],[-45,57],[-23,82],[-11,77],[8,91],[-48,18],[-20,112],[-107,50],[-42,34],[58,169],[84,348],[160,413],[27,400],[-55,473],[-9,330],[-58,446]],[[46121,27549],[-131,-131],[-175,-277],[-80,-262],[-22,-438],[130,-527],[5,-288],[84,-279],[-45,-183]],[[38579,45846],[-90,128],[-90,126],[-8,50],[-7,52],[-16,102],[-16,102],[-7,49],[-8,52]],[[27367,78838],[41,-142],[-358,-286],[-204,-295],[-50,-167],[267,-760],[211,-206],[233,-344],[318,-838],[152,-288],[-67,-323],[840,-58],[56,-25],[42,18],[68,11],[40,-33],[20,-92],[7,-77],[35,-174],[172,121],[1028,-447],[257,-5],[47,61],[838,-14],[41,-3]],[[31401,74472],[-23,-119],[-35,-132],[-10,-32],[-2,-41],[-7,-49],[-6,-17],[-25,-22],[19,-43],[17,-30],[5,-37],[9,-64],[-14,-26],[-55,-47],[-23,-12],[-46,-38],[-10,-12],[-19,-32],[-11,-34],[20,-175],[-52,-3],[-31,-14],[-30,-28],[-30,-48],[-35,-64],[-24,-33],[-26,-29],[-48,-29],[-51,-26],[-51,-28],[-44,-25],[-22,-1],[-14,-1],[-29,20],[-24,9],[-17,-13],[-11,-16],[-31,-113],[-31,-121],[-17,-41],[-21,-18],[-26,-4],[-43,16],[-20,-1],[-23,7],[-31,18],[-43,8],[-22,-7],[-18,-14],[-18,-26],[-26,-60],[-13,-48],[-4,-16],[-12,-24],[-14,-9],[-28,-15],[-35,-35],[-12,-32],[-3,-63],[0,-85],[-8,-44],[-14,-50],[-14,-64],[-1,-30],[-11,-60],[-2,-59],[1,-63],[-10,-18],[-10,-5],[-57,0],[-53,-5],[-16,-9],[-13,-18],[-9,-48],[57,-197],[5,-30],[16,-87],[17,-33],[12,-20],[3,-35],[-22,-63],[-4,-27],[0,-24],[9,-42],[7,-21],[19,-26],[33,-31],[27,-23],[18,-26],[14,-32],[0,-28],[-1,-31],[-13,-34],[-66,-115],[-26,-52],[-30,-50],[-37,-43],[-15,-25],[-12,-31],[-12,-70],[-10,-69],[-5,-40],[-13,-25],[-21,-24],[-47,-34],[-37,-21],[-37,-6],[-17,-11],[-3,-18],[7,-21],[32,-24],[79,-35],[33,-21],[13,-11],[3,-29],[-13,-67],[-20,-50],[-24,-14],[-61,1],[-9,-3]],[[29787,70307],[-359,-115],[-82,207],[-270,-35]],[[29076,70364],[-339,100],[35,158],[81,247],[-24,340],[-250,281],[-253,187],[-349,113],[-102,789],[-49,453],[-165,79],[-113,-409],[-91,-178],[-507,567],[-661,887],[-556,394],[-506,454],[-439,404],[-236,335],[-218,468],[-253,-148],[-239,-113],[-211,-35],[-169,251],[-25,881]],[[23437,76869],[477,-366],[267,138],[976,884],[670,485],[526,283],[523,446],[491,99]],[[21659,78257],[224,-2369],[179,-1591],[58,-1621],[-519,-767],[-897,-59],[-820,53],[-510,-758]],[[19374,71145],[120,-690],[-71,-280],[0,-651],[74,-986],[310,-804],[865,-1100],[472,-567],[404,-192]],[[21548,65875],[194,-49],[221,-173],[246,-187],[240,-178],[147,-59],[67,237]],[[22663,65466],[76,383],[21,238],[10,345],[-1,415],[-35,367],[-29,183],[-188,424],[4,148],[-14,74],[9,55],[10,80],[-4,119],[48,-3],[49,5],[54,-24],[127,-13],[70,-51],[80,61],[160,32],[123,12],[658,-355],[482,-187],[925,-345],[-113,241],[-190,627],[81,340],[187,675],[274,873],[-429,177],[-320,389],[126,69],[169,-64],[408,40],[187,187],[221,143],[341,-548],[622,-291],[194,-84],[275,-68],[334,-9],[14,-31],[123,1],[345,-128],[289,118],[111,176],[204,-3],[325,105]],[[23437,76869],[-407,250],[-628,520],[-743,618]],[[18840,71099],[97,-305],[-960,-1052],[-687,-1136],[-805,396],[-418,-679]],[[16067,68323],[358,-1365]],[[16425,66958],[886,902],[190,-443],[109,-981],[271,-1385],[457,-711],[563,-424],[-38,-590],[74,-75],[98,14],[76,2],[28,-12],[53,0],[20,9]],[[19212,63264],[41,46],[11,31],[-2,31],[-3,21],[235,326],[211,93],[186,119],[-105,636],[239,232],[206,231],[529,-418],[356,-19],[179,463],[253,819]],[[19374,71145],[-534,-46]],[[22663,65466],[456,-263],[684,-576],[278,-10],[231,-199],[529,-526],[457,-469],[393,-197],[374,-67],[240,69],[208,248]],[[26513,63476],[220,-310]],[[26733,63166],[-181,-703],[-253,-348],[-748,122],[-507,-628],[-190,-308],[-24,-51],[-13,-40],[-15,-3],[0,82],[-2,18],[-12,20],[-23,23],[-21,11],[-21,9],[-21,-5],[-22,12],[-17,14],[-17,19],[-9,18],[-15,19],[-17,-3],[-13,-23],[-15,-3],[-27,10],[-26,13],[-15,2],[-25,-2],[-14,-8],[-16,-2],[-18,9],[-13,16],[-13,4],[-22,42],[-21,31],[-19,10],[-12,21],[-13,17],[-31,44],[-6,30],[-13,14],[-8,14],[-19,14],[-20,4],[-12,12],[-1,23],[-14,27],[-15,22],[-11,13],[-11,6],[-10,14],[-6,55],[2,19],[8,12],[21,21],[4,21],[-14,16],[-30,-13],[-22,11],[-39,-6],[-12,3],[-16,13],[-15,9],[-20,8],[-12,13],[-21,0],[-11,-5],[-17,16],[-18,-3],[-23,-6],[-20,1],[-18,-1],[-20,-8],[-17,9],[-15,15],[-22,0],[-16,-6],[-20,-8],[-14,-5],[-12,-4],[-14,-1],[-12,-16],[-5,-12],[-3,-14],[-10,-8],[-9,-64],[-5,-22],[-10,-30],[-12,-21],[-10,-10],[-37,-24],[-14,-11],[-19,-20],[-16,-18],[-13,-15],[-28,-28],[-25,-16],[-11,-3],[-35,2],[-25,1],[-16,-3],[-29,-31],[-28,-39],[-29,-27],[-15,-9],[-32,-23],[-29,-1],[-15,1],[-26,5],[-20,14],[-13,12],[-12,16],[-15,51],[-18,4],[-35,-16],[-32,-18],[-22,0],[-23,-9],[-22,-20],[-34,-53],[-15,-11],[-26,-16],[-21,-4],[-22,44],[-33,16],[-42,14],[-24,1],[-25,-22],[-14,-18],[-11,-20],[-18,-34],[-13,-33],[-14,-13],[-17,-13],[-41,-19],[-26,-22],[-14,-11],[-9,-4],[-20,2],[-28,4],[-38,4],[-20,-7],[-21,-5],[-12,-2],[-22,-6],[-21,-14],[-11,-10],[-26,-27],[-18,-22],[-27,-14],[-23,-16],[-18,-11],[-18,2],[-18,-1],[-36,47],[-51,67],[-76,77],[-25,42],[-27,35],[-28,1],[-16,-3],[-75,-25],[-96,2],[-66,65],[-43,28],[-59,13],[-17,30],[-38,15],[-18,-6],[-94,105],[-37,2],[-77,-121],[-38,-38],[-24,11],[-22,111],[-23,51],[-60,-3],[-87,-52],[-16,-7],[-18,24],[-22,41],[-27,48]],[[21017,61791],[-38,96],[-40,94],[-39,49],[-27,55],[-14,52],[0,59],[-4,21],[-22,51],[-22,6],[-16,-9],[-16,-43],[-6,-23],[-31,-24],[-14,-29],[-21,-20],[-50,2],[-44,29],[-27,3],[-23,-3],[-36,-25],[-25,-11],[-22,0],[-26,21],[-24,45],[-21,34],[-47,24],[-30,29],[-6,34],[-1,53],[4,24],[-19,49],[-67,50],[-10,42],[-21,40],[-15,15],[-30,-11],[-49,-51],[-35,8],[-20,18],[-18,8],[-30,2],[-24,-17],[-35,1],[-13,21],[-10,32],[-19,31],[-53,26],[-13,0],[-83,21],[-26,4],[-66,-14],[-32,-2],[-15,14],[-40,52],[-12,22],[-13,40],[2,52],[29,60],[11,35],[-9,20],[-17,14],[-42,4],[-14,6],[-21,17],[-14,108],[-12,13],[-28,25],[-173,111],[-30,6],[-31,7]],[[14083,49470],[-6,27],[-6,34],[4,18],[0,11],[16,29],[9,70],[-3,20],[8,20],[-4,27],[-20,33],[-40,97],[-19,18],[2,20],[-16,35],[-14,16],[-24,28],[-31,41],[-10,26],[-15,21],[16,15],[25,47],[4,24],[14,48],[29,69],[13,30],[9,16],[7,37],[-2,49],[16,44],[26,24],[55,73],[-4,36],[4,26],[-3,71],[-19,54],[-22,42],[-6,22],[1,40],[8,22],[9,20],[8,44],[16,18],[22,57],[-3,12],[3,16],[9,41],[-2,53],[-64,95],[-10,5],[-20,6],[-15,29],[-6,34],[6,504],[-4,616],[-5,808],[4,27],[14,18],[17,23],[22,0],[30,35],[20,38],[24,12],[26,-26],[38,3],[7,17],[36,11],[28,-1],[21,18],[21,17],[17,4],[35,-27],[29,17],[-225,955],[-17,112],[-11,311],[-123,405],[34,248],[12,1057],[-401,20],[11,581],[-39,131],[-223,-110],[-15,55],[-81,114],[-31,-2],[-40,-4]],[[13269,57267],[-97,4],[-130,-16],[-81,339],[47,364],[149,191],[163,36],[48,18],[13,13],[77,187],[-11,53]],[[13447,58456],[50,-11],[32,78],[500,1166],[5349,-2655],[40,-7]],[[19418,57027],[-358,-99],[-185,-30],[-624,-136],[29,-79],[18,-7],[4,-35],[28,-12],[10,-32],[21,2],[23,-24],[4,-50],[16,-27],[12,-44],[10,-25],[13,-178],[24,-99],[41,-79],[-97,-133],[51,-116],[26,-186],[-49,-141],[-121,-74],[-35,-7],[-51,-27],[-27,20],[-35,0],[-19,-18],[-81,5],[-28,3],[-21,-52],[-74,-10],[-72,-35],[-36,-7],[-45,-37],[-74,64],[-25,-20],[-40,-79],[-66,-8],[-40,-316],[32,-34],[21,-50],[27,-39],[36,-213],[23,-128],[9,-45],[-12,-103],[15,-42],[-3,-38],[-21,-59],[61,-252],[7,-116],[-1,-94],[139,-10],[279,-554],[109,-403],[189,-103],[372,-606],[58,-42],[32,-57],[37,-67],[10,-178],[-91,-289],[-112,-366],[-99,-230],[-26,-146],[14,-143],[21,-94],[-32,-108],[-42,-85],[-34,-34],[-103,21],[-125,-2],[-530,133],[-385,243],[-631,445],[-129,68],[-100,1],[-452,283],[-61,-179],[-18,-171],[10,-1009],[122,-139],[573,-271],[311,-149],[413,-74],[436,-412],[63,8],[11,6],[40,-64],[43,-2],[54,26],[64,-1],[114,-72],[-73,-60],[-17,-39],[-4,-95],[6,-87],[50,-68],[75,-47],[44,14],[19,20],[25,85],[21,10],[76,-117],[45,-26],[26,-117],[45,-31],[20,-167],[3,-85],[45,-54],[9,-56],[-52,-103],[-60,-63],[-23,-56],[-6,-62],[10,-26],[95,25],[46,-26]],[[18708,47629],[4,-39],[-4,-90],[29,-406],[25,-119],[26,-198],[-93,-225],[25,-324],[49,-60],[107,-277],[-54,-126],[68,-156],[-15,-158],[-23,-117],[-48,-116],[-141,-82],[-117,-20],[-187,-17],[-125,-60],[-124,-158],[-134,-119],[-57,-48],[-128,-8],[-76,37],[-27,-54],[20,-42],[16,-139],[49,-59],[7,-86],[-111,-76],[-10,-82],[23,-80],[5,-48],[-48,-42],[-66,-30],[-74,-85],[-64,-145],[-27,-23],[-14,-72],[-15,-28],[-4,-65],[-119,-149],[-76,-136],[-62,-46],[-75,-35],[-95,-81],[-101,-45]],[[16847,43095],[2,104],[12,87],[-2,105],[-27,105],[-31,54],[-79,52],[-50,-12],[-48,-34],[-33,-42],[-31,17],[-89,108],[-55,119],[-109,117],[-112,60],[-15,23],[3,32],[22,27],[24,-2],[16,-20],[51,68],[12,53],[-3,57],[-31,43],[-23,14],[-24,-2],[-8,-33],[-18,-24],[-17,0],[-18,37],[-7,34],[-19,-4],[-13,85],[-55,80],[-28,35],[-149,86],[-20,83],[-56,112],[-167,160],[-40,19]],[[15612,44898],[21,156],[18,117],[13,88],[87,231],[-23,89],[-90,259],[-236,427],[-52,84],[-99,20],[-33,-6],[-30,0],[-28,-5],[-29,-9],[-41,-27],[-32,-1],[-47,32],[-24,-22],[-44,-12],[-37,-34],[-29,-46],[-1,-36],[-25,-33],[-20,-8],[-16,-42],[-15,-18],[-7,-25],[-29,-38],[-52,-117],[-6,-23],[-18,-15],[-25,-7],[-45,63],[-28,4]],[[14590,45944],[-14,130],[-4,62],[-12,135],[-28,236],[-43,336],[-249,569],[13,28],[26,60],[-17,48],[-19,23],[-7,31],[-3,34],[6,45],[-141,209],[70,127],[-52,104],[289,1234],[75,115],[-397,0]],[[11569,64422],[20,36],[39,39],[471,169],[-45,130],[281,218],[14,-136],[56,-59],[80,94],[153,158],[35,-15],[20,-149],[50,-38],[-21,-124],[132,-227],[123,230],[130,244],[134,126],[190,66],[366,-280],[121,113],[104,165],[110,159],[80,203],[77,176],[45,191],[17,179],[-32,239],[195,-70],[289,-136],[431,90],[324,152],[244,410],[460,58],[163,125]],[[21017,61791],[0,-18],[16,-16],[4,-42],[23,-43],[20,5],[27,-52],[45,-1],[48,-33],[-13,-84],[39,-43],[47,-5],[30,-24],[14,-21],[7,-35],[1,-115],[20,-32],[20,-26],[-2,-65],[-8,-30],[13,-27],[17,-17],[-22,-60],[8,-43],[-8,-41],[-20,-52],[-5,-19],[-4,-25],[13,-38],[-7,-44],[17,-112],[31,-20],[25,-33],[-20,-78],[-2,-38],[33,-96],[-8,-37],[-14,-26],[10,-26],[35,-31],[14,-45],[9,-97],[-8,-37],[-19,-48],[2,-61],[14,-43],[57,-90],[-35,-137],[-31,10],[-32,-90],[-41,-92],[-2,-54],[21,-22],[13,-42],[50,-59],[-2,-50],[32,-69],[20,-28],[-11,-49],[1,-56],[22,-79],[-10,-100],[44,-65],[-24,-114],[17,-149],[20,-64],[36,-52],[16,-108],[57,-25],[54,-55],[29,-1],[15,-34],[38,-5],[42,-32],[49,-16],[18,-18],[-12,-26],[-18,-16],[-26,1],[-64,9],[-96,-10],[-30,-12],[-17,-15],[-27,-64],[-23,-33],[-23,-11],[-128,12],[-40,-14],[-25,-37],[-11,-31],[-31,-529],[-8,-113],[-7,-34],[-8,-23],[-136,-318],[-4,-18],[-4,-29],[31,-183],[22,-62]],[[21237,56616],[-9,-17],[-9,-17],[-1,-146],[-4,-26],[-22,-43],[-29,-25],[-24,29],[-24,48],[-4,40],[-34,27],[-14,-5],[-33,35],[-29,12],[-187,6],[-136,-4],[-211,18],[-500,-84],[-75,-23],[-41,37],[-52,227],[-71,146],[-92,237],[-173,-51],[-45,-10]],[[13447,58456],[-21,34],[-19,14],[-20,0],[-34,60],[-66,67],[-33,20],[-39,16],[-67,73],[-85,-8],[-39,-21],[-68,128],[12,35],[28,42],[-11,35],[-92,79],[-58,12],[-22,155],[10,13],[26,17],[-10,20],[-4,67],[-15,52],[-20,18],[-26,18],[-37,33],[-20,22],[-18,83],[-13,23],[-26,5],[-7,41],[18,17],[17,11],[-3,23],[-9,30],[2,31],[26,79],[18,36],[0,32],[-22,77],[4,29],[10,40],[5,41],[-18,14],[-4,19],[71,49],[56,67],[13,43],[2,37],[-6,23],[2,28],[3,27],[20,47],[-1,20],[-18,11],[8,26],[-20,60],[-18,6],[-16,39],[-10,14],[-3,62],[48,132],[47,-6],[41,49],[30,10],[32,18],[15,49],[10,36],[14,60],[57,9],[11,48],[-21,54],[-17,8],[-15,12],[-11,27],[-18,63],[-15,20],[-49,2],[-31,51],[-16,70],[26,70],[57,18],[57,37],[25,0],[15,28],[2,28],[72,121],[-5,34],[-1,32],[23,64],[14,51],[53,49],[21,2],[18,-15],[17,0],[37,40],[39,55],[54,63],[1,86],[10,37],[67,45],[5,17],[0,42],[-18,86],[32,24],[-4,64],[-32,2],[-44,-22],[-53,-59],[-212,-303],[-55,-124],[-187,79],[-147,55],[-102,32],[-59,84],[-75,45],[-76,12],[-116,63],[-150,-5],[-90,80],[-5,13],[-59,82],[-28,31],[-32,26],[-46,-4],[-59,11],[-15,38],[-222,116],[-1,173],[9,56],[6,101],[-6,27],[-1,52],[19,47],[19,30],[2,77],[11,86],[16,51],[6,13],[14,79],[-2,18],[13,67],[-4,34],[-3,34],[-6,28],[-1,30],[-10,45],[0,57],[4,115],[-13,63],[-2,95],[-17,93],[-15,72],[-29,46],[-30,22],[-19,20],[-1,22],[-5,19],[-16,13],[-14,48]],[[26733,63166],[477,-92]],[[27210,63074],[-98,126],[144,150],[56,17],[177,126],[2,-27],[-8,-17],[5,-47],[12,-40],[39,-15],[13,15],[31,3],[11,-14],[18,-10],[15,-17],[30,-32],[34,-27],[-7,-50],[-53,-90],[-26,-37],[0,-27],[17,-17],[33,-5],[9,-20],[15,-12],[18,-27],[17,-3],[56,36],[24,46],[33,35],[19,13],[24,11],[11,22],[32,42],[19,12],[18,19],[28,12],[35,22],[37,24],[42,43],[22,-1],[167,-112],[290,-141],[98,-63],[299,-189],[295,-187],[88,-4],[76,-21],[25,-25],[26,-5],[23,-11],[13,-50],[11,-16],[43,-29],[13,13],[8,23],[22,11],[28,3],[52,-15],[40,-34],[39,-46],[30,4],[14,42],[11,10],[25,4],[20,-11],[32,-26],[19,-2],[34,38],[24,48],[21,9],[36,2],[18,17],[16,32],[16,28],[14,12],[30,9],[41,-23],[22,-2],[40,32],[27,13],[35,1],[28,-17],[29,-69],[18,-61],[18,-39],[30,-7],[71,-2],[70,-9],[24,-32],[2,-27],[9,-31],[16,-14],[28,-11],[28,-12],[22,3],[11,12],[28,16],[16,9],[29,21],[23,25],[12,5],[17,11]],[[32077,63978],[-81,230],[-316,-48],[-234,72],[-394,317],[-20,20],[-12,392],[-47,175],[-12,54],[-11,116],[-27,14],[-22,13],[-61,102],[-43,60],[-27,23],[-36,37],[-19,52],[-16,20],[-16,17],[-15,40],[-13,26],[-1398,552],[96,300],[-294,784],[34,108],[211,255],[-21,523],[-5,42],[30,87],[0,53],[-10,64],[-1,47],[-27,77],[-19,11],[-53,32],[-8,20],[0,9],[0,58],[0,34],[6,58],[38,66],[59,99],[34,103],[12,42],[48,56],[23,51],[10,75],[59,72],[15,14],[35,62],[-48,83],[5,67]],[[29486,69614],[5,33],[-72,93],[-61,27],[-64,30],[-38,44],[-33,64],[-20,17],[-30,6],[-32,-16],[-48,-17],[-21,-26],[-12,-31],[-8,-44],[-7,-32],[-17,-20],[-34,-19],[-38,-29],[-34,-13],[-40,-19],[-39,-15],[-41,-1],[-34,13],[-24,18],[-46,18],[-40,2],[-48,-9],[-16,5],[-134,-170],[-205,-344],[-101,-132],[-230,-324],[-129,-203],[-38,-63],[-86,-83],[-126,-71],[-258,-156],[-83,-12],[-14,27],[-11,14],[-9,19],[-37,-6],[-23,-2],[-21,-19],[-14,-28],[-17,-38],[0,-40],[7,-32],[11,-50],[-15,-50],[-5,-30],[-6,-13],[-4,-17],[0,-31],[-9,-21],[0,-53],[-16,-43],[-4,-35],[-10,-30],[-19,-17],[-25,-12],[-14,3],[-31,16],[-31,22],[-31,1],[-24,0],[-15,-26],[-1,-43],[9,-70],[8,-70],[-3,-31],[2,-54],[-2,-33],[-11,-14],[3,-27],[39,-42],[18,-29],[19,-16],[20,-26],[13,-40],[-1,-40],[10,-58],[33,-28],[26,-27],[30,-9],[16,-17],[11,-57],[-12,-60],[-8,-45],[-2,-30],[7,-33],[19,-35],[5,-28],[30,-8],[34,16],[40,-30],[37,-38],[16,-13],[20,1],[6,26],[16,15],[71,7],[64,-21],[48,-65],[19,-7],[8,-21],[0,-18],[17,-5],[12,-44],[20,-25],[46,-37],[-8,-28],[-129,-256],[-9,-519],[-8,-13],[-10,-11],[-6,-25],[2,-20],[0,-22],[-15,-25],[-3,-29],[0,-39],[-16,-27],[-31,-16],[-16,-16],[-1,-32],[3,-22],[-6,-27],[-28,-36],[-22,-22],[-27,-21],[-29,1],[-25,11],[-40,38],[-27,14],[-14,-16],[-7,-20],[-15,-105],[-13,-155],[-6,-54],[-12,-78],[-8,-31],[-5,-37],[-4,-27],[-20,-52],[-13,-21],[-26,-12],[-46,-1],[-53,11],[-46,21],[-28,-3],[-19,-7],[-20,-26],[0,-33],[2,-36],[11,-35],[-4,-51],[-16,-9],[-34,11],[-22,22],[-29,23],[-36,23],[-52,34],[85,-750],[-155,-383]],[[29486,69614],[147,187],[22,55],[10,38],[11,30],[14,20],[18,9],[16,-6],[62,-2],[43,5],[34,13],[17,23],[6,26],[0,31],[-14,43],[-14,24],[-21,23],[-9,17],[-13,49],[-12,20],[-30,53],[0,22],[14,13]],[[11753,33636],[202,23],[80,13],[43,18],[81,84],[37,-7],[17,26],[-78,77],[90,66],[1,123],[-362,549],[17,42],[3,78],[20,41],[27,45],[-33,24],[-20,34],[-29,24],[-7,16],[40,30],[7,56],[-17,11],[-33,33],[12,38],[50,59],[17,-9],[29,-4],[42,17],[15,34],[-25,17],[-22,28],[-11,62],[-7,72]],[[11939,35356],[20,12],[23,12],[62,35],[185,20],[40,-28],[53,-12],[33,46],[50,38],[29,16],[21,-17],[14,-38],[35,-6],[23,-44],[18,-45],[37,-47],[27,-38],[27,-53],[6,-105],[25,-50],[21,-14],[28,-12],[68,-91],[31,-62],[4,-28],[-24,-173],[5,-36],[15,-50],[29,-14],[32,-42],[213,-107],[52,0],[88,23],[19,6],[37,33],[5,-160],[-21,-104],[18,-90],[17,-180],[19,-32],[98,-52],[57,-27],[26,-9],[50,-11],[22,-6],[72,7],[91,1],[64,2],[62,6],[-11,-115],[185,-44],[27,96],[392,-151],[67,305],[-110,58],[-20,21],[-34,134],[201,355],[13,50],[14,13],[310,-28],[73,78],[241,17],[-41,365],[-26,251],[38,737],[-128,243],[-37,66]],[[15019,36281],[5,26],[26,133],[17,22],[121,11],[24,24],[114,152],[29,69],[19,63],[71,84],[68,50],[74,25],[137,135],[4,-97],[-6,-60],[32,-12],[17,11],[10,20],[79,-169],[11,-87],[26,-114],[79,-158],[-21,-48],[75,-119],[186,59],[230,98],[243,139],[60,37],[19,19],[71,19],[38,8],[23,14],[24,7],[33,-9],[32,10],[20,12],[30,-11],[10,-20],[-15,-51],[74,4],[10,78],[56,10],[40,166],[19,-10],[14,15],[18,-2],[31,29],[28,-29],[27,4],[0,22],[23,29],[-1,21],[14,20],[5,21],[3,73],[-10,23],[-8,19],[2,20],[10,17],[-11,17],[19,12],[10,57],[2,30],[4,43],[10,134],[3,17]],[[17426,37413],[22,-8],[24,-9],[71,-20],[225,71],[13,-4],[45,-38]],[[17826,37405],[31,-14],[47,-28],[36,1],[13,-11],[7,-51],[14,-16],[13,-42],[12,-28],[16,-32],[7,-22],[25,-23],[6,-17],[22,-3],[17,0],[13,13],[19,-16],[22,0],[21,-6],[21,1],[21,5],[14,-9],[16,5],[3,-18],[-46,-44],[-7,-22],[5,-30],[-1,-35],[15,-24],[21,-13],[18,-22],[32,-71],[23,-20],[4,-25],[-6,-62],[3,-43],[-29,-18],[-9,-17],[-6,-29],[-49,-39],[-18,4],[-16,11],[-27,-24],[-19,-33],[4,-20],[1,-27],[11,-42],[11,-18],[19,-56],[12,-47],[-11,-102],[2,-61],[-10,-85],[-15,-7],[-17,-5],[-30,3],[-14,2],[-42,-11],[-51,-25],[-13,-12],[-50,-34],[-36,-15],[-12,-32],[-18,-23],[-23,-40],[-24,-4],[-42,-33],[-22,-3],[-36,-43],[-47,-45],[-21,-31],[-31,-83],[-6,-26],[-12,-33],[-5,-76],[-6,-25],[-8,-17],[-4,-75],[3,-26],[-15,-69],[8,-66],[-13,-68],[9,-53],[-14,-15],[-11,-24],[-37,-31],[-4,-46],[-11,-43],[2,-24],[-31,-22],[-57,-117],[-3,-45],[-25,-64],[-8,-46],[1,-31],[32,-70],[6,-40],[7,-79],[-27,-62],[-4,-47],[1,-57],[-27,-40],[-20,-47],[2,-17],[-12,-37],[-4,-39],[-37,-86],[-9,-26],[-19,-18],[-17,-9],[-15,-67],[2,-40],[14,-13],[0,-25],[-11,-33],[-17,-42],[-45,-12],[-40,-23],[-25,-35],[5,-26],[-18,-17],[-18,-7],[-39,-98],[-18,-56],[-27,-17],[-20,9],[-27,-13],[-11,-17],[-26,-1],[-18,-13],[-23,-27],[26,-47],[8,-33],[4,-51],[-8,-82],[-4,-33],[-18,-32],[-4,-26],[7,-37],[2,-48],[13,-53],[22,-73],[5,-27],[38,-113],[31,-246],[-40,-236],[-100,-130],[-30,-33],[-31,-14],[-16,-34],[-19,-22],[-5,-46],[-17,-39],[-33,-70],[-30,-51],[9,-75],[16,-4],[15,-35],[24,-59],[7,-47],[30,-56],[18,-73],[15,-238],[13,-213]],[[16821,30974],[-48,-23],[-291,-134],[-51,-45],[-115,-98],[-152,-57],[-154,-57],[-54,-29],[-42,31],[-34,77],[-226,-80],[-382,-85],[-40,7],[-72,-44],[-100,-282],[-139,69],[-93,33],[-177,93],[-15,26],[-54,80],[-23,16],[-28,7],[-19,-2],[-59,27],[-17,26],[-17,20],[-31,6],[-26,-8],[-33,-14],[-51,9],[-41,-28],[-24,-5],[-23,13],[-38,-5],[-17,12],[-66,-5],[-7,19],[-29,16],[-31,33],[-30,31],[-23,78],[-32,65],[-40,78],[-9,33],[-2,67],[5,81],[-2,50],[-14,6],[5,43],[15,61],[-15,10],[-18,26],[-15,37],[-34,77],[-1,23],[-8,46],[-135,-45],[-70,-5],[-58,-63],[-60,17],[-23,0],[-31,-24],[-20,48],[-55,6],[-4,-28],[-61,27],[-29,40],[-28,21],[-14,43],[-18,-15],[-17,-44],[-43,24],[-7,-37],[-23,6],[-53,-6],[-64,-4],[-102,28],[-12,-29],[-15,-22],[-23,1],[-25,13],[-45,-19],[-14,-12],[-15,-2],[-12,20],[-6,29],[-26,27],[-6,78],[-6,47],[-29,55],[-135,13],[-41,-142],[-26,-74],[-6,-62],[-86,-33],[-69,-4],[-67,-9],[-91,-25],[-56,-42],[-29,-53],[-86,-78],[-37,-11],[-81,-39],[-21,-29],[-12,-53],[-23,-34],[-28,-65],[-27,-9],[-26,13],[-16,39],[15,25],[6,29],[15,116],[0,61],[11,56],[9,108],[29,79],[42,104],[56,75],[-8,28],[8,56],[20,22],[39,13],[-14,44],[10,130],[-23,14],[-30,117],[-45,86],[15,36],[67,43],[29,41],[27,54],[20,7],[28,-5],[66,101],[-40,0],[-37,14],[-28,40],[-37,32],[-63,14],[-18,-3],[-11,12],[-28,-14],[-49,25],[-24,44],[-180,150],[-37,59],[-26,52],[-47,60],[-20,22],[-27,7],[-22,50],[-9,55],[31,65],[26,27],[159,88],[-3,110],[166,112],[25,161],[-12,131]],[[13712,36976],[-168,-112],[-33,-17],[-39,-13],[-26,15],[-20,-7],[-22,-31],[-17,-10],[-38,-37],[-15,-30],[-17,-54],[-17,-21],[-59,-8],[-26,-86],[-9,-41],[-31,24],[-84,-121],[-14,-27],[-40,-187],[-13,-59],[-40,-85],[-64,-55],[-32,-38],[-437,-65],[-449,-58],[-27,-5],[-71,30],[-83,67],[-18,9],[-49,43]],[[11754,35997],[2,28],[39,88],[141,169],[149,62],[138,35],[13,40],[-50,56],[-93,-2],[-114,34],[-60,120],[17,64],[49,171],[51,27],[60,-186],[58,-54],[64,33],[79,85],[-48,149],[12,141],[-18,84],[-78,1],[-109,-57],[-162,25],[-87,151],[-44,188],[-110,152],[-67,15],[-117,-145],[-38,15],[-65,275],[-53,163],[-67,162],[-22,221],[-39,129],[-65,70],[-51,12],[-92,-55],[-126,-17],[-111,-50],[-50,9],[-12,187],[-59,199],[-136,163],[-153,154],[-55,-35],[-26,-270],[-24,-57],[-92,35],[-134,177],[0,26],[-7,207],[-81,220],[-33,237],[109,178],[116,310],[60,55],[62,-95],[48,-327],[32,-67],[72,65],[100,163],[62,161],[-12,119],[-73,155],[-87,36],[-197,-77],[-83,171],[-75,142],[-75,17],[-252,-228],[-100,-12],[-141,114],[-233,240],[-103,233],[2,130],[186,353],[-14,86],[-185,-28],[-93,88],[-118,198],[-193,27],[-32,57],[84,206],[94,240],[-11,99],[-86,-15],[-109,-2],[-30,148],[32,117],[17,106],[-19,149],[-109,191],[53,208],[30,216]],[[8607,43575],[70,4],[0,-198],[88,-149],[156,-207],[55,-110]],[[8976,42915],[56,-490],[93,-327],[125,-223],[584,-238],[320,-188],[239,5],[229,168],[492,466],[306,148],[208,114],[160,38],[65,-278],[100,-245],[402,263],[327,-845],[371,-929],[96,7],[208,-49],[97,-178],[119,-132]],[[13573,40002],[72,-458],[-43,-409],[-2,-372],[19,-224],[114,-469],[26,-384],[-1,-447],[-46,-263]],[[13573,40002],[176,55],[275,267],[211,595],[63,748],[197,530],[84,802],[0,723],[155,401],[310,139],[292,35],[242,86],[8,126],[-6,86],[106,-118],[23,84],[-45,60],[-24,112],[-28,165]],[[14590,45944],[-31,-9],[-23,-191],[10,51],[-19,-119],[-7,-39],[-25,-3],[-43,26],[-23,-11],[-25,-55],[-4,-148],[-31,-206],[-4,-115],[-39,-51],[-27,-7],[-125,135],[-1,36],[45,107],[-19,14],[-67,7],[-35,15],[-6,39],[1,40],[-20,47],[-98,57],[-110,-91],[-164,94],[-105,72],[-108,136],[-77,27],[-118,-82],[-60,3],[-98,-5],[-71,-134],[-93,-12],[-120,59],[-28,64],[53,114],[-21,109],[-39,87],[-22,129],[-46,34],[-136,60],[-81,118],[-14,122],[-61,-5],[-83,-55],[-32,-39],[-73,-191],[-125,-81],[-118,-114],[-86,-25],[-18,-21],[-100,-123],[-94,-27],[-126,-52],[-88,156],[-46,27],[-40,-74],[-27,-166],[11,-116],[25,-250],[-44,-171],[-30,-190],[128,-323],[4,-98],[-125,-176],[-62,-189],[-42,-49],[-114,-69],[-106,94],[-79,5],[-127,-75],[-168,-59],[-45,-84],[-40,-144],[-39,-27],[-98,65],[-71,86],[-45,20],[-83,-218],[-56,-40],[-62,60],[-38,-15],[-67,-178],[-108,-40],[-140,10],[-129,-144],[-125,-29],[-68,19],[-135,199],[-80,-53],[-91,-210],[33,-208],[-54,-25],[-26,23],[-62,54],[-21,-42],[21,-89],[-11,-45],[-54,-42]],[[14083,49470],[-35,0],[-126,1],[-115,-12],[-332,15],[-212,-1],[-28,-29],[-458,6],[-303,-205],[-187,18],[-50,26],[-20,-9],[-29,7],[-19,-19],[-13,0],[-35,14],[-18,-23],[-46,-17],[-93,31],[-30,-10],[-25,13],[-9,15],[-57,-117],[-8,-32],[-19,-90],[-25,-51],[-5,-47],[-11,-78],[-20,-15],[-27,355],[-15,259],[-6,339],[-9,78],[0,125],[7,45],[-14,57],[-22,96],[-25,45],[-16,29],[-5,84],[4,60],[-1,76],[-19,82],[-3,66],[-26,78],[-35,62],[-177,160],[-559,162],[-430,-243],[-62,-116],[-115,-54],[-60,-40],[-28,-34],[-53,14]],[[10059,50646],[-7,-217],[-46,-357],[81,-183],[-244,176],[11,-38],[-11,-26],[-6,-15],[-11,-19],[-25,-52],[-13,-42],[1,-29],[-12,-91],[-32,-78],[8,-37],[39,-31],[-2,-110],[12,-122],[-38,-112],[-41,-54],[-42,-101],[-16,-57],[-14,-36],[1,-145],[37,-54],[87,-73],[63,-27],[35,-30],[47,-26],[4,-67],[12,-67],[-2,-107],[-7,-54],[-13,-50],[4,-175],[-65,-7],[-104,-20],[-59,-10],[-31,-11],[-14,-46],[-16,-79],[-13,-100],[-19,-128],[10,-33],[-16,-23],[-4,-38],[-6,-34],[9,-22],[-9,-57],[-15,-21],[-6,-34],[-14,-59],[-167,10],[-103,17],[-12,51],[-33,74],[-48,11],[-32,35],[-37,36],[-18,28],[-8,21],[-45,6],[-45,-79],[28,-54],[14,-30],[4,-17],[-20,-30],[12,-9],[30,-17],[-4,-23],[-26,-19],[12,-32],[-13,-11],[-26,-10],[-15,8],[-11,-28],[10,-40],[-10,-52],[-10,-43],[-19,-18],[-17,27],[-18,10],[-27,-14],[1,-27],[-5,-47],[-18,-30],[-21,-15],[-15,-2],[-13,-25],[-31,-28],[-39,-18],[-14,15],[-29,-2],[6,-61],[-24,-15],[-14,13],[-8,19],[-3,26],[-36,2],[-11,12],[-26,-48],[-9,18],[-5,99],[-28,12],[-30,35],[-16,4],[-30,16],[-35,36],[-24,-24],[-15,16],[-16,59],[2,29],[-31,34],[-2,31],[-21,11],[-2,-32],[-101,43],[-75,19],[-30,-22],[-35,-53],[-127,-266],[-19,14],[-29,65],[-14,-2],[-4,-87],[-29,-78],[-11,-29],[-29,-31],[-20,-25],[-45,-11],[-75,-60],[-78,-54],[-132,-96],[-52,-168],[-26,-121],[-39,-309],[-193,33],[-42,11]],[[7126,46112],[-13,-28],[280,-67],[87,-45],[196,-378],[102,-242],[21,-231],[188,-123],[169,-164],[76,-158],[-16,-141],[-155,-226],[-44,-116],[56,-176]],[[8073,44017],[95,-48],[156,235],[72,-6],[38,-270],[114,-42],[42,-49],[17,-262]],[[9819,58371],[335,149],[218,-751],[4,-39],[43,17],[19,-15],[24,-28],[13,-2],[16,39],[19,-13],[22,-14],[38,-35],[18,12],[12,3],[6,-17],[10,-4],[19,5],[26,-8],[2,-23],[19,4],[6,-14],[17,1],[18,-6],[24,7],[20,-39],[15,7],[7,-38],[12,-16],[7,21],[14,2],[7,-17],[16,-5],[30,22],[13,-21],[83,163],[7,39],[22,18],[23,55],[18,26],[286,-733],[94,-236],[34,-109],[45,25],[218,183],[27,57],[36,37],[28,37],[6,-62],[23,-15],[95,-40],[32,1],[12,-3],[16,-13],[45,-10],[9,7],[29,-5],[38,-13],[24,8],[49,-17],[27,4],[41,-9],[27,4],[42,-7],[7,-21],[147,-82],[26,-6],[28,-31],[11,-28],[50,-57],[33,12],[13,35],[18,1],[28,-22],[16,-5],[16,22],[39,-21],[16,-46],[21,-1],[75,-28],[55,-82],[30,-13],[8,-40],[-7,-19],[-1,-45],[17,-5],[11,12],[29,1],[35,-17],[54,63],[57,10],[19,21],[22,-7],[47,22],[28,-6],[18,10],[-11,101],[1,43],[-11,67],[3,49],[-10,53],[2,106],[3,52],[6,103],[-3,104],[-1,15]],[[10059,50646],[-7,421],[46,351],[137,499],[74,510],[63,484],[39,371],[21,509],[7,257],[-151,0],[-85,99],[-95,311],[-137,257],[-91,702],[17,435],[-31,464],[-99,307],[11,583],[-4,642],[45,523]],[[19798,29087],[9,-1]],[[24921,37286],[-45,106],[77,175],[74,37],[54,66],[23,58],[7,113],[-15,72],[-107,79],[-107,146],[-174,323]],[[24708,38461],[-34,-108],[-40,-137],[-59,-69],[-115,-136],[-174,-165],[-239,-245],[-200,-239],[-148,-45],[-99,6],[-61,18],[-81,-14],[-60,-7],[-83,25],[-86,-7],[-111,-25],[-12,-35],[-24,-42],[14,-56],[13,-36],[-2,-21],[5,-44],[-4,-28],[-26,-32],[-7,-60],[-5,-172],[-19,-30],[-8,-18],[-3,-20],[0,-32],[1,-19],[16,-17],[8,-34],[0,-19],[4,-58],[11,-35],[6,-66],[27,-106],[-65,-75],[-19,-15],[-24,22],[-33,13],[-62,28],[-34,10],[-75,-2],[-33,-7],[-35,-26],[-23,-33],[-54,-23],[-47,-18],[-64,-54],[-33,-32],[-28,-27],[-41,-124],[-8,-18],[-23,-59],[-16,-52],[2,-33],[-30,-65],[-14,-59],[-13,-48],[-53,-78],[2,-64],[-17,-47],[-13,-23],[-3,-71],[3,-27],[-13,-41],[-20,-28],[0,-31],[22,-11],[14,-4],[4,-41],[-32,6],[-30,13],[-63,31],[-13,5],[-33,6],[-31,10],[-31,0],[-3,1],[-4,1],[-18,7],[-38,53],[-45,53],[-21,37],[-49,35],[-61,34],[-41,97],[-36,13],[-55,12],[-55,3],[-27,-11],[-58,-3],[-43,13],[-75,34],[-60,66],[-96,95],[-57,44],[-26,46],[-8,36],[-4,26],[-6,20],[-19,12],[-22,1],[-44,-10],[-39,-1],[-37,9],[-14,20],[-25,45],[-17,8],[-50,9],[-46,12],[-19,12],[-37,40],[-64,64],[-46,75],[-14,16],[-22,16],[-20,8],[-20,3],[-53,-10],[-47,22],[-85,64],[-30,11],[-33,-5],[-13,-5],[-28,-7],[-27,1],[-130,78],[-32,36],[-17,23],[-15,23],[-6,58],[-8,53],[-90,94],[-88,71],[-27,39],[-8,13],[-10,16],[-17,43],[-12,41],[-21,40],[-47,36],[-176,135],[-27,43],[-33,129],[-14,34],[-75,75],[-29,23],[-15,4],[-263,-9],[-275,166],[-110,120],[-18,5],[-20,2],[-118,-94],[-92,11],[-77,59],[-18,4],[-37,-14],[-57,-31],[-148,-167],[-98,-17],[-44,-37],[-39,-22],[-131,-32],[-9,-9]],[[16821,30974],[87,-64],[30,-112],[-33,-269],[230,-30],[33,111],[288,153],[142,17],[112,-99],[70,-145],[30,10],[88,-19],[100,-30],[73,-76],[116,-121],[38,-112],[57,141],[-6,79],[8,68],[88,120],[78,-14],[38,-128],[-7,-94],[-7,-87],[1,-49],[68,-229],[95,-222],[112,-41],[86,96],[-60,384],[71,73],[40,-14],[111,-56],[73,-168],[148,51],[84,4],[29,-65],[44,-269],[1,-25],[-6,-58],[22,-92],[184,-325],[103,-90],[118,-91]],[[18708,47629],[0,22],[51,20],[79,-9],[9,-18],[-9,-33],[6,-14],[38,5],[144,-84],[81,-28],[92,14],[124,-1],[89,-121],[45,-47],[64,-3],[50,-34],[44,-61],[71,-53],[43,-21],[17,-15],[16,-70],[15,-10],[14,-10],[7,-26],[22,-20],[32,-14],[6,-34],[19,-5],[17,-11],[17,-36],[37,-30],[14,10],[43,5],[11,-26],[88,-37],[40,-45],[-5,-28],[168,-120],[34,-58],[41,-30],[46,-43],[18,-55],[-1,-41],[29,-80],[1,-58],[32,-81],[28,-95],[197,-36],[42,-21],[37,-44],[34,-31],[43,6],[48,-26],[21,-58],[99,-132],[-3,-65],[76,-56],[74,-73],[26,-68],[15,1],[37,-37],[32,-25],[24,20],[59,0],[27,-27],[15,-31],[63,-21],[15,21],[64,-26],[25,-40],[39,-24],[41,-4],[13,27],[60,29],[23,-33],[-4,-37],[-13,-44],[28,-6],[21,-25],[21,-39],[46,-70],[-26,-68],[-1,-41],[24,-25]],[[21877,44971],[32,-55],[47,-35],[47,-79],[-18,-37],[-80,-81],[15,-64],[39,11],[82,7],[28,-47],[-28,-104],[20,-53],[45,-56],[89,-21],[-1,-85],[16,-35],[104,-7],[29,-66],[6,-266],[26,-93],[4,-94],[-29,-88],[-11,-54],[61,-98],[63,7],[18,35],[59,48],[57,-8],[70,-61],[38,-58],[83,-70],[10,-75],[-25,-78],[8,-84],[-78,-47],[-25,-93],[37,10],[58,0],[51,-25],[52,-66],[52,-159],[22,-7],[48,0],[56,-62],[54,-11],[22,-121],[51,-99],[50,-56],[60,-23],[12,-51],[-13,-52],[-10,-20],[-14,-135],[13,-36],[15,-67],[29,-72],[50,-73],[39,-8],[79,-50],[43,-1],[82,-38],[-22,-100],[91,-161],[19,-4],[32,-28],[36,-4],[40,4],[4,-15],[34,-55],[53,-185],[-14,-27],[29,-14],[-20,-26],[-9,-26],[-19,-17],[-29,-25],[-10,-56],[21,-59],[38,-15],[24,21],[15,-4],[10,7],[50,5],[33,-28],[55,-81],[-23,-186],[58,-54],[8,-75],[-6,-48],[-8,-40],[35,-186],[-46,-186],[53,-79],[122,-28],[41,-52],[16,-108],[103,-256],[51,-55],[134,-8],[56,-72],[8,-134],[-39,-62],[-73,-28],[-47,-70],[32,-131],[58,-189],[49,-52],[19,-80],[-11,-49],[22,-78],[19,-105]],[[17426,37413],[-23,3],[29,500],[73,244],[301,31],[-8,245],[1,464],[-4,477],[-51,337],[-30,276],[-31,206],[-27,223],[-56,207],[22,11],[41,51],[2,65],[44,96],[52,64],[120,239],[-42,10],[-59,-24],[-55,-16],[-37,-47],[-14,-1],[-25,-2],[-17,-7],[-15,-3],[-33,23],[-19,-7],[-39,11],[-30,29],[-62,51],[-104,5],[-24,6],[-25,33],[-24,2],[-103,-16],[18,56],[19,24],[19,27],[99,8],[24,33],[15,5],[30,-4],[13,-13],[18,-9],[10,12],[51,8],[25,14],[37,14],[46,46],[0,81],[17,63],[22,33],[-1,24],[26,47],[13,63],[26,75],[-1,45],[-1,25],[-13,66],[-23,86],[-38,178],[-29,160],[-80,189],[-153,356],[-46,24],[-24,24],[-19,-9],[-21,-17],[-34,3],[-34,-37],[-24,-10],[-66,-2],[-79,17],[-68,40],[-41,65],[-18,34],[-10,20],[-12,32]],[[13712,36976],[-2,-7],[8,-3],[56,-17],[18,-47],[88,-96],[57,-358],[-76,-151],[0,-171],[-67,-40],[497,-153],[79,60],[55,-234],[174,-182],[38,109],[69,152],[144,217],[136,171],[33,55]],[[11754,35997],[-102,-194],[-32,-78],[-7,-11],[9,-71],[41,-96],[29,-68],[27,-1],[6,10],[16,16],[18,25],[67,182],[45,53],[23,-13],[12,-3],[6,-55],[-45,-138],[-14,-82],[3,-73],[28,-51],[55,7]],[[13515,76337],[-84,13],[-51,6],[-61,-148],[-218,-184],[-17,55],[-36,74],[-37,20],[-57,20],[-26,20],[-7,18],[3,132],[-55,106],[0,21],[46,107],[3,36],[-37,74],[-1,69],[-100,260],[-94,87],[-16,41],[-32,22],[-127,-16],[-46,23],[-24,25],[-109,136],[-169,53],[-199,147],[-53,-6],[-99,74],[-52,47],[-33,-2],[-54,-47],[-38,-48],[-37,-90],[-16,-38],[-2,-51],[1,-104],[5,-51],[37,-38],[47,-24],[46,-17],[10,-8],[63,-51],[25,-43],[12,-63],[-17,-61],[-17,-35],[-17,5],[-42,76],[-47,46],[-52,26],[-47,0],[-30,-16],[-25,-5]],[[11532,77030],[-64,19],[-18,7],[-107,31],[-98,65],[-45,9],[-59,-14],[-47,-37],[-119,-121],[-118,-139],[-113,-190],[-69,-200],[-62,-246],[-70,-178],[-114,-190],[-57,-172],[-27,-175],[-17,-119],[-31,-135],[-13,-42],[-10,-19],[-10,-15],[-47,-26],[-24,-14]],[[10193,75129],[0,-34],[-9,-7],[-8,-15],[-14,-5],[-19,-15],[-11,-8],[-20,-21],[-18,-43],[-49,-67],[-23,-27],[-24,-24],[-39,-110],[-22,-169],[-36,-167],[-20,-160],[-15,-114],[-10,-61],[-20,-130],[-21,-126],[-8,-48],[-7,-48],[-11,-228],[-6,-129],[-18,-111],[-19,-81],[-3,-85],[-7,-61],[-52,-221],[-21,-143],[-5,-116],[0,-49],[-19,-102]],[[9639,72404],[5,-113],[29,-50],[46,-65],[-16,-168],[6,-95],[48,-31],[44,45],[25,104],[66,33],[37,-48],[23,-119],[4,-47],[-30,-98],[-2,-50],[9,-66],[24,-101],[62,-254],[-18,-148],[-57,-48],[-90,-40],[-54,23],[-61,53],[-32,9],[-42,-26],[-33,-36],[-22,-51],[-32,-173],[-9,-71],[14,-41],[52,-59],[87,-91],[43,-22],[39,6],[43,48],[44,62],[0,36],[-59,119],[-10,54],[7,33],[22,32],[35,9],[113,-119],[29,-15],[39,6],[40,-2],[32,-23],[16,-46],[0,-55],[-28,-53],[-22,-9],[-63,30],[-25,-7],[-12,-23],[-1,-30],[10,-31],[26,-24],[41,-32],[20,-32],[10,-63],[-5,-40],[-26,-54],[-49,-24],[-69,29],[-30,1],[-18,-19],[-3,-27],[16,-67],[24,-55],[20,-17],[34,5],[44,37],[22,12],[21,-7],[18,-37],[-21,-73],[4,-30],[38,-51]],[[10131,70014],[59,8],[470,234],[155,74],[107,24],[247,273],[2564,3347]],[[13733,73974],[58,43],[6,69],[-55,67],[20,149],[-50,36],[-46,19],[-16,187],[-24,265],[-16,112],[31,41],[29,87],[0,94],[-48,33],[-9,29],[-12,15],[-31,62],[-4,158],[21,26],[-5,23],[-16,8],[-58,130],[-2,114],[7,243],[7,174],[4,136],[-9,43]],[[11569,64422],[-12,13],[-13,43],[-4,33],[-10,52],[-32,54],[-30,28],[-15,18],[-16,45],[-79,54],[-42,32],[-20,36],[-47,13],[-37,8],[-37,52],[-26,17],[-50,3],[-21,6],[-18,-3],[-44,30],[-32,30],[-60,32],[-32,24],[-18,28],[-30,34],[-34,11],[-24,38],[-16,24],[0,31],[-10,24],[-23,20],[-19,27],[2,29],[-2,23],[-10,35],[-15,24],[-11,21],[-7,38],[-6,47],[-30,37],[-34,42],[-9,52],[-27,40],[-18,28],[-12,36],[-5,51],[-20,35],[-55,5],[-23,16],[-17,27],[-15,39],[-22,18],[-25,15],[-57,4],[-23,-12],[-20,-3]],[[10257,65926],[-5,3],[-13,6],[-3,21],[-5,39],[-12,41],[-12,21],[-16,7],[-34,28],[-33,51],[-12,41],[-4,21],[-18,26],[-20,16],[-8,16],[-4,42],[-5,52],[-9,35],[-8,51],[-23,47],[-35,37],[-45,15],[-24,3],[-19,-5],[-9,-20],[-18,7],[-11,14],[-13,2],[-21,0],[-30,14],[-21,24],[-18,7],[-16,-1],[-9,17],[-18,8],[-13,18],[-14,24]],[[9679,66654],[-6,25],[6,22],[11,21],[2,29],[-22,35],[-32,43],[-42,25],[-6,46],[22,13],[21,32],[-15,16],[-8,80],[3,25],[-34,141],[45,-39],[78,-45],[43,-19],[118,-35],[74,-7],[105,14],[15,335],[26,-10],[21,20],[43,10],[55,26],[28,46],[90,81],[102,116],[166,237],[-8,25],[1,39],[13,23],[42,31],[30,39],[3,21],[-13,57],[-23,25],[-28,10],[-45,-1],[-95,45],[-83,96],[-6,75],[62,157],[-8,152],[-2,36],[25,40],[15,63],[-6,37],[-15,21],[-29,6],[-40,39],[-62,140],[-53,142],[-21,129],[16,81],[24,25],[37,-4],[19,14],[4,66],[65,260],[-2,32],[-16,30],[-30,12],[-23,-15],[-90,-98],[-57,-77],[-25,-21],[-27,9],[-25,47],[28,170],[-6,73],[-3,26]],[[13733,73974],[23,-11],[36,-28],[19,-42],[12,-59],[64,38],[39,23],[42,-82],[-8,-74],[9,-52],[33,-34],[58,3],[99,-7],[46,-89],[9,-66],[20,-67],[34,-7],[51,27],[57,-19],[32,2],[19,-51],[-10,-54],[40,-23],[81,9],[63,18],[32,-4],[60,-26],[26,-18],[19,-16],[21,-34],[-2,-29],[-27,-25],[9,-42],[36,-29],[20,-72],[36,-38],[0,-42],[32,-54],[50,-6],[-6,-32],[-32,-36],[-1,-58],[24,-19],[14,-29],[-50,-61],[-6,-58],[21,-24],[50,-38],[46,9],[64,-39],[31,-59],[25,-91],[25,-46],[43,-72],[87,-63],[15,-59],[-8,-13],[-42,-82],[-6,-35],[83,1],[12,-24],[3,-99],[16,-101],[52,-14],[28,-36],[3,-29],[-16,-76],[2,-60],[77,-37],[33,-110],[70,-35],[88,-43],[35,-32],[30,5],[47,35],[3,34],[37,23],[24,-16],[15,-27],[-1,-40],[22,-39],[7,-48],[-12,-53],[-1,-80],[4,-44],[23,-60],[-106,-29],[-58,7],[-79,31],[-53,2],[-105,-3],[-56,-30],[-44,-28],[-11,-15],[14,-71],[18,-62],[21,-31],[55,-111],[10,-43],[9,-82],[56,-210],[0,-58],[-13,-96],[18,-18],[-11,-77],[-1,-162],[15,-21],[-16,-40],[30,-90],[-1,-38],[-4,-25],[-10,-76],[-20,-56],[4,-22],[-5,-26],[14,-19],[-1,-29],[11,-10],[5,-37],[14,-40],[12,-27],[21,-6],[5,-37],[7,-60],[-7,-17],[0,-70],[-20,-64],[6,-52],[-22,-41],[17,-44],[19,-20],[-3,-38],[-18,-59],[-6,-270],[27,-30],[22,8],[28,3],[64,-29],[34,-42],[23,-21],[47,-36],[52,-12],[63,-41],[46,8],[38,-30],[21,-19]],[[13515,76337],[-7,33],[17,59],[92,107],[119,31],[123,67],[76,-88],[23,-13],[59,-50],[146,-74],[705,-559],[728,-354],[194,-130],[299,122],[204,356],[129,311],[-85,90],[-173,209],[-235,145],[-145,-22],[-164,-76],[-149,221],[-49,222],[64,351],[-31,136],[-23,188],[-36,153],[48,24],[87,-78],[39,-40],[256,160],[58,88],[216,109],[-4,54]],[[16096,78089],[172,-88],[79,57],[84,94],[102,87],[273,115],[197,182],[20,64],[29,106],[49,95],[27,36],[62,32],[22,82],[54,44],[14,-43],[26,-81],[8,-155],[17,-90],[0,-228],[17,-42],[3,-50],[22,-79],[-1,-53],[16,-102],[-23,-29],[1,-34],[44,-46],[26,-73],[41,-20],[28,-49],[7,-43],[15,-36],[27,-78],[51,-76],[-5,-195],[3,-192],[2,-91],[24,-142],[20,-70],[6,-91],[12,-54],[78,-170],[120,215],[-45,-337],[19,-94],[56,-101],[62,279],[243,-497]],[[18200,76048],[18,-42],[-445,-890],[-204,-29],[-47,-71],[-77,-111],[-117,-330],[-150,-356],[-92,-194],[-120,-641],[-115,-786],[-43,-336],[328,-297],[191,-76],[267,-93],[206,-70],[296,260],[184,36],[174,196],[261,-625],[125,-494]],[[18200,76048],[172,127],[204,0],[274,168],[-7,369],[-49,310],[102,576],[137,-19],[433,310],[214,280],[320,369],[180,345],[-39,340],[-14,319],[84,74],[211,-172],[489,-379],[117,-202],[270,-334],[204,-227],[157,-45]],[[16320,80449],[62,59],[49,19],[496,780],[943,-530],[1027,28],[725,-19],[821,1661],[146,213],[39,59],[1,119]],[[20629,82838],[18,12],[24,3],[48,-47],[139,-44],[111,2],[94,-21],[80,-1],[64,112],[86,74],[33,49],[53,-10],[24,-35],[23,-66],[-84,-339],[-19,-85],[288,-1734],[-204,-678],[295,-1484],[-43,-289]],[[16096,78089],[-23,72],[-1,29],[-36,124],[0,282],[-14,365],[31,177],[72,243],[78,300],[136,-89],[172,-84],[144,-43],[98,-4],[11,140],[24,104],[-6,49],[6,54],[-21,146],[-58,180],[-68,82],[-122,90],[-105,73],[-22,44],[-52,7],[-20,19]],[[9679,66654],[-2,-24],[-23,1],[-21,-31],[-2,-34],[-19,-1],[-27,-14],[5,-22],[27,-17],[-30,-42],[-18,4],[-3,-30],[-2,-25],[-38,18],[-12,-5],[-14,-19],[16,-10],[-10,-23],[2,-40],[-34,6],[-23,-9],[-26,-47],[-18,15],[-20,-27],[-15,-18],[-15,-29],[-14,-8],[-2,-26],[-12,8],[-17,-11],[-9,-26],[-2,-37],[14,-19],[-12,-18],[-1,-19],[-17,-22],[4,-32],[-10,-22],[-18,4],[-4,-29],[5,-18],[-19,-12],[-4,-32],[-7,-22],[-33,4],[0,-27],[18,-10],[6,-17],[-14,-5],[-4,-50],[-10,-25],[26,-53],[-32,-70],[19,-19],[-15,-67],[-15,20],[-21,-29],[-1,-24],[-15,-16],[-13,0],[-6,-22],[10,-16],[-2,-53],[-10,-8],[-1,-21],[-7,-16],[17,-27],[-18,-48],[19,-39],[-31,-30],[0,-53],[-41,-56],[-14,-37],[-16,-3],[12,-24],[9,-31],[-33,-35],[-9,14],[-19,-18],[-31,-16],[-3,-17],[37,-25],[-14,-45],[-17,-46],[-71,-45],[-22,2],[-22,-11],[-14,1],[-18,19],[-19,1],[-25,-26],[-12,-30],[-202,199],[-26,63],[-47,239],[-19,80],[-140,-103],[-48,1],[-13,-178],[-45,44],[-85,10],[-74,-46],[-21,5],[-103,192],[-37,27],[-38,7],[-81,-12],[-181,29],[-90,-16],[-7,-1]],[[7500,65281],[9,204],[0,41],[-6,9],[-3,6],[-4,47],[0,21],[2,2],[3,0],[9,-1],[7,2],[2,8],[-1,6],[-11,12],[-1,9],[3,9],[-1,66],[4,6],[4,3],[8,-3],[15,-14],[8,0],[7,5],[2,19],[-2,17],[-9,5],[-4,0],[-6,-3],[-2,0],[-1,2],[5,44],[10,11],[46,25],[9,11],[9,17],[15,33],[2,9],[-1,8],[-39,53],[-2,18],[-1,19],[4,13],[13,10],[16,10],[15,38],[36,134],[34,52],[13,31],[18,51],[14,62],[13,49],[10,53],[-3,38],[0,29],[7,28],[18,24],[13,-1],[7,-2],[11,2],[13,21],[5,30],[-2,10],[-29,45],[0,19],[8,20],[54,180],[60,161],[12,25],[12,26],[5,11],[6,9],[7,7],[4,4],[6,4],[5,8],[6,8],[7,13],[8,16],[8,10],[6,1],[4,-5],[5,-16],[12,-12],[12,-2],[9,9],[11,25],[19,27],[18,34],[1,19],[-5,20],[-9,22],[0,7],[2,6],[21,26],[25,35],[24,51],[7,30],[7,29],[12,37],[8,21],[4,15],[8,37],[4,24],[4,10],[29,46],[17,22],[7,19],[8,20],[9,13],[16,33],[15,20],[8,18],[0,15],[-20,17],[-5,1],[-4,3],[-2,3],[-1,5],[0,5],[1,6],[3,6],[5,5],[6,27],[13,33],[24,40],[30,41],[46,61],[35,54],[16,22],[6,13],[5,14],[20,135],[0,7],[1,5],[2,4],[3,3],[3,2],[3,1],[4,-1],[3,-3],[2,-4],[2,-4],[0,-6],[-1,-4],[-2,-5],[-2,-3],[-5,-5],[-1,-5],[-1,-13],[-15,-107],[-10,-34],[-2,-3],[-12,-14],[-1,-3],[8,-15],[-42,-54],[-58,-76],[-7,-21],[-8,4],[1,3],[-4,2],[-4,-12],[-3,-1],[-3,-3],[-21,-30],[-5,-20],[41,-62],[43,55],[-1,3],[-1,36],[2,9],[2,2],[12,-3],[3,3],[4,22],[3,9],[49,65],[2,1],[2,-1],[38,-55],[10,-1],[12,-4],[5,-1],[24,29],[2,1],[3,0],[9,-3],[2,0],[2,1],[12,14],[54,72],[2,4],[3,27],[1,31],[-1,13],[-5,10],[-12,14],[-25,22],[-16,12],[-17,7],[-11,5],[-8,-1],[-6,-3],[-5,2],[-3,6],[0,9],[6,6],[12,0],[9,-2],[26,-14],[18,-11],[8,-5],[29,32],[14,20],[14,19],[20,27],[16,25],[7,22],[12,44],[6,34],[11,21],[29,143],[36,98],[3,67],[18,93],[37,114],[44,236],[39,272],[57,159],[56,124],[61,216],[14,73],[52,173],[41,179],[36,144],[-5,64],[35,187],[50,193],[47,135],[19,130],[26,150],[48,159],[29,155],[18,98],[24,143],[11,74],[20,120],[7,45],[6,73],[2,32]],[[32203,84413],[-45,20],[-59,25]],[[32099,84458],[29,-164],[-28,-59],[-19,-34],[-28,-54],[-8,-100],[-8,-68],[-28,-23],[-21,-71],[1,-236],[-15,-65],[8,-73],[-13,-20],[-58,0],[-47,-20],[-24,-48],[-6,-37],[-24,1],[-51,-10],[-20,-14],[-20,-1],[-17,-1],[-72,-98],[-45,-39],[-20,-48],[-48,-39],[-18,-6],[-45,-38],[-19,0],[-27,-22],[-21,6],[-25,-3],[-57,-30],[-14,0],[-14,23],[-20,14],[-40,-1],[-65,-14],[-26,-16],[-42,-13],[-40,0],[-20,3],[-16,12],[-32,-7],[-12,-16],[-23,-15],[-83,-15],[-40,30],[-59,14],[-25,2],[-34,-8],[-18,12],[-20,-6],[-19,-16],[-23,-8],[22,-368],[-83,-383],[-191,-379],[-53,-444],[272,-583],[11,-120],[1,-94],[-17,-365],[-8,-203],[-38,-204],[-96,-265],[1,-185],[51,-226],[2,-10],[3,-10],[3,-15],[2,-9],[4,-18]],[[30506,79138],[15,15],[15,19],[22,12],[20,-6],[18,5],[12,14],[15,10],[20,27],[18,5],[20,11],[15,13],[9,11],[24,41],[12,17],[15,5],[25,16],[30,30],[16,11],[29,7],[6,-22],[67,-231],[29,-85],[40,-92],[11,-43],[-1,-26],[-127,-133],[-120,-86],[-100,-46],[49,-174],[3,-13],[-16,-144],[1,-22],[63,-186],[58,-155],[29,-27],[22,-7],[36,-9],[107,-72],[10,-16],[120,-330],[7,-41],[0,-59],[71,2],[29,-11],[9,-8],[27,-10],[87,6],[40,7],[51,-3],[24,-5],[88,-35],[22,5],[15,11],[19,27],[18,41],[29,22],[37,5],[66,-21],[92,-39],[17,-28],[20,-74],[14,-73],[1,-71],[28,-249],[5,-103],[-2,-87],[-10,-119],[2,-36],[-5,-39],[-4,-264],[-28,-286],[-130,-324],[40,-214],[37,-182],[46,-207],[7,-18],[25,-53],[56,-90],[59,-73],[8,-24],[22,-111],[27,-46],[11,-17],[14,-45],[7,-19]],[[32141,74524],[28,-44],[20,-13],[46,-26],[43,-70],[7,-11],[42,-27],[9,-11],[-1,-30],[38,-11],[61,-16],[85,-6],[17,3],[19,7],[34,27],[21,23],[35,48],[27,25],[26,13],[50,10],[103,14],[73,9],[31,-3],[78,-26],[32,0],[32,10],[34,26],[71,79],[46,53],[30,27],[29,15],[29,12]],[[33080,81801],[-124,-109],[-20,174],[-66,138],[-18,97],[-24,93],[-179,194],[-42,253],[-75,313],[-116,442],[12,600],[-5,9],[-91,267],[-61,75],[-41,31],[-27,35]],[[31401,74472],[6,1],[5,0],[9,2],[45,11],[61,16],[26,4],[23,-1],[101,-26],[86,-25],[59,-16],[73,14],[246,72]],[[30506,79138],[-7,-12],[-15,-28],[-6,-22],[5,-44],[-6,-24],[-17,-12],[-14,-16],[4,-21],[15,-10],[4,-21],[-3,-18],[-19,-7],[-16,-12],[-17,-5],[-18,37],[-15,17],[-16,9],[-9,14],[-8,26],[-2,26],[-2,28],[2,34],[12,52],[-4,29],[-21,12],[-34,-2],[-26,2],[-29,15],[-14,4],[-20,8],[-19,1],[-48,-15],[-12,-1],[-40,6],[-29,15],[-17,9],[-17,-4],[-32,2],[-15,17],[-4,24],[-6,24],[-17,11],[-15,-1],[-52,-6],[-16,8],[-16,20],[-17,26],[-22,47],[-11,18],[-36,28],[-12,19],[-4,27],[2,34],[-10,15],[-18,-1],[-17,16],[-13,7],[-15,7],[-11,15],[-13,8],[-19,20],[-11,12],[-7,16],[-2,31],[-3,44],[-14,24],[-16,17],[-12,7],[-10,26],[-7,26],[-12,11],[-21,3],[-23,6],[-19,0],[-19,0],[-18,8],[-16,3],[-23,2],[-19,-5],[-14,-8],[-15,-11],[-37,-30],[-15,-4],[-24,0],[-12,-4],[-17,-13],[-14,-1],[-13,3],[-122,91],[-209,19],[-198,490],[-132,249],[-132,243],[-43,76],[-62,9],[-36,-31],[-25,-10],[-40,-10],[-27,1],[-36,9],[-21,6],[-37,-10],[-14,-3],[-32,8],[-28,23],[-140,37],[-33,-3],[-100,-13],[-21,-7],[-29,-25],[-24,-10],[-59,-55],[-56,-26],[-13,-22],[2,-27]],[[27559,80765],[15,-16],[-22,-87],[-9,-78],[15,-10],[1,-40],[7,-22],[6,-59],[1,-35],[4,-30],[3,-45],[-16,-41],[-22,-39],[-23,-22],[-12,-20],[-20,-64],[-13,-84],[10,-71],[12,-32],[13,-33],[5,-19],[135,-391],[15,-359],[-297,-330]],[[32230,99426],[19,-76],[-26,-50],[11,-78],[26,-53],[-1,-74],[5,-84],[-9,-40],[-12,-67],[-24,-98],[-49,-35],[-21,-41],[-74,-85],[-70,-38],[-78,-72],[-1,-45],[60,-68],[8,-35],[-25,-24],[-32,-21],[4,-23],[41,-22],[7,-58],[6,-50],[-10,-23],[57,-35],[25,-5],[36,-22],[-10,-40],[-20,-34],[-31,-35],[-5,-40],[4,-55],[-15,-54],[-18,-36],[-20,-121],[15,-99],[27,-56],[-27,-50],[-41,-29],[-20,-4],[-25,26],[-19,33],[-40,-48],[-9,-31],[-2,-68],[2,-41],[-9,-79],[0,28],[-37,-113],[-25,-88],[-18,-60],[30,-35],[42,-18],[11,-13],[14,-40],[15,-15],[30,-6],[31,-17],[20,-59],[-36,-22],[-41,-28],[-27,-33],[-37,-14],[-17,8],[-26,31],[-31,4],[-100,66],[-72,-138],[-34,-27],[-53,17],[-60,37],[-28,41],[-7,44],[21,18],[23,9],[-16,19],[-50,12],[-25,-5],[-30,-42],[-55,11],[-19,-6],[-37,2],[-36,-26],[-39,28],[-17,-30],[-15,-7],[-14,0],[-20,-41],[-46,-9],[-49,0],[-13,6],[-20,11],[-4,-37],[-17,-18],[2,-39],[14,-74],[17,-25],[-6,-124],[9,-19],[-2,-27],[17,-36],[-10,-73],[-8,-20],[-15,-9],[-11,-44],[-22,-101],[-12,-67],[-56,-42],[-46,-60],[26,-54],[-22,-52],[6,-38],[-28,-6],[34,-53],[22,-68],[-23,-9],[19,-53],[-21,-26],[-20,4],[-25,-7],[-16,-85],[-20,6],[-88,-28],[-31,-37],[-10,-73],[-38,-67],[0,-25],[10,-52],[-51,-106],[-15,-61],[-62,-88],[-44,-77],[-17,-56],[2,-60],[-24,-477],[89,-259],[-34,-497],[17,-373],[70,-110],[10,-59],[31,-95],[17,-39],[16,-90],[-27,-105],[-15,-30],[4,-93],[17,-18],[29,-18],[25,-3],[-15,-105],[35,-98],[-14,-30],[49,-5],[48,-178],[34,-59],[50,-30],[23,-60],[94,-114],[45,-59],[38,-154],[27,-266],[-30,-90],[-64,-40],[-27,13],[-75,-53],[-27,-103],[-134,-24],[-33,-41],[-87,-28],[-36,-36],[-76,-21],[-31,-58],[-146,-131],[-161,-60],[-75,-103],[-37,-127],[-35,-39],[-38,4],[-74,-70],[-25,-12],[-19,-26],[-34,-141],[-14,-66],[23,-73],[201,46],[128,-73],[44,9],[15,-99],[-87,-165],[-7,-133],[147,-16],[50,-29],[44,120],[89,-75],[138,36],[83,-188],[-64,-77],[-33,-69],[61,-170],[-42,-39],[-66,-37],[7,-125],[-70,-248],[-19,-264],[102,-110],[52,-382],[-8,-108],[-93,-76],[-207,-100],[-90,-154],[-16,-68],[113,6],[53,25],[44,0],[32,-13],[22,-110],[-94,-125],[-142,-242],[29,-132]],[[30165,86823],[8,-13],[6,-171],[76,-120],[14,-100],[-44,-93],[42,-138],[80,-51],[-1,-191],[53,-81],[27,-108],[-54,-60],[7,-91],[0,-175],[18,16],[22,8],[17,20],[8,14],[3,45],[10,38],[12,31],[37,51],[23,20],[25,60],[3,-94],[-6,-59],[1,-32],[12,-44],[-9,-52],[-2,-44],[-6,-48],[-3,-84],[33,-52],[54,-49],[20,-17],[37,-8],[48,17],[26,27],[74,10],[21,25],[57,29],[14,29],[-2,31],[-26,49],[6,19],[40,9],[49,-8],[21,10],[17,32],[0,38],[17,16],[29,-37],[31,-12],[36,4],[43,-17],[23,17],[22,25],[30,18],[35,-1],[63,-8],[49,-50],[63,-98],[16,-61],[29,-46],[18,-66],[34,-64],[36,-42],[140,-101],[26,-24],[27,-41],[24,-74],[19,-51],[25,-31],[19,-16],[83,-27],[111,-137],[18,-86]],[[32203,84413],[-64,101],[40,228],[12,59],[18,95],[102,381],[106,571],[20,620],[-15,365],[-38,362],[59,143],[62,70],[-21,109],[-58,266],[-4,88],[-27,181],[6,194],[12,131],[14,25],[3,31],[-8,41],[-80,144],[-75,243],[-105,437],[-66,395],[-45,214],[-51,241],[-39,210],[22,-12],[21,-22],[32,-4],[19,14],[17,56],[7,55],[0,64],[-2,41],[12,53],[-2,27],[-10,27],[-27,55],[-6,21],[0,17],[6,35],[2,21],[-4,36],[7,58],[18,146],[-1,22],[-3,35],[111,3],[121,3],[88,3],[548,-84],[203,-158],[387,-219],[175,70],[257,102],[19,7],[219,109],[218,110],[129,62]],[[35384,94681],[-3,4],[-25,35],[-15,18],[-19,12],[-28,-2],[-13,-8],[-15,-34],[-1,-22],[-2,-27],[7,-86],[-4,-37],[-10,-46],[-12,-33],[-11,-23],[-17,-16],[-22,-18],[-11,-6],[-19,3],[-4,17],[4,40],[9,46],[-6,20],[-10,13],[-19,6],[-14,-1],[-13,-18],[-4,-26],[-14,-49],[-7,-16],[-9,-17],[-16,-28],[-4,-19],[-2,-27],[-7,-24],[-10,-15],[-16,-9],[-25,-26],[-28,-23],[-14,-17],[-20,-31],[-10,-23],[-31,-45],[-10,-23],[-13,-16],[-15,1],[-15,6],[-18,48],[-9,23],[-15,13],[-34,10],[-12,15],[-13,6],[-14,11],[-22,76],[-16,10],[-16,-11],[-13,-12],[-16,-2],[-14,10],[-26,28],[-42,39],[-12,8],[-14,6],[-14,-3],[-18,9],[-11,33],[-13,19],[-19,5],[-19,0],[-29,26],[-14,8],[-15,0],[-19,-12],[-9,-26],[4,-41],[0,-19],[-12,-15],[-31,-9],[-15,-9],[-13,-18],[2,-28],[4,-14],[-2,-20],[-7,-16],[-13,-4],[-13,5],[-9,20],[3,46],[-8,15],[-19,9],[-15,-5],[-30,-20],[-21,-22],[-25,-38],[-13,12],[4,25],[-2,26],[-13,5],[-10,-13],[-8,-19],[-9,-12],[-12,-1],[-17,1],[-13,5],[-33,16],[-19,7],[-26,-9],[-23,-46],[-17,-20],[-16,4],[-11,16],[-12,23],[-11,16],[-12,7],[-17,1],[-56,29],[-19,-14],[-32,-10],[-54,-4],[-16,11],[-18,40],[-19,36],[-63,12],[-98,23],[-55,62],[-45,93],[-42,179],[-11,60],[18,109],[0,21],[-17,35],[-1,22],[15,46],[-3,18],[-23,6],[-21,12],[-16,16],[-39,61],[-4,21],[9,82],[19,65],[4,24],[6,24],[12,81],[5,17],[14,22],[29,17],[14,11],[9,10],[48,77],[10,10],[18,13],[17,4],[30,-2],[18,-9],[23,-8],[18,0],[9,2],[22,11],[12,12],[46,80],[36,60],[39,39],[38,36],[35,29],[49,11],[34,2],[25,-16],[21,-28],[16,-46],[8,-11],[23,-4],[14,4],[86,41],[20,12],[13,10],[23,24],[25,35],[23,55],[30,44],[13,24],[6,22],[25,171],[12,35],[17,23],[29,29],[15,20],[9,21],[7,30],[3,70],[-2,41],[-4,41],[8,40],[-13,29],[11,10],[19,-5],[18,-3],[17,9],[18,17],[5,15],[-21,35],[-24,30],[-3,15],[14,110],[24,62],[18,0],[30,19],[37,63],[-9,16],[-23,15],[-13,15],[-3,23],[-14,31],[-22,3],[-23,-11],[-22,-1],[-38,35],[-10,22],[-246,839],[-366,439],[-40,10],[-403,332],[-100,116],[-75,190],[0,40]],[[33057,99100],[-6,7],[-3,-1],[-5,5],[-3,-3],[-2,-5],[1,-19],[-8,-1],[-3,-6],[-11,1],[-6,12],[-15,-2],[-13,-14],[-8,-19],[-6,-5],[-3,-9],[-13,1],[-1,-9],[-9,-4],[-2,-9],[-5,-11],[6,-25],[-6,-10],[-2,-18],[-6,-34],[-7,-37],[-7,-45],[-4,-37],[-11,-4],[-17,-3],[-6,-12],[-11,-3],[5,-10],[6,-28],[-8,-18],[3,-17],[-19,-5],[-19,8],[-11,-1],[-28,0],[-27,5],[-21,5],[-42,12],[-19,4],[-49,11],[-21,6],[-40,29],[-12,18],[-10,12],[-9,4],[-10,5],[-12,9],[-33,39],[-13,23],[-6,14],[-11,40],[-10,50],[-4,12],[-2,11],[4,31],[1,13],[10,32],[11,57],[-4,41],[-6,27],[1,10],[8,25],[2,9],[-3,8],[-14,23],[-25,14],[-18,15],[-16,15],[-8,2],[-15,-5],[-6,0],[-34,14],[-44,14],[-26,38],[-16,22],[-15,2]],[[23786,89452],[11,19],[14,9],[26,5],[13,40],[20,5],[8,-18],[19,2],[11,20],[20,-4],[25,-8],[12,6],[15,2],[16,9],[23,-3],[16,-16],[16,-22],[26,8],[12,-21],[19,0],[15,17],[19,12],[22,-3],[15,-48],[19,-16],[-3,-33],[17,-12],[5,-20],[13,-25],[31,-7],[21,9],[5,20],[10,8],[23,9],[62,36],[33,29],[17,50],[1,30],[-15,11],[-32,59],[-53,91],[-20,32],[-9,28],[-2,16],[0,70],[6,19],[48,41],[20,8],[25,2],[22,12],[7,14],[16,18],[18,83],[1,59],[-7,30],[-44,27],[-21,33],[-1,23],[3,32],[14,94],[-2,39],[74,60],[309,1],[153,-16],[24,-3],[36,1],[25,5],[30,6],[19,11],[13,27],[6,26],[20,13],[6,27],[13,19],[22,14],[1,25],[12,7],[19,8],[8,12],[10,21],[19,0],[16,10],[15,-8],[18,-5],[24,-29],[19,-27],[11,-15],[14,-1],[12,-20],[19,-14],[16,-22],[5,-23],[29,-27],[20,-10],[21,2],[14,3],[42,24],[32,40],[30,17],[8,14],[40,29],[15,6],[27,-31],[11,-31],[0,-30],[14,-26],[-4,-30],[2,-32],[9,-18],[-7,-23],[-21,-7],[-24,-19],[-10,-26],[1,-26],[-1,-18],[-5,-25],[-5,-23],[-8,-30],[-3,-24],[-9,-26],[12,-31],[13,-22],[-9,-45],[0,-22],[10,-42],[-18,-25],[-25,-13],[-16,-19],[-11,-20],[-10,-24],[-9,-14],[-18,-18],[-12,-30],[2,-20],[-9,-39],[-13,-11],[-15,-42],[-9,-22],[-13,-21],[-23,-13],[-10,-53],[0,-26],[12,-88],[4,-53],[29,-98],[19,-38],[14,-14],[28,-5],[31,-20],[69,-108],[16,-10],[17,-2],[5,34],[-6,49],[13,87],[31,1],[0,-26],[331,-75],[483,14],[140,4],[122,60],[158,-1],[233,-597],[88,-157],[179,-319],[50,-88],[251,-207]],[[27747,87916],[7,30],[131,266],[51,240],[166,0],[163,-92],[-21,-383]],[[28244,87977],[114,177],[21,561],[-7,507],[-71,270],[-54,144],[14,149],[36,208],[-9,193],[-33,83],[39,19],[-13,72],[-62,9],[-72,88],[-29,117],[9,150],[-27,41],[-117,50],[-45,69],[-22,40],[11,48],[114,14],[26,14],[13,24],[-26,70],[51,101],[-5,63],[-39,88],[-46,-19],[-19,0],[-23,181],[-35,20],[-27,32],[-21,65],[5,57],[20,85],[-10,48],[-23,19],[-43,-7],[-47,-7],[-37,-10],[-18,36],[0,99],[14,62],[85,106],[16,76],[57,6],[18,29],[32,35],[30,38],[21,23],[7,32],[-30,40],[-26,-17],[-44,29],[5,79],[34,27],[8,36],[-56,55],[-17,59],[-70,57],[-17,-13],[-35,-1],[-14,60],[40,51],[28,51],[36,50],[36,56],[80,331],[-18,16],[-19,2],[-25,31],[-7,37],[55,5],[-7,38],[12,80],[-52,97],[-22,85],[11,87],[12,65],[44,27],[44,-40],[26,24],[71,219],[-6,55],[-61,65],[-40,73],[-12,66],[20,97],[5,95],[1,18]],[[28007,94544],[-24,34],[-4,12],[1,13],[0,5],[-10,16],[-1,7],[-1,8],[-5,72],[5,1],[1,11],[12,1],[-2,30],[29,5],[-1,10],[-29,-6],[-17,-2],[-5,-1],[-7,4],[-13,18],[-4,2],[-6,-2],[-28,-32],[-10,-21],[-1,-35],[-7,-35],[-11,-24],[-10,-11],[-32,-17],[-28,-27],[-16,-35],[-20,-62],[-13,-70],[-2,-12],[-8,-12],[-28,-21],[-51,-67],[-19,-6],[-36,-2],[-50,106],[-3,1],[-2,-1],[-2,-1],[-1,-2],[0,-3],[1,-4],[7,-17],[-6,-5],[19,-43],[-46,-40],[1,-2],[-58,-53],[1,-4],[3,-5],[64,56],[9,-21],[8,-19],[-17,-16],[-13,-12],[-14,-12],[-14,-12],[-14,-12],[-20,-16],[-19,40],[-1,1],[-65,-55],[-32,72],[-1,2],[0,2],[0,2],[1,3],[5,5],[-4,9],[-3,6],[1,2],[-1,2],[4,4],[2,-3],[65,56],[-11,25],[-76,-65],[-3,0],[-4,2],[-9,24],[0,5],[0,5],[13,48],[0,2],[2,2],[-1,4],[74,72],[3,3],[1,0],[-4,7],[-4,8],[0,1],[171,152],[5,-7],[9,-1],[6,3],[5,4],[5,8],[1,9],[0,8],[-3,9],[-4,6],[-5,3],[-6,2],[-6,0],[-162,-148],[-112,-106],[-13,-21],[-11,-25],[-4,-25],[-2,-31],[1,-23],[4,-34],[34,-80],[-6,-19],[-5,-4],[-8,-12],[-9,-7],[-13,-6],[-6,1],[-5,3],[-4,5],[-4,8],[-1,8],[-4,3],[-5,-2],[-7,5],[-15,-9],[1,-15],[-7,-4],[-4,-10],[1,-6],[-2,-1],[2,-18],[2,-8],[-7,-20],[-17,-24],[-17,-23],[-17,-22],[-45,-51],[-47,-46],[-46,-33],[-66,-31],[-36,-24],[-31,-40],[-41,-29],[-63,-30],[-76,-37],[-37,-8],[-30,-2],[-19,-2],[-24,-22],[-49,-28],[-24,1],[-23,5],[-22,25],[-19,14],[-8,-25],[-22,-45],[-35,-31],[-45,-24],[-37,-16],[-25,-1],[-37,-8],[-60,-1],[-20,16],[-69,56],[-25,23],[-21,24],[-31,16],[-23,19],[-29,15],[-32,9],[-25,3],[-25,-2],[-70,0],[-14,1],[-10,-3],[-12,-10],[-12,-3],[-34,0],[-50,14],[-48,24],[-25,24],[-34,44],[-24,44],[-9,10],[-10,7],[-15,0],[-58,2],[-90,28],[-22,0],[-14,-9],[-13,-1],[-16,6],[-13,4],[-19,0],[-15,-3],[-21,8],[-17,7],[-17,2],[-18,-5],[-41,-14],[-49,-44],[-28,-8],[-13,-14],[-11,-15],[-9,-10],[-8,-10],[-11,-7],[-22,-24],[-31,-15],[-34,-15],[-40,-21],[-65,-39],[-46,-17],[-10,3],[-9,19],[-7,4],[-6,-2],[-9,-8],[-14,-9],[-12,1],[-7,4],[-8,0],[-14,-10],[-16,-11],[-32,-13],[-38,-32],[-26,-35],[-22,-21],[-11,-10],[-13,-11],[-43,-39],[-43,-39],[-128,-74],[-61,-23],[-44,-13],[-51,-2],[-33,4],[-50,16],[-24,14],[-36,35],[-7,12],[-25,49],[-6,3],[-19,5],[-20,17],[-4,9],[-4,7],[-10,8],[-13,1],[-63,39],[-25,15],[-8,1],[-14,-8],[-17,-3],[-11,5],[-16,8],[-33,-4],[-19,-7],[-56,2],[-35,3],[-8,3],[-20,20],[-24,35],[-15,15],[-32,13],[-11,8],[-12,11],[-6,8],[-7,9],[-18,18],[-24,7],[-36,-4],[-12,8],[-13,18],[-8,1],[-15,-9],[-23,-1],[-20,5],[-40,26],[-32,31],[-23,38],[-11,49],[-13,31],[-15,22],[-3,6],[-15,28],[-9,42],[-6,7],[-3,5],[-1,18],[0,4],[-2,22],[-2,5],[-3,-2],[-2,-3],[2,-24],[1,-17],[-3,-4],[-12,-3],[-27,0],[-18,10],[-9,20],[-10,13],[-20,2],[-34,10],[-11,-1],[-24,-17],[-27,-29],[-11,0],[-5,5],[-4,8],[-7,36],[-20,32],[-8,5],[-5,-1],[-16,-14],[-11,-2],[-11,3],[-7,8],[-6,55],[-1,4],[-2,0],[-2,-2],[0,-3],[6,-36],[-1,-5],[-3,2],[-19,20],[-13,6],[-2,4],[1,12],[-2,1],[-2,-2],[-8,-21],[-8,-5],[-13,2],[-26,9],[-9,5],[-8,4],[-4,-2],[-6,-19],[-6,-24],[-4,-14],[-7,-6],[-11,-1],[-3,0],[-1,-2],[1,-11],[-3,-2],[-6,0],[-7,-6],[-19,-31],[-10,-11],[-13,-5],[-7,-4],[-10,-14],[-19,-24],[-11,-19],[-3,-7],[-1,-13],[-5,-8],[-32,-34],[-41,-30],[-22,-7],[-15,-1],[-9,-2],[-16,-17],[-13,-12],[-7,-6],[-4,-7],[-8,-12],[-16,-27],[-7,-11],[-8,-12],[-10,-13],[-30,-33],[-22,-15],[-22,-11],[-57,-23],[-44,-3],[-11,10],[-1,1],[-14,11],[-17,4],[-9,-1],[-17,-12],[-16,-11],[-9,-5],[-8,-5],[-19,-30],[-11,-23],[-23,-32],[-39,-39],[-25,-17],[-22,-7],[-24,-1],[-12,3],[-6,3],[0,8],[0,8],[1,15],[0,4],[-1,0],[-2,0],[-3,-9],[-1,-6],[-3,-8],[-4,-11],[-13,-7],[-7,-6],[-1,-1],[-7,4],[-1,2],[1,4],[1,3],[1,3],[2,3],[11,13],[14,18],[4,7],[2,4],[-3,5],[-3,3],[-5,-3],[-18,-21],[-15,-8],[-21,-6],[-17,4],[-9,6],[-20,18],[-14,8],[-14,1],[-2,-3],[-4,-21],[-11,-24],[-19,-18],[-13,-3],[-34,4],[-14,-1],[-46,-28],[-11,-1],[-6,2],[-12,9],[-21,19],[-6,12],[-6,13],[-7,9],[-7,8],[-9,17],[-8,27],[-10,12],[-11,0],[-9,-4],[-12,-15],[-32,-23],[-14,-16],[-15,-24],[-6,-21],[-4,-17],[0,-41],[2,-10],[8,-9],[2,-9],[-1,-15],[-15,-38],[-13,-52],[-5,-23],[2,-21]],[[21367,93195],[12,-23],[4,-64],[11,-69],[22,-63],[55,-71],[35,-91],[20,-67],[72,-30],[6,-17],[8,-45],[40,-45],[52,-129],[-12,-74],[-1,-37],[-7,-16]],[[21684,92354],[-1,-10],[-2,-12],[7,-29],[10,-25],[10,-20],[8,-17],[17,-12],[12,-30],[1,-32],[23,-57],[-1,-28],[52,-102],[78,-182],[3,23],[23,6],[3,22],[13,23],[25,0],[22,-1],[15,25],[18,-12],[1,-22],[16,-10],[117,67],[97,51],[6,-19],[18,-19],[19,-10],[21,-22],[12,-22],[45,-8],[18,-19],[16,-24],[39,-34],[17,-22],[25,-53],[1,-21],[6,-22],[57,-93],[12,-28],[4,-26],[12,-64],[21,-196],[4,-148],[-4,-37],[-11,-18],[-13,-46],[-11,-62],[-2,-27],[3,-38],[7,-22],[40,-88],[20,-105],[47,-107],[21,-43],[20,-30],[27,-7],[39,-18],[15,-23],[14,-10],[28,-43],[17,-7],[13,-2],[18,12],[32,-3],[77,-16],[25,-15],[47,-36],[40,-22],[21,-15],[15,-24],[7,-19],[13,-28],[3,-23],[0,-37],[11,-29],[9,-24],[11,-19],[33,-25],[24,-17],[10,-20],[-3,-45],[3,-49],[11,-25],[25,-102],[34,-42],[18,-14],[19,-11],[23,-7],[10,-12],[9,-40],[10,-29],[15,-4],[22,31],[44,23],[24,19],[17,-4],[63,-83],[51,-69],[121,-112]],[[31201,99186],[-3,-5],[-2,-9],[1,-9],[1,-5],[3,-4],[0,-2],[-2,-3],[-1,-14],[4,-18],[6,-18],[9,1],[4,2],[3,8],[0,13],[-6,33],[-7,29],[-4,3],[-6,-2]],[[31190,99213],[-1,-3],[1,-2],[2,1],[1,2],[0,3],[-1,1],[-2,0],[0,-2]],[[31208,99232],[-9,-28],[0,-9],[5,-4],[4,1],[4,3],[2,3],[7,24],[0,5],[-3,7],[-5,1],[-5,-3]],[[28007,94544],[26,-25],[40,-19],[34,-6],[53,5],[82,34],[48,33],[54,65],[57,69],[-2,10],[0,13],[1,13],[6,17],[6,13],[50,104],[7,10],[12,14],[8,3],[5,6],[28,29],[18,21],[13,14],[16,17],[26,25],[29,32],[27,40],[5,6],[7,4],[6,2],[6,3],[10,6],[5,3],[4,5],[4,5],[1,5],[-1,4],[1,4],[2,1],[5,-2],[2,4],[0,3],[1,6],[-4,3],[0,6],[-2,3],[1,5],[-2,2],[-1,5],[4,9],[15,15],[5,6],[51,18],[4,3],[2,4],[0,11],[-258,411],[-3,0],[-9,-14],[-1,-2],[-2,0],[-1,1],[-2,3],[-2,1],[-1,2],[-1,2],[0,3],[34,62],[11,23],[14,34],[161,549],[54,178],[23,75],[64,115],[79,135],[71,123],[26,54],[35,117],[1,1],[1,1],[1,1],[2,0],[2,-2],[3,0],[1,-2],[1,-1],[0,-2],[0,-1],[-36,-123],[-25,-52],[-68,-114],[-74,-129],[-4,-6],[39,-43],[0,-6],[-3,-4],[-4,-3],[-39,44],[-25,-43],[5,-7],[-29,-54],[-14,-32],[-33,-106],[-23,-78],[-8,-25],[-1,-19],[-40,-137],[-49,-163],[-55,-184],[-23,-79],[-21,-52],[2,-63],[111,-174],[2,1],[10,11],[-5,7],[6,8],[89,-135],[9,12],[7,-10],[28,49],[-39,48],[-1,-1],[-1,-1],[-3,1],[-86,106],[362,581],[235,382],[238,383],[0,2],[0,2],[1,2],[0,1],[2,11],[-3,2],[1,7],[2,2],[0,9],[-2,3],[1,5],[2,5],[-1,5],[-5,0],[-13,26],[-54,109],[-3,4],[-5,-3],[-44,-43],[-91,-91],[-66,-95],[-15,-24],[-10,-25],[-6,-9],[-2,-4],[-4,-2],[-3,-1],[-4,0],[-3,3],[-3,3],[-1,3],[-1,3],[0,6],[4,9],[3,4],[6,7],[75,111],[26,39],[173,163],[59,56],[-1,10],[3,32],[4,65],[6,3],[7,-3],[-6,-113],[-7,-128],[-4,-86],[-1,-3],[-1,-2],[-1,-3],[0,-8],[1,-1],[0,-1],[1,-2],[0,-2],[-2,-3],[-2,-3],[1,-7],[2,-2],[-2,-8],[-1,-3],[0,-7],[1,-2],[0,-8],[-3,-4],[1,-5],[2,-4],[-2,-13],[2,-3],[7,-15],[4,-7],[1,-6],[7,-18],[6,-18],[28,-65],[6,5],[-4,10],[5,2],[5,4],[6,4],[4,-9],[2,2],[3,2],[4,1],[4,-1],[4,-1],[11,-2],[10,-1],[5,0],[5,1],[-2,10],[6,3],[6,2],[5,2],[6,3],[5,3],[2,-8],[4,1],[5,1],[12,4],[11,7],[8,6],[24,26],[6,6],[3,4],[-3,9],[5,5],[5,4],[4,4],[6,5],[5,4],[4,-7],[3,2],[31,26],[19,25],[7,15],[8,21],[5,15],[3,8],[-7,2],[1,9],[2,9],[1,7],[1,8],[2,9],[7,-3],[3,19],[3,11],[3,20],[0,10],[-1,8],[-2,10],[-12,25],[-2,4],[-7,0],[-1,9],[0,8],[0,7],[7,0],[0,13],[-8,0],[-4,3],[-24,-1],[-33,1],[-50,-6],[-36,-11],[-5,-5],[-11,-4],[-9,0],[-4,4],[-1,4],[0,4],[1,3],[9,5],[53,18],[57,9],[116,1],[72,-3],[22,5],[18,7],[40,31],[30,29],[14,15],[14,15],[14,32],[14,36],[17,50],[0,4],[0,3],[-1,8],[-3,10],[-5,12],[-1,10],[10,122],[8,97],[16,87],[25,87],[24,64],[28,56],[16,25],[22,27],[-2,4],[-2,4],[0,4],[94,116],[170,199],[54,62],[29,24],[43,18],[4,-13],[-2,-3],[-33,-13],[-29,-23],[-52,-58],[5,-9],[5,5],[0,1],[1,0],[1,1],[1,0],[1,0],[0,-1],[1,0],[1,-1],[0,-1],[1,-1],[0,-1],[0,-1],[0,-1],[0,-1],[0,-1],[-6,-7],[0,1],[-1,0],[-1,-1],[0,1],[-1,0],[-1,1],[0,-2],[0,-1],[0,-1],[0,-1],[0,-1],[-3,-4],[-2,0],[-11,-14],[-2,0],[-1,-1],[0,-3],[0,-1],[-6,-7],[0,1],[-1,-1],[-1,0],[-1,1],[-1,0],[0,1],[-1,2],[0,1],[-1,2],[1,1],[0,1],[0,1],[1,1],[1,1],[4,5],[-4,7],[-78,-89],[-28,-33],[-45,-53],[2,-33],[1,-12],[-3,-10],[-16,-23],[0,-5],[1,-3],[9,-9],[2,-1],[1,1],[1,0],[1,1],[1,-1],[1,0],[1,-1],[1,-1],[0,-1],[0,-1],[0,-4],[-1,-3],[-9,-17],[-130,-245],[5,-6],[5,-5],[-6,-9],[1,-3],[1,-2],[1,-1],[25,-29],[2,-2],[2,1],[5,9],[24,-27],[63,107],[12,-14],[11,-13],[-63,-107],[21,-25],[-5,-8],[16,-18],[2,-4],[4,-12],[2,-3],[51,-57],[8,11],[252,366],[256,375],[7,10],[-34,45],[-116,-88],[-1,4],[5,3],[-2,4],[-5,0],[-1,2],[-3,-2],[-2,-3],[-2,-1],[-3,1],[-1,-1],[0,-4],[0,-2],[-2,-2],[-1,-1],[0,-2],[-2,-2],[-2,0],[-1,-1],[0,-3],[0,-3],[-3,-5],[-9,-16],[-2,0],[-1,0],[-2,2],[-1,1],[0,3],[1,3],[7,14],[3,5],[2,2],[2,0],[1,0],[0,1],[-1,3],[0,1],[4,7],[1,1],[1,1],[2,0],[1,1],[-2,2],[-1,1],[-1,2],[0,2],[0,2],[1,1],[1,1],[1,1],[3,0],[1,-2],[1,-1],[2,1],[10,16],[18,25],[20,21],[24,16],[24,10],[19,7],[25,5],[22,-10],[15,-10],[2,-2],[3,2],[1,2],[1,38],[1,12],[1,2],[5,-2],[3,-1],[1,1],[0,2],[-3,38],[-4,12],[-4,24],[-1,20],[2,13],[3,9],[9,15],[8,16],[11,39],[8,23],[25,38],[14,24],[11,20],[12,26],[5,26],[11,29],[17,23],[5,6],[10,17],[5,15],[1,15],[3,9],[5,17],[3,9],[1,10],[2,21],[1,10],[-3,13],[-13,32],[-1,13],[5,12],[5,6],[14,11],[10,3],[4,-1],[4,-3],[14,-27],[19,-28],[27,-46],[2,-17],[1,-15],[2,-9],[19,-37],[6,-4],[32,-8],[53,-5],[69,5],[67,21],[26,19],[25,30],[12,27],[-4,13],[1,2],[2,2],[3,-1],[2,-6],[-1,-2],[2,-5],[6,-17],[4,3],[-1,3],[8,6],[1,-3],[13,9],[0,10],[1,15],[0,8],[3,1],[1,8],[0,1],[-13,1],[-4,2],[-2,2],[0,3],[0,3],[-51,-26],[-7,-3],[-3,5],[-1,3],[1,2],[6,4],[41,21],[27,13],[15,2],[13,-1],[3,9],[6,13],[6,11],[42,58],[19,43],[15,30],[14,14],[8,6],[27,10],[18,15],[10,12],[4,16],[2,24],[1,12],[3,13],[30,51],[27,34],[10,27],[5,17],[9,14],[17,7],[19,-3],[13,-5],[14,-9],[20,-18],[24,-14],[11,-7],[13,-4],[19,3],[26,7],[16,14],[28,25],[10,6],[16,9],[28,7],[20,-1],[26,-1],[21,-9],[4,-11]],[[30165,86823],[-182,73],[-104,113],[-82,56],[-674,35],[-353,41],[-155,312],[-204,133],[-118,132],[-49,126],[2,62],[-2,71]],[[27559,80765],[-21,15],[-20,34],[-12,19],[-17,26],[-17,23],[-36,28],[-44,28],[-20,28],[-11,28],[-16,49],[-24,61],[-2,42],[-6,23],[-2,19],[1,33],[-2,20],[6,23],[-25,22],[-25,7],[-27,33],[-23,18],[-20,32],[-6,30],[-17,19],[-60,154],[13,176],[-154,139],[-33,15],[-9,37],[-18,81],[-31,19],[-19,72],[-22,71],[-13,74],[-38,76],[-37,41],[-43,22],[-72,-10],[-31,-38],[-31,-149],[-68,-72],[-100,-45],[-78,-18],[-51,-2],[-101,-23],[-30,12],[-24,3],[-24,-23],[-24,-38],[-50,15],[-38,48],[2,21],[6,20],[2,27],[-20,42],[-51,21],[-64,154],[-5,33],[1,63],[-29,44],[-60,53],[-9,13],[-17,50],[-19,79],[-3,55],[-12,54],[-44,55]],[[25665,82846],[-19,-23],[4,-33],[-24,-58],[-31,-12],[-17,7],[-36,-6],[-24,-14],[-30,-30],[-30,-30],[-18,-8],[-36,-7],[-46,-44],[-160,-13],[-104,-36],[-238,144],[-229,38],[-136,25],[-32,-8],[-158,14],[-202,-4],[-91,-14],[-199,-23],[-378,-83],[-257,-7],[-206,-50],[-166,-51],[-169,-55],[-228,31],[-22,27],[-14,9],[-100,-110],[-73,108],[-70,100],[-90,90],[-182,127],[-207,148],[-24,21],[-120,141],[-149,177],[-14,20],[-21,40],[-38,131],[-53,189],[-32,118],[-50,155],[-45,142],[-15,66],[3,47],[-18,24],[-47,230],[-13,49],[-10,12]],[[21001,84557],[-14,-13],[-15,-13],[-21,2],[-23,-10],[-13,-1],[-30,-6],[-11,-23],[-21,11],[-29,5],[-35,-11],[-40,-33],[-31,-37],[-21,-37],[-22,-21],[-13,-9],[-57,-16],[-26,-10],[-23,-9],[-23,-2],[-15,-7],[-36,-22],[-28,-27],[-15,-18],[-39,-12],[-19,-13],[-5,-22],[-5,-30]],[[20371,84173],[6,-4],[6,-17],[5,-20],[10,-20],[-14,-21],[1,-58],[-2,-20],[-10,-17],[-7,-31],[-7,-17],[-10,-29],[1,-18],[10,-23],[16,-13],[12,-15],[-7,-30],[-8,-41],[-11,-43],[3,-46],[15,-18],[12,-19],[-6,-17],[-5,-23],[6,-18],[-9,-56],[15,-19],[13,-11],[6,-27],[34,-21],[11,-24],[0,-41],[-15,-18],[1,-24],[7,-23],[3,-34],[1,-33],[24,-26],[17,-25],[12,-28],[9,-22],[15,-7],[11,-24],[16,2],[3,-22],[14,-16],[4,-17],[1,-12],[0,-19],[4,-20],[0,-26],[-3,-23],[11,-36],[-1,-32],[20,-70],[18,-3]],[[16320,80449],[-60,34],[-32,44],[-62,-1],[30,71],[-7,60],[39,41],[-28,294],[-90,11],[66,286],[16,32],[45,40],[14,45],[-8,91],[-29,23],[-53,93],[40,183],[12,171],[30,45],[16,35],[25,92],[34,76],[11,78],[52,75],[35,32],[25,54],[56,1],[68,96],[44,52],[33,57],[23,86],[-16,45],[-21,35],[-4,42],[-3,33]],[[16621,82901],[-8,39],[16,56],[14,1],[-3,50],[23,36],[11,35],[41,13],[3,46],[-13,27],[-5,59],[21,26],[-14,48],[16,40],[-21,42],[-8,35],[18,55],[30,35],[-2,82],[12,50],[76,88],[68,-1],[62,29],[46,71],[-121,15],[-73,-24],[-54,-8],[-81,45],[-30,47],[-36,98],[-19,60],[7,88],[11,-3],[20,-11],[19,-3],[19,17],[8,25],[43,67]],[[16717,84276],[66,84],[13,111],[10,117],[19,26],[12,22],[-12,125],[-8,147],[19,-4],[59,0],[209,61],[26,70],[34,61],[9,33],[32,59],[36,1],[36,-40],[163,-227],[46,-66],[53,-89],[31,-34],[28,50],[164,136],[52,3],[82,-3],[13,4],[23,35],[15,22],[19,44],[19,70],[7,100],[3,74],[-3,66],[1,45],[7,48],[0,69],[-5,57],[-13,46],[-2,65],[3,79],[17,92],[-24,119],[-5,44],[12,96],[25,102],[13,42],[41,131],[21,47],[90,42],[45,78],[36,59],[42,118],[60,95],[582,-62],[346,-26],[123,-12],[194,-48]],[[19601,86660],[8,-34],[-81,-457],[-24,-404],[-13,-293],[-8,-249],[28,-214],[201,-356],[82,-187],[79,-185],[197,-122],[51,10],[250,4]],[[25665,82846],[31,19],[55,40],[17,13],[36,1],[78,44],[31,6],[13,10],[15,4],[18,-1],[32,24],[15,36],[20,20],[34,20],[13,14],[24,12],[16,10],[21,-1],[39,-24],[20,-27],[5,-14],[15,-2],[21,16],[29,-29],[11,0],[19,19],[21,0],[19,28],[17,13],[88,41],[29,66],[7,29],[-4,35],[10,27],[0,38],[-5,37],[8,32],[4,25],[3,58],[13,22],[12,13],[24,76],[16,15],[7,99],[18,16],[17,-24],[18,-1],[11,15],[23,7],[10,11],[15,4],[35,71],[23,30],[31,23],[40,43],[11,26],[33,25],[28,37],[54,30],[6,23],[-2,19],[-33,86],[-2,116],[-28,195],[-44,73],[-14,42],[-38,44],[-53,106],[-38,164],[44,388],[-5,22],[3,29],[10,16],[16,2],[12,10],[17,27],[12,39],[13,38],[-2,66],[-17,33],[14,62],[11,25],[22,31],[48,20],[39,0],[20,19],[14,4],[21,-15],[28,-10],[19,-9],[25,2],[15,-7],[15,7],[34,-43],[22,-4],[41,-45],[67,-26],[29,-29],[20,-3],[33,-16],[16,-2],[40,16],[24,8],[40,7],[23,11],[60,4],[43,38],[49,35],[26,6],[38,46],[66,63],[42,3],[19,18],[18,42],[13,16],[10,35],[4,69],[-11,101],[-77,247],[-18,92],[1,33],[-14,78],[2,137],[14,1],[-21,359],[13,437],[4,492]],[[23786,89452],[64,-4],[31,-8],[15,-12],[-116,-85],[-327,-304],[-479,-446],[-192,-394],[-237,-511],[-19,-207],[-199,-552],[-433,-394],[-20,5],[-10,-15],[-7,-25],[-5,-27],[-16,-19],[-10,-25],[-3,-25],[1,-38],[-9,-14],[-17,-11],[-21,-4],[-21,-9],[-24,-40],[6,-28],[-4,-77],[-8,-29],[-34,-16],[-18,7],[-16,-16],[-10,-54],[-13,-20],[-4,-19],[-27,-37],[-19,-29],[-14,-15],[-6,-23],[-6,-31],[-8,-27],[8,-37],[-1,-22],[4,-21],[14,-11],[15,-17],[34,-21],[29,-27],[10,-23],[18,-20],[22,-4],[-5,-22],[-19,-26],[-10,-32],[-14,-26],[7,-20],[13,-67],[16,-24],[-1,-37],[-4,-39],[-8,-36],[12,-44],[3,-29],[-6,-29],[-9,-23],[-11,-33],[-20,-29],[-9,-14],[-2,-18],[5,-38],[9,-34],[1,-64],[-11,-54],[-17,-36],[-33,-20],[-15,-67],[-23,-24],[-11,-34],[-14,-14],[-33,-2],[-14,-13],[-41,-27],[-18,9],[-35,-8],[-31,10],[-32,7],[-23,7],[-53,-8],[-58,-3],[-29,0],[-15,7],[-32,-5],[-127,-51],[-15,-22],[11,-18],[20,-46],[-2,-18]],[[27210,63074],[-47,-216],[48,-275],[46,-925],[-10,-80],[37,-121],[1,-65],[-14,-25],[18,-162],[53,-237],[97,-269],[56,-131],[262,-839],[211,-463],[85,-108],[55,-130],[34,-416],[92,-431],[61,-706],[16,-95],[27,-59],[26,-15],[30,-36],[24,-18],[4,-78],[4,-20],[13,-30],[9,-50],[12,-104],[23,-38],[18,-74],[23,-57],[12,-47],[14,-51],[7,-26],[4,-43],[14,-27],[0,-93],[6,-55],[12,-29],[12,-33],[21,-3],[35,-112],[-24,-62],[-15,-107],[-1,-21],[5,-50],[-5,-32],[1,-17],[23,-46],[1,-22],[-49,-88],[37,-70],[12,-37],[24,-63],[2,-27],[12,-44],[22,-54],[31,-62],[7,-43],[14,-31],[17,-36],[12,-16],[14,-17],[7,-22],[15,-39],[8,-39],[7,-29],[20,-17],[3,-27],[1,-38],[13,-47],[-4,-36],[-21,-73],[14,-96],[12,-33],[1,-53],[0,-23],[2,-27],[14,-58],[-48,-248],[-84,-51],[-53,-10],[-95,38],[-97,-24],[-42,24],[-22,-7],[-42,23],[-26,37],[-32,20],[-31,46],[-35,-3],[-25,21],[-50,45],[-62,11],[-45,44],[-28,-20],[-22,29],[-31,-4],[-32,17],[-14,24],[-44,35],[-134,41],[-125,-138],[-231,-174],[-283,-279],[-208,-200],[-208,-257],[-40,-49],[-335,-355],[-294,-377],[-16,-606],[83,-384],[52,-109],[76,-221]],[[26270,51619],[-25,-13],[-20,5],[-19,0],[-44,1],[-27,-13],[-45,-24],[-36,-10],[-51,27],[-18,-9],[-3,-33],[-20,-31],[-58,32],[-34,1],[-19,-19],[-23,-39],[-28,-38],[-22,-20],[-24,15],[-23,31],[-22,1],[-21,32],[-20,-10],[-59,-13],[-21,-42],[-49,-48],[-67,-7],[-22,-23],[-27,-11],[-52,16],[-25,-16],[-17,15],[-37,18],[-47,-1],[-14,-7],[-44,1],[-15,-4]],[[25172,51383],[-32,35],[-27,48],[-5,70],[5,25],[48,29],[4,33],[-15,59],[-4,50],[-16,45],[-6,50],[22,26],[-3,98],[30,32],[13,76],[-5,93],[-43,25],[12,161],[-64,35],[0,66],[29,110],[51,43],[12,38],[-46,44],[-17,63],[-4,189],[15,42],[-5,52],[41,86],[91,41],[72,15],[43,18],[6,73],[-16,40],[-34,11],[-69,74],[-9,-50],[-96,-39],[-23,-38],[-33,-29],[-40,-11],[-35,-34],[-44,1],[-23,10],[-37,32],[-6,22],[-21,5],[-17,1],[-12,26],[-36,-2],[-8,32],[-7,12],[-25,-3],[-25,64],[-23,40],[-16,14],[-13,2],[-9,22],[-23,4],[-12,24],[-28,42],[-16,8],[-43,94],[-59,103],[-84,34],[-76,8],[-37,-14],[-79,-39],[-29,-11],[-61,-12],[-46,-42],[-84,53],[-173,15],[-252,233],[-290,87],[-172,48],[-52,245],[-210,455],[-213,317],[-156,125],[-10,8],[-247,290],[-1,45],[-28,13],[-35,23],[-35,40],[-8,36],[-33,63],[-11,42],[-64,156],[-16,68],[-43,-1],[-17,15],[-50,68],[-29,5],[-121,-25],[-254,114],[-33,42],[-47,142],[-22,23],[-66,45],[-33,28],[-7,18],[-16,8],[-39,118]],[[23845,23936],[-91,-89],[-61,-64],[-96,-86],[-65,-72],[-31,-128],[-48,-101],[-207,-170],[-243,-131],[-93,-158],[-38,-225],[-29,-138],[-35,-26],[-220,134],[-116,73],[-106,52],[-91,4],[-59,-89],[-54,-243],[-11,-217],[134,-326],[178,-146],[-356,-497],[-274,-217],[-498,-328],[-385,-502],[-162,-182],[-197,-92],[-156,13],[-751,216],[-479,301],[-228,269]],[[18977,20771],[-116,130],[-91,94],[-86,59],[44,56],[40,92],[2,63],[19,37],[-17,64],[7,76],[11,31],[21,21],[-8,52],[10,55],[12,37],[-29,58],[-27,13],[-15,-46],[-10,-13],[-10,15],[3,39],[-29,2],[-13,24],[4,28],[-5,37],[-15,30],[-18,10],[19,58],[-42,85],[-13,11],[-20,-15],[-37,0],[-15,48],[2,50],[-14,-6],[-16,-29],[-23,6],[-28,21],[-29,77],[-60,184],[-24,67],[-34,86],[-41,68],[-29,45],[-3,41],[15,28],[24,10],[19,5],[7,18],[52,25],[13,6],[29,18],[24,-3],[31,39],[25,54],[10,47],[16,17],[14,1],[25,76],[7,35],[26,19],[11,56],[-3,39],[16,32],[1,38],[-21,61],[-29,92],[-16,15],[-33,57],[-10,44],[-6,79],[27,45],[33,58],[64,47],[43,100],[24,33],[36,77],[21,76],[23,61],[35,60],[38,41],[31,49],[32,13],[41,27],[28,29],[6,29],[-46,83],[-13,39],[-17,117],[42,111],[92,277],[23,153],[17,121],[0,113],[-2,70],[-17,82],[8,150],[-23,85],[-90,247],[-49,132],[-72,70],[42,158],[31,148],[67,217],[71,194],[43,127],[38,140],[6,68],[16,190],[-2,73],[-22,52],[-24,165],[-12,420],[-20,131],[1,389],[12,67],[112,60],[60,61],[97,25],[13,49],[5,68],[46,48],[7,37],[40,85],[30,-5],[77,-65],[62,13],[166,37]],[[24632,16571],[-13,19],[23,83],[45,87],[71,100],[171,172],[94,86],[75,60],[336,273],[99,46],[24,149],[98,324],[135,487],[-23,27],[210,544],[-13,103],[-31,125],[-35,118],[-30,97],[-28,11],[-278,436],[31,333],[140,265],[198,381],[-98,164],[163,113]],[[18977,20771],[-81,-172],[-36,-94],[-22,-86],[6,-99],[107,-489],[42,-120],[64,-93],[133,-64],[96,-56],[42,-26],[27,-26],[27,-7],[166,-126],[34,-28],[60,-73],[54,-104],[66,-98],[184,-202],[1,-71],[-10,-100],[-41,-159],[12,-54],[-4,-48],[-10,-51],[1,-60],[-14,-103],[-41,-51],[-15,-74],[-11,-20],[-29,-38],[-25,-34],[-67,-141],[-15,-29],[-25,-70],[-11,-23],[-61,-48],[-25,-55],[-4,-50],[4,-85],[-29,-68],[-34,-46],[-38,-36],[-16,-36],[-31,-117],[-7,-64],[-27,-66],[5,-61],[0,-46],[-5,-56],[-9,-50],[-12,-77],[-32,-127],[-11,-19],[-13,-63],[-21,-60],[-52,-88],[18,-81],[234,-184],[183,-138],[180,-120],[-23,-116],[-43,-92],[38,-20],[25,11],[131,79],[112,9],[55,-3],[82,-11],[132,-53],[50,-33],[60,-31],[50,-45],[3,-67],[74,-97],[405,-50],[-13,-95],[13,-67],[10,-63],[-18,-47],[-6,-26],[1,-36],[-103,-123],[-52,-61],[-56,-52],[92,-59],[14,-16],[141,-90],[162,-84],[45,-25],[17,-10],[21,-105],[-2,-186],[31,-150],[6,-10],[40,-50],[26,-41],[2,-107],[14,-49],[19,-22],[78,-72],[55,-61],[18,-30],[7,17],[42,-46],[35,-56],[32,-45],[41,-74],[105,-194],[114,-160],[174,-76],[109,28],[110,44],[156,117],[106,79],[88,72],[84,39],[133,130],[28,41],[49,44],[27,109],[413,806],[5,216],[-5,81],[101,9],[52,30],[-4,71],[0,186],[-18,243],[-44,500],[-20,346],[68,28],[150,198],[510,180],[192,70],[220,-55],[27,8]],[[25996,21174],[252,-341],[-280,-1256],[114,2],[250,17],[234,516],[86,1],[20,-96],[255,-15],[232,-288],[153,-184],[206,-327],[89,-55],[234,-34],[39,96],[101,-159],[206,2],[303,634],[-22,76],[37,161],[26,39],[-3,51],[-22,2],[15,77],[-16,37],[34,47],[10,290],[-189,224],[2,241],[-35,57],[147,472],[-23,313],[-108,254]],[[28462,11982],[21,14],[26,32],[46,4],[16,-16],[27,-91],[27,-15],[20,-3],[12,33],[11,105],[13,51],[22,15],[45,6],[20,7],[17,42],[-3,72],[-10,80],[-30,80],[-12,32],[-1,29],[6,30],[80,112],[20,37],[19,22],[20,18],[25,1],[32,-9],[14,-20],[4,-50],[19,-47],[25,-4],[19,20],[17,57],[1,28],[8,31],[43,18],[9,18],[-6,70],[-6,31],[-2,28],[12,20],[27,-8],[304,-161],[27,-5],[78,88],[59,32],[26,-16],[44,-71],[34,10],[42,108],[172,122],[82,-151],[88,-78],[122,-79],[125,47],[112,-35],[144,-32],[160,62],[73,110],[-44,176],[147,38],[-19,97],[12,87],[104,-27],[76,89],[-20,162],[88,97],[115,2],[26,100],[-12,122],[37,117],[163,105],[56,151],[20,214],[155,-144],[123,-32],[112,5],[101,114],[63,115],[19,151],[-14,157],[34,177],[65,77],[81,-57],[123,-107],[52,-15],[124,10],[91,74],[97,180],[67,-25],[58,147],[39,108],[-41,93],[-35,72],[45,155],[54,53],[51,97],[38,37]],[[24632,16571],[73,-74],[46,-66],[135,-174],[23,-33],[28,-18],[59,-62],[106,-120],[28,-47],[-8,-56],[-3,-81],[-60,-229],[12,-22],[16,-9],[35,29],[41,-4],[24,16],[31,-18],[15,4],[15,-14],[79,19],[12,19],[13,24],[38,15],[50,-19],[43,-32],[23,-6],[35,13],[84,6],[25,-1],[-4,71],[4,68],[33,65],[52,31],[26,-36],[13,-28],[19,-95],[75,-92],[34,-66],[27,-100],[32,-55],[25,-30],[9,-57],[19,-24],[26,4],[23,41],[40,90],[2,29],[20,51],[19,13],[39,12],[18,3],[32,-73],[41,-60],[1,-100],[-9,-72],[-10,-48],[-22,-48],[20,-144],[37,5],[14,47],[16,55],[73,59],[5,31],[14,12],[-11,19],[-1,21],[11,10],[-11,15],[14,9],[-2,25],[16,20],[35,-2],[-4,24],[19,26],[23,1],[-9,39],[-6,56],[-2,29],[-24,33],[9,43],[32,13],[26,35],[-10,57],[37,124],[16,5],[59,8],[93,-72],[82,-113],[20,-41],[48,-59],[22,-79],[48,-29],[0,-243],[187,-173],[134,-102],[108,-109],[33,-9],[-5,-151],[-27,-41],[-19,-21],[-14,-31],[-19,-57],[-7,-96],[6,-36],[47,-38],[0,-33],[-15,-44],[-9,-56],[8,-34],[60,-80],[2,-34],[-14,-11],[-28,-58],[-15,-14],[17,-10],[6,-26],[-3,-40],[13,-17],[13,-34],[14,-48],[13,-71],[-9,-24],[6,-29],[11,-33],[1,-52],[-12,-23],[-8,-55],[-8,-56],[144,93],[169,-48],[90,-47],[100,-87],[58,-74],[19,5],[36,5],[31,-90],[25,-22],[24,-33],[44,-24],[43,9],[60,-5],[16,-339],[90,-462],[55,-197],[20,-50],[28,-70]],[[40655,3499],[14,36],[18,88],[-14,300],[-30,200],[23,358],[26,216],[13,53],[16,304],[-16,70],[-57,81],[-117,193],[-182,90],[-132,20],[-71,3],[-64,43],[-306,104],[-64,40],[-132,182],[29,20],[148,202],[-22,26],[-69,48],[-338,282],[-218,180],[-259,207],[-59,24],[-102,66],[-15,38],[-39,10],[-7,-20],[-57,27],[-111,103],[-99,75],[-115,31],[-169,162],[-162,297],[-87,97],[-78,57],[-78,-3],[-129,-55],[-165,-139],[-53,-38],[-142,-63],[-160,-140],[-40,-75],[-138,-506]],[[36846,6793],[-82,87],[9,115],[-80,88],[-26,48],[-63,80],[-153,44],[-42,26],[-22,30],[-56,-2],[-65,-41],[-53,36]],[[36213,7304],[37,285],[53,288],[66,455],[632,29],[116,85],[-140,153],[-250,294],[144,314],[246,375],[-7,359],[-180,209],[-204,94],[-291,104],[7,194],[243,55],[411,25],[123,259],[52,185],[-49,234],[11,99],[95,20],[145,-10],[84,179],[116,274],[99,298],[126,399],[218,109],[271,55],[32,41],[206,154],[48,83],[57,43]],[[38730,13044],[9,-95],[26,-93],[69,-109],[124,-171],[25,-41],[40,-67],[91,-96],[64,-80],[47,-50],[21,-37],[21,-24],[23,-48],[15,-60],[-26,-52],[-24,-35],[-52,-65],[-7,-95],[14,-16],[-6,-47],[-38,-109],[-17,-34],[-28,-10],[-35,-1],[-11,-17],[-27,-68],[-20,-37],[-22,-24],[-35,4],[-26,-23],[-27,-69],[-28,-36],[-10,-35],[6,-67],[-16,-42],[-4,-63],[-1,-77],[6,-99],[-14,-70],[17,-64],[28,-52],[22,-35],[11,-77],[11,-24],[30,-11],[26,-30],[4,-61],[34,-26],[1,-59],[-17,-52],[18,-51],[38,-21],[3,-24],[-17,-54],[21,-18],[8,-41],[8,-49],[28,-51],[3,-32],[-6,-55],[-41,-56],[-27,-10],[4,-30],[77,26],[95,-19],[28,14],[-54,86],[135,70],[25,70],[-5,50],[13,24],[-37,70],[-71,0],[204,315],[31,19],[86,20],[49,35],[152,70],[81,-5],[123,-37],[72,-97],[63,-158],[63,-176],[51,-179],[9,-88],[61,-154],[42,-71],[35,-132],[29,-69],[20,12],[43,-19],[10,-19],[-5,-81],[10,-35],[16,-18],[16,12]],[[40531,9439],[17,-13],[15,-22],[67,-100],[24,-49],[14,-53],[-6,-30],[-15,-66],[-26,-56],[-26,-75],[-29,-83],[-9,-49],[-23,-28],[-23,-80],[-30,-50],[-10,-25],[-3,-70],[-10,-84],[-25,-111],[-49,-80],[-63,-55],[-92,-57],[-68,-62],[-52,-112],[-83,-206],[-7,-67],[-19,-34],[26,-25],[23,-14],[28,-27],[11,-35],[7,-28],[16,-37],[37,-39],[34,-37],[58,-1],[61,-7],[50,-25],[28,11],[25,22],[13,33],[1,43],[9,84],[14,31],[23,26],[30,9],[59,-13],[29,-42],[33,-57],[32,-3],[24,-18],[5,-25],[41,-60],[32,-60],[23,-56],[22,-20],[53,-162],[22,-51],[21,0],[53,35],[46,31],[47,10],[21,19],[111,28],[96,2],[79,-36],[96,-50],[75,-83],[97,-96],[56,-48],[50,-44],[121,-155],[37,-59],[40,-55],[39,-72],[55,-31],[51,-13],[76,5],[101,-25],[58,-6],[51,10],[34,0],[-4,40],[35,-5],[32,26],[43,1],[28,28],[97,67],[147,75],[785,-23]],[[43543,6715],[-20,-574],[-4,-44],[9,-95],[38,-126],[29,-35],[43,-135],[-10,-55],[12,-34],[30,-13],[10,-82],[-5,-89],[32,-56],[0,-39],[13,-9],[22,-2],[92,-170],[-3,-97],[13,-108],[-21,-83],[-18,-75],[-8,-54],[-21,-15],[-23,-3],[-32,-42],[-46,-16],[-67,-60],[-7,-37],[13,-35],[56,-50],[46,-96],[22,-262],[-4,-159],[-43,-34],[-61,-208],[-47,-69],[-40,-73],[-49,18],[-41,-4],[-118,148],[-79,41],[-112,-15],[-57,-59],[-62,-174],[-48,-285],[-18,-17],[-3,-50],[-9,-28],[-134,6],[-6,32],[1,21],[-18,30],[-31,41],[-3,26],[2,21],[-14,16],[-37,100],[-1,29],[7,26],[-8,28],[-32,73],[-15,18],[-34,32],[-50,17],[-34,-1],[-76,10],[-57,226],[-23,48],[-24,41],[-14,15],[-53,15],[-198,77],[-117,1],[-34,26],[-59,14],[-35,12],[-27,24],[-20,3],[-18,48],[-27,36],[-30,23],[-36,-22],[-52,-34],[-20,-32],[-2,-20],[-32,-22],[-15,6],[-50,32],[-49,-6],[-8,-24],[-11,-19],[-15,-13],[-18,-7],[-15,-21],[-22,-41],[-11,-33],[-16,-55],[-23,-33],[-14,-43],[-9,-44],[-4,-37],[-7,-30],[-12,-22],[-21,-8],[-20,-3],[-14,-15],[-9,-28],[-19,-18],[-42,-9],[-28,-47],[-62,6],[-29,-27],[-28,-50],[-80,-106],[-58,18],[-119,-2],[-103,18]],[[36788,1607],[3,259],[29,184],[129,454],[57,-18],[129,328],[44,101],[205,218],[208,192],[72,515],[-89,439],[-86,254],[-100,225],[-161,354],[-143,518],[10,135],[27,33],[19,38],[18,74],[28,71],[11,84],[65,126],[19,146],[-43,20],[-144,82],[-108,81],[-134,78],[-24,42],[17,153]],[[40655,3499],[-21,-15],[-30,-37],[-112,-65],[-73,-7],[-35,-4],[-40,-15],[-51,-29],[-45,-68],[-19,-32],[-38,-100],[-46,-161],[-11,-89],[17,-157],[13,-51],[-5,-32],[4,-53],[10,-56],[15,-52],[17,-47],[112,-247],[25,-80],[7,-55],[6,-49],[32,-125],[-91,-72],[-129,-128],[-25,40],[-14,-22],[14,-18],[-4,-28],[-21,15],[-15,-6],[-9,-31],[-12,-21],[-22,-15],[-13,-24],[-11,-43],[-14,-20],[3,-17],[-81,-57],[-615,-678],[-199,-424],[-181,-103],[-94,-221],[-158,7],[-204,82],[-242,239],[-56,66],[-77,46],[-33,26],[-198,260],[-335,150],[-335,243],[-193,182],[-235,306]],[[34061,6866],[5,76],[25,58],[9,67],[62,87],[20,10],[15,-17],[8,25],[11,15],[25,-27],[6,-24],[-22,-33],[1,-36],[44,-84],[28,9],[13,29],[-3,104],[24,22],[11,41],[18,4],[13,-31],[20,-74],[-11,-53],[13,-30],[14,-4],[32,32],[11,-16],[-16,-40],[3,-24],[28,7],[32,30],[29,-13],[21,-44],[18,-44],[40,9],[-1,33],[-17,36],[21,84],[-10,41],[-7,27],[6,23],[9,26],[-6,23],[-16,50],[-17,23],[-39,30],[-13,15],[-1,113],[10,42],[50,56],[26,7],[21,-18],[6,-32],[3,-59],[2,-33],[21,-13],[65,47],[45,29],[-2,43],[44,-24],[-14,-19],[3,-33],[32,-23],[-3,-21],[37,-16],[12,18],[20,10],[18,13],[21,4],[12,-11],[15,-2],[18,-18],[30,-2],[29,0],[36,-5],[19,23],[17,27],[22,16],[27,39],[27,5],[11,26],[51,60],[37,33],[18,-14],[18,-28],[12,-5],[11,21],[22,10],[38,-28],[42,-20],[21,0],[15,12],[23,9],[43,6],[50,13],[27,-5],[32,8],[22,-4],[25,-18],[44,-16],[38,1],[52,24],[22,11],[31,31],[28,43],[34,44],[18,-56],[40,-34],[35,-39],[27,-72],[43,-43],[97,-137]],[[36788,1607],[-156,94],[-213,176],[-503,333],[-137,-3],[-459,108],[-346,247],[-157,19],[-133,86],[-25,28],[-14,19],[-245,131],[-123,79],[-317,-295],[-336,-311],[-128,-41],[-61,0],[-1,9],[-113,233],[18,13],[43,38],[-84,112],[-46,81],[8,49],[6,16],[85,207],[1,173],[-25,70],[-111,85],[-75,207],[-207,217],[210,144],[155,112],[14,155],[-70,102],[45,207],[37,177],[25,165],[91,177],[139,87],[74,82],[127,214],[125,120],[161,595],[23,38],[-10,27],[4,123],[3,23],[18,30],[3,36],[-9,29],[-5,26],[4,17],[10,16],[17,22],[-6,24],[-25,-4],[-33,4],[-31,11],[-19,27],[-1,44],[30,6],[22,38],[20,24],[14,17],[-5,59],[-1,44],[-23,36],[-6,25]],[[2192,44938],[192,-71],[17,34],[73,-23],[-85,-339],[-17,2],[-27,-107],[122,-47],[21,73],[-34,26],[-35,9],[9,59],[25,95],[76,-31],[73,-6],[29,53],[11,24],[22,47],[16,12],[49,-15],[-8,-59],[-2,-20],[19,-12],[-15,-50],[18,-18],[21,16],[120,2],[-107,-290],[2,-21],[41,-30],[51,37],[53,-103],[52,-13],[46,230],[215,-92],[49,-24],[-23,-127],[70,-33],[-25,-108],[47,-30],[-19,-89],[66,70],[64,37],[20,-14],[81,144],[203,55],[198,-554],[256,-37],[6,-46],[299,26],[232,157],[24,1],[20,-138],[139,-39],[85,71],[77,98],[20,52],[-3,91],[13,46],[2,16],[-7,22],[-45,49],[-68,12],[8,30],[24,13],[41,15],[23,-23],[20,-5],[23,21],[14,22],[1,45],[3,28],[9,39],[20,44],[18,29],[39,39],[7,21],[-31,9],[-47,19],[-17,-39],[-25,-26],[-21,31],[-8,42],[12,35],[43,52],[-3,27],[-4,84],[17,35],[52,236],[-31,63],[-41,111],[-14,89],[46,-67],[44,0],[56,-51],[58,10],[58,-12],[95,-98],[17,27],[-9,27],[24,18],[-5,18],[29,55],[19,38],[29,130],[119,121],[58,86],[18,119],[433,60],[41,202],[16,33],[1,19],[-23,74],[-40,9]],[[6232,45922],[-222,53],[-124,57],[-31,122],[-3,39],[5,140],[32,213],[52,207],[1,218],[4,272],[33,29],[48,18],[82,-64],[30,-2],[44,0],[8,29],[-2,88],[-65,228],[-58,175],[-56,113],[-75,83],[-28,44],[-54,117],[-33,108],[-35,165],[3,115],[26,129],[46,113],[-1,73],[55,68],[18,48],[19,21],[6,40],[23,31],[15,43],[-9,109],[214,172],[53,57],[32,58],[19,101],[18,124],[-1,313],[-47,208],[-18,116],[-29,83],[-112,121],[-64,119],[-24,89],[-32,102],[-30,133],[-23,69],[-37,65],[-21,100],[-4,69],[16,141],[14,99],[-86,23],[-54,21],[-39,-7],[-47,-33],[-59,-25],[-27,-4],[-351,-101],[-74,-35],[-40,-18],[-38,-33],[-43,7],[-55,-34],[-2,-30],[-3,-20],[-21,4],[-38,-41],[-25,-9],[-23,-35],[-8,34],[-37,6],[-21,-8],[-26,5],[9,42],[-180,213],[17,38],[-2,27],[-14,28],[-47,7],[18,304],[-52,31],[-169,25]],[[4373,51885],[3,-36],[-7,-41],[-34,-118],[-19,-88],[-29,-127],[-28,-103],[-20,-61],[-21,-51],[-4,-15],[-4,-40],[-7,-32],[-20,-69],[-16,-195],[-16,-142],[-8,-30],[-21,-63],[-7,-24],[-11,-40],[-54,-214],[-24,-88],[-32,-158],[-21,-76],[-25,-88],[-7,-31],[-17,-54],[-8,-24],[-14,-38],[-12,-34],[-11,-45],[-16,-62],[-18,-61],[-19,-57],[-14,-55],[-12,-66],[-14,-66],[-29,-98],[-178,5],[-9,3],[-12,1],[-4,-3],[-4,-8],[-2,-9],[1,-12],[7,-7],[9,-3],[12,3],[4,2],[2,3],[1,2],[0,2],[-1,2],[-2,1],[3,1],[326,5],[3,-3],[4,-15],[10,-25],[0,-30],[-2,-6],[0,-2],[0,-1],[1,-2],[1,-1],[1,-1],[1,-1],[2,1],[1,0],[1,2],[1,2],[0,1],[-1,2],[-2,6],[0,30],[1,15],[9,10],[9,8],[4,14],[3,9],[6,6],[11,8],[10,1],[11,-2],[24,-6],[10,-8],[-8,-23],[3,-3],[7,12],[19,-57],[18,-90],[-27,-30],[-33,-29],[-3,-1],[-4,-3],[-1,-1],[-1,-1],[0,-1],[0,-2],[0,-1],[1,-2],[1,-1],[1,0],[1,0],[1,0],[6,5],[35,30],[16,19],[3,-2],[1,0],[1,0],[1,1],[0,1],[0,1],[52,7],[0,-1],[21,-87],[-2,-52],[-1,-23],[16,-2],[-1,-5],[-15,1],[-2,-38],[-87,-86],[-1,1],[-1,1],[-2,0],[-9,-10],[-1,2],[-36,37],[-13,12],[-32,33],[-2,4],[-1,5],[-9,108],[13,6],[1,0],[1,1],[1,2],[0,1],[0,1],[-1,2],[0,1],[-1,0],[-1,1],[-1,-1],[-14,-5],[-20,-5],[-1,2],[-9,-2],[-5,-6],[-35,-3],[-58,2],[-56,15],[-13,10],[-14,15],[-21,43],[-24,21],[-23,14],[-32,5],[-5,0],[-4,-6],[-2,-10],[2,-9],[6,-3],[5,0],[2,2],[2,4],[14,2],[10,-4],[32,-20],[26,-38],[-1,-1],[-22,0],[-16,-18],[-15,-37],[-9,-41],[-11,-38],[-11,-24],[-24,-61],[-30,-40],[-15,-3],[-32,5],[-45,-4],[-9,1],[-15,10],[-22,13],[-13,-1],[-14,-12],[-7,-20],[-4,-43],[-4,-38],[-19,-49],[-26,-33],[-16,-7],[-20,0],[-42,40],[-28,15],[-13,4],[-9,3],[-13,4],[-13,10],[-17,12],[-4,0],[-3,-4],[-2,-8],[1,-11],[-1,-5],[-5,-3],[-4,1],[-12,14],[-2,1],[-33,-15],[-26,-11],[-9,-9],[-8,-12],[-24,-24],[-22,-21],[-7,-9],[-7,-13],[0,-2],[7,-21],[0,-3],[-1,-3],[-4,0],[-2,1],[-5,3],[-5,1],[-1,-1],[-1,-3],[0,-3],[5,-6],[17,-8],[2,-2],[2,-4],[3,-35],[-2,-21],[-3,-17],[-12,-20],[-5,-4],[-5,-1],[-9,4],[-6,-2],[-4,-6],[-1,-4],[1,-4],[9,-8],[1,-6],[0,-3],[-1,-3],[-9,-1],[-7,-1],[-4,-2],[-4,-1],[-1,-3],[1,-3],[3,-15],[1,-15],[-4,-9],[-3,-19],[-1,-7],[2,-16],[3,-3],[3,-2],[1,-6],[-4,-6],[-9,-25],[-3,-24],[-4,-20],[-12,-17],[-1,-7],[2,-12],[10,-15],[2,-7],[-2,-11],[-36,-150],[-36,-172],[-14,-50],[-22,-68],[-12,-40],[-6,-59],[-11,-115],[-8,-46],[-14,-37],[-40,-60],[-6,-20],[3,-12],[1,-9],[-3,-17],[-7,-19],[-14,-12],[-5,-8],[-4,-14],[-3,-58],[-5,-56],[-13,-84],[-14,-64],[-1,-66],[-5,-37],[-26,-81],[-45,-252],[-39,-130],[-5,-15],[-13,-56],[-11,-63],[-2,-38],[-1,-16],[1,-20],[-7,-23],[-12,-12],[-14,-19],[-19,-15],[-25,-8],[-9,2],[-9,-5],[-6,-6],[-4,-9],[-2,-14],[-4,-8],[-11,-7],[-19,-1],[-11,0],[-14,-9],[-2,-18],[1,-11],[1,-18],[9,-19],[7,-17],[21,-33],[34,-31],[3,-5],[2,-9],[-1,-10],[-4,-4],[-2,-4],[-4,-5],[-3,-4],[1,-6],[4,-3],[7,-5],[4,-4],[4,-20],[-1,-13],[-3,-9],[-4,-7],[-5,-1],[-4,-2],[-3,-10],[-2,-43],[-7,-9],[-11,-3],[-10,-9],[-5,-10],[1,-12],[5,-18],[0,-19],[-4,-21],[-17,-35],[-19,-16],[-13,-19],[-11,-12],[-6,-9],[0,-7],[2,-6],[2,-3],[5,-7],[2,-11],[0,-4],[-1,-4],[-2,-7],[-1,-7],[1,-7],[6,-6],[4,-10],[-1,-18],[-2,-20],[-18,-71],[-17,-71],[-13,-57],[-12,-52],[-8,-42],[-12,-28],[-18,-32],[-8,-31],[-5,-28],[-7,-9],[-15,7],[-20,8],[-12,-18],[1,-27],[4,-35],[3,-30]],[[7126,46112],[-88,15],[-133,-9],[-64,-13],[-125,-61],[-484,-122]],[[4373,51885],[103,429],[49,217],[31,115],[17,70],[15,42],[13,51],[12,55],[21,102],[25,111],[20,99],[22,94],[14,46],[11,47],[8,36],[7,25],[20,98],[17,86],[29,113],[27,108],[30,144],[20,79],[12,54],[20,93],[1,33],[-1,47],[3,22],[5,27],[30,87],[15,72],[5,32],[17,61],[21,92],[18,86],[3,22],[3,22],[8,30],[15,40],[9,44],[7,51],[10,46],[20,88],[14,53],[14,42],[13,63],[22,80],[23,69],[16,63],[18,68],[14,67],[22,107],[16,85],[12,60],[10,50],[9,47],[20,123],[28,135],[43,188],[36,154],[16,76],[10,55],[11,54],[10,38],[10,28],[12,38],[7,59],[13,64],[17,93],[20,81],[15,91],[28,178],[57,242],[18,106],[22,97]],[[5701,57855],[44,-17],[30,9],[19,23],[17,10],[28,-2],[9,16],[14,11],[28,-10],[40,-43],[35,-8],[15,4],[17,-12],[26,12],[18,25],[19,-8],[6,-12],[17,1],[16,14],[19,-3],[32,-21],[18,4],[20,-20],[5,15],[12,-11],[38,38],[48,41],[16,1],[49,46],[73,0],[17,11],[30,21],[13,19],[21,17],[14,16],[12,25],[7,24],[31,51],[21,9],[11,-6],[59,-102],[15,-39],[19,-21],[33,-25],[26,15],[43,-14],[43,-31],[46,-38],[21,-6],[41,-7],[33,-13],[44,-22],[19,-16],[52,16],[31,20],[37,-20],[19,-9],[39,-1],[26,11],[29,5],[25,-12],[21,12],[15,21],[23,15],[31,30],[23,7],[11,10],[66,10],[25,69],[61,89],[38,80],[2,137],[26,-2],[23,-18],[73,-14],[12,-25],[13,-60],[85,-8],[56,-40],[28,-27],[10,-45],[4,-52],[-2,-78],[-2,-23],[-14,-46],[-7,-30],[0,-70],[91,-162],[65,-26],[43,-14],[37,-14],[48,-21],[40,-8],[21,14],[14,26],[13,62],[11,113],[26,148],[36,109],[54,9],[130,-26],[100,-41],[67,-1],[45,6],[43,17],[27,1],[30,-22],[58,-163],[57,5],[60,24],[131,11],[41,24],[49,2],[34,-2],[22,-17],[55,164],[111,347],[48,26]],[[9534,58369],[285,2]],[[2192,44938],[-1,-29],[-5,-29],[-7,-58],[-44,-105],[-18,-95],[0,-31],[3,-8],[4,-2],[4,-2],[2,-2],[1,-3],[-1,-17],[1,-21],[3,-6],[4,-5],[1,-3],[-1,-5],[-5,-12],[-3,-5],[-4,-1],[-6,3],[-4,-2],[-40,-69],[-13,-7],[-5,-11],[-1,-10],[3,-21],[9,-20],[11,-15],[7,-11],[4,-14],[-1,-11],[-2,-8],[-5,-9],[-4,-5],[-9,-5],[-10,0],[-25,2],[-21,-4],[-7,-6],[-15,-26],[-18,-27],[-15,-28],[-2,-10],[1,-10],[2,-14],[4,-19],[2,-21],[7,-24],[14,-34],[4,-22],[-5,-31],[-2,-27],[-2,-16],[-4,-15],[-13,-64],[-23,-90],[-11,-35],[-24,-76],[-39,-136],[-15,-63],[-37,-97],[-6,-10],[-34,-35],[-12,-25],[-24,-92],[-11,-22],[-7,-21],[-27,-109],[-31,-92],[-33,-139],[-4,-35],[-1,-20],[2,-20],[-1,-21],[-6,-35],[-5,-28],[-4,-29],[-9,-31],[-13,-23],[-19,-45],[-10,-32],[-23,-116],[-22,-90],[-69,-315],[-9,-31],[-39,-133],[-23,-93],[-27,-75],[-9,-17],[-4,-14],[2,-21],[0,-14],[-21,-78],[-5,-25],[-36,-94],[-19,-81],[-6,-23],[-14,-39],[-2,-14],[1,-8],[6,-41],[-3,-18],[-6,-29],[-8,-13],[-33,-33],[-5,-16],[2,-17],[20,-42],[0,-5],[-4,-4],[-29,-18],[-6,-15],[3,-18],[21,-39],[1,-10],[-1,-12],[-9,-30],[-22,-72],[-2,-28],[1,-19],[1,-11],[-4,-12],[-8,-31],[-16,-50],[-21,-117],[-19,-88],[-6,-36],[-4,-35],[-8,-36],[-10,-38],[-3,-15],[-5,-37],[-7,-18],[-10,-17],[0,-23],[14,-47],[-4,-18],[-11,-25],[-7,-25],[1,-40],[-5,-17],[-11,-11],[-22,-45],[-17,-77],[-5,-119],[-19,-76],[-32,-56],[-7,-31],[3,-9],[12,-21],[2,-22],[-10,-24],[-15,-47],[1,-38],[6,-15],[6,-22],[-4,-27],[-6,-9],[-5,-16],[-3,-47],[-7,-53],[-24,-112],[-12,-104],[-7,-30],[-6,-29],[-6,-55],[0,-90],[1,-24],[0,-49],[-9,-46],[-19,-98],[-2,-31],[-6,-72],[-51,-182],[-31,-166],[-24,-119],[-6,-60],[-20,-86],[-27,-88],[-19,-23],[-17,-6],[-12,-20],[-5,-22],[6,-21],[6,-18],[2,-21],[-6,-23],[-19,-23],[-6,-26],[-5,-14],[-8,-7],[-5,-11],[-2,-13],[7,-37],[0,-22],[-7,-31],[-8,-15],[-6,-9],[-8,-15],[-6,-37],[-4,-37],[-11,-42],[-11,-102],[-39,-161],[-23,-87],[-39,-158],[-29,-123],[-27,-138],[-37,-180],[-31,-148],[-32,-134],[-76,-259],[-77,-415],[-38,-166],[-56,-190],[464,-241],[579,-306],[64,71],[79,38],[46,35],[-13,305],[67,-24],[16,29],[39,20],[15,-3],[146,-302],[56,44],[67,-172],[236,229],[37,-70],[13,15],[154,-339],[44,-23],[195,-59],[97,92],[135,-17],[42,-3],[25,-11],[-33,-117],[351,-89],[49,15],[204,-18],[41,12],[42,21],[86,-38],[150,157],[16,-11],[27,19],[291,273],[163,175],[43,-81],[229,223],[41,66],[60,51],[65,249],[136,-12],[93,564],[57,141],[43,62],[103,96],[163,14],[110,-221],[270,259],[157,-309],[145,135],[83,85],[42,38]],[[5830,36138],[69,55],[35,44],[41,34],[13,38],[-19,46],[-13,43],[7,64],[16,65],[-2,107],[-7,53],[-30,40],[-20,34],[5,58],[107,132],[47,72],[21,57],[-2,37],[-40,60],[-12,30],[-3,54],[22,48],[25,22],[65,32],[-146,148],[35,93],[37,64],[-5,24],[41,42],[32,13],[22,26],[47,74],[0,54],[23,25],[67,20],[66,-7],[25,-5],[79,-25],[22,64],[-1,64],[50,77],[13,33],[-27,40],[-19,55],[16,54],[26,16],[18,21],[-2,40],[157,214],[23,17],[49,102],[33,14],[22,-13],[25,9],[45,18],[42,42],[28,37],[31,36],[34,-20],[45,18],[31,8],[39,23],[-4,42],[-33,72],[5,30],[1,69],[-6,33],[-11,30],[-8,15],[2,27],[22,70],[-21,62],[-26,-4],[-12,31],[-11,50],[-37,45],[-2,30],[-38,70],[-21,7],[-17,24],[-20,140],[3,40],[21,66],[26,40],[-14,24],[13,53],[15,41],[-10,23],[-61,-31],[81,187],[23,73],[15,13],[-9,37],[6,285],[17,153],[41,159],[3,94],[28,102],[34,86],[102,268],[33,277],[20,226],[52,612],[264,542],[188,394],[241,532]],[[5830,36138],[187,-397],[129,128],[132,-169],[350,-457],[45,-146],[3,-46],[-48,-326],[-39,-458],[-2,-109],[12,-66],[33,-38],[80,-7],[35,-84],[-5,-46],[44,-140],[30,-189],[21,-62],[6,-48],[22,-38],[27,-24],[27,-38],[-8,-63],[-11,-53],[-32,-38],[-37,-89],[-17,-76],[-8,-51],[-2,-79],[-8,-40],[-37,-23],[-25,-36],[-29,-70],[-19,-63],[6,-40],[-15,-119],[-2,-40],[-38,-36],[-40,-3],[-11,-52],[-11,-33],[17,-41],[74,-60],[52,6],[40,17],[27,28],[267,513],[35,52],[780,670],[241,201],[57,16],[740,-75],[8,-71],[26,-65],[23,-2],[39,-45],[60,25],[20,44],[37,46],[165,132],[107,12],[59,17],[23,46],[47,85],[97,67],[31,-2],[89,49],[19,27],[12,38],[4,66],[30,58],[21,27],[35,66],[25,5],[8,31],[91,81],[5,21],[39,26],[27,35],[76,49],[15,25],[37,17],[54,48],[53,27],[27,4],[53,-18],[18,8],[6,32],[28,21],[180,166],[37,22],[6,26],[54,19],[63,31],[51,-87],[7,-16],[12,-46],[27,-87],[44,-23],[32,7],[15,-12],[-4,-15],[21,-55],[47,-42],[-14,-36],[12,-96],[16,-33],[1,-20],[-73,-103],[24,-80],[44,-33],[30,31],[15,-47],[-29,-24],[10,-30],[44,40],[61,15],[27,7],[28,93],[27,35],[51,29],[43,-31],[10,-41],[9,-58],[1,-65],[63,-6],[62,-16],[13,-23],[80,-92],[53,37],[47,-129],[43,-27],[-6,-51],[13,-71],[25,-86],[12,-74]],[[11532,77030],[2,11],[14,67],[2,210],[16,641],[37,521],[6,93],[30,209],[-41,543],[-29,281],[4,142],[42,333],[26,201],[40,285],[55,251],[20,107],[159,295],[154,256],[122,208],[101,158],[143,245],[106,175],[78,109],[82,138],[35,51],[91,92],[113,90],[61,74],[160,167],[99,175],[114,278],[7,201],[11,411],[2,128],[0,21],[11,40],[10,20],[59,8],[13,-12],[19,-11],[10,-17],[16,-2],[55,-24],[56,-49],[15,-11],[15,-5],[3,-24],[23,-11],[28,-23],[36,-41],[17,-20],[33,-45],[58,-61],[27,-23],[79,-63],[117,-50],[60,-15],[61,-3],[44,14],[12,26],[-6,41],[21,13],[41,-13],[55,-59],[49,-18],[4,-36],[2,-39],[22,-58],[42,-3],[23,-23],[114,8],[48,-3],[103,9],[47,-3],[72,-105],[23,-75],[29,-30],[34,-86],[59,-21],[27,-46],[23,-90],[80,-92],[34,-47],[96,-108],[17,-16],[38,-10],[13,-9],[57,-18],[64,10],[9,12],[43,7],[59,-5],[17,5],[54,-19],[21,4],[12,18],[36,-1],[45,11],[28,3],[17,-3],[19,-17],[24,-12],[52,-50],[23,-14],[56,-5],[100,26],[23,14],[47,5],[19,-4],[52,-1],[16,-4],[39,-21],[49,-29],[73,24],[26,-16],[25,-5],[30,8],[26,11],[28,5],[36,33],[7,16],[8,37]],[[13354,91097],[0,-1],[5,0],[25,7],[18,5],[9,1],[3,0],[0,1],[0,3],[-1,1],[-2,0],[-9,1],[-5,0],[-5,0],[-9,-6],[-11,-3],[-6,-2],[-11,-3],[-1,-2],[0,-2]],[[12078,86241],[71,1],[62,-23],[56,-26],[39,-30],[18,9],[9,27],[16,83],[38,45],[31,-20],[21,1],[24,39],[96,-81],[40,-30],[76,-117],[35,-99],[28,-103],[28,-80],[45,-75],[43,-33],[93,-7],[58,8],[86,-24],[149,68],[138,144],[64,-36],[249,136],[226,125],[59,21],[2,79],[112,9],[34,0],[77,-28],[56,-84],[35,-80],[191,104],[228,125],[190,104],[185,99],[105,58],[172,97],[59,-72],[45,-44],[51,-55],[6,-3],[25,-16],[21,-11],[53,-24],[9,-4],[13,-10],[133,-111],[-16,-86],[-29,-92],[-7,-49],[-6,-37],[103,-126],[77,-101],[83,-80],[1,-1],[8,-48],[17,-54],[22,-116],[15,-28],[28,-33],[3,-28],[0,-45],[8,-29],[50,-63],[30,-10],[61,-102],[25,-18],[33,-44],[1,-20],[15,-70],[36,-55],[40,-110],[28,-44],[22,-27],[46,-160],[4,28],[35,4],[29,-16],[19,-24],[11,-51],[30,-55],[53,-121],[64,-110]],[[19601,86660],[206,175],[220,173],[239,181],[149,120],[80,-497],[-53,-579],[82,-36],[125,-177],[35,-42],[18,7],[51,5],[18,21],[15,-16],[5,-18],[24,-6],[32,26],[31,-34],[28,-4],[24,23],[12,3],[16,7],[25,-42],[27,-18],[26,-9],[48,-6],[40,-2],[32,8],[18,-9],[19,-9],[1,22],[18,11],[15,18],[-1,42],[11,17],[13,9],[39,58],[18,5],[1,34],[9,29],[16,63],[-2,27],[-11,14],[10,17],[-10,20],[18,19],[14,23],[0,39],[-4,34],[-18,52],[-32,192],[-4,76],[8,107],[-13,139],[10,242],[45,283],[-5,23],[-43,72],[-26,13],[-14,19],[-10,11],[-11,70],[25,7],[2,34],[24,18],[29,2],[60,-43],[46,-11],[28,-1],[25,26],[6,51],[-2,68],[-47,66],[-29,80],[-43,56],[-23,48],[8,76],[15,46],[-1,76],[12,64],[34,131],[-3,59],[-4,39],[-50,360],[-20,180],[-25,93],[-4,22],[-36,11],[-51,-7],[-27,-13],[-65,53],[-54,41],[-10,62],[-21,65],[136,102],[48,67],[26,77],[-5,55],[-28,95],[-99,72],[-45,60],[-67,76],[-106,98],[-63,76],[-59,69],[-46,32],[-76,-6],[-16,-12],[2,49],[-4,14],[-16,18],[-26,2],[-22,-6],[-59,71],[-38,2],[-41,27],[26,52],[160,166],[22,67],[-23,58],[-32,59],[-11,65],[-38,65],[63,13],[34,63],[16,69],[3,102],[-14,37],[13,28],[5,43],[-36,47],[-47,47],[-43,36],[-66,6],[3,33],[7,48],[29,77],[30,180],[17,22],[25,34],[28,14],[14,26],[19,63],[28,93],[46,107],[37,32],[116,-6],[25,12],[29,40],[30,39],[16,6],[37,-11],[14,-7],[39,12],[17,22],[14,26],[11,27],[13,59],[15,24],[21,10],[41,-4],[48,20],[38,0],[93,-45],[69,-73],[45,-42],[29,-14],[7,1],[37,24],[9,15],[8,19],[28,39],[14,0],[11,-2],[12,-10],[18,-36],[32,-42],[3,-3]],[[21367,93195],[0,-8],[-5,-19],[-4,-16],[-8,-17],[-37,-48],[-9,-11],[-20,-18],[-8,-1],[-11,3],[-7,4],[-11,9],[-5,2],[-3,-2],[-6,-16],[-29,-37],[-14,-12],[-34,-5],[-39,-25],[-9,-1],[-8,2],[-11,-1],[-30,-17],[-11,-11],[-18,-12],[-29,-32],[-16,-18],[-16,-8],[-10,-6],[-20,-27],[-27,-27],[-51,-50],[-20,-13],[-12,-2],[-12,2],[-18,16],[-7,18],[-8,8],[-6,4],[-9,5],[-5,-5],[-6,-1],[-6,1],[-6,-2],[-3,-4],[-9,-13],[-15,-17],[-9,-2],[-11,3],[-8,-1],[-10,-16],[-8,-26],[1,-17],[-1,-9],[-7,-18],[-9,-16],[-21,-12],[-24,-5],[-19,3],[-21,7],[-11,14],[-12,8],[-13,7],[-14,2],[-9,3],[-19,11],[-19,6],[-17,1],[-2,2],[-2,2],[0,12],[-3,5],[-4,0],[-5,-7],[-7,-7],[-10,-1],[-19,-7],[-26,-12],[-24,-17],[-19,-11],[-28,-4],[-5,5],[-5,0],[-5,-6],[-2,-6],[-12,-13],[-14,-5],[-13,4],[-9,0],[-10,-4],[-16,-5],[-14,-16],[-14,-31],[-7,-20],[0,-20],[4,-29],[4,-18],[4,-24],[6,-12],[6,-10],[-1,-13],[-3,-21],[-10,-23],[-8,-25],[-5,-16],[-3,-27],[7,-37],[21,-39],[13,-17],[7,-23],[20,-16],[9,-1],[9,-4],[11,-12],[14,-45],[2,-43],[-2,-11],[-9,-8],[-7,-9],[-7,-24],[3,-20],[7,-28],[0,-58],[-3,-84],[-11,-63],[4,-13],[10,-14],[3,-15],[2,-16],[-11,-51],[-15,-41],[-10,-25],[-9,-18],[-10,-5],[-5,-4],[-14,-43],[3,-14],[-2,-23],[-2,-27],[-3,-18],[-9,-31],[-17,-36],[-26,-47],[-27,-85],[-9,-20],[-17,-47],[-12,-23],[-4,-6],[-9,-1],[-12,-5],[-10,-10],[-24,-20],[-26,-27],[-8,-21],[-7,-28],[-10,-21],[-13,-36],[-15,-36],[-26,-84],[-11,-22],[-2,-14],[1,-19],[1,-19],[-8,-24],[-8,-17],[-9,-21],[-9,-16],[-24,-16],[-8,-10],[-3,-12],[-1,-12],[-6,-11],[-8,-23],[-12,-21],[-27,-23],[-4,-3],[-14,-11],[-3,-2],[-13,-22],[-7,-11],[-8,-10],[-24,-16],[-18,-10],[-5,-3],[8,-12],[-4,-4],[-3,-4],[-9,14],[-10,-5],[-19,-43],[-20,-38],[-27,-37],[-9,-12],[-9,-9],[-8,-7],[-8,1],[-7,1],[-40,-51],[1,-5],[5,-17],[-2,-17],[-7,-11],[-6,-7],[-32,-36],[-23,-22],[-39,-15],[12,-31],[2,-7],[2,-9],[-5,-6],[-3,2],[-4,5],[-7,10],[-13,-24],[-6,-8],[-5,-9],[-4,-4],[3,-5],[9,-19],[-3,-2],[-3,-2],[-4,-4],[-3,5],[-3,-4],[-6,-5],[-5,-5],[-10,-8],[-34,-27],[-26,-20],[-6,-5],[-7,-7],[-4,-4],[-3,5],[-10,7],[-14,-9],[-42,-35],[-76,-62],[-55,-33],[-40,-26],[-59,-34],[-85,-56],[-17,-11],[-9,-3],[-8,1],[-50,-12],[-36,-5],[-66,2],[-45,-3],[-20,2],[-22,3],[-86,15],[-92,41],[-62,24],[-47,34],[-52,45],[-42,57],[-34,79],[-19,62],[-1,6],[2,9],[3,5],[105,108],[3,2],[1,1],[0,2],[-2,3],[-8,26],[-7,21],[-1,0],[-2,-2],[-15,-16],[-11,-12],[-42,-43],[-32,-32],[-6,-6],[-18,-19],[-20,-19],[-16,-17],[-5,-5],[-8,-8],[-14,-15],[-12,-13],[-10,-10],[-9,-10],[-3,-2],[-8,-8],[-10,-10],[-10,-11],[-8,-8],[-2,-2],[-5,4],[-28,31],[-17,19],[-4,8],[-9,14],[-2,5],[-1,2],[2,3],[0,2],[0,5],[-4,6],[-1,3],[3,4],[11,11],[12,11],[25,26],[181,186],[4,4],[23,24],[32,33],[11,11],[16,16],[0,1],[1,0],[1,0],[0,-1],[18,-33],[0,-1],[1,0],[1,0],[32,-60],[4,5],[5,-8],[2,-6],[1,-8],[17,-92],[1,-8],[1,-2],[1,-2],[1,-1],[3,0],[1,0],[2,1],[0,3],[1,2],[-1,3],[-18,98],[-1,8],[-2,6],[-1,4],[-6,10],[-56,106],[0,1],[8,9],[-49,94],[-185,-190],[-6,5],[-79,49],[-1,34],[-1,2],[-2,0],[-2,-1],[-1,-1],[0,-15],[1,-2],[1,-2],[0,-2],[1,-4],[-1,-3],[0,-2],[-16,10],[-59,-180],[-44,28],[-2,54],[44,1],[-1,106],[-26,0],[0,5],[-29,-1],[0,6],[-6,0],[-1,37],[3,10],[1,6],[43,0],[1,-17],[13,-1],[0,8],[1,1],[1,5],[8,0],[16,1],[16,0],[9,0],[3,0],[12,-14],[2,0],[1,1],[30,42],[17,-23],[2,2],[-13,18],[4,5],[13,-17],[2,2],[-17,24],[3,4],[11,-3],[47,-74],[4,5],[-53,83],[4,9],[1,3],[0,3],[-7,39],[8,2],[-1,3],[0,5],[62,24],[1,1],[0,2],[-1,3],[0,1],[-1,0],[-62,-25],[-2,5],[0,3],[-6,-2],[-2,0],[-2,2],[-16,51],[-1,4],[-1,3],[55,39],[0,2],[-1,6],[-1,4],[72,22],[5,1],[7,0],[258,-31],[1,11],[41,-6],[3,-3],[9,2],[3,2],[2,4],[1,5],[0,6],[-3,4],[-6,3],[-13,1],[-53,8],[-226,26],[-36,1],[-44,-8],[-35,-17],[-35,-23],[-21,9],[-7,8],[-7,18],[-2,16],[0,11],[0,2],[-1,1],[-2,1],[-2,0],[-1,-1],[-2,-1],[0,-2],[-10,0],[0,-40],[-82,-23],[-12,57],[-1,-1],[-4,-1],[-10,-86],[-33,7],[-3,1],[-25,5],[-2,1],[-25,6],[-3,0],[-6,3],[-4,-18],[-3,1],[-3,1],[1,18],[-1,1],[-6,1],[-3,0],[-7,1],[-3,1],[-6,1],[-3,1],[-5,1],[-1,2],[1,11],[8,76],[1,10],[1,10],[24,11],[202,12],[-1,9],[74,5],[2,-5],[5,-3],[5,0],[4,1],[4,3],[3,5],[0,7],[-1,4],[-1,5],[-5,3],[-268,-16],[-26,-1],[-20,-4],[-13,-5],[-17,-12],[-8,-10],[-7,-12],[-14,-25],[-6,-18],[-7,-59],[-2,-2],[-2,-17],[-2,-2],[-2,-8],[-12,4],[-23,12],[-19,4],[-36,9],[-51,30],[-14,9],[-24,11],[-18,3],[-23,1],[-22,7],[-65,32],[-15,5],[-46,25],[-14,6],[-6,6],[-3,10],[-21,30],[-13,14],[-7,6],[-13,6],[-11,3],[-7,3],[-3,3],[-2,4],[-2,10],[-4,20],[-9,22],[-9,11],[-15,6],[-43,4],[-39,4],[-24,2],[-19,8],[-10,5],[-14,2],[-16,-4],[-17,-12],[-15,-11],[-7,-4],[-16,-2],[-25,-7],[-13,-12],[-21,-15],[-25,-24],[-20,-15],[-19,7],[-2,0],[-4,1],[-2,1],[-2,1],[-68,27],[-3,0],[-5,2],[-3,3],[-3,5],[-8,11],[-9,39],[-11,26],[-14,16],[-6,8],[-12,6],[-15,3],[-9,9],[-13,14],[-2,6],[0,4],[0,3],[4,4],[0,2],[-1,0],[-5,0],[-2,3],[-3,10],[-1,7],[-2,1],[-3,-3],[-3,-10],[-3,-4],[-5,0],[-5,3],[-4,6],[-7,-1],[-6,-3],[-8,-8],[-12,-7],[-5,4],[-6,9],[-9,11],[-10,6],[-15,0],[-4,4],[-2,9],[-1,6],[1,9],[3,10],[0,3],[-1,1],[-3,-3],[-7,-8],[-20,-13],[-5,-6],[-7,-3],[-4,-1],[-4,0],[-4,2],[-1,5],[-2,5],[-3,2],[-9,-1],[-33,19],[-21,6],[-9,6],[-6,8],[-5,13],[-8,14],[-8,35],[-15,57],[-4,7],[-7,1],[-7,0],[-12,3],[-5,9],[-4,15],[-5,37],[-2,1],[-3,-1],[-2,-3],[2,-11],[0,-7],[-2,-5],[-1,-4],[-2,-1],[-4,0],[-3,3],[-4,5],[-2,5],[-3,12],[-4,10],[-3,1],[-3,1],[-3,-1],[-3,2],[-1,5],[-3,8],[-1,1],[-3,0],[-1,-6],[1,-6],[4,-9],[1,-4],[-1,-10],[-1,-12],[0,-7],[0,-8],[-3,-2],[-3,-6],[-8,-12],[-3,-6],[-3,-12],[-3,-8],[-2,-7],[-4,-3],[-4,4],[-3,6],[-4,2],[-2,0],[-1,-3],[0,-4],[2,-9],[2,-4],[3,-10],[1,-12],[-2,-13],[-6,-5],[-4,-2],[-10,-4],[-6,-1],[-7,-5],[-7,-4],[-5,-5],[-3,-4],[-3,-9],[-5,-6],[-6,-14],[-4,-15],[-2,-7],[-4,-8],[-5,-2],[-7,-5],[-8,-1],[-3,1],[-6,1],[-5,-2],[-4,-4],[-7,-6],[-14,2],[-6,4],[-10,5],[-17,7],[-20,2],[-15,-6],[-9,-5],[-9,3],[-6,0],[-6,-6],[-5,-3],[-8,-1],[-16,5],[-11,2],[-11,1],[-15,5],[-9,4],[-14,3],[-15,4],[-4,1],[-5,-1],[-5,-5],[-4,-2],[-10,-2],[-16,-7],[-13,-2],[-10,4],[-11,7],[-17,8],[-9,8],[-10,4],[-5,-4],[-6,-7],[-4,-5],[-8,-14],[-13,-3],[-7,1],[-6,-1],[-6,1],[-3,-2],[-2,-12],[-2,-8],[-5,-6],[-9,-6],[-5,-2],[-5,-2],[-4,-6],[-2,-5],[-2,-5],[-2,-5],[-16,-38],[-22,-8],[-17,3],[-17,8],[-10,13],[-10,5],[-17,21],[-44,18],[-14,3],[-12,8],[-45,44],[-22,12],[-19,8],[-8,8],[-9,2],[-7,7],[-6,5],[-6,0],[-5,-1],[-6,4],[-4,1],[-7,2],[-18,3],[-9,-1],[-21,-19],[-15,-10],[-10,-6],[-17,-9],[-11,-1],[-13,4],[-8,-4],[-10,-9],[-21,-13],[-13,-3],[-7,-2],[-20,-1],[-21,1],[-15,-6],[-11,-2],[-8,3],[-15,10],[-20,2],[-12,4],[-11,3],[-10,-1],[-8,2],[-14,4],[-12,-2],[-4,2],[-2,5],[-4,8],[-13,6],[-13,0],[-11,3],[-14,5],[-15,0],[-17,-4],[-11,-3],[-10,-1],[-16,4],[-23,6],[-18,15],[-11,25],[-13,24],[-18,21],[-6,4],[-6,1],[-9,-3],[-14,-7],[-18,2],[-25,4],[-20,1],[-17,5],[-21,12],[-20,11],[-10,6],[-5,-1],[-5,-3],[-13,-9],[-9,1],[-4,7],[-6,18],[-7,15],[-2,13],[-4,19],[-5,19],[-4,9],[-5,6],[-4,3],[-10,4],[-10,-1],[-6,0],[-5,-3],[-5,-2],[-5,-2],[-5,-9],[-6,-10],[-5,-4],[-7,-3],[-10,-4],[-15,-7],[-21,-3],[-17,1],[-16,2],[-20,1],[-15,0],[-6,-2],[-5,-1],[-5,-5],[-7,-1],[-22,2],[-9,1],[-15,-5],[-10,-3],[-18,4],[-30,4],[-16,-1],[-39,-2],[-34,-1],[-43,-2],[-15,0],[-14,-4],[-13,-5],[-11,-5],[-14,-5],[-8,-1],[-7,1],[-4,0],[-12,2],[-15,4],[-18,4],[-24,4],[-25,9],[-17,5],[-21,10],[-9,11],[-16,9],[-20,7],[-9,3],[-10,9],[-9,1],[-11,-3],[-7,-6],[-16,-28],[-12,-15],[-18,-4],[-7,1],[-12,-3],[-10,-7],[-9,-5],[-6,-7],[-5,-11],[-1,-9],[2,-12],[1,-19],[2,-11],[1,-12],[-4,-11],[-8,-13],[-4,-8],[-14,-8],[-10,-10],[-22,-43],[-14,-16],[-12,-7],[-13,-7],[-19,-6],[-18,-3],[-8,-4],[-3,-5],[-2,-4],[-1,-6],[-6,-4],[-4,0],[-5,1],[-8,0],[-7,0],[-3,-2],[-6,-3],[-9,-4],[-9,-5],[-13,-3],[-7,-9],[-2,-7],[-5,-6],[-4,-4],[-6,-12],[-3,-14],[-6,-21],[-13,-15],[-9,-10],[-8,-3],[-16,-15],[-23,-11],[-12,-14],[-8,-3],[-8,-1],[-13,-1],[-5,-2],[-3,-6],[-1,-16],[-5,-10],[-12,-13],[-10,-8],[-7,-9],[-4,-6],[-5,-11],[-20,-34],[-16,-21],[-15,-13],[-34,-12],[-15,-3],[-27,-8],[-33,-11],[-9,-3],[-9,-1],[-4,3],[-3,6],[-3,5],[-3,1],[-3,-3],[-1,-4],[-3,-5],[-1,-9],[-2,-9],[-5,-7],[-6,-2],[-4,0],[-5,4],[-3,5],[-4,2],[-4,-1],[-14,-21],[-4,-9],[-4,-7],[-2,-4],[-1,-4],[-3,-4],[-3,-6],[-2,-1],[-2,-3],[-3,-5],[0,-5],[3,-4],[2,-8],[-3,-7],[-8,-4],[-9,-7],[-13,-10],[-6,-10],[-5,-14],[-8,-18],[-2,-5],[-2,-4],[-1,-1],[-5,-1],[-4,1],[-5,1],[-8,1],[-3,-1],[-2,-5],[-2,-9],[0,-5],[0,-6],[1,-8],[-3,-13],[-7,-7],[-14,-4],[-5,-1],[-4,-2],[-4,-10],[-4,-9],[1,-3],[0,-4],[3,-1],[5,-2],[10,0],[4,0],[4,-1],[2,-7],[-5,-18],[-11,-15],[-18,-13],[-15,-6],[-5,-3],[-3,-10],[1,-5],[4,-5],[5,-6],[4,-3],[2,-5],[0,-6],[-9,-6],[-1,-1],[-1,-3],[1,-3],[8,-3],[4,-7],[1,-11],[-4,-11],[-8,-23],[-5,-17],[-12,-38],[-8,-34],[-2,-19],[0,-22],[0,-12],[1,-8],[-1,-14],[-1,-10],[-2,-7],[-6,-15],[-9,-22],[-5,-4],[-6,-3],[-13,-1],[-5,-2],[-5,-3],[-4,-3],[0,-9],[-1,-6],[1,-4],[4,-8],[12,-10],[1,-10],[0,-16],[2,-5],[4,-9],[5,-7],[9,-10],[2,-6],[1,-13],[-1,-8],[0,-6],[4,-18],[6,-11],[4,-14],[2,-13],[2,-8],[2,-4],[2,-6],[8,-16],[1,-11],[-7,-24],[-6,-16],[-5,-15],[-9,-37],[-17,-65],[-16,-80],[-16,-46],[-4,-5],[-6,1],[-6,1],[-9,3],[-19,4],[-9,3],[-3,0],[-1,-1],[0,-2],[2,-4],[1,-4],[-2,-3],[-5,-1],[-13,-1],[0,-1],[-1,-3],[5,-7],[9,-9],[7,-12],[5,-26],[-10,-38],[-19,-45],[-24,-92],[-11,-54],[-44,-243],[-25,-139],[-6,-34],[-7,-47],[-4,-29],[-7,-27],[-5,-26],[-4,-34],[-4,-31],[-3,-18],[-2,-13],[-5,-20],[-9,-8],[-14,-6],[-5,-4],[-5,-2],[-5,-7],[-5,-13],[-5,-8],[-5,-9],[-3,-2],[-3,-10],[-7,-10],[-4,-12],[-6,-9],[-4,-6],[-1,-5],[1,-13],[1,-5],[0,-2],[8,-3],[6,-3],[3,-7],[2,-15],[3,-16],[4,-5],[5,-6],[2,-6],[0,-4],[-4,-5],[-2,-4],[1,-3],[3,-5],[2,-2],[4,-2],[12,-8],[32,-48],[2,-5],[0,-41],[-5,-16],[-18,-64],[-14,-88],[-26,-120],[-42,-154],[-28,-121],[-27,-120],[-36,-162],[-47,-205],[-38,-163],[-34,-195],[-41,-233],[-34,-191],[-18,-103],[2,-44],[0,-23],[1,-19],[-12,-38],[-20,-35]],[[21877,44971],[20,43],[79,83],[13,30],[1,73],[37,81],[-12,76],[-55,48],[-1,70],[25,46],[-2,64],[15,53],[-12,33],[29,27],[0,47],[45,184],[22,164],[38,43],[18,56],[4,45],[5,15],[70,24],[-11,64],[30,35],[19,57],[10,45],[8,57],[-56,72],[-39,136],[1,89],[-21,107],[60,80],[40,167],[16,173],[111,76],[24,56],[159,70],[96,66],[117,10],[132,63],[45,10],[35,-7],[63,2],[20,-25],[70,-25],[55,-1],[45,6],[61,31],[91,31],[315,-69],[145,107],[153,259],[39,42],[56,25],[25,29],[31,2],[30,38],[56,47],[62,6],[5,30],[0,49],[6,44],[-1,102],[-5,20],[2,46],[3,18],[45,65],[14,42],[30,28],[42,-17],[35,-34],[26,-32],[25,-5],[28,13],[29,-18],[38,-38],[31,-2],[38,49],[26,-2],[25,-25],[23,9],[19,29],[23,5],[18,39],[27,-10],[35,-33],[2,-24],[77,-16],[29,2],[52,21],[36,-11],[29,-2],[24,7],[-1,44],[-47,92],[5,35],[20,42],[7,74],[-49,30],[-24,-2],[-61,12],[-28,43],[-19,74],[5,79],[26,37],[14,20],[2,58],[24,120],[-17,66],[-7,84],[3,43],[20,45],[25,-4],[34,12],[23,29],[2,53],[-8,56],[-23,61],[20,56],[35,51],[4,48],[11,52],[20,64],[22,0],[-12,71],[-6,80],[-24,64],[0,55],[20,77],[33,34],[21,78],[-30,56],[52,64],[35,61],[15,71],[-52,221],[-23,39],[1,38],[18,42],[15,14],[42,17],[-20,74],[-30,86],[-36,35],[-22,49],[-8,27]],[[26270,51619],[164,-152],[105,-106],[99,-119],[162,-209],[484,-378],[961,-613],[282,-221]],[[9534,58369],[0,59],[-1,14],[0,29],[-4,42],[-82,221],[-7,112],[-4,67],[28,100],[16,360],[10,288],[19,238],[-11,165],[-58,183],[-53,118],[-22,25],[-53,173],[-22,210],[16,109],[57,231],[3,187],[-32,172],[-40,92],[-12,37],[-50,83],[-93,133],[-75,194],[-38,236],[4,159],[36,164],[42,107],[49,-27],[58,-3],[77,2],[38,16],[106,-10],[8,-32],[29,-25],[27,-17],[17,-4],[42,-4],[13,13],[64,26],[51,17],[24,18],[18,35],[43,20],[26,5],[43,-20],[42,-49],[14,-19],[14,-19],[60,-11],[28,2],[80,-17],[35,-18],[58,3],[28,-12],[45,-8],[61,-34],[30,-8],[2,148],[84,316],[26,89],[9,99],[1,190],[-19,159],[-46,269],[-31,86],[-32,45],[-77,64],[-53,45],[-92,126],[-1,36],[47,-9],[19,-11],[12,19],[-12,22],[-9,59],[0,43],[-9,29],[-3,45],[14,67],[-7,21],[-4,27],[-6,36],[-4,39],[6,56],[9,48],[21,77],[17,23],[7,30],[33,70],[2,28],[9,31],[10,17],[12,37],[9,22],[12,56],[-5,42],[21,115],[3,141],[8,37],[-7,42],[-12,19],[-15,28],[-17,35],[-8,53],[-30,98],[15,79],[-19,65],[20,34],[20,39],[0,24],[-9,24]],[[7500,65281],[-4,-60],[-11,-79],[-10,-105],[-6,-26],[-21,-97],[-59,-168],[-13,-35],[-37,-130],[-27,-89],[-69,-295],[-62,-212],[-49,-118],[-36,-65],[-39,-64],[-42,-95],[-35,-57],[-6,-16],[-32,-92],[-46,-216],[-22,-56],[-49,-86],[-75,-198],[-12,-12],[-50,-23],[-53,-25],[-3,-7],[0,-8],[16,-106],[-2,-55],[-19,-181],[3,-74],[1,-28],[-12,-63],[-33,-132],[-10,-49],[-11,-50],[-15,-46],[-18,-98],[-17,-68],[-57,-147],[-11,-38],[-6,-30],[-59,-382],[-8,-64],[-10,-85],[-22,-212],[-18,-192],[-23,-167],[-26,-106],[-11,-70],[-9,-41],[-9,-32],[-3,-11],[-3,-11],[-36,-127],[-90,-360],[-79,-370],[-167,-802],[-45,-233],[-82,-354],[-40,-208]],[[36106,13498],[78,-241],[-17,-142],[-21,-169],[-69,-90],[-91,-184],[-132,-238],[-93,-164],[-124,-76],[-127,-146],[-93,-267],[-19,-43],[-6,-26],[7,-51],[-24,-8],[-18,19],[-11,12],[-15,-9],[-24,-53],[-63,42],[-39,-1],[-28,-7],[3,-22],[7,-44],[4,-62],[8,-23],[33,-23],[23,-84],[14,-74],[22,-33],[13,-56],[0,-25],[11,-40],[2,-30],[-18,-13],[-24,5],[-23,8],[-10,-21],[1,-36],[18,-24],[25,-34],[1,-26],[2,-93],[-47,-27],[-13,-33],[-5,-30],[-28,-35],[-60,-32],[-24,-27],[-26,-11],[-33,0],[-17,-8],[-42,-29],[-48,0],[-59,47],[-38,19],[-182,-6],[-45,-54],[-107,-73],[-73,-26],[-83,-13],[-32,-17],[-16,-154],[25,-4],[26,15],[21,7],[26,-23],[15,-25],[15,-30],[16,-70],[36,34],[29,12],[15,-61],[11,-70],[-21,-173],[-52,-64],[-9,-22],[-24,-15],[-18,-20],[-3,-23],[-23,-26],[-17,-12],[-20,-21],[-4,-16],[-25,-27],[-19,-32],[-31,-18],[-19,-76],[-16,-19],[-12,-33],[-1,-31],[-16,-45],[-39,-61],[-6,-26],[-19,-14],[-44,-164],[-101,-14],[-219,-91],[-229,-171],[13,-69],[11,-21],[8,-46],[-2,-36],[19,-40],[0,-48],[-7,-25],[-18,-19],[-13,-25],[-6,-30],[8,-44],[-10,-67],[-11,-40],[-32,-61],[-11,-64],[-9,-18],[6,-43],[13,-23],[-3,-20],[-3,-24],[-6,-51],[-29,-38],[-21,-34],[-74,130],[-40,152],[-29,151],[-14,32],[-1,38],[-17,31],[-35,9],[-41,-40],[-5,-51],[-16,8],[-20,0],[-15,10],[-4,25],[-5,43],[-21,14],[-44,-5],[-22,-20],[-28,-84],[-29,-33],[-7,-30],[-13,-22],[-2,-43],[-9,-22],[-42,-38],[-3,-39],[4,-23],[4,-27],[-5,-22],[-48,-23],[-6,-26],[-42,-33],[-59,-22],[-4,-30],[-11,-21],[-24,-35]],[[32729,8036],[-17,10],[-10,57],[-36,97],[-35,72],[-8,45],[0,52],[-9,27],[-27,47],[6,35],[20,41],[-13,28],[-31,-11],[-6,46],[-85,-15],[-5,65],[-37,33],[-7,27],[-15,12],[-36,9],[-68,117],[-32,9],[-25,47],[-31,65],[-17,47],[-25,15],[-65,11],[-60,-16],[-58,-7],[-37,-36],[-51,16],[-57,42],[-33,2],[-26,26],[-51,31],[-27,30],[-15,-4],[-66,-22],[-35,-46],[-8,-32],[-23,-69],[-4,-19],[-60,-66],[-41,-7],[-28,11],[-36,-13],[-44,53],[-47,52],[-40,6],[-15,-44],[-7,-16],[-18,2],[-18,37],[-34,-6],[-14,-6],[-9,56],[-18,15],[-20,4],[-19,-17],[-27,-32],[-20,5],[-22,13],[-23,3],[-20,-9],[-3,-25],[-13,-23],[-20,-4],[-12,-11],[-15,-7],[-25,-21],[-35,1],[-20,15],[-7,28],[-21,4],[-77,35],[-12,21],[-17,-16],[-30,-3],[-25,41],[-20,4],[-14,34],[-15,23],[7,38],[9,13],[-2,31],[-7,18],[2,20],[7,19],[2,21],[-9,28],[29,17],[17,36],[12,16],[3,20],[-6,21],[-6,25],[5,17],[-1,24],[6,24],[7,17],[15,20],[3,30],[-8,38],[-13,28],[-22,33],[-42,91],[-9,37],[-6,30],[-17,5],[-7,16],[-45,32],[-47,30],[-150,61],[-103,34],[-13,-4],[-17,-17],[-107,-90],[-27,-10],[-15,-14],[-34,-23],[-20,-6],[-16,1],[-17,-10],[-23,-2],[-20,11],[-20,-3],[-27,1],[-22,-11],[-42,-56],[-38,-28],[-16,-18],[-14,-23],[-15,-12],[-94,-86],[-44,25],[-90,52],[-35,-1],[-60,417],[-7,163],[13,92],[11,66],[16,151],[-3,71],[18,56],[-5,234],[41,53],[12,228],[-8,200],[-13,54],[-31,75],[-65,-1],[-172,-54],[-113,11],[-100,29],[-42,-58],[-23,-17],[-49,-11],[-49,-9],[-29,-23],[-30,-38],[-40,-12],[-53,3],[-5,49],[10,44],[-41,92],[-7,42],[-19,10],[-61,-27],[-30,18],[-27,100],[-47,48],[-15,-11],[-25,-2],[-22,-16],[-11,-19],[-13,-11],[-14,0],[-14,9],[-17,8],[-19,20],[6,27],[-1,20],[6,31],[15,14],[30,0],[21,-6],[19,29],[5,44],[-3,21],[16,9],[54,4],[11,21],[0,31],[-23,60],[3,20]],[[32729,8036],[33,-50],[146,-168],[78,-62],[37,-49],[85,-170],[9,-40],[-6,-53],[-28,-112],[73,-25],[53,1],[106,27],[68,-7],[33,-202],[30,-176],[55,-174],[106,-3],[16,23],[43,19],[30,39],[19,41],[47,27],[38,37],[31,-33],[72,-17],[17,-21],[26,-12],[9,-18],[17,-2],[35,-18],[22,24],[17,14],[15,-10]],[[38730,13044],[35,85],[121,47],[119,78],[191,253],[106,36],[55,28],[5,85],[-233,89],[-38,104],[46,1087],[83,22],[-33,338],[-5,405],[28,75]],[[40531,9439],[1,50],[45,143],[29,73],[47,90],[43,71],[31,53],[12,25],[34,66],[46,67],[-17,12],[-15,17],[-36,41],[-20,45],[-21,27],[-14,25],[-1,165],[12,41],[31,71],[4,79],[48,60],[11,46],[17,39],[23,36],[13,61],[17,37],[12,9],[26,-14],[52,39],[37,27],[19,20],[72,-26],[10,21],[72,-23],[32,13],[81,87],[68,29],[42,27],[84,18],[13,9],[8,94],[14,96],[38,106],[16,17],[21,38],[58,88],[22,45],[21,37],[96,101],[59,65],[49,56],[88,-16],[17,59],[19,30],[38,-8],[91,108],[65,-18],[20,13],[35,37],[19,14],[-3,51],[8,34],[18,28],[48,4],[27,75],[53,159],[-20,126],[10,46],[73,168],[54,109],[28,38],[-14,31],[-10,143],[-33,109],[21,258],[37,133],[0,24],[40,79],[19,20],[25,50],[28,65],[2,33],[36,81],[18,26],[56,138],[31,90],[123,82],[286,-49],[21,13]],[[43267,14241],[22,35],[27,95],[48,-10],[53,-40],[35,-22],[45,6],[9,34],[49,3],[31,42],[-8,71],[-29,51],[-96,99],[-45,27],[-39,74],[-25,57],[-14,66],[2,42],[-14,72],[-2,88],[36,73],[27,35],[3,99],[-4,35],[-10,25],[-29,14],[-50,-32]],[[43267,14241],[4,-132],[33,-157],[11,-44],[16,-25],[19,-26],[18,-15],[38,1],[27,14],[37,17],[25,3],[26,-7],[16,-31],[16,-52],[57,-186],[-15,-49],[-35,-31],[-14,-17],[-8,-155],[11,-147],[-8,-27],[-45,4],[-14,-16],[-7,-81],[-10,-61],[-23,-79],[-33,-44],[-34,-47],[-35,-166],[34,-104],[12,-96],[-120,-49],[-15,-63],[28,-231],[60,-197],[-107,-320],[107,-318],[41,-219],[-19,-169],[184,-189],[64,-126],[4,-184],[145,-960],[-72,-974],[-81,-326],[-36,-627],[-14,-553],[-12,-265]],[[74507,14262],[57,-126],[36,-79],[-75,-158],[-8,-35],[-23,-90],[23,-64],[62,-64],[56,-62],[101,-148],[110,-121],[103,-101],[59,-82],[-64,-141],[-239,-196],[-154,-120],[-192,-53],[-74,22],[-260,-13],[-44,70],[-92,227],[-68,-64],[-17,-152],[-65,-75],[-70,-215],[-26,-578],[21,-228],[-27,-258],[-8,-119],[36,-101],[25,-53],[18,-41],[11,-22],[16,-27],[68,-7],[66,-82],[17,-61],[55,-82],[13,-32],[16,-31],[-17,-10],[-110,33],[-67,40],[-93,39],[-137,45],[-106,69],[-126,102],[-62,83],[-56,144],[-69,121],[-5,221],[-56,114],[-52,45],[-101,25],[-137,53],[-36,8],[-27,2],[-105,115],[-64,62],[-114,77],[-89,32],[-3,183],[-73,137],[-86,122],[-129,-12],[-113,62],[-161,197],[-84,17],[-84,60],[-51,60],[-160,63],[-85,16],[-28,170],[-19,189],[-54,123],[-74,127],[-63,75],[-125,46],[-254,-29],[-63,32],[-12,-43],[-36,-25],[-52,5],[-38,-32],[-34,6],[-23,32],[-51,66],[-13,47],[-7,53],[-24,4],[-19,36],[8,59],[-29,44],[-26,32],[-61,45],[-49,16],[-13,19],[-8,-29],[-6,-240],[-17,-59],[-15,-25],[-220,-46],[-98,15],[-38,-18],[-159,-67],[-90,-14],[-93,-94],[-143,59],[-46,-38],[-106,-119],[-35,-23],[-138,-129],[-82,-195],[-131,-150],[-64,-193],[-92,-212],[-7,-17],[-123,-65],[-28,-2],[-7,27],[1,133],[-8,137],[-75,32],[-42,45],[-17,25],[-24,35],[-10,131],[0,127],[3,31],[9,89],[-11,76],[-31,76],[1,91],[0,105],[33,151],[0,75],[-42,1],[-75,-60],[-42,-60],[-43,16],[-15,142],[-5,39],[-21,46],[-42,31],[-21,106],[-95,61],[-41,151],[-10,91],[0,76],[47,49],[15,85],[-145,123],[11,49],[11,87],[22,121],[-32,30],[-106,-74],[-19,132]],[[43374,23372],[13,17],[24,69],[29,65],[387,217],[481,10],[450,381],[123,668],[208,181],[237,40],[137,-303],[146,59],[30,236],[58,182],[190,-30]],[[47209,19780],[-15,-16],[-22,-67],[-49,2],[-46,-44],[-15,-17],[-26,-53],[-12,-31],[-48,-109],[-15,-19],[-14,-14],[-29,-6],[-23,13],[-23,20],[-24,19],[-74,42],[-67,13],[-75,-33],[-66,-50],[-41,-27],[-158,-131],[-67,-49],[-85,-45],[-40,-18],[-40,-8],[-54,-5],[-18,7],[-22,38],[-16,27],[-16,54],[-54,-8],[-21,-22],[-17,-47],[-9,-35],[-6,-70],[-11,-50],[-20,-76],[-12,-51],[-22,-65],[-18,-34],[-12,-45],[-18,-53],[-30,-31],[-20,-40],[-43,-45],[-37,-43],[-28,-31],[-27,-23],[-35,-24],[-82,85],[-106,127],[-112,141],[-171,91],[-38,-8],[-35,-29],[-13,-23],[-12,-49],[-17,-63],[-35,-33],[-28,8],[-6,25],[-8,14]],[[55131,22376],[-17,-3],[-27,-24],[-26,-45],[0,-46],[-3,-37],[-19,13],[-33,10],[-39,10],[-26,-11],[-10,-32],[4,-49],[11,-52],[-5,-50],[-27,-30],[-28,-5],[-8,-68],[11,-50],[-7,-47],[-19,-1],[-73,40],[-6,-29],[13,-47],[-26,-18],[-37,38],[-17,16],[-26,10],[-9,-21],[-5,-39],[11,-43],[4,-44],[-1,-42],[-15,-30],[-78,-10],[-31,19],[-25,-1],[7,-62],[7,-26],[-8,-29],[-17,-10],[-15,0],[-20,27],[-40,86],[-38,26],[-31,-16],[-22,-42],[-41,-240],[-16,-25],[-22,-9],[-15,9],[-26,155],[-24,34],[-30,15],[-11,-8],[-10,-25],[-30,-54],[-18,-24],[-19,-9],[-22,2],[-25,15],[-26,51],[-41,87],[-11,27],[-29,35],[-30,7],[-14,-9],[-12,-23],[-22,-85],[-10,-88],[-14,-62],[-16,-25],[-29,-5],[-27,9],[-17,33],[-8,110],[-16,93],[-82,72],[-36,3],[-18,-17],[-48,-13],[-14,4],[-69,-26],[-75,-45],[-22,-10],[-146,-99],[-106,-80],[-112,-112],[-64,-3],[-81,27],[-72,-16],[-140,-17],[-177,-27],[-184,-29],[-55,-83],[-48,-285],[-80,-37],[-245,-116],[-53,141],[-133,-101],[-201,-255],[-48,-57],[-124,42],[-194,-127],[-353,82],[-193,40],[-70,32],[-51,-42],[-116,-143],[-63,-79],[-6,-30],[-24,25],[-13,34],[-16,33],[-19,31]],[[12078,86241],[-47,-244],[-53,-275],[-33,-176],[-42,-216],[-37,-194],[-28,-143],[-4,-34],[0,-4],[-52,-190],[-6,-116],[-23,-108],[-30,-88],[-34,-98],[-16,-95],[-18,-60],[-21,-111],[-6,-78],[-7,-102],[-36,-130],[-29,-132],[-21,-84],[-29,-149],[-32,-162],[-85,-256],[-63,-229],[-55,-303],[-37,-208],[-39,-201],[-20,-159],[-12,-157],[-32,-167],[-25,-99],[-23,-179],[-23,-149],[-5,-164],[-33,-125],[-1,-76],[-11,-91],[-29,-168],[-39,-233],[-48,-225],[-32,-192],[-41,-221],[-85,-411],[-63,-304],[-20,-111],[-30,-164],[-40,-277],[-33,-203],[-31,-187],[-11,-66],[-29,-184],[-42,-260],[-11,-69],[-42,-261],[-45,-272],[-10,-64],[-13,-93],[-21,-146],[-29,-203],[-28,-194],[-12,-83],[-13,-74],[-52,-205],[-51,-166],[-8,-130],[15,-56],[28,-44],[10,-55],[14,-70],[15,-12],[10,-16],[4,-8],[-3,-67],[-2,-66]],[[36344,96563],[-4,16],[-4,14],[-1,7],[-1,2],[-2,5],[-3,3],[-2,3],[-3,1],[-2,2],[-5,0],[-41,-2],[-7,3],[-3,2],[-5,6],[-3,7],[-2,7],[-1,12],[1,10],[1,8],[0,10],[-1,6],[-4,7],[-2,3],[-8,5],[-6,1],[-3,-1],[-4,-2],[-5,-3],[-2,-1],[-9,0],[-6,5],[-2,4],[-2,6],[-1,9],[2,20],[4,25],[0,30],[0,14],[-2,8],[-1,3],[-3,7],[-5,8],[-9,9],[-17,11],[-32,21],[-19,14],[-11,8],[-7,9],[-4,5],[-4,6],[-3,8],[-6,9],[-3,4],[-2,3],[-4,2],[-6,1],[-11,-5],[-12,-3],[-8,-1],[-6,-1],[-12,1],[-4,1],[-10,5],[-3,2],[-12,12],[-20,21],[-13,7],[-18,3],[-7,1],[-20,2],[-8,-1],[-8,-2],[-21,-3],[-8,1],[-4,1],[-8,4],[-9,8],[-9,10],[-3,5],[-2,8],[-4,8],[-3,12],[-3,20],[-1,10],[-3,8],[-4,5],[-3,3],[-2,0],[-4,2],[-8,-1],[-10,-3],[-8,-1],[-11,1],[-2,2],[-7,3],[-7,5],[-4,3],[-4,4],[-5,5],[-2,3],[-11,15],[-4,9],[-9,20],[-10,25],[-11,26],[-8,14],[-5,10],[-8,18],[-9,30],[-5,27],[-5,20],[-1,12],[-1,12],[-1,6],[1,12],[1,14],[2,10],[1,9],[-1,7],[-1,8],[-4,8],[-7,7],[-10,7],[-14,7],[-6,7],[-5,10],[-1,10],[0,7],[-2,19],[-1,16],[0,3],[-2,11],[-2,7],[-8,12],[-12,17],[-5,12],[-3,15],[-4,22],[-1,11],[-2,10],[-3,16],[0,11],[2,15],[3,17],[1,5],[-1,9],[2,14],[9,33],[2,43],[5,19],[0,10],[4,8],[-4,12],[1,8],[6,8],[2,7],[3,7],[-1,6],[-3,5],[-16,50],[6,27],[-1,10],[1,8],[-2,6],[-14,12],[-1,6],[-4,7],[1,11],[-1,3],[-7,6],[-11,14],[-2,7],[-5,4],[-5,-2],[-4,2],[-5,8],[-4,1],[-2,7],[-7,1],[-7,-8],[-23,19],[-4,21],[-7,6],[5,26],[2,13],[6,11],[2,8],[4,14],[4,12],[-1,9],[-6,34],[-2,20],[3,17],[7,12],[10,9],[5,7],[1,3],[6,14],[2,19],[-4,17],[-9,14],[-3,6],[-6,6],[3,22],[-6,22],[0,8],[-10,20],[-4,24],[-4,5],[-3,20],[5,17],[-6,20],[2,4],[-3,14],[2,14],[3,7],[4,20],[13,11],[18,-3],[3,7],[1,9],[-1,14],[-3,16],[-3,11],[4,20],[-3,44],[-3,33],[-4,10],[-2,3],[1,14],[-12,20],[-3,11],[1,10],[2,5],[-4,6],[-6,2],[-10,5],[-5,7],[-5,1],[-5,4],[-7,18],[-4,8],[2,38],[-1,11],[3,8],[0,25],[1,14],[-2,30],[-8,12],[-6,0],[-20,15],[-15,1],[-8,7],[-4,8],[-3,7],[0,6],[3,4],[2,9],[-2,35],[2,30],[-2,11],[-2,9],[0,5],[-11,23],[-11,20],[-6,13],[-10,10],[-1,-6],[-18,6],[-17,19],[-3,9],[-11,30],[-2,3],[-1,-1],[-9,-14],[-9,-10],[-29,-21],[-13,-10],[-17,-8],[-11,-1],[-11,6],[-6,-2],[-3,-3],[-12,-8],[-13,-5],[-11,2],[-3,0],[-4,-4],[-8,-30],[-2,-17],[-4,-4],[-31,-19],[-28,-18],[-21,-18],[-21,-16],[-27,-20],[-19,-17],[-21,-7],[-18,-3],[-34,5],[-21,10],[-16,4],[-16,4],[-29,10],[-30,14],[-24,18],[-4,7],[-1,12],[-8,13],[-8,5],[-7,1],[-17,11],[-37,31],[-22,20],[-10,14],[-10,15],[-5,6],[-9,19],[-3,8],[-2,16],[-7,8],[-5,3],[-4,4],[-3,6],[-2,18],[-4,15],[-4,-1],[-11,0],[-3,-1],[-5,4],[-6,7],[-3,2],[5,7],[4,5],[2,3],[1,3],[1,2],[1,0],[0,6],[2,2],[1,2],[1,2],[1,3],[1,2],[3,1],[1,3],[2,3],[-1,2],[-1,2],[2,2],[2,-1],[2,-1],[2,2],[0,2],[0,1],[1,1],[1,2],[1,-2],[1,2],[1,-1],[2,0],[0,1],[1,7],[3,-3],[3,4],[4,8],[-4,11],[1,8],[6,19],[20,46],[10,6],[7,12],[3,24],[10,15],[4,4],[2,12],[2,9],[1,11],[-2,17],[-3,12],[-6,10],[-10,8],[-9,11],[-9,16],[-30,29],[-15,13],[-11,10],[-17,37],[-13,31],[-9,23],[-11,18],[-11,9],[-6,5],[-5,10],[-4,13],[0,15],[0,11],[-1,9],[2,9],[-13,-4],[2,14],[3,14],[-4,9],[2,14],[8,22],[-5,8],[-3,2],[-20,-8],[-10,-9],[-12,-23],[-5,7],[-7,9],[-6,3],[2,-23],[-16,-7],[-7,-19],[-1,-19],[-7,-15],[-7,3],[-3,-4],[-3,-21],[3,-12],[4,-5],[-9,-19],[-7,1],[-10,-14],[-2,-15],[-1,-11],[-4,-7],[-9,-1],[-16,-28],[1,-9],[6,-18],[-15,1],[-1,-6],[-12,-11],[-5,-12],[-1,-34],[0,-14],[-7,21],[-12,5],[-4,-8],[1,-17],[-4,9],[-5,-1],[-7,-16],[-11,-21],[-10,-20],[-6,-28],[-11,-23],[-7,-10],[-9,-23],[-22,-26],[-18,-25],[-10,-29],[-21,-47],[-4,-8],[-5,2],[-3,-15],[-3,-13],[-7,-11],[-9,-6],[-12,-18],[2,19],[-7,-6],[-4,-14],[-8,-16],[-10,-18],[-13,-5],[-16,-30],[-13,-16],[-3,-14],[-4,4],[-15,-10],[-23,-22],[-10,-12],[-15,-8],[-10,-12],[-6,-11],[-5,-8],[-4,-7],[-9,11],[-26,-39],[-12,-17],[-2,-12],[-9,-4],[2,-6],[-18,6],[-20,-1],[-9,13],[-2,-1],[-5,8],[-7,7],[-2,3],[-7,-5],[-7,7],[-5,0],[4,-7],[-9,-3],[-9,3],[-7,-8],[-11,-18],[-10,-6],[-7,-3],[-7,1],[-3,3],[-2,-5],[-4,5],[-12,1],[-11,4],[-20,5],[-2,-8],[-19,7],[-3,6],[-8,3],[-1,-5],[-2,-6],[-22,5],[-23,4],[-17,5],[-8,4],[-14,3],[-4,1],[0,-7],[0,-9],[-5,-11],[-9,-6],[-10,-16],[-2,-3],[-8,-17],[-2,-2],[-7,-4],[-8,0],[-7,-1],[-7,-3],[-6,-8],[-9,-13],[-233,-81],[-2,-3],[-6,-6],[-1,4],[1,8],[-10,2],[-4,-6],[-3,-4],[-7,2],[-6,-2],[-4,1],[-9,7],[-11,16],[-15,11],[-7,1],[-9,2],[-4,-10],[-8,1],[-11,7],[-17,6],[-17,15],[-8,15],[1,11],[-3,11],[-10,10],[-8,5],[-3,3],[1,16],[0,6],[-6,4],[-13,18],[0,9],[-3,6],[1,5],[6,0],[2,5],[-7,15],[-4,1],[-5,1],[-4,3],[-2,-3],[2,-8],[2,-2],[2,-5],[-3,-3]],[[96764,49343],[-176,86],[-62,41],[-100,79],[-74,61],[-73,41],[-67,22],[-109,55],[-49,51],[-36,40],[-49,65],[-11,17],[-23,40],[-16,17],[-8,4],[-13,0],[-14,-5],[-21,-7],[-13,-5],[-17,30],[-17,22],[-19,7],[-13,-3],[-14,2],[-18,14],[-11,18],[-12,40],[-8,23],[-7,43],[-5,15],[-12,29],[-10,18],[-8,29],[-9,12],[-9,-1],[-18,-11],[-14,3],[-8,10],[-2,19],[6,15],[18,16],[0,9],[-1,8],[-1,5],[-2,5],[-1,5],[0,9],[1,11],[0,7],[1,10],[-1,9],[0,5],[-1,7],[-1,8],[-1,9],[-2,8],[0,7],[-4,10],[-3,8],[-3,3],[-4,1],[-3,2],[-6,-2],[-3,-2],[-4,-3],[-2,-2],[-1,-5],[0,-7],[0,-4],[-4,-13],[-2,-11],[-2,-7],[-3,-6],[-6,-4],[-7,-3],[-18,4],[-60,66]]],"bbox":[-6.243114,34.5048821,-3.8031846,35.922454],"transform":{"scale":[0.000024399537995379957,0.000014175860758607573],"translate":[-6.243114,34.5048821]},"license":"ODbL-1.0","attribution":"© OpenStreetMap contributors, opendatacommons.org/licenses/odbl/1-0/","source":"OpenStreetMap admin_level=8 relations, matched to HCP communes on ref:MA:HCP"}
