{"type":"Topology","objects":{"communes":{"type":"GeometryCollection","geometries":[{"type":"Polygon","arcs":[[0,1,2,3,4,5,6,7,8,9,10],[11]],"properties":{"code":"021671709","name":"Mtalssa"}},{"type":"Polygon","arcs":[[12,13,14,15]],"properties":{"code":"021671329","name":"Tsaft"}},{"type":"Polygon","arcs":[[5,16,12,17,18]],"properties":{"code":"021671301","name":"Azlaf"}},{"type":"Polygon","arcs":[[-5,19,20,18]],"properties":{"code":"021670113","name":"Midar"}},{"type":"Polygon","arcs":[[21,22,3,19,23]],"properties":{"code":"021671321","name":"Tafersit"}},{"type":"Polygon","arcs":[[24,25,26,27,28]],"properties":{"code":"023810503","name":"Bni Chiker"}},{"type":"MultiPolygon","arcs":[[[29,27,30,31]],[[32,33]],[[34]]],"properties":{"code":"023810103","name":"Bni Ansar"}},{"type":"Polygon","arcs":[[35,21,36,37,38,39,40,41]],"properties":{"code":"021671125","name":"Temsamane"}},{"type":"Polygon","arcs":[[1,42,43]],"properties":{"code":"021670103","name":"Ben Taieb"}},{"type":"Polygon","arcs":[[44,45,-41,46,47]],"properties":{"code":"021671127","name":"Trougout"}},{"type":"Polygon","arcs":[[-48,48,49]],"properties":{"code":"021671119","name":"Oulad Amghar"}},{"type":"Polygon","arcs":[[50,39,46,48,51]],"properties":{"code":"021671107","name":"Boudinar"}},{"type":"Polygon","arcs":[[52,53,54,55,56,57]],"properties":{"code":"021671513","name":"Tazaghine"}},{"type":"Polygon","arcs":[[58,59,54,60]],"properties":{"code":"021671507","name":"Dar El Kebdani"}},{"type":"Polygon","arcs":[[61,14,62,45,41]],"properties":{"code":"021671111","name":"Ijermaouas"}},{"type":"Polygon","arcs":[[0,-44,63,64]],"properties":{"code":"021671317","name":"Ouardana"}},{"type":"Polygon","arcs":[[-56,60,65,66,10,-65,67]],"properties":{"code":"021671503","name":"Ait Mait"}},{"type":"Polygon","arcs":[[22,-3,42,63,67,56,68,-37]],"properties":{"code":"021671315","name":"M'hajer"}},{"type":"Polygon","arcs":[[-58,68,37,69]],"properties":{"code":"021671323","name":"Talilit"}},{"type":"Polygon","arcs":[[50,-39,69,52,70]],"properties":{"code":"021671105","name":"Bni Marghnine"}},{"type":"Polygon","arcs":[[58,71,72,73,74,-66]],"properties":{"code":"021671505","name":"Amejjaou"}},{"type":"MultiPolygon","arcs":[[[75,76,-32,77]],[[78]]],"properties":{"code":"023810105","name":"Nador"}},{"type":"Polygon","arcs":[[17,-21,23,-36,61,-14]],"properties":{"code":"021671309","name":"Iferni"}},{"type":"Polygon","arcs":[[79,80,7,81,82]],"properties":{"code":"021671701","name":"Ain Zohra"}},{"type":"Polygon","arcs":[[-9,81,83,84,85]],"properties":{"code":"021671711","name":"Oulad Boubker"}},{"type":"Polygon","arcs":[[86]],"properties":{"code":"025330133","name":"Taourirt"}},{"type":"Polygon","arcs":[[87]],"properties":{"code":"022750117","name":"Jerada"}},{"type":"Polygon","arcs":[[88,89,90]],"properties":{"code":"021130125","name":"Saidia"}},{"type":"Polygon","arcs":[[91,92,93,94,95,96,97]],"properties":{"code":"023810501","name":"Bni Bouifrour"}},{"type":"Polygon","arcs":[[98,99,100,97,101]],"properties":{"code":"023810517","name":"Iksane"}},{"type":"Polygon","arcs":[[102,103]],"properties":{"code":"023810101","name":"Al Aaroui"}},{"type":"Polygon","arcs":[[104,105]],"properties":{"code":"023810107","name":"Zaio"}},{"type":"Polygon","arcs":[[106,-94]],"properties":{"code":"023810109","name":"Zeghanghane"}},{"type":"Polygon","arcs":[[107,108,25,109,95]],"properties":{"code":"023810505","name":"Bni Sidel Jbel"}},{"type":"Polygon","arcs":[[110,108,-25,111,72]],"properties":{"code":"023810513","name":"Iaazzanene"}},{"type":"Polygon","arcs":[[112,113,114,115,116,117,118]],"properties":{"code":"023810705","name":"Arekmane"}},{"type":"MultiPolygon","arcs":[[[75,119,-92,101,120,121,-117,122]],[[123,-115,124,-34]]],"properties":{"code":"023810509","name":"Bouarg"}},{"type":"Polygon","arcs":[[125,126,127,128]],"properties":{"code":"023810115","name":"Ras-El-Ma"}},{"type":"Polygon","arcs":[[129,112,130,126]],"properties":{"code":"023810703","name":"Al Barkanyene"}},{"type":"Polygon","arcs":[[-10,-86,131,132,133,74,66]],"properties":{"code":"023810717","name":"Tiztoutine"}},{"type":"Polygon","arcs":[[132,134,-100,135,103,136,137,138,139]],"properties":{"code":"023810707","name":"Bni Oukil Oulad M'hand"}},{"type":"Polygon","arcs":[[-85,140,141,139,-132]],"properties":{"code":"023810701","name":"Afsou"}},{"type":"Polygon","arcs":[[-142,142,143,144,145,146,138]],"properties":{"code":"023810709","name":"Hassi-Berkane"}},{"type":"Polygon","arcs":[[-108,96,-101,-135,133,-74,110]],"properties":{"code":"023810507","name":"Bni Sidel Louta"}},{"type":"Polygon","arcs":[[147,148,149,150]],"properties":{"code":"021130109","name":"Berkane"}},{"type":"Polygon","arcs":[[151,-89,152,153,154,155]],"properties":{"code":"021130309","name":"Laatamna"}},{"type":"Polygon","arcs":[[156,157]],"properties":{"code":"021130101","name":"Ahfir"}},{"type":"Polygon","arcs":[[156,158,-156,159,160,161,162]],"properties":{"code":"021130301","name":"Aghbal"}},{"type":"Polygon","arcs":[[163,164,165,128,166,90,152]],"properties":{"code":"021130311","name":"Madagh"}},{"type":"Polygon","arcs":[[-164,153,167,-148,168,-150,169,170,171]],"properties":{"code":"021130519","name":"Zegzel"}},{"type":"Polygon","arcs":[[168,150]],"properties":{"code":"021130129","name":"Sidi Slimane Echcharaa"}},{"type":"Polygon","arcs":[[172,173,-170,-149,-168,154,159],[174]],"properties":{"code":"021130307","name":"Fezouane"}},{"type":"Polygon","arcs":[[174]],"properties":{"code":"021130105","name":"Ain Erreggada"}},{"type":"Polygon","arcs":[[175,176,177,178,179,171,164],[180]],"properties":{"code":"021130503","name":"Boughriba"}},{"type":"Polygon","arcs":[[181,-176,165,-128,129,-119,182,105]],"properties":{"code":"023810711","name":"Oulad Daoud Zkhanine"}},{"type":"Polygon","arcs":[[-120,76,29,-27,109,-95,-107,-93]],"properties":{"code":"023810515","name":"Ihaddadene"}},{"type":"Polygon","arcs":[[-121,98,135,-103,136,183]],"properties":{"code":"023810119","name":"Selouane"}},{"type":"Polygon","arcs":[[184,185,186,187,-161,172,188]],"properties":{"code":"024110303","name":"Ain Sfa"}},{"type":"Polygon","arcs":[[189,190,191,192,193,185]],"properties":{"code":"024110307","name":"Bsara"}},{"type":"Polygon","arcs":[[-192,194,195]],"properties":{"code":"024110119","name":"Naima"}},{"type":"Polygon","arcs":[[196,197,193,-185]],"properties":{"code":"021130515","name":"Sidi Bouhria"}},{"type":"Polygon","arcs":[[198,197,-193,-196,199,200,201,202,178]],"properties":{"code":"021130513","name":"Rislane"}},{"type":"Polygon","arcs":[[203,-177,-182,104,-183,-118,-122,-184,137,-147]],"properties":{"code":"023810713","name":"Oulad Settout"}},{"type":"Polygon","arcs":[[179,-171,-174,188,196,-199]],"properties":{"code":"021130517","name":"Tafoughalt"}},{"type":"Polygon","arcs":[[204,205,206,-162,-188],[207]],"properties":{"code":"024110305","name":"Bni Khaled"}},{"type":"Polygon","arcs":[[207]],"properties":{"code":"024110111","name":"Bni Drar"}},{"type":"Polygon","arcs":[[145,203,177,-203,208]],"properties":{"code":"021130505","name":"Chouihia"}},{"type":"Polygon","arcs":[[209,210]],"properties":{"code":"022510103","name":"Figuig"}},{"type":"Polygon","arcs":[[211,212,213,214,215]],"properties":{"code":"022510507","name":"Tendrara"}},{"type":"Polygon","arcs":[[216,217,218,212,219,220,221,222,223,224]],"properties":{"code":"022510505","name":"Maatarka"}},{"type":"Polygon","arcs":[[225,226,227,228]],"properties":{"code":"022510711","name":"Talsint"}},{"type":"Polygon","arcs":[[225,229,230]],"properties":{"code":"022510709","name":"Boumerieme"}},{"type":"Polygon","arcs":[[-217,231,-230,226,232,233]],"properties":{"code":"022510707","name":"Bouchaouene"}},{"type":"Polygon","arcs":[[234]],"properties":{"code":"022510101","name":"Bouarfa"}},{"type":"Polygon","arcs":[[-211,235,236,237]],"properties":{"code":"022510501","name":"Abbou Lakhal"}},{"type":"Polygon","arcs":[[238,239]],"properties":{"code":"022510301","name":"Ain Chouater"}},{"type":"Polygon","arcs":[[-239,240,241,233,217,242,243,244,245]],"properties":{"code":"022510305","name":"Bouanane"}},{"type":"Polygon","arcs":[[241,-233,227,246]],"properties":{"code":"022510303","name":"Bni Tadjite"}},{"type":"Polygon","arcs":[[247,248,249,250,251,252]],"properties":{"code":"022750913","name":"Ras Asfour"}},{"type":"Polygon","arcs":[[253]],"properties":{"code":"025330115","name":"El Aioun Sidi Mellouk"}},{"type":"Polygon","arcs":[[254,255,-144,256,257,258,259,260]],"properties":{"code":"025330713","name":"Mestegmer"}},{"type":"Polygon","arcs":[[261,262]],"properties":{"code":"024110123","name":"Oujda"}},{"type":"Polygon","arcs":[[263,-205,-187,189,264,265,-262]],"properties":{"code":"024110509","name":"Isly"}},{"type":"Polygon","arcs":[[266,267,268,220,269,270]],"properties":{"code":"022750511","name":"Mrija"}},{"type":"Polygon","arcs":[[271,-270,221,272]],"properties":{"code":"022750513","name":"Ouled Ghziyel"}},{"type":"Polygon","arcs":[[273]],"properties":{"code":"022750103","name":"Ain Bni Mathar"}},{"type":"Polygon","arcs":[[274,275,214,276]],"properties":{"code":"022750515","name":"Ouled Sidi Abdelhakem"}},{"type":"Polygon","arcs":[[277,278,279,-275,280,281,282,283,247]],"properties":{"code":"022750921","name":"Tiouli"}},{"type":"Polygon","arcs":[[-282,284,252,-284,285]],"properties":{"code":"022750915","name":"Sidi Boubker"}},{"type":"Polygon","arcs":[[-283,-286]],"properties":{"code":"022750135","name":"Touissit"}},{"type":"Polygon","arcs":[[286,-278,248,287,288]],"properties":{"code":"022750905","name":"Guenfouda"}},{"type":"Polygon","arcs":[[-287,289,290,291,292,293,-279],[87]],"properties":{"code":"022750707","name":"Laaouinate"}},{"type":"Polygon","arcs":[[294,292,295,-268,296]],"properties":{"code":"022750703","name":"Gafait"}},{"type":"Polygon","arcs":[[297,290,298,299,300]],"properties":{"code":"024110511","name":"Mestferki"}},{"type":"Polygon","arcs":[[190,194,199,301,300,302,-288,249,303,-265]],"properties":{"code":"024110519","name":"Sidi Moussa Lemhaya"}},{"type":"Polygon","arcs":[[297,-290,-289,-303]],"properties":{"code":"024110517","name":"Sidi Boulenouar"}},{"type":"Polygon","arcs":[[304,254,305,-201,301,-300],[253]],"properties":{"code":"025330703","name":"Ain Lehjer"}},{"type":"Polygon","arcs":[[208,-145,-256,305,201]],"properties":{"code":"025330709","name":"Mechraa Hammadi"}},{"type":"Polygon","arcs":[[306,307,308]],"properties":{"code":"022650711","name":"Oulad Bourima"}},{"type":"Polygon","arcs":[[140,142,256,309,310,311,312,313,-83,83]],"properties":{"code":"022650515","name":"Saka"}},{"type":"Polygon","arcs":[[-80,-314,314,-307,315]],"properties":{"code":"022650709","name":"Mazguitam"}},{"type":"Polygon","arcs":[[265,262,263,205,316,-251,303]],"properties":{"code":"024110301","name":"Ahl Angad"}},{"type":"Polygon","arcs":[[317,318,319,294,-292,298,304,-261]],"properties":{"code":"025330721","name":"Tancherfi"}},{"type":"Polygon","arcs":[[320,321,322,323,324],[325]],"properties":{"code":"025330317","name":"Sidi Ali Bel Quassem"}},{"type":"Polygon","arcs":[[326,320,327,328,-259,329,310]],"properties":{"code":"025330907","name":"Gteter"}},{"type":"Polygon","arcs":[[330]],"properties":{"code":"022650103","name":"Guercif"}},{"type":"Polygon","arcs":[[-324,331,332,333,334]],"properties":{"code":"022650507","name":"Lamrija"}},{"type":"Polygon","arcs":[[325]],"properties":{"code":"025330113","name":"Debdou"}},{"type":"Polygon","arcs":[[-223,272,335,322,331,336,337]],"properties":{"code":"025330305","name":"El Atef"}},{"type":"Polygon","arcs":[[338,-224,-338]],"properties":{"code":"025330315","name":"Ouled M'hamed"}},{"type":"Polygon","arcs":[[339,-319,340,-328,321,-336,271,270]],"properties":{"code":"025330319","name":"Sidi Lahsen"}},{"type":"Polygon","arcs":[[-334,341,342,343,344,345]],"properties":{"code":"022650501","name":"Assebbab"}},{"type":"Polygon","arcs":[[-327,311,346,345,334,324],[330]],"properties":{"code":"022650505","name":"Houara Oulad Raho"}},{"type":"Polygon","arcs":[[347,344,-347,312,314,307,348]],"properties":{"code":"022650717","name":"Taddart"}},{"type":"Polygon","arcs":[[349,350,342]],"properties":{"code":"022650503","name":"Barkine"}},{"type":"Polygon","arcs":[[347,-344,349,351]],"properties":{"code":"022650713","name":"Ras Laksar"}},{"type":"Polygon","arcs":[[339,319,-297,-267]],"properties":{"code":"022750709","name":"Lebkhata"}},{"type":"Polygon","arcs":[[309,-330,-258]],"properties":{"code":"025330911","name":"Melg El Ouidane"}},{"type":"Polygon","arcs":[[-341,-318,-260,-329],[86]],"properties":{"code":"025330901","name":"Ahl Oued Za"}},{"type":"Polygon","arcs":[[211,-219,242,352,244,353,236,354],[234]],"properties":{"code":"022510503","name":"Bni Guil"}},{"type":"Polygon","arcs":[[11]],"properties":{"code":"021670109","name":"Driouch"}},{"type":"Polygon","arcs":[[295,268,-220,213,-276,-280,-294],[273]],"properties":{"code":"022750501","name":"Bni Mathar"}},{"type":"Polygon","arcs":[[180]],"properties":{"code":"021130107","name":"Aklim"}},{"type":"Polygon","arcs":[[243,-353]],"properties":{"code":"022510313","name":"Ain Chair"}}]}},"arcs":[[[23749,88729],[-7,-2],[-23,4],[-80,33],[-61,37],[-27,8],[-84,11],[-21,7],[-38,12],[-69,16],[-47,-6],[-29,-16],[-32,-11],[-63,0],[-145,13],[-83,0],[-105,-9],[-82,13],[-144,38],[-46,10],[-27,-3],[-29,6],[-512,-65],[-78,-19],[-50,49]],[[21867,88855],[-42,-19],[-47,-22],[-89,-57],[-67,-42],[-55,-28],[-21,-9],[-75,0],[-29,-11],[-28,-8],[-52,-8],[-57,-19],[-17,-14],[-31,-9],[-26,-20],[-48,0],[-12,-14],[-145,-8],[-91,-33],[-40,84],[-30,40],[-78,52],[-70,53],[-20,17],[-34,20],[-7,5],[-12,8],[-26,12],[-13,14],[-10,17],[-4,25],[-12,12],[-23,37],[-17,22],[-19,16],[-13,18]],[[20507,88986],[-25,1],[-22,-23],[0,-6],[-77,-67],[-11,-11],[-39,-82],[-72,-82],[-37,26],[-25,16],[-53,27],[-57,38],[-66,69],[-44,41],[-23,9],[-81,3],[-5,7]],[[19870,88952],[-3,-33],[-3,-20],[-5,-33],[22,-42],[6,-78],[28,-49],[74,-113],[-146,-35],[-83,-28],[63,-43],[-30,-75],[-29,-57],[-34,-47],[-43,-33],[-59,-26],[-76,-36],[-82,-48],[-42,-17],[-4,-13],[-19,-19],[-67,-50],[-16,-15]],[[19322,88042],[44,-16],[29,-23],[35,-16],[104,-83],[104,-61],[125,-82],[56,-48],[93,-77],[6,-12],[34,-17],[43,-46],[30,-20],[41,-41],[11,-3],[13,-28],[-57,-36],[-93,-34],[10,-16],[28,-24],[52,-28],[69,-20],[7,-47],[36,-12],[81,-20],[47,11],[33,4],[66,-14],[18,-55],[90,-124],[-2,-78],[-13,-8],[-78,-48],[28,-24],[1,-25],[-19,-38],[-31,-73],[-21,-81],[-35,-161],[-6,-180],[-34,-126],[-31,-93],[-58,-124],[-26,-103],[-6,-49],[-200,-48],[-43,-18],[-62,-11],[-111,-46],[-51,-33],[-16,-33],[-12,-35],[134,-19],[22,-18],[24,-33],[-4,-34],[-15,-30],[-39,-19],[-15,-17],[-4,-17],[17,-17],[94,-59],[-118,-121],[-73,-85],[-37,-21],[-50,-15],[-97,2],[-70,17],[-64,9],[-252,124],[-206,103],[-212,44],[-171,43],[-197,16],[-58,17],[-2,-159],[-73,-83],[-239,-128],[-174,-55],[-102,-29],[-50,-12],[-73,-12],[-124,-22],[-126,-52],[-44,-6],[-41,0],[-71,5],[-30,3]],[[17111,84939],[-119,-102],[-230,-352],[-151,-23],[83,-113],[-65,-188]],[[16629,84161],[36,-94],[7,-166],[-210,-142],[-365,-156],[-57,-82],[82,-211],[102,-193],[154,-40],[239,-4],[130,-108],[31,-281],[-189,-285],[-40,-200],[-14,-94],[0,-106],[-13,-242],[-68,0],[-29,-2],[-26,5],[-183,-42],[-104,-37],[-84,-92],[-27,-161],[-402,-277],[-4,-63],[271,-318],[101,-92],[112,-84],[161,-45],[296,-58],[167,-11],[274,-38]],[[16977,80442],[108,-11],[324,-42],[174,-28],[109,8],[218,18],[159,31],[145,95],[-25,240],[124,142],[126,105],[30,27]],[[18469,81027],[29,37],[214,205],[154,164],[13,132],[29,25],[32,53],[9,68],[-3,54],[-25,82],[77,49],[31,36],[-2,39],[-3,31],[-17,27],[-16,53],[12,62],[25,20],[11,22],[4,18],[-10,22],[-5,81],[48,81],[32,42],[17,32],[6,62],[0,70],[2,34],[56,36],[9,27],[13,163],[54,25],[-11,78],[154,55],[15,49],[31,37],[19,41],[49,24],[79,9],[45,11],[4,24],[-20,27],[20,33],[36,7],[12,30],[16,59],[-39,91],[50,87],[-12,54],[-43,37],[-81,24],[-36,-14],[-45,-8],[-29,9],[-1,22],[69,93],[-9,101],[-24,77],[37,25],[39,9],[30,-17],[13,-76],[86,-62],[125,-7],[282,20],[279,67],[322,164],[279,160],[180,23],[330,60],[118,31],[382,98],[48,145],[156,130],[458,157],[125,35],[133,-7],[242,-96],[71,-46],[587,53],[376,22],[124,-20],[247,-174],[442,-215],[371,-31],[222,-37],[425,159],[189,58],[242,3],[182,69],[365,90]],[[27021,84726],[60,137],[5,54],[22,71],[17,54],[224,714],[-97,648],[127,498],[1777,257],[-140,784],[-672,138],[-548,309],[-309,663]],[[27487,89053],[-17,-35],[-10,-11],[-27,-10],[-33,-1],[-54,5],[-40,-2],[-47,-11],[-29,-12],[-18,-6],[-21,-9],[-22,-19],[-24,-7],[-35,-3],[-51,-13],[-40,-7],[-61,-3],[-50,0],[-59,3],[-51,-3],[-58,-16],[-68,-18],[-39,-15],[-45,-23],[-61,-42],[-42,-19],[-21,-6],[-21,-4],[-19,2],[-25,7],[-47,17],[-75,22],[-42,12],[-43,9],[-32,3],[-31,-4],[-22,-13],[-12,-17],[-6,-18],[-28,-19],[-25,-12],[-50,-8],[-93,-24],[-41,-12],[-29,-9],[-31,-21],[-10,-14],[-9,-21],[-3,-21],[-1,-22],[-7,-18],[-12,-6],[-44,-8],[-25,-10],[-10,-8],[-2,-16],[1,-10],[-17,-9],[-27,-10],[-102,-18],[-51,-10],[-43,-6],[-17,0],[-15,4],[-27,14],[-19,4],[-45,-3],[-75,-14],[-30,-6],[-11,-9],[-18,-12],[-12,-14],[-12,-10],[2,-7],[22,-18],[-10,-4],[-8,-2],[-13,-3],[-22,-1],[-28,4],[-29,5],[-23,5],[-18,7],[-22,9],[-20,10],[-19,2],[-13,0],[-17,-1],[-12,0],[-9,4],[-9,5],[-9,0],[-9,-2],[-9,-5],[-6,-5],[-10,-6],[-16,-3],[-14,-1],[-18,1],[-17,4],[-16,4],[-15,-2],[-17,-3],[-8,2],[-9,8],[-5,10],[-10,6],[-14,4],[-16,2],[-17,3],[-18,8],[-33,10],[-23,4],[-16,-1],[-7,-4],[-2,-4],[-3,-8],[-4,-5],[-5,-3],[-14,-3],[-11,0],[-10,3],[-14,4],[-8,5],[-8,8],[-7,11],[-8,5],[-14,7],[-17,4],[-29,8],[-18,5],[-18,10],[-9,8],[-9,13],[-3,9],[2,6],[6,6],[9,7],[11,9],[12,14],[10,12],[2,9],[-6,12],[-9,12],[-5,8],[-2,12],[-3,12],[-2,5],[-6,3],[-12,4],[-19,2],[-23,-1],[-15,2],[-7,5],[-9,7],[-10,9],[-15,6],[-13,3],[-20,2],[-31,3],[-46,4],[-44,7],[-24,3],[-9,-2],[-18,-2],[-18,-5],[-18,-1],[-15,1],[-16,7],[-14,1],[-13,-8],[-7,-6],[-8,-2],[-11,1],[-13,7],[-19,14],[-14,9],[-12,4],[-9,1],[-8,-3],[-13,-7],[-23,-15],[-17,-5],[-27,-3],[-18,0],[-11,2],[-9,4]],[[23620,87704],[-468,172],[-275,31],[-356,-46],[-80,-145],[-23,-156],[53,-61],[229,-180],[158,-44],[292,-18],[78,-173],[732,121],[111,243],[-136,251],[-315,5]],[[13222,84810],[24,16],[18,13],[15,27],[9,47],[-15,71],[-54,277],[27,51],[5,20],[69,16],[16,13],[12,33],[2,37],[-11,88],[-20,28],[-11,37],[-31,44],[-48,120],[-45,71],[30,57],[-49,137],[10,78],[27,36],[39,43],[52,74],[33,48],[25,56],[23,67],[47,90],[21,99],[33,133],[40,109],[19,38],[95,113]],[[13629,86997],[-66,37],[-66,34],[-40,32],[-93,106],[-18,20],[-71,0],[-78,-14],[-200,-4],[-159,-13],[-67,7],[-123,6],[-161,17],[-134,23],[-225,28],[-73,17],[-49,15],[-65,24],[-109,59],[-99,80],[-46,41],[-25,38],[-10,49]],[[11652,87599],[-122,150],[-52,78],[-27,43],[-5,80],[-33,14],[-24,14],[-30,22],[-14,25],[-6,20],[-19,14],[-25,3],[-30,-4],[-42,-10],[-26,-2],[-45,16],[-28,3],[-24,-4],[-23,0],[-33,16],[-19,-11],[-8,-20],[-31,-10],[-30,-1],[-22,-1],[-28,-12],[-15,-28],[-73,-30],[-28,-17],[-29,-27],[-73,-35],[-40,-27],[-76,-23],[-16,-19],[-53,4],[-58,20],[-37,1],[-29,-12],[-14,-26],[-18,-3],[-33,-1],[-72,30],[-67,31],[-65,2],[-27,-11],[-32,-19],[-131,23],[-107,-30],[6,22],[16,8],[27,-3],[16,35],[21,9],[43,50],[59,26],[15,17],[13,41],[42,31],[38,15],[67,70],[17,54],[73,96],[77,66],[45,39],[126,98],[87,37],[76,29],[41,103],[59,89],[11,30],[4,22],[-20,33],[-28,78],[2,118],[113,110],[92,110],[64,93],[106,133],[-1,46],[-9,18],[-12,14],[-18,8],[-28,5],[-69,4],[-58,10],[-61,25],[-24,12],[-44,15],[-31,12],[-19,25],[-54,13],[-94,-2],[-51,8],[-53,5],[-64,-38],[-32,3],[-35,0],[-59,17],[-49,-9],[-50,0],[-23,19],[-44,-2],[-36,11],[-128,-5],[-51,-10],[-84,-53],[-29,-30],[-65,-7],[-68,-19],[-50,-26],[-40,-39],[-22,-37],[-3,-8],[-31,-14],[-60,-16],[-7,7],[-4,4]],[[9461,89450],[-12,-54],[-46,-58],[-35,-38],[6,-20],[-1,-20],[26,-62],[14,-51],[-12,-37],[-14,-22],[-11,-30],[11,-38],[-27,-97],[-10,-71],[14,-42],[12,-27],[8,-18],[6,-29],[6,-55],[-5,-25],[-3,-24],[10,-40],[0,-28],[6,-27],[10,-28],[10,-14],[42,-20],[26,-14],[46,-45],[31,-52],[7,-23],[6,-20],[6,-25],[-3,-20],[-14,-38],[-11,-16],[-13,-46],[-1,-28],[5,-32],[11,-20],[25,-40],[24,-33],[-22,-41],[5,-18],[10,-12],[34,-16],[26,-16],[9,-13],[6,-6],[20,-35],[2,-31],[3,-38],[-175,-313],[9,-27],[9,-32],[-61,-173],[-29,-239],[-323,-583],[157,-96],[-225,-110],[-110,-67],[-73,-53],[-42,-39],[-82,-87],[-11,-153],[126,-128],[206,-174],[8,-22],[-2,-22],[-10,-27],[-58,-177],[47,7],[253,41],[232,45],[69,14],[38,12],[111,-78],[71,-67],[16,-9],[22,-23],[30,-17],[110,-101],[43,-11],[122,2],[90,12],[192,44],[23,13],[9,5],[22,6],[19,1],[33,-8],[-18,14],[-11,18],[-1,15],[8,23],[10,36],[5,55],[10,7],[85,10],[70,-2],[15,-3],[46,-39],[62,-21],[54,3],[43,-6],[33,-12],[29,-11],[16,-9],[29,-9],[43,-1],[25,-14],[24,-12],[21,11],[19,0],[28,6],[4,-9],[20,3],[15,-18],[18,6],[41,-4],[42,-4],[19,-6],[16,9],[32,2],[35,11],[74,12],[36,15],[39,3],[17,-3],[24,16],[16,2],[29,5],[27,17],[20,6],[46,-15],[45,-33],[38,-3],[89,5],[15,1],[12,-5],[2,-20],[-11,-34],[23,-43],[-6,-22],[-27,-19],[-24,-42],[14,-57],[-78,-23],[-65,-13],[-49,-4],[-27,-4],[-23,-6],[-76,1],[-41,-2],[-32,-5],[-33,-11],[-20,-12],[-28,-24],[-24,-29],[-12,-24],[2,-16],[4,-11],[8,-11],[16,0],[16,-1],[18,-15],[1,-17],[-9,-18],[-3,-10],[-9,-5],[7,-29],[7,-8],[9,-7],[5,-8],[-3,-16],[-4,-58],[8,-12],[6,-73],[-7,-24],[0,-25],[12,-6],[15,5],[17,11],[58,71],[27,12],[88,52],[18,19],[18,5],[24,15],[16,0],[9,7],[34,-10],[21,-1],[24,-6],[52,3],[18,0],[44,-9],[48,-3],[38,-1],[110,-22],[59,-3],[31,-12],[16,-16],[31,-20],[26,-5],[10,6],[22,6],[45,3],[50,1],[44,4],[45,-9],[21,2],[75,-11],[62,-5],[11,13],[18,25],[23,12],[24,26],[13,6],[16,1],[55,30],[16,11],[22,3],[40,-11],[57,10],[56,38],[45,44],[44,24],[35,17]],[[16629,84161],[-415,62],[-155,23],[-473,38],[-330,19],[-90,4],[-179,60],[-186,139],[-195,-3],[-203,12],[-136,1],[-71,2],[-33,7],[-27,18],[-53,19],[-113,58],[-57,28],[-118,26],[-280,54],[-188,36],[-105,46]],[[13629,86997],[50,-13],[105,-12],[83,8],[103,-2],[72,-22],[70,-25],[18,1],[76,26],[35,6],[35,-2],[43,-15],[34,6],[41,54],[41,32],[43,28],[80,33],[41,13],[42,6],[54,4],[64,-14],[36,-12],[50,-19],[22,-18],[30,-45],[82,-98],[109,-78],[148,-81],[90,-36],[56,-41],[37,-12],[45,-33],[9,-22],[3,-10],[5,-33],[23,-13],[12,-68],[15,-9],[-4,-37],[-2,-18],[96,-77],[109,-71],[23,-4],[35,-16],[19,-26],[37,-16],[42,-11],[23,8],[94,0],[61,21],[40,1],[22,16],[46,-1],[40,-8]],[[16212,86242],[-7,-55],[-33,-45],[1,-24],[14,-62],[-16,-17],[-60,-45],[-22,-74],[-5,-14],[-12,-41],[2,-15],[24,-101],[10,-18],[30,-25],[36,-23],[8,-7],[22,-23],[21,-26],[11,-46],[3,-32],[6,-24],[-9,-46],[-16,-15],[-19,-13],[-11,-13],[-37,-18],[-16,-2],[-44,-21],[-15,-23],[4,-22],[0,-77],[-4,-56],[-125,47],[-127,59],[-86,-13],[-73,-97],[3,-63],[59,-23],[81,14],[43,15],[45,20],[77,-23],[84,-25],[26,5],[83,63],[252,74],[95,90],[81,-92],[109,-78],[217,-159],[189,-94]],[[19322,88042],[-105,-119],[-29,-24],[-86,-119],[-134,-147],[-15,7],[-35,5],[-25,16],[-24,3],[-21,8],[-13,15],[-12,10],[-23,4],[-32,-1],[-22,5],[-14,5],[-9,-1],[-32,-3],[-44,18],[2,10],[-5,10],[-10,2],[-56,0],[-13,6],[-21,8],[-31,3],[-18,4],[-40,8],[0,-8]],[[18455,87767],[7,-41],[2,-11],[75,-312],[-164,-117],[-175,-136],[-244,-157],[-72,-31],[-226,-53],[-206,-82],[-203,-121],[-138,-67],[-207,-93],[-248,-140],[-175,-65],[-51,-14],[-74,-29],[-83,-30],[-61,-26]],[[16611,89371],[5,-8],[22,-8],[14,2],[26,19],[12,-2],[40,-11],[39,16],[24,6],[21,-29],[45,-9],[57,-4],[21,5],[65,-1],[42,6],[19,9],[12,9],[17,2],[27,-12],[13,10],[20,1],[19,-4],[29,17],[18,8],[26,4],[21,-6],[23,-29],[43,-21],[61,42],[70,56],[76,42],[46,-8],[76,10],[56,16],[63,35],[51,31],[32,52],[51,40],[74,19],[47,16],[31,2],[18,-12],[11,-4],[12,9],[-10,24],[19,15],[25,15],[77,23],[72,30],[139,80]],[[18428,89874],[22,-37],[7,-20],[20,-86],[36,-181],[6,-77],[18,-53],[54,-115],[40,-69],[36,-40],[116,-107],[53,-59],[199,-31],[331,-33],[81,-18],[61,-19],[33,-8],[64,-21],[63,11],[83,10],[54,17],[59,23],[6,-9]],[[18455,87767],[-57,-4],[-89,1],[-88,6],[-79,13],[8,44],[14,49],[15,119],[-51,-2],[-71,7],[-117,17],[-66,0],[-147,-27],[-116,5],[-107,9],[-124,-3],[-114,7],[-68,-8],[-30,2],[-23,4],[-24,0],[-142,-24],[-115,-24],[-26,-9],[-21,-13],[-28,-28],[-33,-3],[-187,-9],[-66,8],[-144,5],[-68,-2],[-161,-34],[-83,6],[-82,12],[-28,13],[-8,14],[-147,-21],[-30,-34],[-35,-20],[-41,-17],[-44,-13],[-39,2],[-37,-8],[-212,151],[-92,76],[-27,40],[-4,16],[15,25],[-6,78],[21,100],[8,87],[25,81],[-106,0],[-137,13],[-157,12],[-80,45],[-24,30],[9,20],[-20,9],[1,25],[-22,6],[-3,9],[-7,9],[32,10],[29,33],[70,35],[61,-4],[76,36],[25,39],[41,19],[10,9],[61,28],[23,7],[23,0],[21,8],[22,21],[19,17],[-2,9],[4,7],[36,-19],[23,0],[25,9],[29,17],[10,19],[36,-7],[35,5],[13,3],[29,3],[15,8],[59,17],[19,6],[20,13],[13,5],[-14,7],[16,6],[10,0],[14,-16],[11,-17],[19,0],[34,17],[44,-5],[12,4],[-5,25],[0,9],[20,5],[7,10],[13,10],[11,3],[16,-6],[18,-3],[19,8],[20,4],[10,5],[-6,18],[16,4],[17,-3],[3,14],[13,15],[15,7],[18,1],[6,28],[16,18],[-44,9],[-5,13],[7,16],[31,6],[27,14],[87,4],[56,35],[26,28],[-1,14],[5,8],[36,-7],[19,11],[12,10],[25,-16],[28,-1],[6,7],[15,11],[16,7],[0,23],[29,5],[24,0],[16,-8],[13,2],[8,15],[1,7],[8,7],[-4,16],[-16,9],[-6,10],[18,18],[15,9],[7,4],[27,14],[2,-13],[0,-9],[12,-9],[19,-3],[6,-6],[-1,-22],[8,-2],[13,-1],[12,-3],[5,-8],[13,-1],[18,0],[21,-7],[9,-5]],[[32957,95744],[104,-88]],[[33061,95656],[128,-66],[173,28],[608,-536],[354,-281],[377,-242],[45,-443],[-304,-287],[5,-175],[434,-212],[126,-32]],[[35007,93410],[44,6],[36,9],[58,-1],[20,21],[-12,26],[-32,16],[3,56],[31,28],[27,27],[83,1],[44,35],[42,17],[68,-16],[273,101],[98,21],[-42,116],[-58,55],[-3,48],[-65,186],[139,101],[-41,111],[180,-2],[202,187]],[[36102,94559],[-296,253],[-133,113],[-75,274],[-142,35],[-14,6],[-139,75],[4,4],[7,8],[5,5],[2,3],[4,6],[2,4],[2,4],[1,5],[0,4],[1,5],[0,5],[0,11],[-1,6],[0,4],[1,6],[0,5],[2,3],[2,3],[2,3],[3,2],[3,1],[5,1],[7,2],[10,0],[5,1],[5,0],[7,1],[3,1],[3,0],[3,2],[3,3],[2,2],[2,3],[0,2],[1,3],[1,3],[-1,2],[0,2],[0,2],[0,3],[0,1],[-1,2],[-5,3],[-3,2],[-3,2],[-2,1],[-2,0],[-1,1],[0,2],[1,1],[0,2],[-1,3],[0,2],[0,3],[1,2],[2,2],[2,3],[3,2],[2,3],[2,2],[2,1],[3,2],[2,2],[2,1],[4,2],[3,1],[4,3],[4,1],[3,2],[3,0],[4,1],[7,1],[7,0],[2,1],[2,2],[2,2],[3,4],[3,1],[3,2],[3,2],[2,4],[0,3],[0,2],[0,3],[-1,1],[-3,3],[-5,4],[-4,3],[-5,3],[-4,3],[-4,3],[-3,2],[-2,1],[-3,1],[-5,1],[-2,1],[0,1],[0,1],[1,2],[2,2],[2,4],[9,7],[2,2],[2,2],[1,2],[1,2],[1,3],[2,3],[1,2],[2,3],[3,5],[2,3],[1,2],[1,4],[1,4],[0,3],[0,4],[1,4],[0,2],[2,4],[0,1],[2,3],[1,1],[1,2],[0,2],[1,2],[2,2],[1,1],[3,1],[3,1],[4,1],[3,2],[4,1],[3,0],[5,1],[7,2],[4,1],[5,2],[2,2],[3,1],[4,1],[12,5],[5,2],[2,2],[2,3],[3,4],[1,2],[2,2],[2,2],[1,3],[0,4],[0,3],[-1,3],[0,3],[-1,1],[1,2],[0,2],[-3,2],[-1,4],[0,3],[-1,7],[-1,4],[-2,4],[0,1],[-1,2],[-1,2],[-1,2],[-8,31],[63,64],[195,92],[5,2],[7,2],[92,35],[3,1],[3,4],[17,20],[29,58],[184,35],[168,4],[99,-13],[28,-15],[4,2],[5,2],[6,1],[10,3],[-7,5],[-5,3],[-5,3],[-4,2],[-5,1],[-3,1],[-6,0],[-10,1],[-5,0],[-4,0],[-23,-3],[-5,0],[-4,1],[-2,1],[-2,1],[-2,2],[0,2],[-1,6],[-2,2],[-1,2],[-2,1],[-4,1],[-8,2],[-4,0],[-4,1],[-40,2],[-3,1],[-3,2],[-2,2],[0,2],[0,2],[1,2],[3,2],[3,2],[3,0],[3,0],[19,-3],[3,-1],[3,0],[3,1],[4,1],[3,1],[2,2],[2,2],[2,4],[3,6],[2,5],[2,5],[2,6],[0,5],[0,3],[-1,4],[-1,4],[-2,2],[-5,6],[-3,5],[-2,3],[0,1],[-1,2],[0,4],[1,4],[1,3],[1,1],[2,3],[20,27],[16,22],[6,7],[28,38],[9,12],[9,9],[-4,6],[-3,9],[-2,4],[-2,3],[-7,13],[-14,6],[-62,23],[-7,11],[-6,1],[-13,8],[-10,13],[-1,7],[-5,13],[-1,11],[-2,12],[0,12],[0,28],[2,13],[2,23],[3,12],[4,9],[5,10],[0,3],[1,5],[-3,4],[-5,4],[-19,12],[-16,10],[-3,5],[0,5],[0,4],[0,3],[-3,5],[-2,2],[-3,4],[-2,2],[-2,6],[-1,11],[-1,14],[-4,4],[-6,4],[-7,1],[-4,0],[-11,-2],[-8,-1],[-5,1],[-10,2],[-10,3],[-18,3],[-14,2],[-12,2],[-14,4],[-6,3],[-2,4],[-1,5],[3,4],[6,4],[14,5],[10,3],[6,4],[10,11],[10,12],[-1,4],[-2,4],[-7,4],[-8,3],[-27,5],[-12,1],[-8,0],[-8,-2],[-11,-3],[-7,-3],[-8,-3],[-4,-2],[-8,0],[-3,3],[-4,5],[-2,5],[0,3],[3,4],[5,3],[3,4],[1,5],[5,19],[2,10],[-1,5],[-3,4],[-5,2],[-4,2],[-5,1],[-3,-1],[-2,-1],[-2,-2],[-1,-3],[-1,-3],[-1,-6],[-1,-3],[-2,-2],[-2,-1],[-2,-1],[-5,-1],[-4,0],[-4,1],[-3,1],[-19,11],[-7,4],[-6,3],[-8,3],[-2,2],[-6,5],[-7,4],[-7,2],[-8,1],[-11,1],[-11,-1],[-27,-2],[-18,-2],[-8,-1],[-8,0],[-8,1],[-10,3],[-8,6],[-3,4],[-3,6],[-2,7],[0,7],[1,6],[3,3],[2,1],[4,1],[4,0],[2,1],[2,3],[1,4],[-1,4],[-5,4],[-9,8],[-4,2],[-6,3],[-7,1],[-11,0],[-6,0],[-9,-2],[-7,-2],[-25,-11],[-3,-2],[-3,-2],[-1,-2],[-3,-6],[-3,-4],[-3,-2],[-5,-2],[-5,-2],[-5,0],[-6,2],[-4,2],[-4,3],[-2,5],[-1,8],[1,10],[5,16],[2,7],[2,5],[0,4],[9,102],[210,181],[189,111],[221,206],[196,134],[28,19],[210,68]],[[36779,97738],[-5,0],[-7,0],[-11,7],[4,18],[4,8],[5,3],[5,3],[5,5],[3,5],[6,5],[1,3],[-4,3],[-6,1],[-13,-1],[-46,1],[-37,0],[-19,4],[-13,7],[-22,6],[-13,6],[-13,15],[-16,33],[-29,61],[-6,22],[0,18],[8,41],[14,27],[20,25],[22,19],[10,5],[9,4],[4,6],[0,8],[0,8],[15,23],[66,102],[15,34],[-6,70],[6,30],[18,18],[25,9],[25,8],[30,18],[25,21],[22,17],[25,15],[17,7],[19,19],[10,10],[2,6],[-2,6],[-3,2],[-3,0],[-6,-1],[-6,0],[-6,2],[-41,12],[-34,30],[-16,21],[-3,19],[-1,20],[-11,15],[-15,23],[-3,15],[10,20],[18,26],[9,10],[3,12],[0,9],[5,8],[5,3],[16,10],[25,21],[10,25],[20,18],[17,15],[25,16],[17,18],[10,20],[8,16],[13,11],[7,16],[-1,17],[-1,17],[7,13],[22,13],[16,12],[1,8],[-9,9],[-27,1],[-28,-7],[-29,-5],[-33,0],[-8,5],[-4,20],[-2,9],[-1,8],[-4,3],[-4,1],[-5,-1],[-4,-2],[-7,-4],[-6,0],[-8,2],[-6,3],[-8,4],[-7,7],[-2,7],[3,10],[0,10],[-2,5],[-7,3],[-9,1],[-15,-3],[-12,0],[-11,-2],[-3,0],[-2,1],[-5,7],[-4,7],[-13,49],[-7,55],[0,8],[-1,7],[3,5],[3,1],[2,0],[4,-3],[4,0],[5,4],[0,4],[-2,3],[0,4],[4,4],[5,5],[7,4],[10,4],[12,3],[23,9],[8,2],[7,8],[2,6],[-4,6],[-8,8],[-3,6],[-2,8],[3,9],[0,18],[1,10],[11,20],[6,9],[21,17],[16,10],[20,6],[18,5],[12,2],[7,3],[3,5],[2,5],[-1,4],[0,3],[1,1],[1,0],[2,0],[2,-2],[1,-4],[2,-3],[2,0],[4,2],[5,1],[20,3],[32,4],[17,2],[13,6],[10,13],[9,13],[2,7],[-3,7],[3,9],[10,12],[8,5],[9,1],[6,-1],[5,-2],[4,0],[2,4],[3,3],[4,2],[5,-1],[5,-2],[10,-3],[10,-1],[6,4],[7,7],[7,3],[5,1],[7,-1],[4,1],[13,11],[6,13],[0,9],[-3,4],[-3,5],[-1,8],[2,7],[10,8],[3,6],[2,6],[-3,7],[-5,6],[-5,2],[-6,0],[-3,2],[-2,2],[0,5],[-1,9],[-6,16],[-11,9],[-21,13],[-22,16],[-8,29],[-5,11],[1,4],[2,4],[6,5],[6,2],[1,4],[-4,3],[-8,1],[-14,0],[-13,5],[-12,6],[-8,6],[-10,10],[-3,10],[1,8],[3,2],[6,0],[2,2],[-1,3],[-4,0],[-8,2],[-4,6],[-5,6],[-13,7],[-8,4],[-7,4],[-7,7],[-4,16],[-4,7],[-5,12],[-5,5],[-6,0],[-3,-1],[-2,-4],[3,-15],[1,-10],[-3,-9],[-4,-1],[-9,2],[-8,3],[-8,6],[-18,9],[-21,4],[-41,5],[-21,7],[-10,6],[-5,7],[-8,8],[-12,13],[0,2],[2,3],[5,3],[5,4],[-1,6],[-4,3],[-9,-1],[-9,-3],[-5,-1],[-4,2],[-3,5],[1,4],[4,4],[-1,4],[-8,4],[-7,-2],[-3,-5],[-4,-4],[-8,-1],[-11,0],[-12,-7],[-7,-6],[-6,-13],[-5,-10],[-6,-5],[-8,-1],[-6,-5],[-1,-9],[3,-9],[1,-7],[3,-10],[-2,-3],[-6,-3],[-6,-1],[-8,1],[-9,5],[-12,3],[-13,2],[-18,-2],[-17,-1],[-9,-3],[-5,-4],[-4,-4],[-2,-4],[-6,-5],[-3,-1],[-3,0],[-5,5],[-8,6],[-9,3],[-6,0],[-10,-2],[-13,-5],[-11,-1],[-7,4],[-5,6],[-6,13],[-18,16],[-11,15],[-6,12],[-2,7],[3,13],[-1,12],[-12,8],[-8,4],[-8,1],[-21,-4],[-15,-4],[-13,-6],[-5,-4],[-7,-4],[-8,0],[-4,5],[-1,5],[0,5],[0,4],[-1,1],[-1,0],[-6,-1],[-3,1],[-3,3],[-4,4],[-5,2],[-7,-1],[-2,-1],[-1,-5],[4,-5],[12,-7],[5,-5],[1,-6],[-1,-4],[0,-3],[3,-2],[8,-5],[3,-8],[-2,-6],[-7,-8],[-13,-6],[-15,-3],[-10,0],[-8,5],[1,5],[-6,8],[-7,4],[-7,0],[-9,-3],[-2,-3],[-2,-2],[-6,2],[-19,-2],[-9,-11],[-24,-21],[-11,-12],[-3,-4],[-1,-4],[-3,-4],[-2,-3],[-1,-1],[-3,0],[-3,0],[-5,1],[-3,-1],[-3,-1],[-2,-3],[-2,-2],[-8,-1],[-1,-1],[-1,-1],[-1,-2],[0,-1],[1,-3],[1,-1],[2,-3],[0,-1],[-2,-2],[-19,2],[-4,1],[-3,-1],[-2,-4],[0,-2],[0,-3],[-2,-5],[-1,-5],[0,-2],[0,-1],[0,-1],[-1,-1],[-5,-2],[-3,0],[-5,1],[-6,0],[-2,2],[-1,0],[-1,1],[-4,0],[-2,-1],[-2,-1],[-1,-1],[-3,-2],[-3,-2],[-3,-1],[-5,0],[-5,0],[-4,1],[-4,1],[-6,2],[-3,2],[-4,0],[-4,1],[-2,1],[-6,-1],[-4,0],[-2,0],[-3,1],[-1,1],[-1,2],[0,1],[1,1],[1,1],[4,5],[0,3],[-1,1],[-2,0],[-1,0],[-2,1],[-1,0],[-3,0],[-9,3],[-4,1],[-3,1],[-3,-1],[-1,0],[-2,-1],[-1,-1],[-1,-1],[1,-3],[0,-2],[1,-3],[3,-2],[1,-2],[1,-1],[0,-1],[-1,-2],[-2,-3],[-1,0],[-3,-1],[-4,-1],[-4,0],[-5,2],[-1,1],[-2,0],[-2,1],[-3,1],[-1,0],[-1,1],[-3,3],[-1,1],[-1,1],[-1,1],[-1,1],[-2,2],[-1,1],[-1,1],[-1,2],[-1,1],[-2,1],[-1,-1],[-1,-1],[-1,-2],[-1,-1],[-1,0],[-2,1],[-2,0],[-2,-1],[-2,-1],[0,-1],[-1,-2],[0,-2],[-1,-1],[-1,-2],[-2,-1],[-1,0],[-3,1],[-2,1],[-1,1],[-1,0],[-1,-1],[-1,-3],[-1,-1],[-1,-2],[-1,-2],[-1,-1],[0,-1],[-1,0],[0,-1],[0,-2],[0,-1],[0,-2],[0,-1],[0,-3],[0,-1],[1,-2],[0,-1],[-1,-2],[-1,-2],[0,-1],[1,-1],[1,-2],[5,-4],[0,-1],[0,-1],[-3,-3],[-5,-1],[-1,5],[0,1],[-2,1],[-2,0],[-2,1],[-3,2],[-1,0],[-2,1],[-1,1],[-1,0],[-3,1],[-2,1],[-3,2],[-1,1],[-1,1],[-2,-1],[-2,-2],[-2,-1],[-2,0],[-3,1],[-4,2],[-2,2],[-2,1],[-1,1],[-1,2],[0,1],[0,1],[0,1],[-2,1],[-3,1],[-3,0],[-3,1],[-3,0],[-1,0],[-1,0],[-2,2],[-2,3],[1,2],[-1,2],[-3,2],[-1,0],[-1,0],[-2,0],[-4,0],[-3,0],[-2,0],[-2,1],[-2,2],[-1,2],[-2,3],[-3,5],[-1,0],[-1,-1],[2,-4],[0,-3],[-1,-2],[-4,0],[-2,1],[-2,2],[-3,2],[-2,2],[1,3],[-1,2],[0,2],[-1,3],[-2,4],[-1,2],[0,2],[-3,2],[-1,3],[-2,3],[-4,2],[-4,2],[-5,1],[-3,1],[-5,3],[-5,3],[-5,1],[-3,0],[-1,0],[-1,-1],[-1,-1],[-1,-1],[-2,-1],[-4,0],[-3,-1],[-2,-2],[-1,0],[-1,-1],[-1,0],[-1,-1],[-2,-1],[-1,-1],[0,-1],[-1,-2],[-1,0],[-1,0],[0,1],[-1,1],[0,1],[-1,1],[-1,-1],[0,-2],[0,-4],[1,-2],[-1,-4],[-1,-3],[-1,-3],[0,-3],[2,-3],[3,-2],[2,-1],[1,-1],[1,-1],[1,-2],[0,-1],[0,-1],[0,-1],[1,-1],[1,-1],[1,-1],[1,-2],[1,-2],[0,-1],[1,-1],[2,0],[7,-1],[3,0],[6,-3],[1,-2],[1,-1],[1,-1],[2,0],[4,0],[2,-1],[0,-1],[-1,0],[0,-1],[0,-1],[0,-2],[1,-1],[2,-1],[7,-1],[1,-1],[1,-1],[0,-3],[-1,-2],[-1,-1],[1,-1],[0,-2],[0,-2],[1,-1],[0,-1],[-2,-1],[-1,0],[2,-1],[2,-1],[2,-2],[1,-4],[-2,-4],[-1,-2],[-1,-2],[-1,-3],[-1,-1],[-1,-2],[-2,-1],[-4,-2],[-5,-2],[-4,-1],[-3,0],[-3,1],[-1,1],[-1,1],[0,1],[-2,1],[-1,1],[-2,2],[-2,1],[-1,-1],[0,-2],[1,-3],[-1,-3],[-1,-1],[-4,0],[-3,2],[0,2],[0,2],[-2,4],[-1,1],[0,1],[-3,1],[-3,-1],[0,-1],[-3,-1],[-1,0],[-1,1],[-1,1],[-1,0],[-3,0],[-2,-1],[-1,0],[0,-2],[0,-2],[2,-3],[4,-2],[-1,-1],[-1,0],[-3,0],[-2,-1],[-1,-1],[0,-2],[0,-3],[1,-2],[-1,-2],[0,-1],[-1,-2],[-2,-3],[0,-1],[2,-2],[2,-1],[2,-2],[0,-3],[1,-3],[0,-1],[2,-1],[1,-1],[1,-1],[0,-1],[-1,-1],[1,-2],[1,-2],[2,0],[3,1],[3,0],[3,-1],[1,-2],[0,-2],[-1,-1],[-2,-1],[-2,0],[-3,-1],[-1,-1],[0,-2],[1,-1],[4,-3],[2,0],[1,-1],[1,0],[0,-1],[-4,-1],[-2,0],[-2,0],[-4,1],[-1,1],[-1,1],[-2,0],[-1,0],[-3,-3],[-2,-2],[-2,-2],[-1,-1],[-2,-1],[-1,-3],[-3,-4],[-1,-1],[-1,0],[-1,-1],[-1,-2],[-2,0],[-2,-1],[-1,-1],[-1,-1],[-2,-2],[-2,-2],[-1,-2],[0,-1],[0,-2],[1,-3],[1,-3],[3,-11],[2,-3],[7,-2],[5,-3],[1,-2],[2,-5],[1,-5],[0,-3],[-1,-1],[-4,-3],[-2,-1],[-1,0],[0,-1],[1,-1],[1,0],[5,-3],[1,0],[2,-2],[1,-1],[1,-1],[1,-2],[2,-6],[0,-2],[-1,-2],[-3,-3],[-2,-2],[-1,0],[-1,-2],[-1,-1],[-2,-2],[-1,-1],[-3,-3],[-1,-1],[-1,-1],[0,-1],[0,-1],[1,-2],[5,-4],[1,-3],[1,-2],[-1,-3],[-5,-6],[-4,-2],[-2,-2],[-1,0],[-5,3],[-5,6],[-3,0],[-1,-1],[1,-1],[1,-4],[0,-1],[1,-2],[2,-2],[2,-2],[3,0],[1,0],[1,0],[0,-3],[0,-1],[-1,-2],[-2,-2],[-1,-1],[2,-3],[4,-5],[3,-3],[1,-3],[1,-1],[0,-1],[5,-2],[4,2],[2,0],[2,-1],[1,-3],[0,-3],[-1,-2],[-2,-1],[0,-1],[2,-2],[0,-1],[1,-3],[-4,-3],[-2,-2],[-2,-1],[-2,-2],[-3,-2],[-2,-1],[-1,-2],[-3,-1],[-2,0],[-3,0],[-4,0],[-4,0],[-2,0],[-1,-1],[0,-7],[1,-6],[-1,-1],[-6,-2],[-4,-1],[-6,-4],[-2,0],[-1,-1],[-3,0],[-2,0],[-2,-2],[-2,-2],[-1,-2],[-3,-4],[1,-2],[1,-2],[4,-2],[2,-2],[0,-2],[0,-2],[1,-1],[-1,-4],[0,-2],[3,-4],[-1,-2],[1,-1],[0,-1],[1,-2],[6,-6],[4,-7],[4,-3],[3,-1],[0,-1],[0,-3],[-2,-5],[-1,-2],[-4,-1],[-2,-2],[0,-1],[0,-1],[2,0],[3,-3],[2,0],[4,-4],[4,-2],[3,-4],[2,-1],[1,-4],[0,-2],[5,-2],[2,-3],[0,-2],[2,-2],[0,-1],[1,-2],[1,0],[1,-2],[1,-1],[0,-2],[-1,-1],[-1,-2],[-4,-3],[-2,0],[-4,-1],[-3,1],[-2,0],[-2,1],[-3,0],[-3,1],[-8,1],[-4,1],[-3,0],[-5,-1],[-6,-2],[-5,-3],[-8,-6],[-4,-3],[-2,-3],[-1,-3],[-1,-4],[2,-2],[1,-3],[3,-4],[4,-3],[3,-1],[2,-1],[1,-2],[3,0],[4,-1],[7,-1],[1,0],[2,-1],[1,-1],[1,-2],[0,-2],[-3,-3],[-2,-1],[-2,0],[-1,-1],[-1,0],[-1,-1],[-1,-1],[-2,-1],[-2,-4],[-2,-2],[-3,-2],[-2,-3],[-1,-2],[0,-2],[-2,-2],[-6,-2],[-5,-1],[-3,0],[-10,2],[-4,0],[-5,-1],[-5,-3],[-1,-3],[-4,-4],[-2,0],[-4,-1],[-2,-1],[-1,-1],[-1,-2],[-1,-2],[0,-3],[1,-3],[3,-4],[2,-2],[2,-2],[0,-1],[0,-2],[0,-2],[-1,0],[0,-1],[-1,-1],[-1,-2],[-1,0],[-4,-4],[-4,-2],[-6,-3],[-2,-1],[-2,0],[-2,-1],[-2,-1],[-3,0],[-1,1],[0,2],[-1,1],[-2,1],[-2,0],[-4,-1],[-1,0],[-2,0],[-2,1],[-2,2],[-2,1],[-3,0],[-3,0],[-5,0],[-8,0],[-3,0],[-1,-1],[-2,-1],[-1,0],[-1,-1],[-3,0],[-5,1],[-4,-1],[-3,-1],[-2,-3],[-1,-1],[0,-2],[0,-1],[0,-4],[-1,-1],[-2,-1],[-1,-1],[-2,0],[-3,1],[-2,1],[-3,0],[-2,-1],[1,-3],[0,-3],[-1,-1],[0,-1],[-1,-1],[-3,0],[-3,0],[-3,0],[-3,2],[-3,2],[-3,2],[-3,0],[-1,-1],[-2,-2],[-3,-3],[-2,-2],[-3,-2],[-4,-2],[-1,-1],[0,-3],[0,-2],[0,-2],[0,-2],[0,-3],[-2,-1],[-1,-1],[-2,1],[-1,0],[-3,1],[-2,1],[-2,0],[-1,-1],[-1,0],[-3,2],[-3,1],[-2,-1],[-2,0],[-2,-2],[-1,0],[-3,0],[-3,1],[-2,0],[-1,0],[0,-2],[1,-1],[0,-1],[-3,-2],[-2,-1],[-1,0],[-1,1],[-1,0],[-2,-1],[0,-1],[-1,-3],[0,-1],[-3,-1],[-2,-1],[-2,-1],[-2,-1],[-1,-2],[-1,0],[-2,2],[-1,2],[-1,0],[-1,0],[-1,-2],[-1,-1],[-2,-2],[-2,-4],[0,-2],[2,-1],[2,-1],[3,1],[2,1],[4,0],[5,1],[3,0],[4,0],[2,1],[3,0],[1,0],[3,-2],[3,-2],[2,-2],[6,-7],[3,-3],[4,-3],[1,-2],[0,-2],[1,-1],[2,-1],[1,-1],[0,-2],[0,-4],[-3,-6],[-3,-4],[-1,-1],[-1,0],[-3,-1],[-3,0],[-4,1],[-10,4],[-8,2],[-4,1],[-2,0],[-3,0],[-1,0],[-2,0],[-3,0],[-3,-1],[-2,0],[-2,-1],[-3,-2],[-1,0],[-1,0],[-2,3],[-2,0],[-4,1],[-4,0],[-3,-1],[-3,-1],[-2,0],[-1,-3],[-1,-1],[0,-2],[-2,-2],[0,-2],[0,-2],[-2,-2],[-1,-2],[-1,-3],[0,-2],[-1,-1],[0,-2],[0,-2],[-1,-2],[-2,-1],[0,-2],[-1,-2],[1,-2],[1,-1],[1,-2],[0,-1],[0,-2],[0,-2],[1,-1],[3,-2],[3,-3],[1,-1],[-1,-2],[-1,-1],[-1,0],[-1,-1],[0,-1],[-1,-1],[-3,-2],[-2,-1],[-3,-1],[-2,0],[-2,2],[-1,0],[-2,0],[-2,0],[-3,0],[-2,-2],[-2,-3],[-3,-2],[-1,-1],[1,-1],[1,-1],[1,0],[-1,-1],[-1,-1],[-2,-1],[-1,-1],[0,-2],[0,-1],[-2,-2],[2,-1],[1,0],[1,-2],[-1,-1],[0,-1],[0,-1],[0,-1],[-3,-1],[-1,-2],[1,-2],[2,-1],[3,0],[3,1],[4,2],[7,2],[5,1],[9,0],[9,-2],[7,-1],[8,-4],[5,-3],[5,-3],[3,-3],[3,-4],[0,-4],[0,-5],[-1,-5],[-4,-2],[-2,0],[-3,0],[-3,-2],[-10,-3],[-5,-2],[-4,-2],[-7,-5],[-9,-6],[-5,-4],[-4,-2],[-8,-2],[-5,-1],[-3,1],[-2,0],[-5,0],[-5,0],[-7,2],[-8,5],[-2,1],[-3,-1],[-3,-1],[-4,1],[-1,-1],[-3,-1],[-3,-1],[-2,-5],[-2,-2],[-2,-2],[-1,-3],[-2,-2],[-4,-3],[-1,-2],[-1,-4],[-1,-2],[-1,-3],[0,-9],[-1,0],[-7,-1],[-5,-1],[-6,-1],[-3,-2],[-6,-5],[-2,-2],[-3,-5],[1,-1],[2,0],[3,1],[6,1],[4,1],[3,0],[2,-1],[3,-2],[2,-2],[1,-4],[-1,-3],[0,-3],[3,-4],[2,-2],[1,-1],[5,-4],[1,-4],[2,-5],[5,-3],[5,-4],[4,-1],[2,0],[3,0],[5,-1],[2,1],[3,0],[5,0],[5,-1],[4,0],[4,0],[4,0],[5,-1],[4,-1],[5,-1],[5,-1],[3,1],[3,1],[1,1],[2,4],[8,8],[3,3],[2,1],[6,0],[5,-2],[6,-3],[5,-3],[0,-5],[2,-2],[3,-3],[3,0],[3,1],[5,3],[6,3],[11,-5],[6,-4],[4,-3],[2,-3],[3,-6],[2,-3],[4,-3],[4,-4],[3,-3],[3,-5],[2,-3],[3,-5],[1,-4],[10,-14],[2,-4],[0,-4],[-2,-5],[-1,0],[-1,-2],[-1,-1],[0,-2],[-1,-5],[-3,-4],[-4,-1],[-7,-2],[-2,0],[-3,0],[-2,1],[-2,1],[-4,0],[-6,1],[-4,1],[-7,-2],[-11,-6],[-6,-2],[-1,-2],[0,-3],[3,-7],[3,-9],[0,-2],[1,-2],[1,-2],[1,-1],[3,-7],[1,-4],[-1,-3],[0,-3],[2,-3],[1,-2],[-5,-6],[-4,-4],[-10,-6],[-8,-3],[-6,-2],[-10,-2],[-5,0],[-2,2],[-3,2],[-2,1],[-5,1],[-5,2],[-4,2],[-3,2],[-4,2],[-4,2],[-3,3],[-1,4],[-1,2],[-4,1],[-1,3],[-6,2],[-6,1],[-5,2],[-5,2],[-6,4],[-7,2],[-6,0],[-5,0],[-9,-1],[-5,-2],[-1,1],[-1,1],[-3,3],[-4,0],[-4,-2],[-3,-2],[-4,1],[-2,1],[-1,1],[-1,1],[-5,2],[-5,3],[-6,1],[-6,-1],[-3,-1],[-3,-2],[-4,-6],[0,-2],[3,-4],[5,-5],[2,-2],[0,-2],[-1,-2],[-2,-2],[-8,-2],[-7,-2],[-6,-4],[-4,-3],[0,-2],[0,-2],[3,-1],[1,-2],[1,-4],[1,-1],[2,-1],[4,0],[1,-1],[1,-1],[1,-1],[2,0],[2,0],[3,1],[2,0],[5,2],[3,0],[4,0],[2,-1],[3,-2],[2,-2],[1,-3],[-1,-6],[-1,-4],[1,-4],[1,-3],[2,0],[1,-1],[2,-1],[-1,-2],[1,-2],[1,-1],[2,-1],[3,-1],[3,-2],[3,-1],[2,0],[1,1],[3,0],[2,0],[1,-2],[1,-1],[2,0],[2,1],[2,0],[7,1],[1,0],[2,-2],[1,0],[1,0],[1,2],[3,1],[2,1],[2,0],[2,-2],[1,-3],[-3,-3],[0,-1],[1,-2],[2,-2],[3,-4],[1,-2],[2,-4],[2,-2],[3,-2],[4,0],[2,-1],[3,-1],[2,-3],[2,-5],[-1,-6],[-2,-3],[-1,-1],[-1,-2],[-6,-4],[-3,-3],[-7,-5],[-8,-7],[-7,-6],[-3,-2],[-5,1],[-4,1],[-4,0],[-4,0],[-12,3],[-6,2],[-3,0],[-3,0],[-2,-1],[-1,-1],[0,-3],[1,-2],[4,-2],[8,-2],[8,-2],[3,0],[4,0],[2,0],[3,0],[2,0],[8,1],[1,-1],[0,-3],[-1,-3],[-2,-3],[-2,-3],[-1,-2],[-2,-1],[-1,-1],[1,-1],[6,1],[3,1],[10,3],[2,-1],[1,-6],[0,-4],[-2,-2],[-4,-1],[-7,-2],[-8,-2],[-5,-1],[-4,-3],[-5,0],[-3,-1],[-2,-2],[-1,-3],[-1,-4],[1,-4],[-1,-3],[-2,-2],[-5,-2],[-3,-1],[-3,-1],[0,-2],[3,-5],[2,0],[1,-3],[0,-3],[0,-2],[1,-1],[6,-1],[3,0],[4,0],[2,0],[2,-2],[2,-1],[3,0],[2,1],[3,0],[3,0],[11,-6],[3,-3],[2,-3],[-1,-2],[-3,-2],[-3,-1],[-3,-4],[-3,-4],[-4,-2],[-6,-1],[-7,-2],[-3,0],[-4,0],[-6,0],[-6,-1],[-5,2],[-7,1],[-3,0],[-1,-1],[6,-2],[6,-2],[6,-2],[7,-4],[4,-2],[2,-3],[4,-5],[1,-2],[4,-2],[1,-2],[1,-3],[1,-6],[0,-4],[-7,-8],[-5,-1],[-11,-1],[-14,-1],[-10,0],[-8,-2],[-3,-2],[0,-2],[5,-1],[5,-2],[8,-2],[3,-1],[-2,-1],[1,-2],[2,0],[0,-2],[2,-2],[2,-4],[7,-8],[3,-5],[-1,-2],[-2,-3],[-4,-3],[-3,-2],[-14,-4],[-2,0],[-4,3],[-4,0],[-7,1],[-6,0],[-4,1],[-2,-1],[-3,0],[-6,1],[-5,0],[-4,-1],[-3,-2],[-3,-4],[-1,-4],[-2,-4],[-1,-2],[1,-3],[2,-2],[1,-2],[1,-1],[0,-2],[1,-2],[2,-2],[3,-2],[2,-2],[3,-3],[4,-2],[3,-2],[1,-4],[1,-5],[-1,-4],[1,-2],[2,-4],[0,-3],[0,-3],[-4,-6],[-4,-4],[-1,-3],[0,-2],[-1,-2],[-3,-5],[-7,-5],[-3,-3],[-3,-7],[-1,-5],[-2,0],[-1,-2],[1,-1],[-2,-4],[-4,-11],[-4,-5],[-2,-2],[-4,-1],[-3,-1],[-4,-1],[-3,-3],[-1,-3],[-1,-3],[-1,-2],[-5,-2],[-3,-2],[-2,-1],[-4,-3],[-2,-2],[-2,-3],[0,-2],[-2,-1],[-2,-1],[-3,1],[-3,1],[-3,0],[-2,-1],[-3,-1],[-2,-3],[-5,-6],[-5,-5],[-3,-1],[-3,0],[-3,-3],[-3,-2],[-4,-1],[-4,0],[-3,0],[-1,1],[-4,-2],[-2,-1],[-5,0],[-3,0],[-4,-2],[-5,-6],[-6,-7],[-2,-5],[-1,-5],[-2,-4],[0,-2],[1,-3],[1,-3],[-1,-3],[0,-1],[3,-2],[2,0],[8,-1],[2,0],[4,1],[1,-2],[0,-2],[0,-3],[-2,-2],[-2,0],[-3,0],[-9,0],[-6,-1],[-3,-1],[-2,-1],[4,-2],[3,-1],[2,0],[2,1],[3,0],[9,-1],[0,-3],[2,-2],[2,-2],[1,-2],[1,-4],[-2,-4],[-2,-4],[-3,-1],[-5,-2],[-3,-2],[-3,-1],[-3,1],[-3,-1],[0,-1],[-1,-1],[-2,-3],[-1,-1],[-1,-1],[-2,-1],[0,-1],[1,-2],[-1,-2],[-3,-1],[-4,-1],[-4,1],[-4,5],[-4,2],[-3,-1],[0,-2],[4,-2],[-1,-2],[-4,0],[-4,0],[-3,0],[-4,0],[-4,-2],[-2,-2],[-3,-3],[-2,0],[-2,-2],[-1,-1],[2,-3],[-2,-2],[-2,-5],[1,-4],[-2,-2],[-1,-1],[-1,-1],[-1,-1],[-3,-3],[-2,-2],[1,-3],[1,-4],[0,-5],[-2,-8],[1,-3],[1,-1],[0,-2],[-1,-2],[0,-3],[2,-1],[3,-1],[2,-1],[2,-2],[2,0],[2,-2],[1,-3],[-4,-4],[-3,0],[-5,1],[-4,1],[-7,0],[-6,0],[-6,-1],[-3,-2],[-4,-1],[-5,0],[-5,-2],[-6,-4],[-2,-3],[0,-4],[1,-4],[1,-1],[0,-2],[-3,-2],[-3,1],[-3,-1],[-3,-3],[-2,-3],[3,-12],[0,-3],[-1,-2],[-4,-3],[-2,-2],[-1,-2],[1,-5],[-1,-4],[-1,-2],[-4,-3],[-3,-2],[-2,0],[-2,-2],[-2,-3],[1,-3],[2,-4],[0,-2],[-2,-1],[0,-3],[1,-2],[-2,-3],[-2,1],[-2,0],[-4,1],[-2,0],[-2,0],[-2,-2],[-3,-3],[0,-2],[4,-4],[3,-2],[3,-1],[4,0],[3,0],[1,-1],[-1,-2],[-1,-1],[-3,0],[-4,1],[-3,0],[-4,1],[-8,1],[1,-2],[4,-4],[8,-5],[1,-4],[-1,-2],[-1,0],[-3,-1],[-1,-1],[1,-2],[0,-3],[-3,-3],[-5,-3],[-3,-1],[-3,0],[0,2],[-2,0],[-2,0],[-6,0],[-5,0],[-4,-2],[-2,-2],[0,-4],[1,-4],[2,-1],[4,0],[7,0],[3,0],[2,-3],[1,-1],[-1,-2],[-1,-1],[-2,1],[-4,-1],[-3,0],[-5,0],[-4,0],[-5,-1],[-4,0],[-4,-5],[-3,-2],[-4,-3],[-6,-3],[-4,-1],[-3,0],[-4,-2],[-4,-3],[-5,-2],[-4,0],[0,-3],[-1,-4],[1,-3],[1,-3],[3,-3],[3,0],[2,-1],[-1,-2],[1,-4],[-1,-2],[-1,0],[0,-1],[2,-2],[3,-2],[3,-3],[1,-2],[-1,-2],[-4,-2],[-3,-3],[-2,-2],[-6,-5],[-4,-3],[-2,-2],[-2,-1],[-2,-1],[-2,-2],[-3,-1],[-7,-2],[-6,-2],[-6,-4],[-3,-3],[-3,-4],[-1,-3],[-1,-3],[-1,-4],[-1,-2],[-9,-8],[-6,-4],[-5,-3],[-5,0],[-4,-3],[-7,-4],[-6,-4],[-11,-11],[-2,-5],[-7,-11],[-4,-3],[-3,-1],[-2,-3],[-7,-8],[-2,-6],[-2,-4],[0,-4],[0,-3],[4,-9],[1,-3],[0,-3],[-2,-3],[-6,-6],[-2,-2],[-4,0],[-4,-1],[-1,-3],[0,-2],[1,-4],[1,-2],[3,-3],[4,-2],[4,0],[6,1],[5,0],[4,-1],[5,-2],[4,-3],[4,-5],[4,-6],[7,-7],[1,-3],[-2,-7],[-1,-3],[-4,-9],[-3,-5],[-5,-7],[-3,-2],[-3,0],[-1,0],[-1,0],[-2,-2],[-1,0],[0,-1],[-2,0],[-2,0],[-1,0],[0,-1],[-1,-1],[-2,-3],[-3,-1],[-3,-2],[-3,-1],[-4,-1],[-4,2],[-2,-1],[-4,-1],[-4,0],[-7,1],[-3,0],[-1,2],[-3,2],[-1,0],[-3,-1],[-2,-1],[-2,-5],[-6,-8],[-1,-2],[-2,0],[-1,-2],[-1,-2],[-1,-2],[0,-2],[1,-1],[0,-2],[0,-2],[-1,-1],[-1,-1],[-2,-2],[-1,-1],[-1,-1],[1,-1],[0,-1],[-2,-1],[-1,0],[-1,-1],[0,-1],[0,-1],[1,0],[1,0],[1,-1],[1,-1],[1,0],[1,-1],[1,-1],[1,0],[2,0],[1,-1],[1,-1],[1,-1],[1,-2],[2,0],[0,-2],[1,-2],[0,-1],[0,-2],[1,-1],[1,-1],[1,-1],[2,-1],[1,-2],[-1,-1],[-1,0],[-1,0],[0,-1],[0,-1],[1,0],[0,-1],[-1,-1],[-3,-1],[-2,1],[-3,-1],[-1,0],[-3,-2],[-1,-1],[0,-1],[1,-1],[0,-2],[-1,0],[-1,-1],[-1,0],[-2,-1],[-1,-1],[-1,-1],[-1,-2],[-2,-1],[-2,-1],[-2,-1],[-5,0],[-2,0],[-2,0],[-2,0],[-1,-1],[-1,-1],[0,-1],[-2,0],[-1,0],[-2,-1],[0,-1],[-1,-1],[-2,0],[-2,0],[-3,0],[-1,0],[0,-1],[0,-1],[0,-1],[1,0],[0,-1],[0,-1],[-2,-1],[-1,0],[-2,-3],[-2,-2],[-1,-1],[-4,-2],[0,-1],[2,-1],[2,0],[2,-1],[1,1],[1,-1],[0,-1],[1,0],[1,0],[1,0],[1,0],[1,-1],[2,-1],[2,-1],[2,-1],[1,0],[2,-1],[1,-1],[1,0],[5,-2],[1,-1],[0,-1],[1,-2],[0,-1],[-1,0],[-1,-2],[-1,-1],[-1,0],[-2,0],[-2,-1],[-2,0],[-3,1],[-3,1],[-3,0],[-1,0],[-1,0],[-1,0],[-3,0],[-3,0],[-2,-1],[-2,1],[-4,1],[-3,0],[-2,-1],[-1,0],[-2,-2],[0,-1],[-2,0],[0,-1],[-2,-2],[-1,-1],[-1,0],[0,-1],[1,-1],[1,0],[2,-1],[1,-1],[-1,-1],[-2,0],[-1,-1],[-1,0],[0,-1],[-2,-2],[0,-1],[0,-1],[2,0],[1,0],[1,0],[2,0],[1,0],[1,-1],[1,-1],[1,0],[3,-1],[2,0],[1,-1],[-1,-2],[-1,0],[-1,-1],[-2,0],[-3,-1],[-3,-1],[-1,0],[-2,-1],[-1,0],[0,-1],[1,-2],[1,0],[2,0],[2,0],[1,-1],[2,-1],[1,0],[2,0],[1,-1],[4,-2],[-1,-6],[-1,-3],[-1,-1],[-5,-1],[-5,1],[-2,-2],[-1,-1],[-1,-1],[0,-1],[0,-1],[-1,-1],[0,-1],[-1,-2],[-1,-2],[0,-1],[-1,-1],[-2,-1],[-1,0],[0,-1],[-1,-1],[-1,-1],[-2,-1],[-2,0],[-2,-1],[-1,-1],[0,-1],[-1,-1],[-2,0],[-2,-1],[-2,0],[-2,-1],[-6,0],[-2,0],[-2,1],[-4,1],[-1,0],[-1,-1],[0,-1],[-1,-1],[-2,-1],[-1,-1],[-1,0],[-1,-1],[-1,0],[-2,0],[-3,-1],[-1,0],[-1,-1],[0,-2],[1,-1],[1,-1],[0,-1],[0,-2],[0,-2],[1,-1],[1,0],[0,-2],[0,-1],[-1,0],[-1,-1],[-2,0],[0,-1],[0,-1],[0,-1],[-2,-1],[1,-1],[3,0],[1,0],[2,0],[3,1],[3,-3],[0,-2],[0,-1],[0,-2],[-1,-2],[-2,-2],[-2,-1],[-2,0],[-1,1],[-1,0],[-2,0],[-2,0],[-2,0],[-2,0],[-1,0],[-1,0],[-1,0],[-4,0],[-2,-1],[-1,-1],[-1,-1],[-1,-2],[2,0],[1,-1],[-1,-1],[1,0],[1,-1],[-1,-2],[-1,-2],[-2,-1],[-1,-1],[-2,-1],[-1,-1],[-1,-1],[0,-1],[1,0],[1,-1],[2,-1],[1,-1],[3,0],[2,-2],[1,-1],[0,-2],[0,-1],[0,-1],[-2,-2],[-3,1],[-1,-1],[-2,-1],[-1,-1],[-1,-2],[-3,-2],[-2,-1],[-2,0],[-2,-1],[0,-1],[-1,-1],[-2,-1],[-2,0],[-2,-1],[-1,-1],[0,-1],[0,-3],[1,-1],[1,-1],[1,-1],[1,-2],[0,-1],[-1,-1],[-2,0],[-1,-1],[-1,-1],[0,-1],[1,-1],[0,-1],[-1,-1],[-2,-1],[-2,-1],[-5,-2],[-1,-1],[-4,0],[-2,1],[-2,0],[-2,-3],[-2,-2],[-2,-1],[2,-1],[2,-1],[0,-1],[0,-1],[-2,-1],[-2,-2],[-2,-1],[-1,0],[-3,-1],[-1,0],[0,-1],[-1,0],[-1,-1],[0,-2],[1,0],[2,-1],[1,-1],[2,-2],[0,-3],[2,-1],[1,-1],[0,-1],[-3,-4],[-3,1],[-2,1],[-2,1],[-2,1],[-3,1],[-2,-1],[-1,-1],[0,-1],[1,-1],[-2,-1],[0,-1],[-1,-1],[-1,-1],[1,-1],[0,-2],[0,-1],[1,-1],[0,-2],[1,-1],[2,-2],[2,-1],[1,-1],[1,0],[-1,-3],[-2,-1],[-2,-2],[-2,-1],[-5,2],[-1,0],[-2,1],[-1,0],[-1,0],[0,-1],[1,-1],[0,-1],[1,-1],[1,-2],[-1,-1],[-2,-1],[-1,-1],[-1,-1],[-1,-1],[0,-1],[-2,0],[-1,-1],[-1,-1],[-2,0],[-2,0],[-1,-1],[-2,0],[0,-1],[-3,0],[-1,-1],[1,0],[0,-1],[2,-1],[-1,-1],[-3,0],[-1,-1],[-1,-2],[0,-1],[1,-1],[1,-1],[1,-1],[-1,0],[0,-1],[-1,-1],[-2,0],[0,-1],[0,-1],[-1,0],[-1,-1],[-1,-1],[-1,0],[-3,0],[-2,0],[-1,-1],[0,-2],[-6,0],[-1,0],[-1,0],[-2,0],[-2,0],[-1,-1],[0,-1],[-1,0],[-1,-1],[-2,0],[-2,0],[-2,-1],[-1,-1],[-2,-2],[-1,-1],[-1,-2],[-2,-1],[0,-1],[0,-1],[1,-1],[1,-1],[1,-1],[-1,-2],[-1,-1],[-2,0],[-2,2],[-1,0],[-2,-1],[-2,0],[-2,1],[-4,3],[0,-2],[0,-1],[-1,0],[0,-1],[-1,-1],[1,0],[1,-1],[2,0],[2,0],[1,-1],[1,0],[1,-2],[2,-2],[0,-1],[0,-1],[-1,-1],[0,-1],[0,-1],[0,-1],[1,-1],[0,-1],[-1,-1],[-1,-2],[1,-2],[0,-1],[0,-3],[0,-3],[0,-2],[-1,-1],[-1,-2],[-3,-1],[0,-2],[-1,-1],[-2,0],[-2,-1],[-2,1],[-2,0],[-1,0],[-2,-1],[-2,0],[-2,-1],[-1,-1],[-1,-1],[1,0],[2,-1],[1,-1],[1,-1],[3,-2],[3,-2],[0,-1],[1,0],[1,0],[6,-3],[-1,-2],[0,-1],[-1,0],[-1,-1],[-1,-1],[-1,-1],[0,-1],[2,-1],[1,-2],[-1,-1],[-1,-1],[-1,0],[-1,-1],[-1,-1],[0,-1],[0,-1],[-1,-1],[-2,-2],[-2,-1],[0,-1],[1,-1],[1,-2],[0,-1],[0,-1],[-2,-1],[-1,0],[-3,0],[-2,0],[-3,-1],[-2,-1],[-5,-4],[-4,-2],[-1,-2],[0,-1],[-1,-1],[-2,-1],[-1,-2],[-2,-3],[-2,-2],[-1,-2],[-1,-1],[-2,-2],[-1,-1],[-3,-2],[-2,-2],[-2,-1],[-2,-1],[-2,-1],[0,-1],[1,-1],[2,-1],[3,-2],[3,-1],[1,-2],[0,-1],[-1,-1],[-2,-1],[-2,0],[-5,0],[-3,-1],[-3,0],[-2,-1],[1,-1],[1,-2],[2,-3],[0,-1],[-1,-1],[-2,1],[-6,1],[-4,1],[-7,2],[0,1],[-2,0],[-5,-1],[-2,0],[-2,-1],[-2,-2],[-4,-2],[-1,0],[0,-1],[1,-1],[-1,0],[-1,-2],[-1,-2],[0,-2],[0,-3],[1,-2],[0,-2],[1,-1],[0,-1],[-1,0],[-1,0],[-3,0],[-1,0],[-2,-1],[-3,-1],[-2,-2],[-4,-1],[-1,-1],[-1,-1],[0,-1],[-3,-1],[-1,-1],[0,-1],[0,-1],[1,-2],[0,-1],[-1,0],[-4,-1],[-6,-1],[-2,0],[0,-1],[-1,-1],[-1,-1],[1,-1],[1,-2],[1,-1],[2,-1],[2,-1],[8,-1],[4,-1],[3,-1],[2,1],[2,0],[2,-1],[3,-1],[1,-1],[-1,-3],[0,-2],[-1,-1],[-1,-2],[-2,-1],[-2,0],[-3,-1],[-1,0],[-3,0],[-5,0],[-2,0],[-2,1],[-1,1],[-2,2],[-1,1],[-2,0],[-1,-1],[-2,-1],[-1,-1],[1,0],[2,-1],[1,-1],[1,0],[1,-1],[2,-1],[2,0],[2,-1],[1,0],[4,-1],[2,0],[4,-1],[0,-2],[0,-1],[-1,-1],[-6,-1],[-1,0],[-3,0],[-2,-1],[-3,-1],[-3,1],[-4,0],[-5,0],[-7,0],[-3,0],[-2,-1],[-1,0],[-1,-1],[-2,-1],[-2,0],[-3,0],[-2,0],[-2,-1],[-1,-1],[-1,-1],[-2,-1],[-3,0],[1,-2],[0,-1],[-1,-2],[1,-1],[-1,0],[0,-1],[1,0],[1,-1],[1,-2],[-1,-1],[-2,-1],[-2,-2],[-3,-2],[-1,-1],[1,-2],[0,-1],[-1,-1],[-1,-1],[-3,-1],[-1,-2],[-1,-1],[-1,-2],[-1,-1],[-1,-1],[0,-2],[0,-3],[1,-4],[-1,-1],[1,-2],[1,-1],[1,0],[1,-1],[2,-1],[1,-1],[1,-1],[1,-1],[-1,-1],[-1,-1],[-2,-1],[-2,-1],[-3,-1],[-2,-1],[-1,-2],[0,-1],[-2,-1],[-2,1],[-4,0],[-2,0],[-1,0],[-2,0],[-1,0],[-1,0],[-2,0],[-3,-1],[-1,-2],[0,-1],[0,-1],[1,-1],[-1,-1],[-1,-2],[0,-1],[-3,-1],[0,-1],[-1,-2],[1,-2],[1,-3],[1,-3],[-3,-4],[-4,-5],[-4,-4],[-2,-1],[-2,0],[0,-1],[0,-2],[0,-1],[-1,-2],[-2,-2],[-2,-1],[-1,0],[-1,-1],[0,-1],[-2,-1],[-1,-1],[-2,-1],[-2,-1],[-3,-1],[-3,-2],[-1,-1],[0,-1],[0,-1],[-1,-1],[-1,-2],[0,-2],[1,-3],[1,-3],[0,-1],[1,-1],[1,0],[1,0],[2,1],[3,0],[2,0],[1,1],[4,-1],[1,-1],[1,-1],[1,-2],[-3,-3],[0,-1],[1,-1],[2,-1],[1,0],[1,-1],[-2,-4],[-1,-1],[-1,-1],[-1,-1],[-1,-1],[-3,2],[-5,1],[-1,0],[-1,0],[-1,0],[-1,-2],[1,-1],[0,-1],[0,-1],[0,-2],[0,-1],[-1,-1],[-3,-1],[-1,0],[-2,0],[-2,1],[-1,0],[-2,-1],[1,-1],[3,-1],[1,-2],[1,-1],[0,-1],[2,-2],[2,-1],[2,-1],[-1,-2],[-1,-1],[-2,-1],[0,-1],[-2,-1],[-3,1],[-2,1],[-4,1],[-9,3],[-3,0],[-2,0],[-2,0],[-2,1],[-2,1],[-2,0],[-2,-1],[0,-1],[-1,-1],[-2,-1],[-2,-1],[-1,-1],[-2,-2],[0,-1],[0,-1],[-1,-1],[-2,0],[0,-1],[0,-1],[0,-1],[-2,0],[-4,-1],[-1,-1],[-2,0],[0,-2],[0,-3],[1,-1],[1,-2],[1,0],[3,0],[1,0],[2,-1],[2,0],[1,-2],[1,-1],[1,-1],[1,0],[2,0],[5,2],[2,-2],[1,-2],[-8,-2],[-3,0],[-1,0],[0,-2],[0,-1],[0,-1],[2,0],[2,0],[2,0],[1,-3],[-1,-2],[-1,-1],[-2,-2],[-2,0],[-1,-1],[-1,-1],[1,-2],[-1,0],[-3,-2],[-1,0],[-4,-2],[-1,0],[-1,-1],[1,-1],[2,-2],[0,-1],[-1,0],[-5,1],[-1,0],[-3,-1],[-1,-2],[-1,-1],[1,0],[2,0],[2,0],[2,-1],[0,-1],[-1,-2],[0,-1],[-1,-1],[-2,0],[-2,0],[-2,-1],[-1,-1],[0,-2],[1,-1],[0,-1],[-2,-2],[-1,-2],[-1,-1],[0,-2],[0,-1],[0,-1],[1,-2],[2,-1],[-2,-5],[0,-2],[0,-2],[0,-3],[1,-1],[1,-1],[-4,-4],[-5,-4],[-3,-2],[-12,-12],[-2,0],[-3,0],[-3,-1],[-2,-1],[-2,-1],[0,-2],[0,-1],[3,-3],[2,-2],[0,-2],[0,-2],[0,-2],[-16,-11],[-6,-3],[-1,-2],[-3,-2],[-3,1],[-2,-2],[-1,-2],[-2,-2],[-2,-2],[-2,-1],[-2,-1],[-1,0],[-1,-1],[-1,-1],[-2,-1],[-2,0],[-1,-2],[0,-1],[-1,0],[-2,-2],[-5,-4],[-2,0],[-1,-1],[0,-1],[-2,0],[-2,-1],[-1,-1],[0,-1],[1,-2],[1,-1],[3,-2],[4,-3],[0,-1],[0,-1],[2,-2],[0,-1],[0,-1],[0,-1],[0,-1],[0,-1],[0,-1],[1,-1],[-4,-5],[-2,-4],[-2,-3],[-1,-1],[-8,-5],[-3,-3],[-1,-1],[-2,-3],[-2,-1],[-2,-1],[-1,0],[-4,1],[-1,1],[0,1],[-2,1],[-3,0],[-4,-2],[-2,0],[-1,0],[-1,-1],[1,-2],[0,-1],[0,-2],[1,-3],[-1,-1],[-1,-1],[-1,0],[-2,0],[-3,-1],[-1,0],[-2,0],[-1,0],[-2,-2],[-2,-3],[-2,-1],[-3,-1],[-4,0],[-5,-2],[-6,-3],[-1,-1],[1,-1],[0,-1],[3,-2],[2,-1],[2,-1],[-3,-6],[-2,-1],[-3,0],[-3,0],[-4,1],[-5,1],[-4,0],[-3,0],[-4,-1],[-3,0],[-1,-1],[-3,0],[-2,0],[0,-1],[-1,-1],[-3,-2],[-1,-1],[-1,-1],[-1,-1],[1,-2],[1,0],[2,-1],[2,-1],[3,-1],[3,-2],[5,-3],[2,-1],[4,0],[2,0],[3,2],[4,0],[4,-1],[1,-4],[-5,1],[-5,-1],[-6,-1],[-5,0],[-5,0],[-1,-1],[-2,0],[-2,-1],[-2,1],[-2,0],[0,1],[-1,1],[-2,2],[-1,-1],[-1,0],[0,-1],[0,-1],[1,-1],[2,-1],[1,-2],[2,-2],[1,-2],[0,-1],[0,-4],[-1,-3],[-2,-1],[-2,-3],[-3,-2],[-2,-1],[-3,-1],[-3,0],[-10,2],[-4,1],[-3,-1],[-2,-1],[-3,-2],[-3,-4],[-3,-4],[0,-1],[1,-2],[2,-2],[2,0],[2,-1],[1,-1],[0,-2],[1,-2],[-1,-1],[-1,-1],[-2,0],[-1,0],[0,-1],[1,-2],[-1,-1],[-2,0],[-1,-1],[0,-2],[0,-1],[1,-2],[3,-1],[3,-2],[-1,-1],[-1,0],[-1,0],[0,-1],[0,-1],[0,-1],[1,-2],[0,-1],[1,-4],[0,-1],[1,-1],[1,-3],[1,-6],[-7,-4],[-6,-3],[-4,-2],[-4,-1],[-4,-1],[-3,-1],[-3,1],[-3,1],[-3,2],[-3,1],[-3,1],[-3,0],[-2,0],[-2,-1],[-2,0],[-2,0],[-2,0],[-5,-2],[-1,-1],[0,-1],[1,-1],[0,-2],[2,-2],[0,-2],[0,-1],[1,-3],[1,-5],[1,-1],[2,-1],[0,-1],[-2,-3],[-2,-2],[-2,-2],[-6,-2],[-6,-1],[-5,-2],[-5,-2],[-1,0],[-2,0],[0,-2],[2,-2],[-1,-1],[-2,0],[-1,0],[-1,1],[-1,0],[-1,-1],[-3,-4],[-2,-1],[-3,-1],[-2,-2],[-1,-3],[-1,-3],[0,-1],[-2,-2],[-3,-2],[0,-1],[-1,-1],[-1,-2],[-1,-2],[-2,-1],[-2,-2],[-1,-2],[-3,-5],[-3,-5],[-2,-2],[-1,-2],[0,-1],[0,-2],[0,-1],[2,-1],[1,-2],[3,-3],[2,-2],[3,-2],[1,0],[5,0],[1,0],[1,-2],[1,-4],[-1,-4],[-2,-3],[-3,-4],[-7,-6],[-3,-2],[-8,-6],[-9,-8],[-13,-7],[-6,-6],[-4,-2],[-5,-3],[-4,-2],[-2,0],[-3,0],[-3,1],[-3,0],[-2,-1],[-2,-2],[-2,-5],[0,-3],[0,-2],[-1,-3],[-2,-3],[-4,-2],[-12,-5],[-8,-2],[-4,-2],[-3,-2],[-3,-2],[-3,-1],[-4,-2],[-4,-1],[-2,-1],[-5,0],[-2,-1],[-1,-1],[0,-1],[2,-1],[1,0],[0,-2],[-2,-1],[-2,-2],[0,-2],[1,-1],[4,-2],[2,0],[1,-1],[7,-1],[3,-2],[2,-2],[0,-2],[1,-2],[0,-3],[-2,-3],[-1,-3],[-3,-2],[-2,-3],[-4,-1],[-7,-3],[-1,-1],[-8,0],[-3,1],[-10,4],[-3,3],[-2,2],[-1,1],[0,1],[-1,0],[-1,1],[-2,0],[-4,2],[-1,-1],[-1,0],[0,-1],[2,-1],[1,-1],[0,-1],[1,0],[1,0],[0,-1],[0,-2],[-1,-2],[-2,0],[-2,-2],[-10,-6],[-4,-6],[-1,-1],[-1,-1],[0,-2],[-6,-3],[-2,-1],[-10,-7],[-1,-1],[-4,-3],[-1,-1],[-2,-2],[-1,-2],[1,-3],[-2,-1],[-2,0],[-4,-1],[-2,-1],[-2,-2],[-1,-3],[0,-1],[-1,-2],[-3,-2],[-1,-1],[-1,-1],[0,-2],[-3,-3],[0,-3],[-1,-1],[-1,-2],[-1,-1],[-2,-3],[-1,-4],[0,-2],[0,-3],[2,-2],[-2,-2],[0,-3],[-1,-1],[4,-3],[0,-1],[3,1],[1,-1],[0,-1],[1,-1],[1,-1],[4,-6],[-1,-2],[-1,-2],[-1,-2],[-1,-2],[-4,-3],[-7,-4],[-6,-4],[-1,0],[-1,-1],[-1,-1],[-1,-1],[-1,0],[-2,-1],[-2,-2],[-7,-5],[-2,-1],[-1,-1],[-1,-1],[-2,0],[-2,0],[-1,1],[-1,1],[-1,0],[-2,-1],[-3,-1],[-2,-2],[-2,-1],[-3,-2],[-3,-2],[-4,-2],[-4,-1],[-3,0],[-3,0],[-2,-1],[-4,-2],[-5,-3],[-2,-2],[-4,-1],[-7,-4],[-2,-2],[-6,-4],[1,-2],[-1,-1],[-1,-2],[-2,-1],[-4,0],[-3,0],[-2,0],[-2,-1],[-1,-2],[0,-1],[-1,-2],[-4,-2],[-3,-1],[-3,0],[-1,0],[0,-1],[-1,-1],[-10,-4],[-3,-2],[-5,-3],[-2,-2],[-1,-1],[-1,-1],[1,-1],[1,-1],[1,-1],[0,-1],[0,-2],[-1,-1],[-4,-2],[-3,-2],[-2,-2],[-2,-2],[-1,0],[-1,0],[-3,-1],[-2,0],[-2,-1],[-3,-1],[-2,0],[-1,0],[0,1],[-1,2],[-3,1],[-3,1],[-3,-1],[-3,-1],[-1,-2],[-2,0],[-4,-2],[-2,1],[-2,-1],[0,-1],[-1,-1],[-2,-3],[-2,-2],[0,-1],[0,-1],[0,-1],[1,-3],[0,-2],[0,-1],[0,-2],[0,-1],[0,-2],[0,-1],[0,-1],[0,-2],[-1,-2],[0,-1],[0,-2],[-2,-2],[-1,0],[0,-1],[0,-1],[0,-1],[0,-1],[-1,-2],[0,-2],[1,0],[0,-2],[-1,-1],[-1,-1],[-1,0],[0,-1],[-1,-1],[-1,-1],[-1,0],[0,-1],[-1,-1],[-2,0],[-3,0],[-2,0],[-3,-1],[-2,-1],[-3,-2],[-2,-1],[-1,-1],[-2,-1],[-3,-1],[-3,-1],[-3,-1],[-2,-3],[-1,-2],[-1,-2],[-2,-3],[-3,-2],[-3,-3],[0,-2],[-4,-3],[-4,-2],[-3,-2],[2,0],[0,-1],[-4,-4],[-4,-2],[-4,-2],[-11,-6],[-4,1],[-2,0],[-1,-1],[-1,0],[-2,-1],[-6,1],[-2,0],[-3,-1],[-3,0],[-9,-2],[-2,-1],[-2,-1],[-1,-1],[0,-2],[0,-2],[-1,-1],[0,-1],[-2,0],[-3,-1],[-2,0],[-1,-1],[0,-1],[0,-1],[-3,-1],[-2,-1],[-1,-1],[-1,-1],[0,-2],[1,-1],[0,-1],[-1,-1],[-1,-1],[-2,-1],[-2,0],[-1,-1],[-1,-2],[0,-2],[-1,0],[-4,-3],[-5,-3],[-5,-2],[-8,-2],[-3,-3],[-2,-1],[0,-1],[-1,-2],[-4,-2],[-4,-3],[-2,0],[-4,-1],[-4,-1],[-3,-2],[-2,-3],[-1,-2],[-1,-1],[-3,-2],[-5,-3],[-12,-4],[-2,-1],[0,-2],[0,-1],[0,-1],[-1,-2],[-1,-2],[0,-1],[-1,-1],[-2,-2],[-4,-2],[-3,0],[-3,-1],[-3,-2],[-3,-2],[-4,-1],[-1,-1],[-2,-2],[-2,-1],[-2,-1],[-1,-1],[-2,-1],[-1,-2],[-2,-2],[0,-3],[-3,-4],[-3,-3],[-5,-4],[-1,-2],[-3,-3],[-3,-1],[-3,0],[-2,0],[-5,0],[-4,-1],[-1,-1],[-1,-1],[-2,-1],[-1,0],[-3,-1],[-2,-1],[-3,-1],[-1,-4],[-4,-2],[-1,-2],[-3,-2],[-1,-4],[0,-2],[0,-3],[-2,-2],[2,-2],[-3,-3],[-1,-2],[2,-3],[1,-1],[0,-2],[-3,-3],[-3,-2],[-3,-2]],[[36960,93999],[-49,87],[-39,181],[-131,253],[-66,103],[-34,79],[-49,288],[-296,-251],[-194,-180]],[[36779,97738],[3,2],[9,4],[5,2],[2,2],[0,2],[2,1],[4,0],[4,1],[1,2],[3,0],[0,-1],[0,-1],[-2,-2],[1,-2],[2,-3],[3,-2],[1,-4],[0,-8],[-1,-3],[-2,-3],[-5,-4],[-2,-1],[-3,0],[-2,1],[-2,0],[-2,0],[-2,-1],[-2,-2],[-2,-2],[-2,-1],[0,-2],[-1,-2],[1,-2],[1,-1],[3,-3],[2,-1],[1,-1],[1,-1],[1,0],[2,-1],[4,0],[3,-1],[1,-2],[1,-1],[1,1],[1,3],[2,1],[2,-1],[5,0],[3,-2],[-1,-4],[0,-1],[1,0],[1,0],[1,3],[1,1],[1,-1],[4,-1],[0,-1],[-1,-1],[-1,-2],[1,-2],[1,0],[2,3],[2,2],[2,-1],[2,-1],[2,-4],[2,-3],[0,-2],[2,-1],[2,-4],[-3,-7],[0,-5],[1,-7],[2,-3],[2,-1],[1,-1],[3,-2],[1,-2],[0,-2],[1,-3],[-1,-3],[0,-3],[0,-2],[0,-2],[2,-2],[1,-1],[1,-1],[2,1],[1,3],[2,2],[3,2],[4,-1],[0,-3],[-1,-4],[-1,-2],[0,-5],[1,-4],[2,-4],[1,-1],[5,-1],[3,-1],[1,-1],[0,-1],[-3,-2],[0,-2],[0,-4],[2,-7],[1,-3],[2,-4],[0,-3],[2,-2],[5,-4],[6,0],[4,-1],[2,-1],[1,-5],[1,-2],[1,-1],[3,-1],[4,1],[2,-1],[2,-1],[1,0],[2,-3],[2,-3],[1,-5],[4,-4],[2,-4],[-1,-4],[0,-5],[-1,-3],[-1,-6],[3,-2],[5,0],[1,-1],[0,-2],[-1,-1],[-1,-3],[-1,-1],[0,-1],[0,-2],[1,-2],[0,-1],[4,-2],[0,-1],[1,0],[2,-1],[1,0],[3,-1],[1,-1],[2,-1],[4,0],[6,2],[5,0],[6,0],[5,0],[4,2],[2,1],[3,2],[4,-1],[4,-2],[5,-2],[5,-2],[2,0],[2,2],[3,1],[2,-1],[1,-2],[2,-1],[4,-2],[2,-3],[2,-2],[1,-1],[1,-2],[2,-2],[1,-1],[1,0],[2,1],[4,1],[2,-1],[2,-2],[1,-3],[1,-1],[0,-2],[0,-2],[0,-2],[-1,-1],[-3,-4],[-2,-1],[-3,-2],[-2,-1],[-1,-1],[0,-2],[-1,0],[-5,2],[-2,-1],[-1,-1],[1,-2],[1,-3],[0,-4],[0,-1],[-2,-1],[-4,-2],[-6,0],[-3,-1],[-4,-4],[-3,-3],[-2,-4],[1,-5],[0,-5],[-4,-4],[-4,-4],[-3,-8],[-3,-3],[-2,-3],[-3,-2],[-5,-3],[-3,-4],[1,-6],[-3,-6],[0,-3],[5,-5],[5,-7],[2,-5],[-1,-4],[-1,-4],[-2,-9],[-2,-6],[-20,-15],[-16,-13],[-11,-5],[-4,-3],[-4,-9],[-1,-4],[0,-8],[-1,-4],[-3,-3],[-5,-4],[-5,-4],[-4,-7],[-2,-5],[0,-3],[4,-2],[10,-4],[6,-3],[1,-17],[0,-11],[0,-4],[-2,-4],[-4,-3],[-7,-5],[-3,-2],[-3,-4],[-1,-4],[0,-5],[1,-4],[1,-5],[0,-6],[-3,-6],[-4,-6],[-5,-8],[-2,-7],[-2,-7],[0,-7],[0,-7],[0,-5],[1,-10],[-2,-3],[-3,-3],[-8,-5],[-2,-2],[-3,-1],[0,-4],[0,-4],[0,-7],[2,-7],[5,-6],[14,-14],[2,-5],[1,-6],[0,-7],[3,-7],[7,-10],[7,-5],[1,-3],[2,-4],[2,-5],[1,-3],[10,-12],[7,-10],[1,-1],[5,-3],[5,-3],[9,-3],[4,-4],[2,-4],[3,-6],[2,-5],[5,-6],[10,-4],[12,-6],[4,-4],[2,-1],[5,-1],[3,-1],[2,-1],[0,-2],[0,-3],[1,-2],[1,-2],[3,-2],[2,-1],[3,0],[3,0],[3,-1],[6,-3],[1,-4],[0,-5],[1,-1],[5,-2],[3,-1],[5,-2],[8,-1],[7,-1],[3,-1],[2,-2],[3,-3],[3,-2],[3,-1],[1,1],[1,1],[0,1],[-1,1],[0,1],[1,1],[1,1],[5,-1],[2,-2],[1,-2],[1,-2],[0,-3],[-1,-2],[-2,-1],[-1,0],[-3,0],[-1,0],[-1,-1],[0,-1],[-1,-1],[0,-2],[-1,-3],[-1,-2],[-1,-1],[0,-1],[-1,0],[-2,-1],[-3,-2],[-1,0],[0,-1],[3,-1],[4,-2],[2,0],[2,0],[5,-3],[4,-1],[2,-1],[4,0],[2,0],[2,0],[3,-1],[2,0],[1,-2],[-1,-2],[-1,-1],[0,-2],[-2,-7],[-1,-1],[0,-2],[1,-1],[1,-2],[2,0],[2,-1],[2,0],[3,1],[6,2],[2,3],[2,2],[2,1],[6,2],[2,3],[-1,5],[1,1],[3,0],[5,-2],[3,0],[2,0],[3,-1],[2,-1],[2,-3],[1,-1],[0,-3],[1,-2],[1,-2],[0,-2],[1,-1],[1,-2],[1,-1],[2,-3],[2,-2],[-2,-1],[-1,-1],[-5,0],[-2,-1],[-1,1],[-2,0],[-1,-1],[-2,-2],[-1,-2],[-1,-6],[1,-5],[3,-9],[0,-3],[0,-2],[0,-1],[2,-2],[3,-4],[3,-2],[1,-3],[1,-4],[1,-2],[3,-3],[2,-1],[1,-1],[2,1],[4,1],[8,4],[-9,-5],[-11,-2],[-12,-2],[-7,-4],[0,-4],[-19,-8],[-50,-20],[-38,-17],[-17,-8],[-94,-43],[-31,-38],[-27,-42],[-1,-2],[0,-3],[-1,-3],[-13,-23],[-5,-9],[-30,-38],[-10,-17],[-10,-19],[-23,-35],[-3,-8],[-3,-4],[-4,-5],[-21,-27],[-9,-15],[-11,-19],[-24,-45],[-2,-2],[-1,-2],[-10,-26],[0,-3],[0,-3],[1,-2],[-1,-2],[-1,-1],[-2,-2],[-3,-2],[-1,-2],[-3,-4],[-3,-5],[-2,-9],[-5,-10],[-9,-27],[-5,-9],[-1,-3],[-3,-12],[-38,-115],[-1,-4],[0,-3],[0,-4],[-1,-33],[-4,-41],[0,-1],[-3,-8],[-3,-40],[1,-2],[1,-1],[2,-1],[3,-1],[46,-2],[109,-1],[11,-39],[-39,-8],[-7,-6],[-22,-7],[-3,-1],[-10,0],[-3,0],[-3,-1],[-6,-7],[-17,-28],[5,-59],[-8,-19],[3,-1],[36,-2],[13,-3],[16,-8],[11,-25],[31,-13],[26,-21],[23,-17],[33,-23],[36,-26],[18,-5],[40,-19],[84,-42],[29,-14],[56,-29],[16,-25],[35,-54],[26,-46],[9,-18],[5,-3],[2,-5],[6,0],[2,-6],[4,-13],[13,-20],[76,8],[42,4],[35,-7],[13,4],[16,13],[108,15],[82,11],[3,1],[3,1],[62,25],[6,2],[56,22],[3,1],[2,1],[4,2],[1,1],[4,1],[9,3],[110,45],[34,9],[11,5],[2,-12],[5,-1],[5,-1],[3,5],[0,1],[1,1],[1,0],[1,0],[2,0],[2,0],[28,17],[-2,4],[0,1],[0,1],[10,7],[5,3],[4,3],[19,20],[2,0],[1,0],[1,-1],[0,-1],[-2,-1],[-1,-1],[-18,-18],[-1,-1],[-2,-1],[-12,-8],[-1,-2],[0,-1],[0,-1],[9,-8],[2,-1],[1,0],[4,3],[5,-5],[4,-3],[3,2],[0,1],[1,0],[7,4],[-1,0],[1,1],[1,-1],[7,4],[-1,0],[1,1],[1,-1],[7,4],[-1,0],[1,1],[1,-1],[7,4],[-1,1],[1,0],[1,-1],[6,4],[0,1],[1,0],[0,-1],[2,1],[11,-9],[-2,-1],[1,0],[-1,-1],[-1,1],[-43,-23],[4,-3],[4,-4],[-5,-3],[0,-1],[7,-6],[3,0],[3,2],[6,-5],[2,-3],[47,25],[7,-6],[-25,-13],[-22,-12],[3,-2],[6,-6],[41,-35],[20,-19],[6,3],[8,-7],[3,1],[-8,8],[6,3],[5,-4],[9,5],[-5,4],[45,24],[-32,28],[-28,-15],[-3,2],[-1,1],[-1,0],[-9,-5],[-1,0],[-1,0],[-1,0],[-1,0],[0,1],[1,1],[1,0],[9,5],[34,18],[1,1],[1,0],[1,-1],[5,-4],[6,4],[1,0],[32,-29],[64,34],[2,1],[3,2],[-67,59],[7,6],[11,14],[-54,49],[-1,3],[0,4],[2,4],[3,5],[7,6],[0,1],[6,3],[124,-110],[8,5],[9,-1],[3,1],[22,29],[0,1],[0,1],[-140,122],[6,4],[7,3],[14,7],[2,0],[4,1],[41,2],[1,0],[1,0],[1,-1],[15,1],[2,0],[90,-80],[0,-1],[-2,-1],[0,-1],[10,-6],[2,0],[1,1],[15,20],[1,2],[1,2],[0,2],[0,2],[0,3],[-1,2],[-9,19],[-1,0],[-2,0],[0,1],[-1,1],[1,1],[0,1],[-7,14],[-1,0],[-1,0],[-1,1],[-1,1],[1,1],[1,1],[-6,12],[-1,0],[-1,1],[-6,-1],[-1,0],[-7,-2],[-12,24],[7,1],[3,2],[1,2],[-6,11],[-3,1],[-1,1],[0,1],[1,2],[-3,6],[-3,2],[-1,0],[-1,1],[0,1],[0,1],[1,1],[-4,8],[-2,0],[-1,1],[-1,1],[1,1],[-7,14],[-1,0],[-5,-1],[-1,0],[-6,-2],[-20,21],[7,3],[4,2],[0,1],[-1,1],[-11,8],[-2,0],[-1,0],[-1,2],[-1,1],[1,1],[-9,6],[-1,0],[-2,0],[-2,1],[0,1],[0,2],[-3,2],[-2,-1],[-2,1],[-2,1],[-2,1],[-1,2],[0,1],[1,2],[1,2],[3,1],[3,1],[3,0],[3,-1],[3,-2],[3,-3],[22,-16],[20,-18],[7,-6],[7,-11],[25,-44],[14,-23],[38,-71],[0,-5],[-1,-3],[-5,-9],[-16,-18],[-100,-124],[-163,-192],[1,-1],[1,-1],[9,-7],[50,-39],[41,-32],[8,-7],[343,-282],[83,-68],[71,-54],[75,-59],[47,-35],[50,-39],[48,-35],[33,-27],[48,-27],[26,-25],[14,-9],[21,-18],[14,-12],[19,-13],[55,-42],[51,-35],[27,-19],[40,-31],[65,-49],[73,-53],[95,-67],[92,-61],[64,-46],[153,-103],[59,-43],[47,-31],[54,-40],[32,-22],[25,-14],[24,-8],[38,-8],[58,-1],[11,19],[3,13],[0,9],[-1,8],[1,3],[4,2],[3,0],[2,-7],[0,-9],[0,-10],[-3,-10],[-13,-19],[-14,-16],[-33,-38],[-4,-4],[-33,-36],[-3,2],[-1,0],[-2,2],[-3,2],[-34,16],[-20,9],[-3,1],[-12,6],[-20,12],[-36,17],[-26,12],[-24,9],[-35,8],[-14,1],[-32,2],[-28,1],[-21,-2],[-13,-4],[-22,-8],[-6,-6],[-3,-5],[-3,-5],[-3,-2],[-10,-4],[-4,-4],[-1,-3],[-2,-3],[-2,-1],[-2,0],[-2,2],[-5,3],[-5,8],[-2,6],[3,6],[4,7],[-5,7],[-4,7],[0,5],[5,5],[7,6],[6,9],[-2,13],[2,5],[2,10],[2,11],[4,22],[-9,5],[-12,1],[-9,1],[-19,-1],[-4,-1],[-6,-10],[-16,-22],[-5,-18],[-3,-4],[-3,-2],[-3,-2],[-4,-1],[-2,1],[-8,10],[-8,10],[-9,13],[-3,14],[1,10],[5,11],[-1,13],[-3,23],[0,12],[1,11],[-1,8],[-3,6],[-6,10],[-1,9],[-1,8],[-2,4],[-5,2],[-16,2],[-9,-1],[-13,2],[-2,4],[0,2],[5,4],[4,2],[12,6],[7,3],[3,2],[0,3],[-8,13],[-12,7],[-17,4],[-7,2],[-4,5],[-11,11],[-4,9],[-5,14],[-5,11],[-8,9],[-22,17],[-7,3],[-5,3],[-8,0],[-4,1],[-6,12],[-11,11],[-11,10],[-6,3],[-6,1],[-13,-1],[-16,0],[-13,-2],[-12,2],[-12,9],[-11,13],[-2,8],[2,5],[-11,8],[-5,13],[3,5],[-2,1],[-8,1],[-14,-1],[-10,1],[-8,3],[-5,6],[-4,3],[-4,6],[-1,10],[-2,4],[-4,2],[-12,5],[-8,5],[-2,3],[-3,3],[-4,5],[-2,6],[-1,6],[-1,7],[-1,4],[-4,5],[-4,2],[-6,2],[-6,2],[-5,1],[-4,1],[-5,4],[-2,6],[1,4],[0,1],[0,2],[-5,4],[-7,6],[-7,3],[-5,0],[-1,-1],[-2,-2],[-3,-2],[-10,-6],[-13,-2],[-15,13],[-11,12],[-5,11],[4,4],[0,4],[1,1],[-5,3],[-2,4],[-11,3],[-6,4],[-6,2],[-5,3],[-3,4],[-7,4],[-11,2],[-8,5],[-7,5],[-5,3],[-9,1],[-9,6],[-8,9],[-5,4],[-1,0],[0,-1],[1,-6],[1,-1],[-1,-2],[-4,-5],[-3,0],[-4,1],[-6,4],[-4,1],[-3,1],[-11,-1],[-6,-1],[-11,3],[-26,6],[-7,2],[-11,1],[-8,-1],[-9,1],[-4,1],[-4,3],[-6,0],[-6,0],[-11,0],[-8,0],[-1,1],[1,5],[-1,2],[-3,0],[-3,0],[-1,-2],[0,-2],[1,-1],[-1,0],[-3,1],[-2,0],[-4,-2],[-3,-3],[-3,-3],[-3,-4],[0,-1],[0,-2],[2,-1],[5,-4],[1,0],[2,5],[0,3],[0,4],[1,0],[1,1],[1,0],[2,-1],[2,-6],[5,-3],[5,-5],[8,-8],[7,-4],[3,-1],[3,-2],[4,-1],[4,-1],[4,1],[7,2],[6,0],[7,0],[5,0],[4,-2],[3,-1],[5,-1],[9,1],[9,0],[1,0],[2,0],[0,-1],[-1,-1],[-4,0],[-4,0],[-7,-1],[-7,0],[-11,-1],[-12,0],[-13,0],[-5,0],[-5,3],[-4,2],[-5,2],[-7,1],[-3,1],[-9,3],[-6,5],[-7,2],[-5,5],[-7,6],[-7,5],[-10,3],[-6,2],[-4,0],[0,2],[0,1],[2,0],[2,1],[4,3],[3,0],[3,-1],[6,-3],[3,1],[8,4],[10,1],[7,3],[7,3],[6,3],[2,-1],[4,0],[3,1],[5,1],[4,2],[6,7],[3,5],[5,6],[1,6],[1,7],[2,4],[3,3],[5,4],[1,4],[-1,6],[0,1],[1,1],[6,1],[10,0],[5,1],[5,-1],[4,0],[3,-1],[2,0],[2,2],[1,2],[-1,1],[-3,0],[-10,3],[-8,0],[-12,-2],[-3,0],[0,1],[0,9],[1,6],[0,1],[-2,2],[-1,0],[-4,-11],[-3,-8],[-3,-6],[-3,-4],[-3,-2],[-1,0],[-1,0],[0,5],[-1,8],[-2,3],[-4,3],[-1,0],[-1,0],[0,-4],[-1,-1],[-3,-1],[-7,2],[-2,1],[-1,2],[2,2],[3,3],[5,3],[4,2],[4,5],[3,3],[-1,1],[-3,0],[-2,0],[-7,-5],[-5,-3],[-7,-5],[-4,-7],[-2,-8],[0,-9],[-2,-4],[-1,-3],[-5,-1],[-4,1],[-9,3],[-7,1],[-2,1],[0,-1],[2,-1],[8,-3],[2,0],[3,-2],[-1,-1],[-6,0],[-2,-1],[-1,-1],[5,0],[11,0],[1,-1],[3,-6],[1,-2],[-1,-2],[-6,-2],[-11,0],[-8,1],[-7,-1],[-10,1],[-3,-1],[-4,0],[-1,1],[0,2],[2,2],[6,3],[2,3],[-1,0],[-1,1],[-7,-2],[-2,0],[-4,2],[-2,3],[-2,0],[0,-1],[4,-5],[1,-4],[2,-5],[0,-2],[-3,-1],[-8,-1],[-9,0],[-8,0],[-10,-4],[-9,-2],[-8,-4],[-1,-1],[2,-3],[5,0],[5,1],[3,0],[1,-1],[3,-3],[4,-4],[4,-1],[6,-1],[3,-1],[1,-3],[2,-5],[2,-1],[4,-2],[4,-2],[2,0],[5,-1],[0,-1],[-3,-2],[-5,1],[-6,4],[-9,4],[-6,1],[-5,0],[-5,3],[-6,3],[-5,4],[-3,3],[-5,2],[-2,3],[-8,5],[-6,11],[-3,10],[-1,17],[2,18],[1,12],[0,12],[-2,8],[-3,9],[1,13],[3,16],[4,26],[-2,19],[-8,19],[-6,10],[-10,14],[-3,7],[-6,6],[-5,4],[-17,3],[-30,3],[-17,5],[-7,3],[-7,3],[-7,1],[-4,0],[-6,2],[-5,4],[-8,3],[-7,7],[-6,5],[-5,3],[-11,1],[-17,-1],[-8,-3],[-15,-2],[-15,1],[-9,3],[-4,3],[1,9],[-2,3],[-3,3],[-14,9],[1,2],[4,1],[9,3],[0,2],[-2,3],[-6,0],[-4,2],[-1,1],[0,1],[-1,3],[-1,2],[-1,0],[-4,0],[-6,-2],[-7,-2],[-8,-4],[-13,-6],[-11,1],[-8,0],[-15,0],[-18,-1],[-12,3],[-7,6],[-3,6],[1,8],[2,10],[-1,6],[-4,8],[0,5],[4,5],[7,8],[7,11],[4,15],[3,24],[-6,12],[-2,5],[-6,5],[-9,3],[-14,6],[-13,11],[-14,14],[-4,4],[-16,7],[-10,6],[-15,7],[-15,6],[-10,6],[-6,1],[-6,-3],[-4,-4],[-6,-6],[0,-2],[2,-5],[3,-2],[5,0],[1,0],[-1,-1],[-1,-1],[-6,-1],[-6,1],[-5,4],[-5,5],[-5,1],[-8,0],[-14,8],[-1,7],[3,4],[13,1],[19,-3],[23,9],[2,4],[0,4],[-13,6],[-21,17],[-10,7],[-13,1],[-11,-1],[-8,2],[-1,7],[4,11],[1,10],[-13,6],[-29,-8],[-48,-28],[-13,-7],[-4,-14],[-9,0],[-15,-2],[-2,0],[-2,-1],[0,-2],[6,-6],[7,-7],[5,-4],[3,-1],[4,1],[9,2],[4,0],[2,-1],[1,-3],[-1,-4],[-4,-4],[-8,-4],[-4,0],[-2,1],[-1,3],[0,7],[-3,1],[-3,0],[-2,-4],[-5,-6],[-8,-5],[-18,-12],[-8,-5],[-14,-12],[-2,-2],[-7,-18],[-5,-8],[-7,-9],[-7,-6],[-4,-2],[-1,-1],[-2,-1],[-3,-3],[-3,-1],[-13,-4],[-6,-3],[-6,-5],[-6,-4],[0,-2],[-1,-2],[-2,-2],[-4,0],[-5,1],[-4,-2],[-2,-6],[-3,-8],[-3,-4],[1,-4],[1,-8],[3,-4],[5,-5],[3,-3],[1,-4],[0,-5],[1,-1],[3,-1],[6,-1],[5,-3],[3,-8],[2,-4],[0,-6],[-1,-8],[-1,-7],[-4,-4],[-4,-5],[-3,-5],[-11,-10],[-12,-6],[-8,-5],[-5,-5],[-3,-7],[-1,-9],[-10,-8],[-4,-10],[-2,-26],[2,-2],[2,-6],[2,-5],[-2,-6],[1,-7],[2,-5],[6,-11],[0,-2],[0,-2],[2,0],[6,-1],[11,2],[2,1],[2,1],[1,0],[2,-1],[1,-1],[-45,-12],[-8,-22],[7,-43],[6,-7],[56,-56],[15,-5],[9,4],[1,-1],[1,-1],[-17,-9],[16,-22],[32,-25],[14,-9],[9,-8],[7,-3],[6,-2],[11,-8],[4,-3],[7,-4],[5,-5],[12,-13],[8,-16],[5,-5],[9,-5],[2,-2],[0,-4],[-5,-5],[-1,-3],[2,-27],[0,-21],[-5,-17],[-3,-9],[-1,-4],[-1,-11],[0,-7],[1,-13],[4,-18],[2,-6],[12,-17],[4,-5],[2,-3],[4,-2],[3,-2],[3,0],[2,-1],[3,-1],[2,-3],[0,-2],[1,-2],[0,-2],[1,-1],[2,-3],[1,-1],[1,-3],[5,-5]],[[38101,94204],[-52,-11],[-70,-34],[-239,-59],[-99,-104],[-34,-56],[-347,-57],[-300,116]],[[40638,93415],[-2,6],[-2,6],[-2,11],[0,3],[18,6],[34,11],[35,11],[4,0],[3,0],[3,1],[1,2],[1,2],[-3,3],[-2,1],[-3,0],[-3,-1],[-3,-2],[-2,-1],[-26,-8],[-27,-10],[-15,-5],[-15,11],[-22,13],[-18,10],[-26,14],[-29,17],[-26,17],[-18,15],[-41,25],[-10,8],[-10,6],[-6,5],[-8,6],[-7,6],[-18,11],[-12,9],[-12,9],[-9,6],[-5,3],[-5,3],[-34,22],[-22,16],[-54,37],[-5,3],[54,62],[4,6],[4,6],[4,6],[6,15],[2,6],[4,18],[1,2],[1,3],[1,2],[-1,1],[-1,2],[-2,0],[-3,1],[-2,-1],[-2,-1],[-1,-2],[0,-2],[1,-5],[-2,-7],[-3,-11],[-2,-8],[-5,-9],[-5,-10],[-6,-7],[-5,-7],[-10,-12],[-39,-45],[-36,-42],[-54,-61],[-72,-80],[0,-1],[1,-1],[1,0],[1,0],[1,0],[0,1],[0,1],[12,13],[58,65],[2,0],[2,-2],[0,-2],[-1,-4],[0,-3],[1,-7],[4,-2],[0,-4],[-12,-5],[-4,-5],[0,-5],[2,-9],[5,-8],[9,-9],[14,-10],[16,-9],[26,-7],[11,-1],[12,-2],[10,-1],[6,1],[2,2],[9,1],[7,1],[12,-5],[7,-5],[13,-12],[7,-6],[13,-4],[12,-4],[12,-12],[20,-30],[17,-24],[7,-3],[14,-2],[11,-5],[30,-10],[24,-4],[13,-4],[9,-2],[10,1],[8,-1],[8,-8],[10,-16],[0,-7],[0,-10],[-5,-6],[-9,-4],[-29,-9],[-13,-2],[-11,0],[-7,-1],[-4,-3],[-1,-5],[1,-3],[5,-4],[13,-4],[10,-8],[7,-9],[1,-8],[1,-6],[6,-3],[6,-1],[6,5],[9,10],[16,17],[5,9],[4,8],[6,16],[2,7],[-2,5],[-4,2],[-6,-1],[-2,1],[-1,3],[1,5],[3,3],[13,6],[11,6],[16,4],[12,1],[12,1],[3,0],[3,2],[7,0]],[[40603,93392],[25,17],[10,6]],[[38027,95022],[-4,-2],[-12,-7],[-3,-3],[1,-3],[1,0],[3,0],[9,1],[11,2],[7,3],[1,3],[0,3],[-6,3],[-5,1],[-3,-1]],[[14652,90202],[71,28],[87,13],[80,2],[111,-4],[245,14],[48,-33],[45,-45],[32,-9],[129,78],[94,50],[31,-2],[16,-6],[21,-27],[19,-20],[12,-10],[34,-25],[19,-4],[24,4],[20,-6],[27,-19],[25,-7],[26,-18],[5,-7],[5,-16],[14,-47],[9,-7],[18,-5],[15,-12],[27,2],[16,-13],[3,0],[21,3],[20,-11],[35,1],[21,0],[8,2],[11,-10],[9,-13],[-21,-32],[-1,-6],[-1,-6],[-1,-6],[16,-22],[7,-12],[8,-10],[17,-23],[20,-12],[15,-15],[12,-8],[19,-2],[15,-9],[-3,-6],[-15,-30],[6,-25],[-7,-19],[-3,-11],[0,-25],[7,-13],[-13,-15],[-13,-6],[-6,-10],[0,-3],[10,-13],[7,-14],[13,-11],[19,-10],[1,-1],[-1,-22],[10,-17],[2,14],[13,25],[-11,15],[-5,17],[13,11],[27,3],[12,-5],[12,-17],[8,-14],[12,-15],[25,-19],[25,-6],[16,-2],[7,-3],[6,-5],[4,-36],[10,-4],[19,11],[16,-3],[13,1],[14,11],[38,-3],[2,-12],[-6,-23],[22,-9],[-1,-11],[-7,-17],[8,-5],[17,-4],[6,-17],[7,-6],[-18,-17],[-8,-14],[16,-8],[21,-1],[0,-8],[-13,-13],[-17,-8],[6,-7],[17,-7],[12,-7],[14,-6],[17,0],[8,1],[11,-8],[-1,-7]],[[18428,89874],[-21,39],[-127,51],[-40,13],[-17,37],[20,60],[-3,30],[-19,30],[-56,31],[-100,40]],[[18065,90205],[-9,2],[-16,16],[-135,104],[-62,60],[-121,102],[-69,36],[-29,31],[-13,11],[-32,4],[-28,13],[-12,18],[-35,-3],[-24,13],[-35,26],[-10,13],[-20,19],[-62,19],[-51,38],[-31,32],[4,16],[34,9],[-12,13],[-7,9],[12,19],[-15,19],[-10,6],[11,7],[-3,23],[-19,30],[-24,64],[-9,18],[-36,19],[-40,9],[-27,14],[-9,8],[-16,10],[-15,-2],[-15,8],[-9,64],[-16,5],[-11,-8],[0,-37],[-3,-11],[-12,-4],[-25,1],[-59,20],[-21,1],[-20,-1],[-13,-5],[-28,-17],[-15,0],[-33,22],[-19,3],[-28,-13],[-34,10],[-14,-1],[-21,-9],[-14,7],[-33,4],[-47,-1],[-25,-2],[-15,-2],[-24,0],[-18,6],[-18,0],[-25,-1],[-67,-17],[-117,0],[-21,8],[-48,177],[-18,23],[4,31],[5,11],[0,12],[4,6],[3,31],[-3,19],[-10,5],[-8,13],[5,22],[-7,14],[-1,14],[-5,25],[-5,13],[-12,8],[4,9],[-13,8],[4,8],[-10,5],[-7,6],[-15,2],[-10,9],[-9,8],[-9,3],[-10,8],[-2,13],[-13,17],[-18,16],[2,16],[-8,22],[-17,12],[-4,19],[-34,27],[-37,23],[-13,7],[-15,13],[-7,15],[-17,31],[-12,10],[-18,22],[-23,43],[-14,28],[16,20]],[[15865,91924],[-161,109],[-98,78],[-18,71]],[[15588,92182],[-26,-14],[-195,-95],[-141,35],[-167,58],[-42,38],[-59,81],[-44,-26],[-132,-111],[-150,-88],[-187,15],[-132,159],[-260,109],[-136,125],[-93,220],[-250,-28],[-63,17],[-93,-11],[-113,-34],[-68,-29],[-24,-10],[-24,-40],[-36,-9],[-53,-1],[-46,-39],[-12,-17],[-22,-10],[-24,-38],[-25,7],[-9,-2],[-11,1]],[[12951,92445],[-63,-19],[-22,-18],[-23,-31],[-29,-50],[-3,-41],[6,-24],[-97,-25],[-56,-36],[-70,-68],[-14,-48],[-52,-20],[28,-19],[11,-18],[-20,-10],[-39,-6],[-33,-11],[24,-3],[121,-58],[108,-90],[45,31],[39,3],[-1,-30],[-17,-52],[-4,-42],[29,-37],[16,-174],[40,-122],[3,-45],[-4,-98],[11,-41],[-15,-74],[-31,-51],[-33,-24],[-44,-26],[-55,-23],[-93,-27]],[[12614,91018],[44,-54],[26,-63],[9,-28],[-7,-42],[-36,-74],[-6,-69],[51,-1],[21,3],[55,-10],[43,-16],[34,56],[9,51],[0,60],[6,40],[12,49],[5,16],[-2,17],[4,17],[11,14],[110,13],[96,16],[67,1],[80,-14],[27,-6],[73,-17],[93,-11],[197,-2],[111,5],[77,-103],[60,-103],[18,-42],[69,-12],[306,5],[68,-63],[76,-77],[7,-20],[-20,-49],[-21,-14],[-6,-45],[6,-50],[38,31],[27,-15],[30,-22],[32,-17],[27,-15],[15,-25],[15,-38],[14,-16],[67,-77]],[[20507,88986],[7,5],[7,3],[50,20],[49,12],[49,22],[38,28],[24,28],[-51,20],[-26,24],[-43,34],[-58,21],[-33,11],[-51,30],[-11,9],[-16,7],[-12,15],[-21,11],[-32,28],[-19,23],[32,17],[71,27],[54,16],[22,15],[38,21],[16,9],[4,6],[-2,9],[-1,12],[-6,21],[-14,16],[-1,3],[10,1],[10,3],[28,15],[-73,28],[-38,14],[-60,41],[-94,70],[-15,42],[35,4],[177,112],[71,-24],[16,-1],[36,1],[15,-1],[29,15],[29,-1],[11,3],[123,-4],[32,-4],[29,-19],[39,-13],[47,-26],[26,-11],[38,-12],[24,-4],[17,-3],[-11,-13],[-5,-11],[-14,-9],[-8,-16],[5,-14],[21,2],[24,2]],[[21145,89676],[12,-4],[6,-6],[10,-26],[18,-44],[-37,-11],[-5,-6],[-9,-8],[-3,-8],[3,-14],[5,-7],[7,-6],[18,-18],[15,-13],[12,-9],[22,-10],[9,-6],[11,-5],[14,-7],[31,-12],[27,-20],[28,-28],[33,-31],[32,-39],[52,-53],[18,-14],[14,-21],[34,-28],[11,-12],[6,-10],[21,-10],[10,-11],[7,-14],[25,-20],[38,-59],[14,-12],[41,-28],[22,-30],[45,-34],[122,-116],[-17,-11]],[[11279,95334],[-26,-42],[-9,-26],[-6,-18],[-2,-46],[7,-10],[10,-12],[2,-13],[-22,-33],[-13,-20],[-15,-14],[-7,-5],[-6,-1],[-6,3],[-6,5],[-1,0],[-1,-1],[1,-8],[9,-15],[1,-5],[-2,-6],[-16,-13],[-3,-8],[-6,-14],[-1,-9],[2,-12],[11,-18],[3,-17],[-3,-20],[-17,-44],[-14,-34],[-9,-46],[4,-33],[-5,-25],[-40,-90],[-27,-49],[-26,-56],[-4,-16],[0,-10],[7,-11],[5,-21],[-4,-39],[-1,-11],[-3,-10],[-6,-15],[1,-12],[-5,-11],[-11,-14],[-21,-17],[-30,-23],[-84,-55],[-4,-6],[-2,-9],[-5,-17],[-16,-30],[-11,-16],[-3,-15],[-4,-39],[-7,-16],[-7,-7],[-57,-43],[-35,-26],[-16,-11],[-15,-9],[-24,-17],[-9,-6],[-23,-14],[-53,-32],[-20,-13],[-42,-25],[-60,-36],[-90,-45],[-59,-29],[-92,-44],[-50,-21],[-126,-47],[-75,-22],[-17,-5],[-32,-9],[-108,-34],[-108,-28],[-146,-31],[-104,-21],[-47,-6],[-29,-6],[-48,-9],[-59,-8],[-61,-6],[-30,-3],[-30,-5],[-15,-1],[3,-15],[652,-659],[-13,-112],[-71,-123],[-290,-216],[-9,-127],[-362,-391],[-46,-111],[-2,0],[-130,-272],[15,-131],[0,-60],[19,-133],[35,-45]],[[8946,91152],[58,2],[101,11],[649,271],[50,9],[254,8],[68,6],[43,9],[112,8],[120,-7],[24,7],[80,-1],[23,5],[48,1],[23,-7],[-46,-71],[22,-39],[25,-12],[36,15],[4,15],[-21,15],[6,18],[51,15],[84,26],[9,6],[21,16],[46,-7],[34,5],[39,-6],[42,-10],[77,3],[57,10],[137,32],[43,24],[13,-1],[4,14],[15,7],[17,17],[20,19],[3,-5],[-8,-20],[-10,-23],[21,-1],[38,-6],[23,-16],[14,-14],[-13,-20],[11,-12],[51,-14],[50,-8],[-5,-14],[26,-20],[7,-31],[24,-18],[-15,-30],[9,-4],[17,22],[34,-60],[-14,-31],[-2,-33],[20,-1],[52,15],[104,23],[43,16],[78,-26],[78,-23],[57,-35],[58,-43],[58,-34],[2,-38],[16,-28],[48,-6],[17,-15],[80,-8],[64,0],[81,29],[58,19],[36,4],[29,-8],[40,-50]],[[12951,92445],[-11,51],[-18,24],[-224,114],[-73,34],[-75,72],[-3,17],[-22,42],[37,66],[80,111],[12,66],[8,10],[-19,-4],[6,18],[-8,23],[-40,32],[-37,18],[-13,6],[-19,1],[31,26],[-25,35],[20,50],[-49,73],[-17,46],[5,85],[30,74],[11,114],[11,7]],[[12549,93656],[-55,17],[-6,73],[-43,23],[-19,34],[-88,52],[-12,-45],[-37,-36],[-38,-16],[-70,-4],[-70,5],[-33,-12],[-3,-27],[-58,2],[-69,37],[-80,59],[-45,46],[-70,104],[37,34],[3,21],[27,2],[20,35],[-12,64],[7,17],[-10,58],[65,101],[-56,107],[-92,121],[34,46],[118,74],[1,30],[-28,86],[-21,38],[0,32],[-36,54],[-41,30],[-44,41],[-9,29],[-5,34],[2,50],[-73,71],[-24,32],[-7,36],[4,23],[-21,11],[-24,4],[-18,12],[-11,3],[-12,-2],[-30,10],[-30,1],[-21,7],[-17,-2],[-17,10],[-12,-1],[-8,12],[-41,16],[-25,3],[-2,15],[-45,1]],[[12549,93656],[10,-39],[28,-19],[82,-33],[21,-25],[49,-4],[35,8],[21,17],[25,7],[58,2],[123,25],[63,24],[23,7],[36,14],[9,19],[9,8],[80,10],[31,9],[37,19],[30,36],[30,8],[12,8],[43,21],[8,19],[-8,13],[-25,7],[-9,10],[24,16],[-5,8],[-24,9],[-45,17],[4,35],[-37,19],[-19,2],[-31,-6],[-10,7],[-13,33],[-20,5],[-4,28],[11,34],[12,20],[-1,24],[-27,31],[4,10],[41,19],[58,0],[27,-13],[42,-4],[100,2],[49,-16],[24,-11],[24,-4],[22,11],[127,-14],[321,-90],[216,-52],[20,12],[34,42],[35,19],[49,11],[48,7],[50,12],[9,9],[19,27],[-22,88],[10,64],[12,37],[-6,10],[-1,17],[12,12],[-6,27],[7,18],[1,20],[-25,36],[-6,37],[1,37],[6,52],[-66,67],[1,32],[-14,22],[-16,12],[2,6],[-1,17],[-14,16],[-2,18],[15,38],[38,-33],[17,-6],[20,-6],[72,-1],[55,8],[46,39],[152,49],[56,57],[-65,60],[79,66],[54,3],[53,15],[44,26],[33,21]],[[15046,95067],[-46,5],[-74,23],[-55,20],[-33,15],[-55,27],[-49,24],[-14,6],[-13,9],[-12,10],[-6,2],[-4,1],[-10,1],[-12,3],[-14,5],[-17,7],[-35,17],[-31,16],[-43,20],[-32,13],[-32,13],[-45,22],[-9,3],[-5,1],[-9,1],[-15,3],[-22,10],[-30,17],[-41,20],[-70,43],[-75,38],[-32,22],[-26,20],[-4,9],[0,7],[4,12],[0,16],[-6,19],[-10,14],[-7,7],[-7,2],[-19,1],[-21,4],[-20,8],[-16,10],[-17,18],[-6,8],[-7,4],[-7,2],[-9,3],[-4,3],[-1,5],[0,9],[-2,2],[-9,4],[-11,3],[-4,3],[-2,3],[2,14],[-4,18],[-5,26],[-8,17],[-18,35],[0,7],[5,8],[11,8],[3,9],[-2,6],[-9,4],[-31,12],[-30,15],[-12,1],[-8,-1],[-5,-3],[-6,-18],[-5,-3],[-11,-1],[-4,0],[-3,1],[-5,13],[-9,6],[-12,3],[-15,-1],[-22,-7],[-47,-19],[-16,-12],[-16,-11],[-4,-2],[-4,-1],[-10,1],[-9,2],[-23,7],[-49,11],[-41,7],[-23,0],[-12,-1],[-16,2],[-14,5],[-9,1],[-7,1],[-14,4],[-9,5],[-11,10],[-9,9],[-5,3],[-6,1],[-21,-1],[-16,-1],[-17,5],[-23,10],[-21,11],[-4,1],[-4,-1],[-17,-4],[-20,2],[-6,3],[-9,3],[-9,-1],[-12,-3],[-24,-5],[-44,-13],[-18,0],[-16,2],[-16,5],[-18,7],[-34,10],[-15,9],[-16,7],[-22,8],[-13,2],[-14,0],[-34,-10],[-20,-1],[-20,1],[-19,-1],[-17,-5],[-27,-19],[-42,-23],[-31,-14],[-16,-7],[-15,-11],[-4,-6],[-5,-13],[-11,-13],[-13,-6],[-29,-4],[-36,0],[-30,2],[-13,9],[-9,11],[-6,18],[-11,22],[-14,10],[-12,0],[-22,-8],[-9,-6],[-14,-14],[-16,-6],[-30,-3],[-12,-2],[-32,-14],[-25,-10],[-27,-4],[-25,0],[-25,-3],[-21,-8],[-14,-7],[-46,-10],[-17,-6],[-14,-6],[-11,-11],[-6,-8],[-18,-7],[-15,-3],[-24,1],[-25,-2],[-14,-7],[-7,-10],[-22,-30],[-13,-20],[-7,-12],[-3,-3],[-5,-2],[-8,-2],[-10,-6],[-28,-26],[-13,-12],[-29,-16],[-30,-7],[-33,-9],[-12,-6],[-15,-9],[-29,-9],[-27,-7],[-15,-1],[-13,2],[-16,0],[-12,-2],[-21,-5],[-11,1],[-8,3],[-18,6],[-12,1],[-11,-1],[-17,-5],[-9,2],[-3,3],[0,4],[4,9],[0,5],[-3,3],[-11,1],[-11,-3],[-17,-8],[-7,-5],[-4,-6],[1,-18],[0,-10],[-7,-9],[-13,-4],[-22,3],[-24,-4],[-13,-8],[-9,-11],[-9,-15],[-6,-22],[-14,-26],[-9,-5],[-12,-4],[-5,2],[-3,1],[-1,2],[-1,4],[-1,1],[-1,1],[-2,-1],[0,-7],[1,-4],[0,-5],[-2,-3],[-2,-3],[-9,-6],[-20,-15],[-20,-19],[-19,-19],[-6,-4]],[[17607,94140],[6,-53],[-28,-58],[-78,-38],[-155,-16],[-331,-139],[-664,-302],[-242,-143],[-117,-93],[-125,-93],[-28,-104],[7,-57],[11,-46],[-40,-27],[-29,-51],[-9,-74],[24,-133],[151,-223],[-60,-83],[-175,-144],[-137,-81]],[[15046,95067],[10,-4],[4,-2],[12,-6],[18,-8],[9,-2],[10,-5],[48,-25],[100,-61],[40,-23],[57,-33],[45,-21],[42,-23],[26,-11],[17,-4],[28,0],[22,-2],[32,-8],[16,0],[12,-3],[21,-15],[20,-8],[12,-4],[11,-18],[9,-14],[13,-6],[22,-9],[13,-4],[22,2],[18,-1],[11,-8],[3,-7],[-6,-9],[-3,-13],[2,-13],[17,-14],[31,-17],[31,-18],[49,-20],[76,-33],[36,-13],[25,-10],[31,-15],[39,-13],[36,-17],[67,-31],[85,-40],[65,-33],[75,-37],[67,-30],[64,-29],[90,-35],[25,-7],[92,-32],[129,-38],[64,-19],[2,0],[158,-44],[136,-35],[76,-20],[53,-7],[34,-3],[29,3],[42,10],[55,17],[40,16],[26,5]],[[18311,93494],[-27,32],[-64,40],[16,100],[-5,151],[61,153],[63,74]],[[18355,94044],[32,-8],[25,-8],[20,-10],[25,-9],[28,-14],[22,-6],[16,-6],[13,-11],[27,-12],[60,-26],[127,-48],[87,-27],[66,-21],[34,-12],[41,-15],[16,-5],[37,-13],[44,-15],[46,-13],[29,-9],[29,-13],[59,-22],[48,-13],[63,-18],[1,0],[51,-12],[40,-14],[68,-19],[94,-24],[184,-45],[49,-11],[81,-16],[31,-2],[40,5],[33,4],[25,-1],[27,-3],[68,-13],[67,-19],[65,3],[11,0],[24,-2],[56,-2],[44,7],[156,36],[34,9],[37,12],[99,30],[77,22],[52,11],[42,5],[24,1],[14,-3],[13,0],[21,3],[19,9],[12,4],[12,2],[19,3],[13,3],[7,6],[0,10],[-7,13],[3,10],[7,8],[14,7],[7,-1],[8,-11],[1,-9],[7,-3],[11,4],[13,18],[5,5],[6,0],[4,-3],[3,-4],[1,-9],[1,-9],[2,-12],[6,-10],[8,-3],[6,0],[22,3],[21,3],[8,-2],[8,-3],[12,-17],[8,-37],[4,-14],[-18,-14],[14,-1],[0,-3],[-10,-7],[0,-7],[4,-6],[9,-3],[9,0],[6,4],[1,4],[2,1],[6,0],[12,-7],[4,-5],[-1,-4],[-3,-5],[-7,-4],[-5,-2],[5,-5],[2,0],[0,2],[0,3],[3,2],[3,1],[4,0],[5,0],[3,-1],[0,-3],[-1,-1],[-4,0],[-2,-3],[-6,-4],[6,-4],[2,0],[3,0],[6,-2],[7,-2],[1,0],[3,7],[1,4],[-3,11],[1,0],[2,1],[3,0],[2,-4],[2,-10],[-2,-5],[-6,-7],[-4,-9],[0,-2],[7,-4],[4,-2],[23,-15],[26,-11],[25,-7],[28,-4],[36,-1],[34,0],[21,-6],[35,-14],[31,-12],[39,-10],[59,-14],[248,-61],[54,-8],[61,-2],[98,2],[58,-11],[27,-4],[35,4],[33,8],[78,3],[93,1],[108,3],[61,-7],[43,-10],[20,-5],[15,-10],[5,-6],[12,-5],[7,0],[9,1],[16,10],[8,2],[8,0],[15,-8],[11,-11],[15,-6],[37,1]],[[22850,93304],[-40,-154],[58,-179],[-23,-118],[33,-135],[93,-155],[183,-112],[-52,-76],[-331,-155],[52,-118]],[[22823,92102],[-377,-52],[-1077,-58],[-247,-21],[-136,-2],[-171,-5]],[[20815,91964],[-53,41],[-76,24],[-76,6],[-90,-18],[-108,-40],[-58,-25],[3,97],[-16,33],[-2,47],[25,26],[24,41],[20,19],[10,30],[0,40],[23,19],[-2,22],[-17,24],[-1,25],[19,28],[6,17],[-6,10],[-22,15],[-20,14],[-20,16],[48,34],[9,29],[35,30],[11,25],[33,17],[9,15],[4,14],[16,13],[29,6],[42,25],[22,17],[-58,-5],[-58,7],[-203,-1],[-3,29],[12,14],[-2,37],[-19,19],[-3,14],[10,10],[9,20],[-16,47],[0,15],[38,59],[36,4],[13,14],[13,-5],[16,24],[7,42],[30,34],[25,5],[84,0],[16,14],[7,30],[19,16],[23,2],[15,-9],[20,8],[1,15],[23,-2],[37,15],[25,-3],[43,34],[52,33],[12,21],[-5,17],[-36,58],[-218,12],[-167,14],[-183,21],[-174,9],[6,-57],[10,-30],[-3,-42],[-8,-20],[-27,-12],[-16,-15],[-19,-29],[-8,-33],[10,-84],[-26,-83],[-8,-15],[-38,-86],[-3,-115],[-19,-27],[-37,-2],[-184,-26],[-154,-10],[-81,-8],[-95,1],[-44,-4],[-189,-11],[-56,5],[-19,6],[-11,12],[-20,4],[-74,28]],[[18964,92735],[-9,22],[-32,26],[-45,13],[-29,23],[1,10],[-21,12],[4,18],[-8,10],[-8,6],[-20,25],[-1,8],[8,10],[-13,26],[8,11],[-12,7],[-2,22],[-37,15],[3,12],[-34,15],[-16,-3],[-15,12],[-29,3],[-4,8],[-11,0],[-11,-6],[-10,-7],[-13,8],[-14,-3],[-5,9],[-12,-8],[-6,10],[-13,-1],[-12,7],[-37,-6],[-5,10],[-21,4],[4,22],[-11,7],[-9,15],[-28,25],[-19,44],[24,5],[-10,12],[-17,-3],[-7,20],[-15,8],[-15,-4],[6,20],[-22,18],[-9,32],[20,19],[-16,1],[-4,26],[-25,19],[23,25],[-1,16],[13,0],[-1,22],[-35,35],[0,24],[-18,23]],[[27027,90708],[-9,41],[-4,111],[37,161],[-54,303],[-184,248],[-238,75],[-114,22],[-9,37],[-32,13],[-31,-2],[-35,9],[-36,0],[-2,28],[-11,23],[-51,-5],[-17,14],[-19,27],[-21,-9],[-24,17],[-11,27],[8,32],[-30,-4],[-3,8],[19,12],[-10,13],[3,19],[-74,546],[-123,204],[161,145],[-84,250],[-210,17],[-23,114],[-210,144],[-80,102]],[[25506,93450],[-38,-23],[-103,-63],[-82,-46],[-32,-12],[-34,-12],[-17,-8],[-11,-5],[-46,-18],[-38,-17],[-29,-9],[-13,-1],[-33,-9],[-52,-12],[-5,-4],[-11,-2],[-2,3],[-3,-7],[-12,-4],[-3,1],[-2,0],[-1,-3],[-36,-10],[-21,-8],[-15,-8],[-14,-3],[-2,3],[-3,-4],[-3,2],[-3,6],[-11,-3],[-2,5],[-10,-2],[-4,5],[-8,6],[-13,-2],[-10,-2],[0,4],[-6,0],[-4,-11],[-17,-5],[-19,-4],[-3,5],[-4,1],[-2,-7],[-11,0],[1,3],[-8,2],[-11,-6],[-4,4],[-19,-5],[-21,8],[-18,-9],[-19,8],[-13,0],[-3,1],[-1,-4],[-5,1],[0,3],[-3,2],[-9,-2],[-9,-5],[-14,8],[-9,-2],[0,-3],[-3,1],[-4,-1],[-11,-1],[-11,4],[-6,-2],[-7,0],[-14,3],[-2,-2],[-4,2],[-6,-2],[0,-3],[-4,-2],[-13,-1],[-21,-2],[-34,-1],[-16,4],[-8,9],[-3,4],[-4,8],[-2,1],[-3,0],[-4,-2],[-9,0],[-4,2],[-2,2],[-5,2],[-4,0],[-6,-2],[-8,-1],[-18,-1],[-8,3],[-9,9],[-9,9],[-7,8],[-5,1],[-9,-2],[-7,-2],[-1,-2],[1,-6],[0,-2],[-2,-3],[-3,-1],[-4,0],[-25,20],[-16,-6],[-7,12],[-8,6],[-24,9],[-36,4],[-23,14],[-20,0],[-20,-9],[-31,-1],[-17,-3],[-5,15],[-21,-3],[1,-10],[-15,12],[-20,8],[-22,-1],[-39,-4],[-6,12],[-103,5],[-33,2],[-36,-5],[-26,-9],[-26,-14],[-16,5],[-17,2],[-47,8],[-41,-1],[-28,1],[-20,4],[-12,2],[-9,-1],[-31,-8],[-21,-6],[-26,1],[-16,3],[-31,4],[-36,-1],[-48,-7],[-37,0],[-20,3],[-57,9],[-28,2],[-22,5],[-45,19],[-16,5],[-16,4],[-28,1],[-37,-1],[-25,-3],[-23,-2],[-15,4],[-21,4],[-9,-1],[-6,-3],[-9,-2],[-13,-2]],[[22823,92102],[1298,-726],[21,-5],[39,5],[42,-7],[36,-19],[39,-2],[63,-3],[35,-13],[50,-19],[42,-13],[7,-26],[36,-13],[11,-23],[28,-23],[38,-11],[25,-28],[27,-19],[82,-9],[8,-10],[19,-29],[37,-14],[37,0],[34,-9],[3,-31],[18,-21],[20,-2],[-4,-28],[38,2],[8,-12],[21,-1],[15,-19],[19,-16],[25,-2],[11,-5],[3,-12],[39,-41],[20,-22],[2,-19],[-2,-16],[22,-16],[-3,-15],[1,-35],[5,-23],[24,-28],[81,-64],[69,-56],[66,-43],[75,-40],[169,-73],[7,0],[12,1],[23,-2],[12,0],[9,1],[9,9],[4,10],[9,4],[18,4],[28,11],[11,6],[0,7],[-24,28],[-3,9],[5,10],[9,8],[3,25],[18,9],[18,4],[45,5],[14,6],[14,11],[9,3],[14,-4],[6,-14],[5,-18],[8,-8],[10,-6],[44,-14],[30,-14],[14,-2],[7,3],[7,6],[3,12],[6,9],[10,1],[13,-4],[71,-45],[42,-19],[15,-2],[14,4],[18,10],[8,1],[47,-39],[39,-18],[14,-2],[12,3],[57,38],[16,7],[10,1],[13,-2],[24,-26],[14,-3],[18,3],[60,26],[22,2],[33,-3],[13,-10],[21,-26],[10,-6],[15,0],[23,12],[30,18],[42,26],[14,3],[17,-1],[11,-6],[18,-16],[19,-7],[16,-1],[25,1],[20,8],[16,13],[8,11],[16,16],[14,7],[17,2],[12,2],[10,3],[6,12],[17,56],[7,15],[6,9],[9,5],[22,8],[6,5],[-7,9],[-15,9],[-9,15],[2,16]],[[14652,90202],[-43,-18],[-56,-12],[-56,21],[-40,4],[-12,-16],[7,-38],[-2,-20],[-19,-24],[3,-37],[-19,-11],[3,-12],[-25,-7],[-12,-21],[14,-21],[69,-41],[67,-48],[21,-31],[35,-8],[47,-42],[59,-35],[29,-53],[102,-66],[-289,-46],[-141,5],[-60,7],[-33,0],[-25,-13],[-75,-23],[-67,35],[-12,-8],[-18,10],[-79,18],[-41,38],[-57,29],[-2,-50],[12,-29],[15,-83],[2,-101],[-20,-29],[9,-29],[51,-10],[132,9],[228,0],[85,-14],[173,-352],[45,-71],[31,-88],[29,-163],[-125,-54],[-153,-72],[-67,-67],[-61,-76],[-83,-135],[-101,-95],[-23,-40],[-44,18],[-73,0],[-30,-12],[-23,-6],[-27,-18],[-40,-21],[-50,-20],[-83,-21],[-210,-2],[-252,28],[-83,0],[-117,-9],[-102,-27],[-144,-19],[-59,-10],[-145,-44],[-122,-51],[-232,-93],[-509,-228],[-107,-35]],[[9461,89450],[-31,6],[5,28],[17,30],[9,16],[49,29],[66,67],[49,92],[-21,56],[-16,50],[-5,21],[1,28],[-1,25],[2,29],[0,10],[6,25],[-4,39],[1,14],[-10,32],[-10,29],[-10,24],[-10,16],[-10,14],[-15,26],[-16,26],[-33,52],[-13,22],[-8,19],[-13,27],[-59,199],[-22,56],[-13,40],[25,35],[32,20],[-36,33],[-9,24],[0,25],[12,28],[-28,11],[-27,-14],[-55,-6],[-47,-51],[-36,-19],[-42,-45],[-40,-52],[-51,39],[-28,37],[-28,65],[-24,140],[22,89],[27,42],[7,39],[-8,33],[-20,27],[-46,55]],[[21145,89676],[16,3],[33,7],[37,10],[29,13],[21,10],[-47,28],[-18,63],[-28,43],[-86,44],[-4,43],[39,82],[-25,46],[-34,19],[-8,17],[-51,31],[-24,32],[-129,63],[-155,63],[-68,35],[-120,83],[49,39],[-42,27],[106,117],[-9,60],[93,22],[19,31],[-7,87],[2,58],[46,40],[8,16],[-18,20],[134,148],[49,34],[14,24],[64,18],[51,25],[14,-8],[26,11],[19,10],[42,-22],[1,16],[15,6],[46,-6],[19,-24],[21,13],[8,13],[29,16],[36,22],[31,12],[51,8],[32,-1],[20,10]],[[21492,91253],[68,-52],[209,-154],[6,-15],[39,-24],[42,-27],[45,-28],[6,-23],[-35,1],[21,-70],[73,-3],[45,-24],[5,-24],[35,-16],[77,-4],[5,-9],[-40,-24],[27,-25],[5,-20],[-11,-16],[2,-12],[16,-13],[-35,-35],[-13,-39],[-26,-11],[12,-28],[-15,-10],[-10,-31],[44,-28],[12,-17],[-13,-24],[23,-14],[85,9],[29,-20],[16,-59],[64,-87],[20,-13],[50,21],[110,-45],[100,-25],[19,-19],[44,8],[61,-4],[75,-22],[5,-1],[1,-1],[64,-22],[36,-6],[-6,-21],[-31,-18],[-79,-18],[20,-49],[82,-50],[47,-22],[17,-49],[-9,-72],[-30,-89],[10,-76],[-15,-54],[5,-20],[26,-15],[92,-29],[22,-134],[-32,-45],[2,-35],[44,-73],[-7,-72],[24,-6],[17,-9],[19,-15],[4,-9],[3,-17],[-5,-10],[-8,-12],[-8,-10],[0,-8],[8,-7],[13,-4],[21,-4],[39,-10],[45,-4],[25,-7],[32,-9],[21,-3],[22,-2],[41,1],[20,-5],[15,-15],[7,-14],[5,-19],[1,-11],[10,-11],[20,-11],[32,-9],[24,-5],[22,-12],[18,-14],[11,-13],[11,-17],[13,-12],[22,-24],[33,-26],[23,-15],[16,-18],[9,-15],[9,-7],[20,-7],[36,-11],[24,-12],[6,-5],[4,-5],[-3,-6],[-6,-3],[-10,-5],[-4,-6]],[[27027,90708],[5,-8],[19,-11],[10,-5],[8,-5],[17,-14],[23,-20],[10,-11],[10,-12],[115,-135],[4,-4],[17,-21],[15,-17],[7,-8],[6,-8],[4,-6],[2,-5],[1,-6],[1,-9],[1,-4],[2,-3],[2,-4],[6,-6],[15,-16],[30,-38],[15,-20],[7,-10],[8,-12],[5,-9],[4,-5],[7,-5],[12,-8],[8,-5],[18,-17],[8,-8],[8,-5],[9,-4],[10,-3],[13,-1],[11,0],[11,1],[11,-1],[11,-1],[10,-2],[16,-2],[12,-2],[9,-1],[15,0],[35,1],[13,0],[11,-1],[10,-1],[30,-5],[38,-5],[14,-3],[9,-2],[10,-3],[2,-1],[5,-2],[7,-4],[1,0],[6,-5],[6,-6],[3,-6],[5,-10],[9,-21],[5,-15],[8,-24],[18,-56],[9,-48],[5,-36],[7,-25],[19,-49],[9,-25],[9,-23],[12,-27],[7,-13],[2,-3],[2,-3],[3,-5],[4,-8],[1,-2],[2,-7],[1,-4],[14,-29],[6,-16],[3,-7],[1,-2],[2,-4],[0,-3],[0,-3],[2,-6],[0,-4],[1,-6],[1,-8],[1,-6],[2,-5],[1,-4],[2,-4],[3,-5],[2,-4],[3,-4],[1,-2],[3,-4],[7,-7],[31,-24],[57,-46],[42,-33],[14,-13],[6,-6],[7,-9],[13,-8]],[[28157,89493],[-37,-19],[-44,-21],[-60,-29],[-31,-23],[-5,-15],[12,-21],[-2,-11],[-23,-13],[-26,-11],[-58,-1],[-35,0],[-34,-13],[-37,-26],[-30,-34],[-11,-23],[-4,-11],[-4,-17],[-2,-8],[-7,-15],[-17,-12],[-22,-13],[-50,-27],[-38,-2],[-44,-1],[-23,-8],[-18,-21],[-14,-31],[-6,-14]],[[21492,91253],[-22,12],[-9,7],[-58,23],[-301,280],[-91,98],[-34,34],[-17,24],[-45,38],[-60,64],[-38,49],[-18,31],[16,51]],[[18964,92735],[-19,-12],[-4,-14],[32,-20],[-31,-9],[-10,-28],[-7,-17],[7,-27],[-14,-19],[-12,-36],[-1,-13],[-26,-32],[9,-9],[-14,-14],[-2,-11],[13,-19],[-6,-13],[-19,11],[-13,-8],[-1,-10],[16,-13],[-10,-14],[3,-20],[-28,2],[-5,-26],[12,-23],[13,-16],[-21,-20],[2,-28],[16,-6],[14,-21],[31,-30],[21,-28],[15,-16],[6,-16],[25,-15],[41,-6],[-339,-89],[-22,-14],[-36,-40],[-102,-117],[-19,-30],[-58,-215],[-47,-111],[-44,-128],[-104,-225],[-61,-151],[-11,-59],[-15,-72],[8,-143],[-23,-17],[-10,-2],[-13,-10],[4,-11],[20,-19],[-9,-33],[1,-29],[-29,-20],[18,-21],[-16,-30],[5,-26],[19,-3],[45,0],[17,-1],[27,-6],[52,-37],[90,-52],[15,-10],[0,-17],[-7,-18],[-25,0],[-56,18],[-35,0],[-53,-9],[-16,-37],[-36,5],[-20,-49],[-20,-42],[-27,-64]],[[15865,91924],[61,-5],[18,-30],[53,3],[42,-12],[21,-11],[16,-44],[16,-20],[48,-16],[31,1],[-1,10],[19,14],[107,58],[46,48],[78,40],[56,20],[22,19],[13,0],[74,22],[229,67],[114,81],[106,88],[34,44],[65,27],[57,108],[37,114],[70,48],[60,33],[14,4],[43,-3],[209,19],[26,-3],[58,3],[28,11],[150,26],[79,35],[44,28],[40,34],[102,99],[9,19],[5,19],[5,96],[-6,53],[-18,23],[3,16],[64,51],[23,34],[-20,205],[28,43],[68,51]],[[18355,94044],[-19,3],[-15,3],[-18,-1],[-23,-2],[-30,0],[-27,2],[-26,7],[-25,8],[-36,7],[-37,10],[-38,8],[-34,3],[-38,1],[-40,-1],[-23,0],[-22,4],[-52,9],[-86,18],[-22,6],[-27,4],[-65,10],[-28,-2],[-17,-1]],[[25506,93450],[16,9],[29,22],[27,15],[32,20],[11,10],[-8,6],[5,9],[-5,7],[10,9],[7,13],[4,-3],[15,8],[12,-11],[28,5],[29,12],[23,8],[18,7],[9,10],[2,8],[3,11],[4,2],[2,1],[12,-4],[15,-1],[6,2],[2,3],[3,18],[4,18],[4,3],[5,0],[13,1],[21,3],[15,-1],[6,6],[11,-3],[7,7],[14,11],[11,-4],[10,10],[26,5],[1,4],[-6,3],[6,4],[7,0],[-1,-6],[8,6],[0,-12],[2,-3],[3,5],[7,-3],[9,0],[0,-4],[7,2],[2,6],[2,-3],[1,6],[3,1],[3,4],[3,3],[1,-2],[9,7],[1,4],[8,3],[2,2],[5,-2],[-1,7],[2,0],[0,-3],[5,5],[8,5],[4,-5],[4,4],[6,-1],[3,2],[4,-1],[-2,-3],[3,-2],[6,0],[31,4],[17,-3],[21,-6],[21,2],[25,7],[6,7],[3,9],[1,14],[5,4],[4,0],[5,-2],[0,-10],[12,-2],[7,-1],[21,-2],[16,2],[64,19],[31,9],[39,11],[18,4],[23,1],[30,5],[11,4],[19,2],[28,-3],[16,-5],[21,-1],[33,6],[16,7],[17,6],[9,5],[2,9],[6,6],[27,7],[20,6],[17,3],[14,-4],[23,-11],[15,-7],[21,-3],[9,2],[5,4],[0,4],[6,3],[35,5],[31,5],[18,3],[20,3],[13,8],[11,3],[11,-4],[13,-12],[21,-4],[27,4],[28,4],[18,7],[12,2],[10,-2],[15,0],[25,4],[23,7],[12,6],[26,5],[31,0],[24,3],[27,5],[25,6],[52,20],[29,13],[53,30],[32,14],[29,10],[11,3],[7,5],[1,6],[1,7],[2,3],[4,1],[11,1],[11,3],[22,1],[11,-1],[24,3],[26,11],[20,7],[8,4],[8,5],[2,2],[0,3],[-3,4],[2,3],[4,1],[4,-1],[17,-7],[16,-6],[14,-4],[14,1],[15,5],[14,3],[18,4],[8,3],[7,5],[4,0],[5,-1],[7,-6],[2,-4],[2,-2],[3,-1],[9,-2],[19,1],[22,5],[14,6],[10,3],[14,1],[27,4],[10,3],[13,9],[3,4],[0,4],[-5,9],[1,1],[3,1],[5,-1],[4,1],[2,2],[-4,7],[-5,14],[0,18],[2,11],[7,5],[16,3],[13,12],[23,7],[72,-1],[2,-5],[-3,-2],[-4,1],[-8,0],[-55,1],[-8,0],[-3,-31],[46,0],[0,15],[9,-1],[0,-2],[2,-15],[14,-3],[30,5],[5,1],[4,4],[3,3],[2,0],[2,0],[4,-8],[5,-2],[15,-2],[28,2],[12,2],[7,3],[5,1],[4,-1],[3,-6],[5,-3],[8,-4],[9,-3],[16,-2],[23,0],[23,5],[8,3],[8,4],[9,4],[9,1],[9,-2],[12,0],[12,2],[15,5],[9,4],[53,25],[24,10],[13,7],[1,4],[3,3],[9,4],[12,1],[13,0],[11,2],[8,4],[11,10],[9,17],[7,20],[9,4],[21,1],[14,2],[12,4],[0,7],[2,2],[4,0],[10,-2],[8,0],[4,2],[-1,6],[1,4],[7,6],[22,4],[6,-1],[1,-5],[-2,-4],[2,-4],[6,-5],[10,1],[7,4],[13,3],[6,2],[5,0],[7,-4],[4,-2],[3,0],[3,1],[3,4],[6,5],[6,2],[7,-1],[12,-5],[12,-1],[2,2],[5,3],[5,0],[3,-2],[2,-6],[6,-4],[8,-1],[7,1],[7,3],[0,9],[2,8],[5,1],[5,-2],[-1,-4],[3,-10],[5,-6],[9,-1],[7,3],[7,6],[2,3],[2,1],[2,-1],[2,-1],[-2,-3],[-2,-5],[0,-4],[2,-3],[10,-11],[0,-6],[0,-8],[-9,-7],[-1,-4],[3,-5],[3,-2],[5,0],[1,0],[1,-2],[-2,-4],[-2,-6],[-1,-4],[3,-2],[5,-1],[5,3],[5,-1],[4,-7],[6,-8],[7,-10],[11,-6],[16,-4],[21,0],[32,-1],[35,2],[42,8],[29,4],[40,10],[47,15],[32,13],[29,8],[12,5],[14,10],[17,6],[4,10],[4,1],[19,3]],[[29332,94277],[1,-9],[3,-7],[6,-4],[25,-9],[19,-9],[14,-14],[22,-35],[11,-22],[9,-19],[3,-17],[44,-32],[11,-16],[12,-18],[8,-8],[9,-5],[41,-21],[20,-13],[56,-40],[23,-11],[11,-9],[17,-20],[12,-8],[17,-7],[18,-1],[61,-1],[53,-4],[35,-8],[25,-13],[16,-11],[18,-8],[47,-22],[96,-31],[32,-12],[24,-16],[39,-32],[11,-18],[5,-43],[-19,-43],[-13,-19],[-16,-14],[-54,-58],[-69,-48],[-45,-27],[-13,-9],[0,-9],[9,-13],[27,-30],[-1,-12],[-3,-11],[8,-14],[56,-96],[9,-7],[13,-9],[32,-5],[36,-14],[15,-19],[5,-16],[2,-12],[-5,-13],[-13,-22],[-4,-14],[-13,-49],[2,-12],[7,-18],[8,-19],[5,-13],[0,-21]],[[30172,93038],[-153,-40],[-186,-55],[-441,-97],[-10,-200],[-83,-103],[-94,-134],[-58,-154],[-71,-123],[96,-330],[-450,-355],[-112,-260],[-98,-50],[-8,-85],[19,-206],[-219,-23],[47,-330],[23,-211],[188,30],[57,-112],[137,-221],[169,-216]],[[28925,89763],[-23,-5],[-38,-14],[-41,-21],[-65,-15],[-49,-14],[-55,-32],[-50,-11],[-60,-36],[-34,-20],[-32,-35],[-21,-28],[-55,-24],[-53,-6],[-52,6],[-46,10],[-37,-3],[-42,-12],[-15,-10]],[[38830,92122],[-357,-194],[-217,-98],[-118,-132],[-63,-175],[-129,35],[-44,-50],[-118,370],[-139,-22],[-46,131],[-25,-17],[-214,33],[-71,93],[59,104],[-47,38]],[[37301,92238],[79,43],[38,21],[27,95],[-7,-1],[-4,-2],[-4,-1],[-2,-4],[-2,-3],[-11,-7],[-5,-2],[-7,-1],[-6,0],[-8,1],[-11,4],[-16,8],[-9,5],[-8,5],[-13,8],[-5,2],[-4,1],[-5,1],[-5,0],[-5,0],[-5,1],[-4,2],[-4,1],[-3,2],[-4,2],[-5,4],[-5,3],[-6,4],[-8,3],[-5,1],[-2,1],[-5,1],[-3,0],[-2,1],[-2,2],[-5,12],[-12,4],[-21,7],[-8,2],[-9,1],[-9,-1],[-10,-2],[-10,1],[-4,1],[-9,3],[-3,1],[-4,1],[-5,0],[-10,1],[-8,1],[-5,1],[-3,1],[-2,2],[-1,1],[-2,1],[-8,3],[-5,1],[-4,3],[-8,7],[-2,2],[-1,2],[-3,12],[0,2],[-2,1],[-3,1],[-9,5],[-3,1],[-2,1],[-1,1],[0,2],[0,5],[-1,2],[0,1],[-6,7],[-11,8],[-14,8],[-11,6],[-7,5],[-1,3],[-1,3],[0,5],[3,11],[3,4],[4,6],[1,4],[0,2],[2,1],[8,2],[1,2],[0,4],[0,2],[-2,4],[-1,3],[-1,2],[-6,10],[-12,16],[-23,29],[-4,5],[-1,4],[-2,6],[-2,8],[-2,6],[-2,5],[0,4],[2,6],[4,19],[0,7],[0,5],[-1,3],[-4,7],[0,2],[1,2],[4,3],[4,1],[8,3],[7,3],[4,3],[2,2],[2,2],[1,3],[5,13],[2,8],[0,2],[-1,4],[-1,4],[-4,4],[-6,10],[-2,3],[-1,3],[1,3],[0,3],[4,7],[2,5],[3,10],[3,9],[2,3],[4,5],[4,4],[5,4],[4,4],[2,3],[5,6],[5,4],[4,4],[2,2],[2,4],[1,3],[1,5],[1,5],[1,3],[1,3],[0,3],[-1,3],[-2,2],[-3,2],[-4,2],[-6,2],[-5,0],[-4,1],[-3,0],[-3,2],[-3,2],[0,3],[-2,3],[1,3],[1,2],[4,4],[2,2],[2,5],[1,4],[1,4],[-1,3],[-2,4],[-5,9],[-6,9],[-3,6],[-1,3],[-1,2],[-1,3],[1,5],[-1,4],[-1,2],[-1,2],[-1,0],[-3,2],[-2,1],[-2,2],[0,3],[1,4],[2,8],[0,7],[-1,3],[-2,5],[-6,10],[-3,5],[-4,3],[-7,6],[-8,5],[-12,6],[-2,2],[-2,3],[-5,6],[-6,10],[-2,4],[-5,8],[-5,7],[-6,6],[-5,7],[-7,7],[-4,3],[-4,3],[-6,4],[-9,7],[-14,11],[-8,6],[-3,3],[-7,3],[-7,2],[-7,3],[-12,3],[79,120],[128,255],[-157,148],[81,262]],[[38101,94204],[9,-5],[12,0],[6,-2],[4,-1],[4,-2],[4,-2],[9,-3],[9,-6],[10,-6],[7,-8],[8,-9],[16,-22],[13,-13],[7,-14],[3,-6],[3,-15],[1,-2],[0,-2],[3,-3],[5,-3],[4,-5],[6,-2],[7,-4],[6,-6],[11,-7],[8,-5],[19,-9],[14,-7],[6,-3],[6,0],[4,-2],[4,-3],[4,-1],[8,3],[6,2],[6,4],[4,4],[6,3],[14,2],[95,23],[4,0],[66,-23],[9,-3],[4,-1],[18,-6],[8,-2],[9,0],[4,0],[7,1],[-1,-4],[4,-1],[5,-1],[4,-1],[2,0],[5,1],[6,0],[7,2],[3,1],[1,1],[3,1],[2,2],[1,1],[2,1],[2,2],[3,4],[2,5],[3,1],[2,0],[5,1],[3,1],[1,-2],[1,-4],[2,-5],[4,-4],[4,-3],[4,-1],[6,-1],[5,-1],[5,0],[3,-1],[4,-1],[4,-4],[1,-1],[3,-7],[-32,-11],[-1,0],[2,-4],[9,0],[22,-1],[8,0],[5,0],[2,0],[3,-1],[20,-6],[4,-1],[4,-1],[6,-2],[8,-2],[7,-1],[4,0],[4,0],[4,-2],[11,-2],[9,-2],[15,-6],[17,-11],[17,-9],[10,-9],[5,-10],[5,-19],[3,-23],[-1,-21],[-3,-30],[-1,-3],[0,-2],[1,-1],[2,0],[1,-1],[-1,-1],[-2,1],[-1,0],[-4,-9],[-9,-9],[-14,-15],[-5,-5],[-12,-8],[-27,-18],[-22,-11],[-44,-19],[-4,-2],[-3,-2],[-5,-2],[-6,-3],[-4,-1],[-3,0],[-3,0],[-3,2],[-7,4],[-3,2],[-1,-1],[-56,30],[2,2],[-30,16],[-12,7],[-8,6],[-4,3],[-25,17],[-3,2],[-10,7],[-13,9],[-1,2],[-1,2],[-2,1],[-16,9],[-3,1],[-4,0],[-3,0],[-4,1],[-5,-1],[-5,1],[-9,-1],[-8,-2],[-3,-1],[-1,0],[-1,-2],[-1,-27],[2,-13],[1,-1],[1,-14],[6,-38],[0,-1],[1,-8],[0,-1],[5,-27],[0,-1],[-1,0],[-30,-2],[-4,-3],[-3,-4],[-7,-4],[-3,-1],[-3,-3],[-4,-3],[6,-8],[1,-3],[0,-1],[-1,0],[-1,0],[-3,5],[-4,0],[-5,-3],[-4,-3],[-3,-4],[-2,-2],[-2,-4],[1,-2],[1,-2],[4,-1],[4,0],[2,0],[-1,-1],[0,-1],[-4,0],[-5,1],[-7,2],[-4,1],[-4,0],[-7,-2],[-6,-1],[-8,-1],[-7,0],[-9,-1],[-4,-1],[-1,-3],[7,-6],[0,-1],[-1,0],[-1,0],[-5,4],[-10,-2],[-4,1],[-6,2],[-6,2],[-5,-1],[-5,-1],[-5,1],[-9,0],[-7,-1],[-7,-1],[-7,-3],[-4,-4],[-2,-6],[-3,-1],[-7,-2],[-6,-3],[-4,-6],[-5,-5],[-6,-2],[-3,-3],[2,-3],[3,-3],[6,-6],[0,-9],[-1,-4],[-10,-3],[-18,-9],[-31,-17],[-22,-16],[-11,-4],[-9,-3],[-12,-2],[-20,-3],[-17,-3],[-14,-5],[-10,-7],[-5,0],[-9,-5],[-13,-8],[-11,-7],[-6,0],[-10,0],[-8,0],[-4,-6],[-4,-6],[-2,-5],[0,-7],[-2,-4],[0,-6],[-11,-6],[2,-7],[-1,-7],[10,-3],[9,12],[0,-3],[2,-2],[2,-2],[3,-5],[1,-5],[2,-6],[5,-6],[3,-5],[0,-4],[0,-3],[-3,-6],[-1,-3],[-3,-4],[-5,-2],[-3,-2],[-2,-5],[-2,-2],[-1,-2],[0,-3],[-2,-4],[-1,-3],[0,-3],[-4,-3],[-1,-3],[2,-2],[5,-4],[4,-11],[5,-8],[-1,-5],[1,-1],[7,-5],[4,-4],[3,-9],[5,-6],[3,-6],[4,-14],[3,-11],[30,-7],[2,0],[2,0],[9,-4],[4,-2],[4,-3],[3,-3],[22,-33],[1,0],[0,-1],[-1,0],[0,-1],[-1,0],[-1,0],[-1,0],[0,1],[-23,33],[-2,2],[-4,3],[-3,2],[-45,-14],[52,-87],[1,-1],[1,-1],[0,-1],[-1,0],[0,-1],[-2,-1],[0,1],[-2,-1],[-19,17],[-23,-4],[0,-1],[-1,0],[0,-1],[8,-12],[3,0],[2,1],[4,3],[1,0],[1,0],[0,-1],[-5,-4],[-1,-1],[1,-2],[-9,-14],[-1,0],[57,-70],[2,-2],[0,-3],[-1,-3],[-1,-2],[-3,-2],[-5,-2],[3,-5],[1,-1],[3,-3],[7,-3],[1,0],[35,-43],[2,1],[13,-16],[-2,-1],[18,-23],[4,-3],[3,-1],[1,-1],[9,-5],[5,-3],[8,-5],[4,-3],[3,-4],[1,-4],[6,-6],[1,-1],[5,-3],[6,-2],[7,-5],[7,-3],[6,-5],[0,-3],[-2,-4],[-1,-3],[0,-2],[3,-4],[24,-22],[1,-5],[1,-3],[4,-4],[7,-4],[5,-2],[4,-1],[5,-2],[3,-1],[2,-4],[-4,-4],[-5,-3],[-3,-3],[8,-5],[16,14],[3,0],[3,0],[33,-19],[36,-28],[8,-6],[0,-1],[-2,-1],[-10,-1],[-3,-1],[-3,0],[-3,0],[-8,-2],[-10,-1],[-3,0],[-2,0],[-2,0],[-1,0],[-3,-1],[-1,0],[0,-1],[3,-1],[54,5],[14,-11],[-3,-2],[-6,-1],[-8,5],[-4,-1],[-3,-1],[-4,-3],[-6,-8],[-1,-4],[0,-7],[4,-8],[4,-8],[8,-12],[13,-15],[18,-17],[20,-16],[8,-7],[10,-6],[3,-3],[1,-2],[28,11],[1,0],[1,-1],[-1,0],[-28,-12],[8,-12],[7,-14],[18,-16],[11,-8],[13,-7],[17,-4],[23,-4],[12,2],[7,1],[7,2],[6,2],[-6,15],[-1,1],[-1,0],[0,1],[1,1],[1,0],[1,0],[1,0],[0,-1],[1,0],[0,-1],[7,-15],[4,-10],[4,-7],[2,-2],[2,-3],[0,-2],[-1,-2],[-5,-4],[-10,-7],[-6,-5],[-8,-6],[-13,-10],[-12,-10],[1,0],[9,-6],[10,-5],[2,0],[24,20],[25,21],[8,7],[2,0],[1,0],[11,-6],[4,-3],[6,-5],[6,-6],[3,-5],[2,-2],[0,-2],[-2,0],[-2,1],[-1,1],[-1,1],[-1,1],[-6,7],[-9,8],[-2,1],[-3,0],[-4,-3],[0,-2],[4,-3],[6,-7],[2,-4],[1,-2],[-1,-2],[-4,-6],[0,-2],[7,-7],[5,0],[4,0],[6,-1],[4,-2],[4,-2],[10,-5],[6,-6],[6,-14],[-2,-5],[-7,-5],[-8,-9],[-12,-8],[-4,-5],[-5,-5],[-3,-3],[-3,-1],[-2,0],[-7,3],[-6,1],[-4,-1],[-6,-12],[-3,-7],[-3,-4],[0,-5],[1,-7],[-1,-2],[-3,-6],[-1,-8],[1,-18],[3,-8],[3,-7],[2,-9],[6,-14],[7,-11],[3,-8],[-2,-2],[-8,1],[-4,0],[-21,0],[-15,-2],[-11,-1],[-5,0],[-4,0],[-8,1],[-5,-1],[-5,-2],[-5,-1],[-6,0],[-8,-1],[-10,-3],[0,-2],[13,2],[14,-1],[16,1],[11,0],[13,0],[13,1],[12,1],[11,1],[2,-6],[1,-1],[5,1],[4,2],[3,1],[-1,3],[4,1],[6,-3],[6,-4],[9,-1],[3,-2],[18,-7],[7,-8],[2,-8],[3,-11],[-1,-2],[-8,-2],[3,-3],[-6,-5],[-1,-2],[4,-14],[4,-12],[22,-27],[12,-16],[70,-81]],[[38696,92458],[-3,-1],[-2,1],[-3,2],[-1,0],[-1,-1],[0,-2],[2,-1],[1,-1],[1,-15],[-2,-11],[-2,-7],[-1,-10],[0,-12],[0,-8],[-2,-7],[0,-6],[1,-7],[3,-8],[1,-7],[3,-8],[11,-12],[11,-13],[8,-7],[27,-29],[7,-1],[29,1],[8,8],[5,9],[-14,51],[1,6],[6,13],[7,16],[-7,31],[-7,23],[-19,19],[-3,2],[-65,-8]],[[19585,76374],[-541,-4],[-160,31],[-225,70],[-235,124],[-136,23],[-86,49],[-133,21],[-39,31],[-31,6],[-40,21],[-30,23],[-41,9],[-39,20],[-47,2],[-100,26],[-69,41],[-54,-29],[-28,8],[-75,6],[-32,15],[-21,-74],[-38,-15],[-2,-18],[1,-20],[-29,-52],[-149,98],[-82,67],[-75,98],[-3,91],[-13,30],[-96,9],[-21,15],[-53,44],[-96,19],[-54,103],[-6,90],[11,30],[97,54],[-73,160],[31,31],[40,23],[58,2],[-97,113],[-80,83],[-49,132],[-113,85],[-220,234],[-842,-9],[-341,-205],[-415,-164],[-309,-189],[-63,36],[76,47],[9,36],[36,34],[33,68],[8,29],[46,64],[45,44],[169,99],[147,97],[230,114],[-60,-3],[-99,35],[-276,162]],[[14706,78594],[-42,25],[-22,10],[130,90],[158,48],[158,28],[222,53],[26,10],[-248,128],[-214,128],[44,93],[18,213],[50,462],[-33,292],[24,64],[78,1],[73,9],[132,-28],[220,25],[142,-42],[374,-36],[48,23],[32,-5],[61,25],[22,33],[32,20],[96,13],[24,8],[45,32],[87,-11],[224,62],[73,-1],[23,16],[22,-3],[51,7],[31,17],[63,3],[47,36]],[[18469,81027],[195,-3],[309,11],[69,101],[96,122],[65,80],[96,150],[114,62],[406,122],[219,62],[195,84],[562,104],[35,-1],[25,-3],[14,15],[5,-19],[18,4],[24,21],[28,16],[22,1],[38,14],[22,29],[43,-7],[24,40],[9,32],[24,8],[63,-16],[-7,40],[-10,13],[23,5],[58,2],[17,35],[-8,17],[22,-18],[28,-86],[65,-24],[-4,-47],[1,-21],[57,-18],[76,-47],[278,-54],[181,-37],[423,-116],[42,-68],[61,-58],[7,-40],[103,-61],[83,-23],[68,-49],[-77,-122],[-35,-73],[-87,-65],[-11,-44],[-16,-18],[20,-45],[3,-24],[-52,-37],[-45,-23],[-51,-54],[-58,-74],[-13,-62],[-17,-41],[283,-75],[334,-136],[357,-114],[165,-181],[62,-125],[61,-138]],[[23576,79950],[-384,-131],[-263,-219],[-279,-230],[-324,-270],[-167,-139],[-67,-74],[-32,-11],[-33,-4],[-63,-1],[-59,-11],[-43,23],[-36,21],[-178,30],[-159,47],[-61,7],[-278,-22],[-71,-1],[-4,-13],[45,-56],[-11,-37],[-40,-35],[-5,-14],[-14,-131],[-106,-50],[-58,3],[-36,-7],[-35,-12],[-23,-21],[-9,-32],[27,-134],[-31,-76],[-73,-36],[-95,-4],[-119,22],[-68,6],[-41,-25],[-24,-28],[7,-64],[-122,-128],[-46,-86],[11,-101],[-14,-160],[-2,-68],[-220,-70],[-69,-27],[-5,-195],[-15,-86],[-29,-68],[-5,-130],[49,-60],[-2,-46],[34,-91],[39,-60],[-11,-160],[46,-26],[37,-33],[1,-31],[-61,-26],[-56,-11],[-30,-83],[-118,-28],[-75,-20],[-102,-51],[-16,-2]],[[23576,79950],[425,133],[998,331],[344,131],[420,508],[-87,295],[-145,120],[-91,26],[-135,-1],[-35,14],[8,24],[-77,17],[-77,7],[-61,62],[-43,102],[-44,66],[31,62],[2,47],[31,53],[20,37],[29,17],[87,126],[16,21],[19,9],[7,30],[-9,5],[-19,9],[0,15],[22,34],[-3,24],[20,11],[5,13],[11,13],[21,6],[-7,30],[18,20],[-4,19],[12,9],[828,63],[506,72],[183,15],[188,8]],[[26990,82553],[-9,1151],[372,183],[-252,496],[-100,154],[166,27],[103,58],[45,29]],[[27315,84651],[-192,-32],[-102,107]],[[39672,71884],[9,24],[22,107],[9,11],[97,203],[26,38],[69,106],[-29,19],[-36,4],[-100,-28],[-26,9],[-53,53],[-81,76],[-40,106],[-127,86],[-35,10],[-107,17],[-29,12],[-32,24],[-42,18],[-13,-3],[-73,-56],[-34,11],[-9,7],[-17,4],[-20,8],[-32,6],[-75,-5],[-27,5],[-32,-8],[-3,-21],[-29,-1],[-30,6],[-18,-5],[-5,-13],[-7,-3],[-24,2],[-8,4],[-22,1],[-35,-13],[-14,6],[-28,-3],[-27,1],[-16,-6],[-28,2],[-30,7],[-28,2],[-54,10],[-28,9],[-15,-1],[-38,15],[-286,-165],[-161,-92],[-32,-83],[20,-1],[15,3],[12,5],[16,0],[31,-16],[13,-5],[11,-11],[-3,-15],[8,-4],[9,5],[7,6],[12,1],[12,-14],[8,-17],[-5,-11],[10,-5],[7,-15],[20,-15],[18,-5],[29,1],[5,-17],[13,-3],[27,0],[19,-10],[5,-11],[25,-12],[13,0],[29,-31],[-1,-210],[7,-35],[14,-74],[53,-245],[381,-3],[524,64],[227,28],[73,84],[139,65]],[[61561,69198],[-229,95],[-243,100],[-220,120],[-24,179],[8,192],[90,104],[284,1],[87,-71],[441,-44],[74,-84],[124,13],[33,-6],[127,54],[111,11],[219,-16],[47,116],[54,127],[374,-25],[18,-280],[47,-332],[-75,-202],[-102,-84],[-566,6],[16,-29],[-642,30],[-53,25]],[[57522,90805],[1669,-584],[166,-32],[329,-40],[333,-96],[271,-88],[149,-42],[159,-18],[330,83]],[[60928,89988],[-1,10],[-2,10],[-4,7],[-6,8],[-6,6],[-11,8],[-7,10],[-2,5],[-1,5],[0,6],[9,24],[5,14],[6,19],[3,3],[3,4],[3,5],[2,4],[-1,5],[0,7],[0,5],[-1,4],[-2,6],[0,5],[0,5],[1,4],[1,3],[3,3],[3,4],[1,7],[1,7],[0,9],[-2,13],[-1,10],[0,9],[1,7],[2,7],[9,24],[5,10],[6,10],[4,5],[8,8],[4,5],[4,6],[3,5],[2,5],[3,6],[0,5],[-6,26],[-6,20],[-1,5],[0,6],[0,6],[0,6],[1,6],[3,13],[2,8],[1,6],[4,4],[3,7],[0,6],[2,9],[3,14],[-8,0],[-3,1],[-3,0],[-1,0],[-7,0],[-5,0],[-12,3],[-9,1],[-12,2],[-9,2],[-24,6],[-3,0],[-3,0],[-26,-1],[-14,0],[-3,0],[-3,0],[-3,0],[-3,0],[-4,1],[-4,0],[-3,1],[-3,0],[-8,0],[-5,0],[-3,1],[-11,2],[-3,0],[-4,0],[-5,1],[-3,0],[-9,3],[-3,1],[-3,0],[-2,0],[-3,1],[-3,1],[-4,1],[-9,2],[-5,1],[-16,4],[-3,1],[-10,1],[-5,1],[-5,1],[-10,2],[-13,1],[-10,2],[-7,0],[-12,1],[-16,1],[-12,2],[-9,1],[-13,2],[-23,4],[-12,3],[-11,2],[-15,3],[-28,6],[-62,13],[-46,10],[-5,2],[-5,1],[-5,0],[-5,0],[-6,0],[-30,6],[-16,5],[-17,3],[-16,3],[-45,10],[-15,4],[-6,2],[-6,1],[-7,2],[-5,1],[-6,1],[-7,1],[-4,1],[-8,2],[-7,2],[-13,4],[-12,3],[-8,2],[-12,2],[-7,1],[-4,0],[-6,1],[-5,2],[-5,1],[-4,1],[-4,2],[-25,7],[-5,1],[-3,0],[-2,1],[-3,0],[-3,0],[-6,2],[-3,1],[-2,1],[-2,1],[-2,1],[-12,2],[-30,8],[-31,7],[-13,3],[-7,2],[-64,14],[-51,12],[-3,0],[-2,1],[-3,0],[-2,0],[-2,0],[-3,1],[-2,1],[-2,1],[-3,0],[-3,1],[-3,0],[-3,0],[-4,1],[-4,1],[-4,3],[-4,1],[-5,0],[-2,0],[-3,0],[-4,1],[-4,1],[-3,2],[-79,17],[-75,20],[-27,7],[-3,0],[-3,1],[-6,0],[-5,1],[-12,4],[-4,2],[-3,1],[-2,1],[-6,0],[-5,1],[-4,0],[-5,1],[-5,2],[-12,4],[-22,5],[-70,19],[-127,37],[-49,15],[-58,18],[-41,13],[-75,24],[-29,10],[-15,3],[-23,8],[-10,3],[-4,1],[-4,1],[-21,7],[-13,4],[-67,22],[-6,2],[-2,1],[-3,1],[-4,1],[-6,1],[-3,1],[-10,5],[-2,1],[-2,1],[-7,2],[-7,1],[-10,4],[-18,5],[-9,4],[-21,9],[-4,2],[-4,2],[-4,1],[-4,2],[-15,5],[-12,3],[-7,2],[-10,6],[-7,2],[-5,2],[-7,1],[-3,1],[-3,1],[-2,1],[-6,3],[-3,2],[-4,2],[-2,1],[-5,2],[-5,1],[-13,6],[-17,5],[-26,4],[-27,9],[-11,3],[-6,3],[-11,3],[-4,2],[-4,2],[-1,1],[-3,1],[-6,3],[-82,38],[-36,16],[-27,13],[1,45],[0,24],[-1,6],[-2,3],[-2,3],[-3,3],[-5,3],[-4,2],[-68,20],[-4,3],[0,4],[9,31],[0,2],[0,1],[-1,2],[-1,1],[-2,0],[-2,0],[-2,0],[-2,-1],[-2,-1],[-1,-1],[0,-2],[1,-1],[1,-1],[1,-1],[2,0],[-11,-33],[-1,0],[-7,1],[-1,1],[-1,0],[-2,0],[-1,0],[-1,-1],[-1,-1],[0,-1],[1,-1],[1,0],[1,-1],[1,0],[6,0],[82,-25],[3,-1],[3,-2],[2,-1],[2,-2],[2,-2],[1,-2],[1,-2],[1,-2],[0,-25],[0,-7],[-1,1],[-5,-1],[0,-1],[-16,-43],[-5,-13],[26,-11],[8,-4],[-1,0],[-1,-3],[-1,0],[-7,-7],[-9,-10],[-1,0],[-7,-7],[0,-1],[-15,-14],[-31,8],[27,27],[-53,7],[-3,-10],[-12,1],[-13,2],[-18,3],[-17,2],[-17,3],[14,46],[16,-2],[17,-3],[12,-1],[22,-3],[20,-3],[1,0],[22,-3],[1,-1],[1,1],[9,24],[4,0],[8,24],[-21,3],[-9,-25],[-16,3],[-20,3],[7,23],[-4,1],[-6,1],[7,22],[2,0],[1,0],[2,1],[1,1],[0,1],[0,2],[-1,1],[-1,1],[-2,1],[-2,0],[-2,0],[-1,-1],[-2,-1],[-1,-1],[-2,-9],[-75,5],[-10,1],[-8,1],[-1,0],[-4,10],[-7,10],[-6,6],[-2,3],[-2,2],[0,3],[-1,2],[0,3],[1,3],[1,3],[31,49],[4,4],[3,2],[3,3],[4,2],[5,2],[5,2],[5,0],[5,1],[5,0],[6,0],[1,0],[1,1],[1,1],[1,1],[57,-11],[-3,-11],[0,-1],[1,-1],[1,-1],[1,0],[1,0],[2,0],[1,1],[1,0],[0,1],[3,10],[33,-6],[0,-1],[-2,-1],[0,-1],[1,-1],[2,-1],[3,-1],[3,0],[3,0],[2,1],[2,1],[2,2],[0,2],[0,2],[-1,2],[-2,1],[-2,1],[-106,20],[-9,0],[-7,0],[-9,-1],[-7,-1],[-7,-2],[-6,-3],[-5,-3],[-4,-2],[-6,-4],[-5,-6],[-30,-51],[-2,-4],[-1,-5],[1,-3],[0,-4],[3,-7],[-21,-3],[-45,0],[-34,-2],[-25,-1],[-27,-1],[-49,5],[-44,6],[-32,8],[-61,12],[-111,19],[-86,17],[-108,29]],[[57511,91357],[-109,-174],[120,-378]],[[36373,91602],[98,140],[-29,83],[93,22],[69,-58],[-4,-43],[61,-91],[210,-7],[-1,-34],[2,-75],[159,2],[130,67],[82,20],[4,46],[58,-1],[42,-32],[50,1],[-129,368],[-78,29],[-105,78]],[[37085,92117],[-47,-27],[-5,-3],[-4,-1],[-3,-1],[-90,-30],[-3,0],[-64,2],[-4,-1],[-20,-2],[2,0],[-66,-14],[-44,84],[-82,98],[-42,56],[-83,24],[-104,6],[-4,3],[-2,-2],[-1,0],[-3,1],[-2,1],[-2,0],[-3,0],[-3,0],[-6,1],[-1,1],[-2,2],[-4,2],[-4,1],[-4,1],[-5,0],[-28,-3],[-11,-1],[-5,-1],[-6,0],[-11,2],[-11,1],[-17,4],[-6,2],[-12,3],[-23,20],[-4,2],[-3,6],[-5,6],[-10,11],[-7,6],[-1,3],[-2,1],[-10,6],[-10,6],[-6,5],[-1,2],[-1,4],[0,6],[-1,5],[-3,5],[-1,5],[-2,4],[-3,3],[-5,2],[-7,2],[-6,1],[-3,3],[-4,5],[-7,4],[-7,6],[-6,3],[-3,3],[-1,3],[-1,2],[-2,1],[-1,2],[0,5],[-1,9],[0,6],[-2,3],[-5,6],[-6,5],[-3,4],[-3,2],[-3,0],[-6,1],[-2,1],[-5,3],[-14,45],[-76,61],[-52,75],[-127,176],[-72,99],[-26,-44],[8,-99],[50,-160],[11,-244]],[[35793,92423],[7,-6],[13,-17],[27,-21],[6,-19],[18,-38],[22,-18],[-116,-35],[65,-26],[23,-25],[-14,-31],[-20,-41],[-16,-29],[-57,-16],[-104,-56],[-49,-37],[-34,-12],[-50,-8],[-101,-24],[-58,-7],[-74,23],[-76,-5],[-61,7],[-91,50],[-45,77],[5,22],[39,20],[27,39],[-8,60],[41,35],[61,17],[145,21],[13,204],[36,77],[31,75]],[[35398,92679],[-101,173]],[[35297,92852],[-503,-174],[-47,-4],[-174,-121],[-59,-50],[-49,-11],[-125,4],[-297,65],[-84,43],[-78,1]],[[33881,92605],[-6,-34],[37,-99],[64,-152],[66,-20],[93,-32],[82,0],[75,-29],[255,-158],[48,-111]],[[34595,91970],[86,-82],[180,-86],[240,-277],[78,-142],[151,22],[77,71],[17,168],[92,170],[115,19],[87,19],[459,-233],[196,-17]],[[37078,91075],[-268,-318],[-508,-450],[-478,100],[-458,34],[-491,120],[-508,-98],[-146,-241],[141,-171],[146,-288],[494,-81],[69,-437]],[[35071,89245],[-139,33],[-21,25],[-38,28],[-10,8],[-40,-5],[-170,67],[-123,34],[-130,27],[-114,36],[-87,-12],[-112,44],[-90,21],[-160,-36],[-70,-211],[-209,-74],[-334,28]],[[33224,89258],[-372,995],[-257,-40],[565,430],[535,334],[93,139],[124,147],[189,26],[94,108],[55,218],[87,172],[132,145],[126,38]],[[36373,91602],[54,-90],[238,-184],[413,-253]],[[37141,88996],[-170,296],[-91,144],[-9,-11],[-56,-39],[-314,-185],[-84,-49],[-156,-114],[-122,-89],[-16,6],[-304,79],[-282,-12],[-122,-91]],[[35415,88931],[-65,-38],[-333,-36],[-163,62],[-131,-38],[-116,-149],[-212,-280],[177,-355],[170,19],[688,159],[77,-15],[47,15],[48,28],[14,8],[87,17],[76,19],[4,1],[14,4],[24,-108],[332,-127],[558,192],[55,318],[36,230],[339,139]],[[45174,86732],[3,-12],[26,-48],[13,-12],[17,-55],[12,-11],[46,-22],[-21,-14],[-33,-14],[-57,-7],[-61,13],[-30,3],[-72,-13],[-21,4],[-71,11],[-74,-4],[-69,-19],[-44,-20],[-84,-60],[-125,-56],[-18,-3],[-61,-4],[-25,-7],[-42,-12],[-114,-16],[-44,0],[-58,-13],[-16,-1],[-23,8],[-11,0],[-62,-14],[-151,5],[-104,-49],[-59,1],[-14,-3],[-193,-96],[-67,-12],[-30,-17],[-100,38],[-28,2],[-1,3],[-6,31],[-6,20],[-4,22],[-28,24],[-20,19],[2,18],[-10,25],[-84,0],[-62,20],[-119,57],[-10,19],[0,34],[23,35],[35,42],[125,1],[44,340],[84,-81],[270,61],[54,86],[209,18]],[[43805,86997],[807,-4],[250,-86],[187,-36],[64,-13],[65,-38],[-11,-44],[7,-44]],[[35793,92423],[-17,11],[-17,20],[-9,14],[-8,27],[-34,50],[-15,11],[-18,3],[-28,18],[-67,52],[-39,43],[-143,7]],[[33881,92605],[-37,28],[-102,83],[-12,-6],[-10,-4],[-12,-3],[-35,-7],[-13,-2],[-9,-3],[-5,-2],[-8,-6],[-2,-5],[-1,-5],[1,-6],[5,-9],[2,-6],[2,-5],[-1,-6],[-1,-6],[-7,-14],[-4,-6],[-3,-9],[0,-5],[1,-3],[4,-5],[5,-3],[6,-2],[14,-1],[7,-1],[8,0],[11,-7],[6,-3],[3,-4],[2,-5],[3,-6],[4,-3],[0,-5],[-1,-5],[-5,-4],[-5,-5],[-4,-4],[-2,-6],[0,-5],[3,-6],[4,-7],[1,-5],[-2,-6],[-3,-8],[-5,-8],[-3,-6],[-3,-5],[-2,-4],[-3,-3],[-6,-3],[-7,-3],[-6,-1],[-5,0],[-7,1],[-7,1],[-4,0],[-19,-4],[-3,-1],[-4,-4],[-5,-5],[-5,-2],[-7,-3],[-7,-2],[-6,-2],[-15,-8],[-6,-4],[-9,-4],[-6,0],[-6,0],[-6,3],[-5,3],[-12,2],[-7,3],[-6,2],[-4,2],[-3,4],[-3,3],[-7,2],[-9,0],[-8,0],[-8,-1],[-39,-9],[-7,0],[-8,1],[-4,1],[-6,3],[-10,4],[-30,9],[-11,1],[-5,0],[-9,-3],[-4,-2],[-6,-1],[-6,0],[-5,0],[-5,-2],[-5,-5],[-9,-8],[-4,-3],[-4,-3],[-8,-6],[-10,-6],[-9,-3],[-7,-2],[-30,-3],[-8,-2],[-7,0],[-11,0],[-6,-1],[-4,-1],[-31,-4],[-10,-2],[-6,0],[-5,1],[-6,2],[-26,23],[-5,4],[-8,4],[-8,3],[-6,1],[-8,-1],[-6,-3],[-4,-3],[1,-5],[2,-6],[1,-5],[-7,-12],[-4,-5],[-6,-3],[-6,-2],[-9,0],[-7,1],[-10,3],[-10,4],[-29,6],[-18,5],[-10,2],[-7,4],[-8,6],[-6,6],[-6,5],[-4,5],[0,8],[-2,16],[-1,4],[-1,3],[-7,4],[-12,6],[-10,3],[-25,12],[-6,3],[-6,3],[-8,0],[-8,0],[-8,2],[-7,3],[-7,4],[-46,43],[-7,6],[-6,2],[-6,2],[-8,-1],[-19,-6],[-17,-8],[-13,-6],[-9,-5],[-11,-6],[-7,-3],[-6,-2],[-7,-1],[-25,-1],[-8,-1],[-8,-1],[-7,-2],[-4,-2],[-4,-4],[-3,-4],[-1,-7],[-4,-7],[-8,-9],[-5,0],[-8,0],[-7,4],[-7,5],[-10,11],[-8,6],[-4,1],[-7,0],[-4,-3],[-6,-3],[-24,-19],[-6,-4],[-6,-3],[-12,-2],[-8,1],[-11,4],[-12,6],[-4,1],[-6,2],[-8,1],[-10,2],[-5,1],[-5,3],[-17,14],[-11,7],[-6,2],[-7,0],[-6,-1],[-4,-2],[-6,-3],[-5,-3],[-7,-3],[-2,0],[-5,-1],[-6,1],[-4,1],[-3,2],[-6,2],[-8,4],[-5,3],[-4,1],[-6,1],[-8,1],[-6,2],[-9,4],[-3,1],[-3,2],[-3,3],[-5,3],[-6,2],[-7,2],[-11,2],[-7,1],[-19,0],[-7,-1],[-12,0],[-4,1],[-6,2],[-8,8],[-10,6],[-9,6],[-13,9],[-3,2],[-2,3],[-1,1],[-6,7],[-14,18],[-1,3],[0,6],[-1,6],[-1,5],[0,3],[1,13],[-1,4],[-2,6],[-1,7],[-2,5],[-4,5],[-5,5],[-7,3],[-15,6],[-17,5],[-11,1],[-3,0],[-5,-1],[-6,-3],[-17,-8],[-2,-3],[-1,-1],[-6,-8],[-2,-3],[-4,-3],[-4,-3],[-4,-2],[-5,-1],[-5,0],[-6,-1],[-4,2],[-3,2],[-1,1],[0,3],[-1,3],[-3,3],[-14,14],[-13,12],[-1,2],[-1,3],[-1,1],[-3,2],[-4,3],[-4,2],[-6,4],[-3,1],[-3,1],[-4,0],[-2,-1],[-1,-1],[0,-3],[-2,-3],[-1,-3],[-1,-1],[-5,-5],[-4,-3],[-8,-2],[-8,-1],[-8,0],[-8,4],[-10,12],[-12,15],[-5,7],[-13,7],[-17,-2],[-9,-6],[-17,-6],[-10,-1],[-9,2],[-7,5],[-11,5],[-10,3],[-10,0],[-16,-2],[-19,-2],[-13,-1],[-17,-1],[-28,4],[-17,0],[-20,-1],[-20,-4],[-18,-7],[-9,-12],[-1,-7],[5,-9],[0,-16],[-24,-4],[-11,-3],[-11,0],[-16,2],[-16,3],[-17,9],[-18,14],[-12,6],[-15,5],[-17,1],[-24,-3],[-15,-2],[-15,-5],[-24,-16],[-14,-7],[-43,-13],[-20,-3],[-29,-4],[-21,-5],[-14,-2],[-10,0],[-7,4],[0,7],[11,8],[20,15],[8,8],[3,7],[-2,7],[-10,9],[32,270],[-156,313]],[[31027,93300],[508,69],[58,178],[-91,212],[37,8],[54,18],[61,2],[105,13],[165,-117],[138,-117],[122,-71],[229,-102],[195,-54],[358,-67],[254,-85],[170,77],[-30,236],[-315,54],[262,74],[-521,88],[328,163],[265,-146],[328,343],[199,238],[-489,513],[-154,24],[3,2],[1,2],[0,1],[-1,1],[-1,0],[-4,0],[-2,0],[-1,0],[-2,0],[-5,2],[-4,2],[-3,2],[-2,2],[-1,1],[0,2],[0,1],[1,1],[1,0],[4,1],[1,0],[2,1],[1,1],[0,1],[2,6],[0,4],[1,3],[0,1],[-1,2],[-1,1],[-1,0],[-1,1],[-3,1],[-9,2],[-1,1],[-1,1],[0,2],[0,1],[8,6],[4,3],[1,2],[0,1],[0,1],[-2,2],[-2,1],[-5,2],[-2,1],[-3,0],[-6,0],[-2,1],[-2,0],[-2,1],[-1,1],[-2,2],[-8,12],[-2,1],[-2,1],[-2,0],[-3,0],[-3,-1],[-2,0],[-3,0],[-1,1],[0,1],[0,2],[1,2],[2,2],[7,8],[3,3],[2,3],[1,2],[0,1],[0,2],[-1,2],[-2,1],[-4,3],[-17,5],[-4,1],[-3,1],[-27,6],[-2,1],[-2,1],[-8,5],[-2,1],[-3,1],[-9,0],[-4,0],[-2,1],[-2,0],[-2,2],[-1,2],[-1,4],[-1,3],[0,1],[0,2],[9,9],[7,9],[7,13],[3,2],[2,2],[8,7],[2,3],[6,9],[0,2],[0,4],[0,1],[-2,1],[-2,0],[-2,0],[-2,-1],[-4,-1],[-16,-5],[-14,-3],[-4,-1],[-3,0],[-2,0],[-4,1],[-4,1],[-2,1],[-1,2],[-1,5],[0,2],[1,3],[1,3],[3,3],[3,2],[2,1],[3,1],[5,0],[2,1],[1,0],[2,1],[0,3],[0,7],[0,2],[0,1],[-2,1],[-1,1],[-3,0],[-2,0],[-1,0],[-2,-1],[-1,-1],[-6,-6],[-2,-1],[-2,-1],[-2,0],[-2,-1],[-2,0],[-3,1],[-3,1],[-2,1],[-2,2],[-2,3],[-1,4],[-2,6],[-2,4],[-2,3],[-9,10],[-2,3],[-2,3],[0,2],[0,2],[3,13],[1,2],[1,8],[1,2],[-1,1],[-1,1],[-1,1],[-2,1],[-3,0],[-11,-2],[-9,-2],[-5,-2],[-3,-1],[-2,-2],[-3,-2],[-13,-11],[-2,-2],[-3,-1],[-3,-1],[-2,0],[-1,0],[-2,1],[-2,1],[-1,1],[-1,2],[0,2],[0,2],[1,6],[1,3],[4,8],[0,2],[0,1],[-1,1],[-1,0],[-2,1],[-1,-1],[-3,0],[-3,-1],[-3,-1],[-9,0],[-4,0],[-7,0],[-6,0],[-22,2],[-3,0],[-3,1],[-2,1],[-2,2],[-6,12],[-3,5],[-8,15],[-2,2],[-2,2],[-3,2],[-2,1],[-4,1],[-3,0],[-6,0],[-4,0],[-6,1],[-6,1],[-2,1],[-1,1],[-1,2],[0,1],[2,2],[2,2],[4,2],[4,1],[3,0],[2,0],[5,-1],[3,0],[4,-1],[3,0],[3,1],[5,1],[2,1],[0,1],[1,1],[0,2],[0,1],[-1,1],[-2,2],[-3,1],[-5,3],[-14,4],[-3,1],[-3,2],[-5,4],[-2,1],[0,2],[-1,1],[0,2],[0,8],[0,3],[0,2],[-3,10],[-1,6],[0,2],[0,3],[3,9],[2,2],[2,3],[2,2],[2,3],[3,2],[6,5],[8,5],[12,10],[2,1],[1,2],[1,4],[1,2],[0,2],[0,3],[-1,2],[-2,3],[-2,1],[-3,2],[-18,5],[-8,2],[-15,6],[-7,2],[-5,2],[-5,3],[-3,3],[-2,1],[0,2],[-1,2],[1,2],[0,2],[-1,1],[-1,2],[-2,5],[-4,7],[0,4],[0,3],[1,11],[0,3],[-1,4],[-1,1],[-2,2],[-4,5],[-11,11],[-4,3],[-2,2],[0,2],[1,1],[2,1],[3,1],[2,1],[2,1],[1,1],[2,1],[0,1],[4,4],[3,4],[1,1],[-3,7],[0,1],[0,3],[2,3],[4,5],[1,3],[-1,2],[-1,2],[-3,4],[-3,5],[-2,2],[-3,2],[5,10],[-17,26],[-3,35],[13,3],[242,76]],[[35007,93410],[38,-15],[44,-8],[45,-5],[6,-16],[-8,-14],[0,-27],[9,-96],[22,-22],[26,-26],[25,-20],[-25,-17],[-48,-9],[-55,12],[-29,-6],[-33,-20],[-24,-40],[-35,-2],[-6,-15],[42,-8],[34,8],[14,23],[32,11],[121,-49],[134,-108],[-43,-53],[4,-36]],[[30172,93038],[113,97],[44,65],[185,28],[30,44],[38,7],[42,-13],[86,-5],[317,39]],[[32957,95744],[-3,-3],[-4,-2],[-4,-2],[-4,-2],[-1,-1],[-4,-2],[-2,-1],[-4,-2],[-8,-3],[-8,-5],[-13,-5],[-8,-1],[-1,0],[-3,0],[-2,0],[-3,1],[-2,1],[-3,-1],[-8,-6],[-1,-3],[-1,-3],[-1,-2],[-3,-4],[-2,0],[-3,2],[-3,2],[-4,-1],[-4,-1],[-3,0],[-3,-1],[-5,-1],[-3,-1],[-1,-3],[-1,-5],[-4,-3],[-4,-1],[-3,0],[-5,0],[-5,0],[-4,2],[-2,0],[-2,-1],[-1,-1],[-2,-2],[-5,1],[-5,-2],[-4,-2],[-5,0],[-6,2],[-3,1],[-3,1],[-1,0],[1,-3],[3,-3],[0,-2],[-1,-1],[-7,-4],[-11,-3],[-8,-5],[-6,-2],[-35,-10],[-13,-5],[-11,-6],[-9,-3],[-11,-4],[-6,-6],[-8,-5],[-20,-11],[-8,-5],[-3,-2],[-10,-3],[-7,-4],[-5,0],[-9,-1],[-12,-6],[-19,-9],[-15,-6],[-5,-1],[-21,-4],[-4,-1],[-8,-3],[-11,0],[-3,0],[-4,1],[-1,0],[-1,-1],[1,-2],[0,-1],[-2,-2],[-3,0],[-3,0],[-5,1],[-4,0],[-3,1],[-5,2],[-7,1],[-6,0],[-6,-1],[-4,0],[-2,1],[-5,-1],[-5,-1],[-2,-1],[-1,-2],[-1,-1],[-4,-2],[-2,-1],[-4,-3],[-3,-2],[-4,-2],[-5,0],[-5,2],[-8,-1],[-6,0],[-6,-2],[-2,-2],[-8,-3],[-5,-2],[-9,-3],[-9,-4],[-4,-4],[1,-3],[-1,0],[-8,-3],[-10,-2],[-10,-3],[-49,-8],[-30,-4],[-19,-2],[-31,-3],[-18,-1],[-5,0],[0,2],[-4,1],[-2,-2],[-2,-1],[-3,1],[-13,1],[-11,-1],[-17,0],[-16,3],[-15,3],[-12,2],[-8,5],[-6,5],[3,3],[2,3],[-2,3],[-1,3],[-1,3],[-1,1],[-1,1],[0,1],[3,2],[2,2],[0,2],[-1,1],[-2,0],[-2,-2],[-5,-4],[-3,-1],[-1,0],[-3,1],[1,2],[1,2],[2,3],[1,2],[0,2],[0,2],[0,2],[-1,0],[-1,0],[-2,-2],[-2,-3],[-1,0],[-3,0],[-2,0],[-2,0],[-2,-1],[-2,-1],[-2,0],[-2,-1],[-2,0],[-1,0],[-3,1],[-2,1],[-2,2],[-1,3],[-1,0],[-1,0],[-1,-1],[-2,-3],[-1,-1],[-2,0],[-3,-1],[-2,0],[-2,1],[-1,0],[-2,-1],[-1,1],[-1,1],[0,2],[-1,2],[-2,2],[-2,1],[0,1],[-1,2],[-1,1],[-1,1],[0,2],[-1,2],[-1,1],[-1,0],[-1,1],[-1,0],[-3,2],[-2,1],[-3,1],[-1,0],[-2,1],[-3,0],[-1,0],[-1,-2],[-2,-1],[-2,0],[-3,1],[-3,-1],[-2,0],[0,1],[0,1],[1,1],[-1,1],[-1,1],[-3,0],[-3,-1],[-1,0],[1,-1],[-1,-1],[0,-1],[-1,-1],[-2,-2],[0,-1],[0,-3],[-1,-2],[-1,-2],[-2,-2],[-2,-1],[-4,1],[-9,1],[-5,1],[-4,2],[-6,3],[-11,6],[-8,7],[-2,3],[0,2],[1,2],[1,3],[1,3],[1,1],[0,2],[1,1],[1,2],[0,1],[-1,1],[0,1],[1,1],[0,1],[0,1],[-1,0],[-1,0],[-2,0],[-2,2],[-1,1],[1,2],[1,0],[1,1],[0,1],[0,2],[-2,2],[-1,1],[-2,0],[-8,-1],[-3,0],[-1,0],[-1,1],[-1,1],[-2,0],[-1,-1],[-3,0],[-5,0],[-3,0],[-1,-1],[-3,2],[-1,1],[-1,2],[3,1],[1,2],[0,2],[1,1],[2,1],[3,1],[2,1],[0,1],[0,2],[-2,1],[-2,0],[-2,-1],[0,-1],[-1,0],[-2,0],[-1,1],[-1,1],[0,1],[1,1],[-1,1],[-2,0],[-3,0],[-2,-1],[-2,1],[-3,0],[0,-2],[-1,-2],[0,-2],[0,-1],[1,-3],[-1,-1],[-2,0],[-1,0],[-2,0],[-2,0],[-3,1],[-1,1],[-1,1],[1,3],[-1,2],[-3,6],[-4,5],[-5,8],[-4,4],[-3,3],[-6,3],[-1,1],[-2,1],[-3,1],[-1,0],[-2,0],[-1,0],[-2,0],[-1,1],[-3,-1],[-1,0],[-1,-2],[0,-2],[-5,-3],[-6,0],[-4,0],[-4,1],[-9,3],[-4,2],[-11,7],[-4,8],[2,2],[1,1],[0,1],[-3,4],[-2,3],[-2,3],[-1,2],[0,5],[0,1],[1,1],[1,1],[-1,3],[-1,2],[-4,1],[-1,1],[-2,2],[-3,2],[-2,1],[-4,3],[-2,3],[-1,3],[-1,1],[-1,3],[-1,3],[0,2],[-1,2],[-1,2],[-3,3],[-1,2],[-3,6],[-1,5],[-3,7],[-3,7],[-4,6],[-5,7],[-1,1],[-2,1],[-3,1],[-3,1],[-3,2],[-17,7],[-9,2],[-7,3],[-6,4],[-2,1],[-3,1],[-3,1],[-4,0],[-7,-1],[-5,-1],[-6,-1],[-15,-5],[-5,-1],[-2,-1],[-3,-2],[-5,-1],[-9,-3],[-5,-1],[-4,0],[-4,0],[-5,0],[-7,1],[-27,8],[-3,0],[-2,0],[-15,-2],[-3,-1],[-15,-7],[-2,0],[-2,0],[-1,0],[-2,2],[-2,1],[-4,0],[-5,1],[-7,-1],[-1,0],[0,1],[3,5],[-1,1],[0,3],[-3,1],[-5,2],[-8,1],[-3,0],[-5,1],[-3,1],[-7,2],[-1,1],[1,2],[0,2],[0,1],[-2,0],[-2,0],[-2,0],[-2,0],[-2,1],[-4,2],[-1,0],[-1,1],[-1,1],[-1,1],[0,2],[-2,1],[-1,0],[-1,0],[-1,-1],[-1,0],[-1,1],[-2,0],[-4,1],[-1,-1],[-2,-1],[-2,-1],[-1,0],[-1,1],[-1,1],[1,1],[1,2],[-1,2],[-1,1],[-1,0],[-2,0],[0,-1],[0,-1],[-1,-1],[-1,0],[-5,-1],[-2,0],[-2,1],[-1,0],[-1,0],[-8,5],[-2,2],[0,2],[-1,3],[-1,1],[-2,1],[-3,0],[-2,0],[-4,-1],[-6,-2],[-2,-1],[-5,-2],[-2,0],[-5,-1],[-3,-1],[-4,-1],[-1,0],[-1,-1],[-1,-1],[0,-1],[-1,-1],[0,-1],[-1,-1],[-2,-1],[-2,0],[-2,-1],[0,-1],[0,-1],[0,-1],[-1,-1],[0,-2],[0,-2],[0,-2],[0,-2],[1,-1],[0,-1],[-1,-1],[0,-2],[-2,-2],[-2,-3],[-1,-2],[-2,-2],[-8,-9],[0,-1],[0,-1],[1,-2],[1,0],[2,-1],[2,-1],[2,-1],[7,-10],[6,-6],[3,-2],[1,-2],[0,-1],[1,-1],[1,-1],[4,-2],[3,-2],[4,-4],[2,-4],[2,-2],[0,-1],[0,-1],[0,-2],[1,-1],[1,-2],[2,-4],[0,-1],[-2,-2],[-1,-1],[-2,-5],[-2,-4],[-2,-2],[-3,-3],[-2,-2],[-3,-2],[-2,-1],[-1,0],[0,-1],[-1,-1],[-1,-2],[-2,-2],[-7,-6],[-1,0],[-2,-1],[-2,-1],[-1,-1],[-3,-2],[-11,-7],[-2,-1],[-1,-2],[-7,-7],[0,-2],[0,-2],[0,-1],[0,-2],[0,-1],[-1,-2],[-3,-1],[-3,-2],[-2,-3],[0,-1],[-1,-2],[-2,-2],[-4,-2],[-4,-3],[-8,-7],[-1,-1],[0,-2],[0,-1],[-2,-5],[-4,-2],[-6,-3],[-5,-1],[-4,-1],[-9,-5],[-5,-3],[-4,-2],[-6,-7],[-3,-2],[-2,-1],[-2,-2],[-5,-1],[-3,-1],[-2,-1],[-1,-1],[-2,-2],[-1,0],[-17,-9],[-3,-1],[-2,-1],[-2,-1],[-2,-2],[-1,-2],[-1,-1],[-1,-2],[-2,-2],[-1,-1],[0,-1],[1,-2],[1,-1],[0,-1],[0,-1],[1,-1],[1,-1],[0,-2],[-1,-2],[-2,-2],[-5,-3],[-5,-3],[-6,-3],[-5,-1],[-1,-1],[-2,-1],[-2,0],[-2,-1],[-2,0],[-2,0],[-1,1],[-1,0],[-1,0],[-1,0],[-2,-1],[-1,0],[-2,-2],[-1,0],[-3,-2],[-2,0],[-2,0],[-1,0],[-2,0],[-2,-1],[-1,-1],[-2,0],[-2,-1],[-3,0],[-4,0],[-2,0],[-3,1],[-2,0],[-2,4],[-3,3],[-1,1],[-3,1],[-1,1],[-2,-1],[-2,0],[-1,-2],[-4,-2],[-2,-1],[-3,0],[-1,0],[0,-1],[-1,-1],[0,-1],[-1,-2],[0,-2],[1,-1],[0,-2],[0,-2],[-1,-2],[1,0],[0,-1],[0,-2],[0,-1],[0,-1],[0,-1],[1,0],[1,-4],[-1,-1],[0,-1],[1,-1],[1,-1],[1,0],[3,0],[3,-2],[0,-1],[0,-2],[0,-2],[-1,-1],[-1,-1],[-1,-1],[-1,0],[-1,0],[-1,-1],[0,-1],[1,0],[2,-1],[3,0],[1,-1],[1,-1],[2,-1],[2,-1],[4,-3],[1,-1],[1,-2],[-1,-4],[-2,-2],[-2,0],[-6,2],[-5,1],[-2,0],[-1,0],[-3,0],[-1,-1],[3,-2],[8,-3],[1,0],[1,-1],[0,-1],[0,-1],[-2,0],[-1,0],[-3,1],[-4,1],[-6,1],[0,-2],[0,-2],[0,-1],[0,-1],[0,-1],[2,0],[2,-1],[0,-2],[0,-1],[1,-1],[2,-1],[2,-1],[3,-1],[2,-1],[4,-1],[0,-1],[-2,0],[-1,0],[0,-1],[2,-1],[2,1],[3,0],[2,0],[2,-1],[5,-3],[-1,-14],[-1,-3],[-2,-4],[-7,-9],[-1,-1],[-3,-6],[-1,-1],[-2,-3],[-4,-2],[-3,-3],[-12,-7],[-2,-1],[-4,-5],[-5,-6],[-6,-8],[-3,-2],[-1,-1],[-2,-1],[-2,-1],[-1,-1],[-1,-1],[-3,-3],[-2,-3],[-9,-8],[-2,-2],[-2,-2],[-8,-5],[-5,-4],[-8,-9],[-10,-8],[-8,-10],[-2,-3],[-4,-7],[-12,-14],[-20,-18],[-17,-16],[-57,-43],[-69,-43],[-43,-25],[-43,-23],[-38,-14],[-38,-11],[-40,-9],[-181,126],[-1,1],[-2,0],[-1,1],[-2,1],[-2,0],[-2,0],[-2,-1],[-1,0],[-2,-1],[-1,-1],[-1,-1],[-1,-2],[0,-1],[0,-1],[1,-1],[1,-2],[1,-1],[1,0],[2,-1],[35,-23],[-109,-72],[-1,-1],[0,-1],[1,-2],[-9,-7],[382,-264],[-19,-12],[10,-6],[-24,-29],[-12,-17],[-23,-36],[-11,7],[-16,-13],[-151,105],[-64,-44],[-6,1],[-4,-3],[-4,2],[-2,0],[0,-2],[2,-2],[-7,-3],[-22,-7],[-22,-8],[-116,77],[-2,1],[-3,-1],[-154,105],[-6,4],[-15,11],[-5,1],[-2,-1],[-3,-1],[-56,37],[-12,9],[-10,9],[-12,15],[-7,14],[-4,15],[-2,14],[2,15],[5,14],[8,14],[12,14],[17,16],[19,11],[8,-6],[33,20],[-7,6],[73,43],[7,-6],[34,20],[-7,6],[78,47],[7,-6],[34,20],[-7,6],[202,119],[-7,6],[-475,-281],[-19,-16],[-12,-16],[-8,-15],[-5,-15],[-2,-15],[1,-16],[5,-15],[9,-16],[12,-16],[11,-9],[12,-10],[52,-35],[0,-2],[0,-2],[1,-3],[277,-188],[-10,-18],[-14,-14],[-11,-16],[-10,-9],[-21,-14],[-14,-11],[-40,-34],[-42,-22],[-5,-4],[-6,-4],[-6,-3],[-8,-3],[-5,-2],[-59,-30],[-70,-42],[-68,-47],[-85,-48],[-84,-46],[-26,-16],[-43,-23],[-96,-48],[-60,-19],[-35,-14],[-34,-10],[-21,-2],[-27,-2],[-18,-3]],[[48218,88540],[53,84],[76,127],[-25,79],[-154,114],[-420,90],[295,157],[77,64],[46,105],[47,135],[-22,42],[-2,36],[-30,17],[-14,16],[-18,17],[-26,7],[-18,17],[-14,26],[6,38],[-9,20],[-40,23],[-19,25],[-14,23],[-9,20],[2,14],[-16,13],[-7,15],[-26,37],[-20,23],[-18,28],[-31,21],[-13,19],[4,21],[12,22],[-24,-7],[-75,-28],[-35,-3],[-196,38],[-82,16],[-55,-1],[-72,-4],[-204,-8],[-130,23],[-118,22],[-63,5],[-68,-7],[-11,-3],[39,71],[9,20],[-2,60],[-9,48],[13,52],[-2,62],[-9,49],[-38,55],[7,32],[-8,56],[0,10],[22,33],[10,13],[10,27]],[[46780,90666],[-6,2],[-10,1],[-9,3],[-7,2],[-10,4],[-9,2],[-11,3],[-12,4],[-5,1],[-4,1],[-5,0],[-5,1],[-10,3],[-16,5],[-6,2],[-4,0],[-4,0],[-9,0],[-7,1],[-33,8],[-58,20],[-18,6],[-6,2],[-39,10],[-36,10],[-20,5],[-10,3],[-10,3],[-9,4],[-10,5],[-8,3],[-9,5],[-8,3],[-8,4],[-6,3],[-7,4],[-10,7],[-7,5],[-9,10],[-5,5],[-5,4],[-4,3],[-9,3],[-2,1],[-10,3],[-4,1],[-3,0],[-4,0],[-4,0],[-6,-1],[-5,-1],[-9,-2],[-5,-1],[-4,-2],[-8,-3],[-4,-1],[-3,0],[-4,0],[-3,0],[-5,1],[-7,1],[-6,2],[-7,2],[-7,3],[-6,3],[-5,3],[-6,4],[-5,6],[-5,6],[-5,5],[-7,4],[-3,2],[-2,0],[-3,0],[-1,0],[-2,-1],[-2,-1],[-1,-1],[-2,-3],[-3,-3],[-2,-1],[-3,-2],[-3,-1],[-4,-1],[-8,-2],[-5,-1],[-4,-1],[-6,-2],[-6,-2],[-5,-1],[-7,-2],[-14,-2],[-10,-2],[-7,0],[-13,0],[-12,0],[-14,1],[-21,1],[-18,0],[-18,1],[-24,2],[-14,2],[-12,2],[-9,2],[-15,3],[-18,3],[-7,2],[-12,4],[-20,6],[-8,2],[-37,8],[-29,8],[-16,5],[-7,2],[-4,2],[-4,3],[-3,2],[-2,3],[0,3],[1,3],[1,2],[2,1],[0,2],[-1,1],[-4,2],[-4,2],[0,2],[1,1],[2,2],[3,1],[6,1],[4,2],[2,1],[1,1],[0,2],[-1,3],[-2,4],[-1,0],[-1,0],[-3,-3],[-3,-2],[-14,0],[-6,0],[-6,0],[-26,-4],[-16,-4],[-10,-5],[-2,-2],[-1,-2],[-3,-2],[-3,-1],[-4,-1],[-2,0],[-4,0],[-5,2],[-7,3],[-8,4],[-3,2],[-1,3],[-1,2],[1,2],[-2,2],[-2,1],[-2,1],[-4,1],[-11,5],[-3,1],[-7,1],[-5,2],[-3,2],[-2,3],[-2,1],[-12,6],[-3,0],[-2,1],[-3,0],[-3,1],[-6,2],[-7,2],[-10,1],[-10,0],[-3,-1],[-3,0],[-4,0],[-3,1],[-2,0],[-6,4],[-4,3],[-6,5],[-1,2],[0,1],[0,2],[2,2],[1,1],[1,2],[1,0],[0,1],[0,1],[-2,1],[-3,0],[-2,0],[-4,-1],[-8,-2],[-3,0],[-15,-3],[-5,-1],[-6,1],[-28,6],[-18,6],[-27,13],[-8,4],[-7,4],[-9,6],[-8,5],[1,2],[-10,5],[-2,-1],[-1,0],[-7,4],[-5,3],[-5,2],[-3,1],[-2,1],[-2,1],[-6,3],[-7,4],[-9,3],[-6,3],[-18,8],[-4,1],[-5,3],[-2,1],[-2,2],[-9,4],[-5,2],[-4,1],[-4,2],[-6,4],[-4,2],[-2,1],[-4,2],[-15,6],[-11,5],[-6,3],[-5,2],[-5,2],[-8,2],[-6,1],[-20,6],[-53,19],[-15,8],[-16,12],[-3,3],[-5,4],[-2,2],[-4,1],[-5,0],[-2,0],[-2,0],[-4,0],[-2,0],[-2,0],[-2,-1],[-3,0],[-3,0],[-12,3],[-8,2],[-9,4],[-8,3],[-7,1],[-26,8],[-68,28],[-36,14],[-87,34],[-119,52],[-21,14],[-30,31],[-30,12],[-33,9],[-21,0],[-37,-5],[-39,0],[-40,6],[-40,14],[-34,20],[-47,22],[-24,19],[-6,8],[-3,7],[-3,1],[-25,-5],[-30,-3],[-14,-2],[-15,-1],[-29,-1],[-28,0],[-11,1],[-7,1],[-7,1],[-6,1],[-7,1],[-12,2],[-11,3],[-13,3],[-10,4],[-7,2],[-10,3],[-7,3],[-22,7],[-14,4],[-18,6],[-11,4],[-6,3],[-14,7],[-9,6],[-6,5],[-4,2],[-4,1],[-12,3],[-11,5],[-3,1],[-8,5],[-8,5],[-4,2],[-10,5],[-8,6],[-16,12],[-21,17],[-27,17],[-8,5],[-7,2],[-26,10],[-26,9],[-25,9],[-31,12],[-46,18],[-46,17],[-34,14],[-27,13],[-39,16],[-47,22],[-37,15],[-15,5],[-17,5],[-14,6],[-26,11],[-10,4],[-11,6],[-11,6],[-11,5],[-17,10],[-17,11],[-16,10],[-12,7],[-19,10],[-32,19],[-27,17],[-12,9],[-23,19],[-15,13],[-6,4],[-8,5],[-12,8],[-9,6],[-14,10],[-13,10],[-13,10],[-17,13],[-18,10],[-15,10],[-25,14],[-11,5],[-20,10],[-12,6],[-24,14],[-18,10],[-23,14],[-50,26],[-10,6],[-10,6],[-6,6],[-7,5],[-23,16],[-10,7],[-20,12],[-22,14],[-8,6],[-7,7],[-3,5],[-5,9],[-5,9],[-1,3],[-2,4],[-2,3],[-2,3],[-7,5],[-4,3],[-3,4],[-1,1],[-2,2],[-6,4],[-5,4],[-5,5],[-1,3],[0,5],[-1,3]],[[42506,92293],[-14,-9],[-21,-14],[-46,-3]],[[42425,92267],[18,-24],[10,-17],[13,-24],[7,-22],[9,-26],[13,-29],[12,-31],[4,-24],[4,-20],[9,-25],[12,-34],[9,-20],[16,-18],[14,-11],[46,-26],[30,-12],[5,-4],[11,-11],[11,-8],[14,-4],[24,-5],[13,-3],[19,0],[15,1],[13,1],[8,2],[6,4],[2,2],[-1,1],[-1,1],[-2,-1],[-6,-2],[-5,0],[-4,0],[-4,1],[-6,4],[-3,1],[-3,-1],[-7,-4],[-8,-2],[-6,-1],[-6,0],[-7,0],[-3,3],[1,3],[5,4],[0,2],[-2,0],[-8,-3],[-8,-3],[-3,0],[1,2],[5,4],[8,4],[0,1],[-1,1],[-7,-3],[-6,-4],[-3,0],[-10,-1],[-5,2],[-4,6],[-5,4],[-12,3],[-4,1],[0,1],[2,1],[2,0],[10,-2],[14,-2],[14,-1],[16,0],[17,3],[8,3],[1,1],[-2,1],[-7,-1],[-8,-1],[-10,-2],[-8,0],[-6,0],[-3,1],[3,3],[8,2],[5,1],[1,1],[-1,1],[-2,-1],[-5,0],[-7,-2],[-7,-3],[-7,-1],[-11,2],[-9,-1],[-4,0],[-3,2],[-9,5],[-15,5],[-15,7],[-15,7],[-5,3],[-4,2],[-6,4],[-11,5],[-4,1],[-3,3],[-1,3],[1,1],[3,1],[6,0],[0,1],[-1,1],[-8,1],[-4,1],[-2,2],[0,7],[-2,5],[-16,11],[-1,3],[2,5],[7,17],[2,2],[4,1],[11,-1],[0,2],[-1,2],[-12,4],[-6,2],[-7,2],[-7,7],[-3,14],[-2,6],[3,3],[8,-1],[15,-6],[7,-9],[10,-13],[1,-11],[-1,-4],[0,-10],[-2,-16],[-3,-11],[2,-4],[4,-4],[13,-12],[17,-7],[14,-4],[27,-10],[27,-8],[22,0],[14,-1],[1,0],[0,1],[-4,3],[0,1],[3,2],[4,0],[13,-2],[13,-4],[13,-6],[0,-2],[-1,-2],[-3,-1],[-10,5],[-7,4],[-3,-1],[-2,-1],[1,-1],[7,-2],[6,-3],[3,-3],[-1,-1],[-2,-3],[1,-2],[2,-1],[15,0],[18,-1],[24,-4],[23,-8],[14,-7],[20,-10],[37,-21],[20,-12],[34,-26],[17,-17],[20,-24],[20,-24],[24,-30],[19,-25],[36,-48],[34,-34],[10,-11],[8,-6],[15,-7],[19,-5],[18,-9],[32,-31],[22,-25],[10,-11],[7,-8],[17,-20],[12,-11],[14,-8],[19,-14],[13,-8],[13,-4],[12,-5],[36,-8],[12,0],[15,3],[11,5],[3,3],[2,3],[0,2],[-1,0],[-7,-6],[-4,0],[-4,1],[-6,3],[-3,4],[-2,4],[3,4],[-1,1],[-2,1],[-2,-1],[-6,-4],[-5,-1],[-9,-2],[-11,-1],[-7,1],[-10,5],[-13,6],[-7,3],[-16,-1],[-7,1],[-3,2],[0,2],[15,10],[9,5],[4,1],[5,0],[2,-2],[2,-2],[1,-1],[0,1],[0,3],[0,3],[2,4],[9,5],[-1,4],[-2,1],[-5,-1],[-3,-2],[-2,-3],[-3,0],[-5,0],[-4,3],[-4,0],[-19,2],[-5,4],[0,2],[2,1],[6,1],[8,0],[0,1],[0,1],[-1,0],[-20,2],[-11,2],[-9,3],[-9,3],[-19,8],[-8,9],[-1,8],[5,6],[5,1],[28,-4],[40,-6],[17,0],[15,-1],[13,-3],[15,0],[10,2],[9,-1],[9,-2],[12,-8],[13,-9],[16,-10],[18,-11],[21,-11],[18,-11],[26,-12],[33,-19],[40,-32],[48,-38],[27,-31],[14,-28],[7,-9],[12,-8],[16,-9],[54,-18],[21,-13],[12,-14],[10,-13],[1,-7],[-24,-38],[-19,-20],[-4,-3],[-7,-3],[-3,-4],[-6,-10],[-5,-8],[-9,-19],[-13,-21],[0,-2],[0,-2],[0,-4],[-2,-11],[-5,-6],[-5,-7],[-7,-5],[-9,-2],[-31,-7],[-11,-6],[-9,-5],[-5,-12],[-3,-20],[-1,-7],[-2,-16],[-11,-26],[-22,-34],[-6,-10],[-7,-5],[-8,-4],[-5,-3],[-5,-7],[-20,-22],[-16,-13],[-18,-11],[-22,-5],[-18,-3],[-109,6],[-38,-1],[-24,-3],[-30,-4],[-38,1],[-26,3],[-68,9],[-12,0],[-14,1],[-44,8],[-28,9],[-12,3],[-13,2],[-39,4],[-29,0],[-24,3],[-10,3],[-16,6],[-20,2],[-32,2],[-34,2],[-38,5],[-20,5],[-18,7],[-14,5],[-10,1],[-23,-4],[-10,0],[-9,1],[-10,3],[-25,3],[-37,10],[-20,11],[-41,22],[-14,4],[-7,0],[-12,-3],[-23,-6],[-17,-1],[-11,3],[-14,7],[-12,0],[-18,-6],[-26,-5],[-23,-5],[-25,0],[-14,2],[-19,1],[-7,1],[-14,5],[-15,10],[-7,5],[-4,1],[-5,-1],[-14,-6],[-33,-13],[-30,-10],[-26,-4],[-17,-2],[-16,2],[-8,5],[-7,10],[1,7],[0,6],[-3,2],[-4,1],[-7,-4],[-6,-6],[-2,-3],[-2,-4]],[[42108,90953],[13,-16],[12,-76],[254,-295],[-2,-32],[14,-44],[38,-141],[-6,-16],[-100,-42],[-13,-17],[-2,-14],[-6,-15],[-11,-4],[-28,-47],[-5,-16]],[[42266,90178],[28,-19],[2,-22],[-15,-20],[-21,-14],[-15,-4],[-16,-3],[-15,-9],[-6,-30],[10,-23],[18,-16],[4,-16],[-5,-16],[-11,-14],[-8,-19],[7,-19],[4,-14],[17,-20],[4,-19],[-1,-17],[21,-20],[24,-24],[10,-13],[1,-17],[9,-29],[9,-27],[-58,-68],[-19,-29],[-18,-20],[-18,-12],[-17,-20],[-6,-24],[9,-15],[14,-14],[50,-23],[39,-14],[19,-15],[8,-12],[66,-56],[35,-15],[29,-9],[47,-50],[14,-13],[15,-23],[8,-22],[1,-35],[12,-24],[15,-19],[21,-46],[24,-22],[52,-29],[85,-33],[14,-10],[9,-23],[-7,-12],[-8,-11],[-5,-9],[0,-66],[27,-22],[25,-10],[-1,-32],[-15,-28],[-1,-16],[4,-16],[12,-29],[-9,-27],[-12,-9],[-21,-18],[-2,-31],[17,-17],[11,-68],[-7,-21],[-8,-9],[-4,-10],[10,-16],[14,-7],[-2,-13],[-11,-2],[-3,-15],[-2,-5],[-18,-9],[-6,-13],[-13,-59],[-52,-66],[-54,-39],[-36,-28],[0,-21],[-23,-26],[0,-13],[28,-54],[16,-27],[37,-41],[-128,-7],[-21,11],[-12,41],[-34,21],[-216,-1],[-48,-31],[-39,-30],[-25,-72],[110,-55],[134,-85],[66,4],[37,-14],[16,-2],[26,-2],[25,-7],[27,-11],[34,-4],[31,-7],[39,-15],[27,-5],[20,-14],[17,-37],[19,-17],[8,-7],[15,-21],[8,-7],[20,-12],[20,-9],[24,-8],[11,-7],[12,-9],[16,-1],[11,-9],[2,-5],[12,-7],[22,-7],[15,-4],[14,-5],[13,-6],[54,-61],[19,-12],[7,-5],[10,-5],[30,-11],[28,-6],[22,-12],[1,-7],[9,-15],[27,-12],[17,-7],[10,-8],[19,2],[18,2],[23,-1],[14,-5],[54,1],[21,1],[9,3],[58,-20],[64,-29],[56,-39],[20,-44],[96,-33],[83,-21]],[[43749,87317],[22,20],[142,87],[209,106],[315,196],[29,17],[39,44],[147,112],[135,43],[182,98],[119,41],[148,33],[115,28],[170,49],[204,59],[128,37],[249,53],[69,16],[253,23],[439,20],[311,2],[264,22],[104,14],[110,-6],[89,12],[87,30],[107,60],[19,8],[54,3],[210,-4]],[[37301,92238],[-85,-51],[-83,-44],[-48,-26]],[[37078,91075],[143,5],[40,2],[610,-62],[-91,-276],[519,-138],[70,189],[268,-107],[50,-28],[191,-72],[523,-195],[12,-56],[0,-62],[-31,-69],[-35,-16]],[[39347,90190],[30,-31],[10,-7],[65,-33],[17,-15],[1,-18],[0,-16],[-11,-4],[-11,-8],[-7,-16],[-3,-32],[3,-28],[13,-11],[3,-11],[-7,-28],[14,-24],[8,-18],[10,-6],[7,-2],[10,-4],[6,-8],[14,-54],[-10,-25],[-2,-14],[4,-7],[7,-14],[-1,-7],[2,-13],[8,-16],[5,-11],[1,-33],[8,-15],[10,-12],[31,-19],[18,11],[11,29],[20,9],[10,5],[72,61],[-9,38],[4,7],[35,59],[2,5],[13,8],[76,44],[9,4],[52,-27],[6,-10],[-4,-29],[12,-7],[149,12],[9,8],[-7,45],[8,8],[55,7],[12,9],[18,5],[32,-6],[8,5],[-4,20],[-31,21],[1,8],[37,12],[51,-12],[55,11],[22,32],[8,4],[64,-11],[14,0],[66,-1],[63,2],[148,54],[7,0],[56,-16],[72,-5],[14,6],[99,58],[15,2],[53,-1],[21,1],[11,3],[134,58],[10,1],[34,-8],[84,-1],[20,-2],[84,-39],[11,0],[35,17],[23,4],[12,58],[74,12],[37,1],[12,-2],[11,-43],[-8,-12],[-3,-13],[0,-7],[7,-15],[4,-19],[41,2],[11,7],[14,62],[12,1],[18,5],[92,-45],[15,0],[22,21],[13,3],[100,-5],[13,-6],[30,-49],[43,7],[38,23],[24,17],[38,21],[68,-8],[58,14]],[[42108,90953],[-10,-5],[-11,-4],[-19,-5],[-17,3],[-6,0],[-5,1],[-3,0],[-16,-2],[-24,-3],[-39,1],[-15,3],[-19,1],[-3,1],[-6,6],[-7,5],[-3,1],[-6,0],[-11,-2],[-18,-1],[-8,1],[-7,2],[-5,0],[-26,-8],[-20,-3],[-20,-3],[-31,-1],[-21,2],[-23,3],[-39,12],[-30,12],[-42,20],[-22,18],[-16,9],[-7,4],[-7,1],[-13,-2],[-24,-2],[-59,3],[-33,4],[-18,5],[-56,13],[-53,10],[-59,14],[-50,14],[-21,8],[-22,8],[-20,5],[-11,3],[-14,5],[-56,20],[-57,24],[-164,70],[-41,20],[-30,14],[-21,11],[-24,12],[-11,7],[-14,3],[-58,20],[-40,16],[-21,6],[-11,6],[-15,10],[-55,29],[-14,6],[-16,-2],[-45,2],[-74,23],[-27,11],[-8,5],[-2,4],[-6,4],[-8,2],[-12,0],[-10,6],[-8,4],[-5,3],[-4,3],[-4,4],[-9,9],[-5,7],[-5,5],[-4,6],[-1,4],[0,4],[3,8],[0,10],[-2,7],[-1,4],[-1,8],[-3,4],[-8,3],[-6,2],[-7,2],[-3,2],[-2,2],[-5,2],[-6,1],[-21,-4],[-10,-4],[-8,-11],[-11,-5],[-10,-2],[-9,-1],[-30,6],[-15,1],[-14,0],[-19,-2],[-18,2],[-20,7],[-71,25],[-44,21],[-40,18],[-25,11],[-36,16],[-129,42],[-64,21],[-64,21],[-57,25],[-36,17],[-11,3],[-77,50],[-112,66],[-22,13],[-206,126],[-16,8],[-96,74],[-35,27],[-11,8]],[[40603,93392],[11,-2],[7,-5],[5,-12],[5,-5],[9,-4],[11,-2],[5,-3],[4,-8],[-1,-10],[2,-3],[8,-4],[13,-8],[27,-19],[24,-12],[38,-17],[6,-3],[24,-9],[9,-2],[9,0],[4,0],[1,2],[-2,1],[-6,2],[-9,-1],[-6,1],[-10,5],[-6,2],[-1,2],[2,2],[4,1],[17,2],[17,1],[11,-4],[10,-6],[14,-13],[26,-16],[27,-16],[37,-16],[10,-12],[8,-9],[14,-9],[14,-10],[7,-9],[3,-9],[7,-9],[5,-13],[3,-6],[2,-5],[6,-11],[2,-7],[4,-9],[3,-11],[7,-4],[11,-2],[10,-3],[5,-3],[5,-4],[12,-10],[11,-10],[10,-12],[15,-12],[15,-13],[11,-14],[12,-14],[11,-15],[14,-11],[26,-18],[20,-17],[15,-12],[21,-7],[15,-4],[8,-2],[13,-9],[12,-5],[15,-9],[12,-8],[13,-10],[19,-10],[16,-7],[17,-8],[16,-11],[7,-7],[13,-7],[28,-13],[32,-14],[15,-8],[12,-9],[12,-9],[8,-9],[11,-9],[8,-9],[10,-10],[8,-10],[12,-13],[7,-8],[8,-12],[9,-15],[5,-8],[7,-16],[4,-8],[8,-7],[7,-5],[6,-2],[14,-6],[9,-5],[12,-3],[15,-13],[10,-13],[6,-5],[7,-4],[7,-3],[7,0],[10,-1],[13,-7],[10,-11],[9,-4],[7,-3],[10,-3],[15,-8],[15,-11],[8,-5],[13,-7],[8,-2],[9,-3],[9,-3],[10,-4],[6,-1],[10,-3],[3,-2],[2,0],[7,2],[10,4],[7,2],[12,-1],[10,-3],[8,-5],[15,-13],[16,-12],[10,-15],[11,-15],[7,-8],[4,-5],[4,-1],[14,-1],[10,-3],[9,-6],[9,-5],[7,-5],[10,-5],[24,-8],[36,-9],[11,-2],[12,-5],[10,-8],[14,-14],[14,-5],[20,-4],[8,-4],[9,-9],[7,-2],[9,0],[10,1],[12,-2],[13,-5],[8,-6],[14,-9],[11,-3],[21,-3],[42,-10],[16,-5],[9,-8]],[[42506,92293],[-3,3],[-2,2],[-4,2],[-10,4],[-6,3],[-6,3],[-4,3],[-23,15],[-33,18],[-19,11],[-15,11],[-9,5],[-26,16],[-18,11],[-69,40],[-29,16],[-22,13],[-14,9],[-35,21],[-38,23],[-12,8],[-8,5],[-8,5],[-6,3],[-11,7],[-35,20],[-25,17],[-8,4],[-8,5],[-13,9],[-41,24],[-46,28],[-8,4],[-5,3],[-10,7],[-11,8],[-6,4],[-9,5],[-6,3],[-6,2],[-6,3],[-6,4],[-9,8],[-6,6],[-6,4],[-8,3],[-17,10],[-10,6],[-42,26],[-23,15],[-31,19],[-27,16],[-12,9],[-16,10],[-7,3],[-13,9],[-11,6],[-16,10],[-18,13],[-13,7],[-21,11],[-6,4],[-11,7],[-18,12],[-20,13],[-22,14],[-6,5],[-7,4],[-10,5],[-13,8],[-16,10],[-18,12],[-22,14],[-24,16],[-26,17],[-23,15],[-18,11],[-15,9],[-15,10],[-32,23],[-40,24],[-89,54],[-19,14],[-17,11],[-15,10],[-24,16],[-25,14],[-17,12],[-5,3],[-15,8],[-6,4],[-23,14],[-11,6],[-4,3],[-3,3],[-19,13],[-14,9],[-12,7],[-15,10],[-16,10],[-19,11],[-15,9],[-16,15],[-10,8],[-3,2],[-2,4],[13,9],[7,5],[5,6],[5,5],[5,7],[4,9],[2,7],[2,6],[2,5],[0,7],[0,5],[-1,5],[-4,17],[-1,3],[-2,1],[-3,1],[-2,0],[-2,-1],[-2,-2],[0,-2],[1,-2],[2,-3],[2,-4],[1,-8],[1,-11],[0,-6],[-2,-9],[-3,-6],[-3,-6],[-3,-6],[-5,-6],[-7,-8],[-4,-4],[-4,-4],[-10,-8],[-39,-26],[-7,-4],[-30,21],[-12,10],[-10,12],[-3,6]],[[56740,91529],[-2,1],[-26,2],[-11,-2],[-12,0],[-20,0],[-20,1],[-9,2],[-10,0],[-7,1],[-5,0],[-5,0],[-10,0],[-17,1],[-39,-2],[-24,1],[-13,0],[-32,4],[-71,8],[-46,9],[-28,4],[-38,1],[-33,3],[-26,4],[-26,3],[-18,3],[-32,6],[-23,6],[-52,7],[-15,2],[-22,4],[-68,11],[-4,0],[-116,17],[-60,12],[-273,56],[-83,18],[-339,80],[-193,47],[-176,48],[-64,18],[-135,42],[-92,35],[-104,28],[-21,6],[-12,6],[-14,9],[-12,11],[-9,9],[-7,9],[-7,13],[12,20],[2,4],[2,6],[1,5],[0,9],[1,1],[0,2],[0,1],[-1,1],[-1,1],[-1,0],[-1,0],[-1,0],[-1,0],[-1,-1],[-1,-1],[0,-3],[0,-1],[-1,-13],[-2,-5],[-2,-4],[-11,-19],[-1,-1],[-6,-10],[-2,-1],[-3,-1],[-10,1],[0,-3],[-8,0],[0,3],[-4,0],[-6,0],[-25,0],[0,13],[1,5],[0,5],[0,1],[0,4],[0,1],[1,12],[35,0],[0,10],[-43,1],[1,29],[19,0],[1,0],[17,-1],[1,0],[17,0],[1,0],[13,-1],[9,0],[0,6],[2,3],[4,0],[7,-1],[8,-2],[5,-2],[6,-3],[26,-16],[0,-1],[-1,-1],[0,-1],[1,-1],[0,-1],[1,0],[1,-1],[1,-1],[1,0],[2,0],[1,0],[2,0],[1,0],[2,0],[1,1],[1,1],[1,1],[0,1],[0,1],[0,1],[0,1],[-1,1],[-1,1],[-5,3],[-24,15],[-6,3],[-5,3],[-9,2],[-10,2],[-12,2],[-85,2],[-9,0],[-1,1],[3,6],[0,2],[-2,3],[-1,3],[0,2],[-2,0],[-3,-1],[-4,-3],[-1,-1],[-7,0],[-1,-1],[-8,-10],[-6,-3],[-64,-18],[-9,-7],[-14,-21],[-5,-8],[-6,-6],[-10,-4],[-8,-1],[-14,-4],[-11,-6],[-4,-8],[-9,-7],[-7,-3],[-8,-3],[-27,-10],[-10,-6],[-4,-6],[-3,-6],[-6,-4],[-10,-4],[-27,-10],[-22,-20],[-21,-21],[-8,-8],[-6,-6],[-5,-3],[-8,-1],[-6,0],[-7,-2],[-6,-6],[-3,-6],[-7,-4],[-8,-1],[-3,-4],[0,-4],[-2,-6],[-4,-5],[-3,-1],[-4,-1],[-7,3],[-7,-1],[-7,-4],[-8,-7],[-18,-25],[-31,-25],[-12,-6],[-12,-1],[-14,-1],[-10,-5],[-10,-9],[-15,-15],[-15,-14],[-31,-26],[-26,-25],[-14,-9],[-29,-21],[-37,-31],[-27,-13],[-16,-8],[-30,-16],[-45,-29],[-85,-71],[-26,-17],[-27,-10],[-18,-7],[-18,-16],[-12,-13],[-18,-12],[-20,-8],[-22,-4],[-24,2],[-11,-1],[-10,-7],[-5,-7],[-14,-31],[-7,-13],[-11,-15],[-13,-7],[-44,-4],[-5,-1],[-24,-8],[-24,-8],[-18,-8],[-6,-6],[-20,-22],[-18,-14],[-31,-15],[-44,-19],[-31,-9],[-25,-12],[-14,-14],[-4,-8],[-2,-10],[-9,-11],[-27,-14],[-32,-19],[-26,-13],[-10,-6],[-27,-17],[-47,-24],[-15,-13],[-14,-9],[-12,-8],[-22,-7],[-19,-11],[-9,-13],[-12,-13],[-16,-12],[-8,-7],[-4,-1],[-4,2],[-10,9],[-6,3],[-4,0],[-1,-3],[1,-2],[4,-5],[4,-3],[1,-3],[0,-3],[-14,-13],[-10,-6],[-15,-6]],[[52320,91008],[17,-13],[14,-7],[4,-11],[-1,-15],[3,-7],[11,-2],[11,-3],[8,-6],[4,-8],[-1,-17],[22,-34],[30,-21],[19,0],[25,4],[24,-3],[20,-7],[14,1],[26,-6],[3,-12],[11,-7],[-2,-7],[6,-10],[10,-11],[15,-3],[13,1],[9,-4],[7,-22],[5,-18],[-19,-42],[7,-20],[8,-37]],[[52643,90661],[13,-4],[19,-4],[11,0],[26,0],[24,-4],[121,4],[220,5],[303,7],[39,-2],[73,-11],[290,-36],[35,-4],[73,-23],[16,-12],[20,-3],[21,-8],[1,-9],[17,-2],[17,-4],[15,-7],[37,-12],[11,4],[63,-14],[11,-1],[9,6],[14,1],[29,-3],[44,10],[41,7],[35,14],[36,-1],[23,-6],[32,-12],[25,-1],[10,-8],[17,-5],[11,-11],[8,-10],[-2,-36],[-7,-85],[124,-4],[1,17],[43,47],[21,13],[26,7]],[[54659,90461],[8,10],[10,5],[12,5],[11,3],[27,11],[5,4],[4,5],[4,4],[5,5],[6,3],[23,7],[54,12],[59,17],[18,4],[27,6],[14,3],[16,6],[40,5],[22,2],[15,0],[30,2],[25,1],[16,-2],[9,2],[11,0],[15,-1],[15,1],[6,2],[7,8],[5,8],[1,9],[-5,14],[2,8],[1,9],[1,5],[2,4],[1,6],[2,9],[4,12],[3,6],[7,11],[5,8],[2,9],[1,10],[0,17],[3,10],[7,15],[6,10],[8,7],[33,25],[9,4],[8,2],[9,0],[13,-2],[10,-2],[9,-4],[8,-3],[6,-3],[8,-6],[6,-5],[14,-5],[17,-4],[27,-7],[19,-3],[17,-2],[23,-6],[15,-3],[14,-2],[16,-2],[53,-2],[36,-1],[22,-2],[36,-4],[51,-4],[15,0],[22,1],[26,1],[19,3],[16,4],[12,4],[46,16],[31,16],[22,8],[19,10],[10,7],[10,9],[6,8],[4,8],[3,9],[0,11],[19,33],[4,39],[2,26],[-15,29],[-12,26],[-16,32],[-2,12],[4,11],[3,14],[9,11],[9,11],[14,10],[15,7],[8,5],[13,3],[7,2],[9,4],[8,3],[10,3],[12,0],[11,0],[42,-5],[20,-3],[32,-2],[61,0],[74,2],[52,3],[23,2],[21,3],[21,3],[23,4],[29,8],[58,17],[26,9],[27,12],[19,10],[29,20],[19,14],[12,14],[8,9],[7,18],[4,10],[2,20],[-1,26],[-5,22],[-2,21],[2,12],[4,13],[3,12],[25,57],[19,28],[6,11],[2,6],[-3,20]],[[52643,90661],[-701,-953],[-222,-99],[-191,-3],[-1270,-210],[8,-30],[-57,-132],[-31,-161],[-6,-19],[-10,-51],[-525,-83],[-63,-27],[-161,4],[-149,-5],[5,-155],[38,-284],[-429,57],[-290,27],[-371,3]],[[46780,90666],[9,-2],[9,-3],[22,-8],[13,-7],[8,-3],[8,-2],[6,-2],[27,-4],[15,-2],[34,-5],[17,-2],[7,-1],[7,-1],[14,0],[20,-3],[34,-6],[26,-4],[16,-3],[16,-2],[13,-1],[6,0],[3,0],[2,0],[37,-4],[13,-2],[16,-1],[11,0],[8,0],[5,3],[7,4],[6,5],[4,2],[5,1],[6,1],[4,1],[6,0],[4,-1],[6,-2],[5,-3],[7,-6],[7,-5],[12,-5],[12,-5],[7,-4],[12,-5],[15,-4],[18,-4],[20,-4],[8,0],[8,-1],[7,0],[6,0],[5,0],[7,1],[21,5],[8,2],[4,1],[4,0],[5,0],[3,-1],[4,-3],[5,-3],[8,-4],[5,-2],[8,-3],[6,-1],[9,-2],[16,-5],[6,-2],[13,-2],[13,-1],[11,0],[10,-1],[17,-1],[10,-2],[5,-1],[3,-1],[4,0],[6,0],[6,-1],[5,0],[6,-1],[10,-4],[13,-4],[9,-3],[5,-2],[6,-2],[7,-1],[7,-1],[8,0],[11,0],[8,-1],[18,-1],[10,-1],[6,0],[6,1],[4,1],[2,2],[6,5],[4,2],[4,2],[4,1],[6,1],[4,0],[3,0],[3,-1],[4,-2],[4,-2],[5,-2],[8,-2],[15,-2],[13,-4],[6,-1],[12,-1],[15,-2],[33,-1],[20,0],[6,-1],[7,0],[6,0],[3,0],[5,1],[30,5],[8,1],[6,1],[3,0],[3,-1],[3,-1],[4,-1],[12,-2],[6,-1],[7,0],[13,0],[11,1],[6,0],[7,-2],[25,-2],[19,-2],[36,-5],[38,-5],[10,-1],[8,0],[5,0],[5,0],[4,-2],[13,-4],[9,-3],[8,0],[8,0],[7,1],[6,1],[35,9],[12,3],[12,2],[10,1],[22,2],[18,3],[39,5],[17,2],[5,2],[4,1],[12,6],[28,13],[10,4],[6,2],[8,1],[8,0],[12,-2],[12,-4],[10,-6],[16,-11],[12,-6],[10,-3],[27,-7],[18,-4],[85,-19],[21,-4],[26,-4],[36,-4],[15,-1],[9,-2],[10,-1],[7,0],[15,1],[19,1],[10,1],[10,-1],[10,0],[33,-5],[38,-4],[12,-1],[11,1],[10,0],[13,-1],[52,-3],[30,-6],[76,-13],[103,-14],[91,-16],[92,-11],[68,-5],[87,6],[50,9],[41,11],[30,2],[40,-1],[67,4],[20,5],[24,11],[22,4],[39,-3],[33,-2],[35,-1],[81,6],[52,1],[30,0],[39,6],[34,4],[49,4],[29,7],[28,11],[20,4],[23,0],[48,0],[23,2],[49,4],[19,7],[31,9],[37,10],[63,16],[54,19],[17,15],[9,8],[2,7],[0,5],[-6,3],[-10,4],[-15,1],[-2,1],[0,2],[2,2],[4,0],[7,-2],[5,-1],[2,0],[16,1],[4,-1],[4,-2],[0,-7],[-4,-3],[-1,-3],[0,-3],[3,-3],[16,-7],[37,-2],[40,-1],[64,10],[9,10],[10,6],[11,3],[24,-1],[67,6],[14,4],[10,7],[3,14],[7,9],[25,8],[37,1],[30,-2],[24,4],[19,13],[9,11],[3,9],[2,6],[-1,8],[1,4],[4,1],[4,-1],[2,-4],[3,-5],[6,-4],[15,-6],[13,-1],[20,4],[58,14],[32,8],[21,9],[23,5],[57,14],[43,14],[17,11],[8,8],[15,22],[8,13],[6,16],[3,16],[2,10],[5,4],[5,-1],[4,-9],[15,-12],[17,-5],[16,1],[17,9],[2,9],[-4,15],[0,6],[2,15],[2,2],[5,1],[23,-8],[10,-2],[13,1],[35,6],[27,1],[10,-2],[6,-7],[1,-13],[14,-14],[19,1],[16,9],[12,9],[7,10],[0,12],[2,2],[4,1],[7,-4],[11,-12],[9,-2],[7,1],[19,8],[11,9],[-1,4],[-12,8],[-12,3],[-1,1],[1,1],[37,11],[3,0],[1,-2],[-1,-2],[-6,-4],[-1,-5],[3,-3],[16,-5],[39,-1],[26,5],[30,16],[5,9],[3,10],[7,6],[11,3],[37,4],[22,7],[10,8],[9,11],[4,3],[20,3],[18,3],[38,6],[19,7],[36,16],[17,8]],[[27315,84651],[8,137],[-1,99],[19,78],[69,62],[241,130],[404,144],[110,40],[293,140],[232,66],[279,105],[433,130],[93,9],[284,73],[364,35],[163,-17],[472,-204],[431,-136],[440,-270],[253,-241],[75,25],[147,103],[81,213],[94,479],[75,173]],[[32374,86024],[7,157],[40,142],[267,31],[169,75],[160,145],[274,603],[72,225],[147,592],[-34,139],[-327,212],[-164,58],[-397,131],[-86,-19],[-49,12],[-50,29],[-59,12],[-44,-6],[-24,0],[-22,15],[-61,36],[-47,11],[-45,16],[-110,23]],[[31991,88663],[-505,107],[-494,-118],[-334,-76],[-150,-15],[-151,-5],[-215,75],[-181,3],[-140,-22],[-173,-3],[-196,21],[-567,244],[32,38],[5,5],[7,2],[7,-1],[7,-5],[4,-7],[13,-31],[3,-4],[7,-3],[15,0],[14,2],[12,3],[4,7],[2,8],[4,107],[3,8],[5,6],[11,7],[12,5],[9,2],[11,-2],[16,-1],[12,1],[10,4],[7,6],[4,9],[1,59],[3,4],[7,6],[4,11],[1,9],[-1,22],[-5,16],[-7,20],[-7,8],[-7,8],[-35,34],[-4,10],[0,7],[4,8],[8,7],[14,7],[9,5],[11,8],[35,41],[0,8],[-4,7],[-10,7],[-9,7],[-5,9],[-14,34],[-4,14],[-10,38],[-5,7],[-6,7],[-32,18],[-18,12],[-10,8],[-8,4],[-42,20],[-4,7],[0,6],[1,10],[5,17],[-1,7],[-13,26],[0,10],[5,20],[5,15],[10,24],[4,11],[8,9],[18,16],[7,11],[2,9],[-2,10],[-4,10],[-5,8],[-1,5],[-1,5],[0,6],[-23,-5],[-61,-4]],[[31991,88663],[57,639],[348,122],[591,-105],[237,-61]],[[35071,89245],[7,-32],[44,-90],[189,-94],[104,-98]],[[37141,88996],[80,-128],[-33,-49],[-18,-81],[-34,-149],[256,-56],[191,-206],[367,-194],[-185,-54],[-33,-47],[204,-61],[158,-147],[187,59]],[[38281,87883],[85,-102],[16,-13],[14,-1],[23,-9],[27,-9],[33,-6],[30,-15],[35,-11],[75,-15],[88,-25],[42,-10],[572,-797]],[[39321,86870],[-60,-12],[-7,0],[-13,2],[-21,26],[-18,-2],[-85,-37],[-32,-22],[-9,-11],[9,-70],[-134,-69],[-164,-91],[-27,-17],[-142,-61],[-190,-32],[-189,-20],[-290,-22],[-138,0],[-286,0],[-212,16],[-214,50],[-39,12],[-54,22],[-48,16],[-2,57],[-19,139],[-394,-15],[-530,-29],[-123,-4],[-35,63],[-156,361],[-806,-172],[178,-416],[-174,-47],[-123,10],[-42,-9],[-16,-11],[-211,-63],[-18,-19],[-10,-15],[-30,-102],[-38,-41],[-133,-94],[-159,-36],[-40,-20],[-39,-33],[-13,-11],[-157,-67],[-76,-14],[-8,-4],[-12,-41],[-9,-11],[-10,-40],[-6,-70],[903,99],[-585,-347]],[[34065,85546],[-520,-239],[-109,-21],[-202,-28],[-391,-98],[-160,-22],[-27,124],[-69,130],[-84,128],[5,301],[-30,70],[-104,133]],[[26990,82553],[230,6],[95,9],[178,-1],[310,-24],[498,-48],[160,-11],[663,18],[99,-7],[-72,-136],[22,-6],[447,-269],[558,-173],[801,-67],[412,-91],[94,-345],[1363,-360],[914,-330]],[[33762,80718],[495,845],[-492,308],[-458,588],[-118,442],[441,298],[432,588],[366,339],[489,441],[282,124],[137,44],[-287,206],[-226,80],[-399,257],[-359,268]],[[33762,80718],[164,48],[190,67],[558,-233],[534,-170],[368,6],[93,30],[602,-151],[349,-113],[154,-35],[77,-61],[-19,-45],[18,-34],[22,-17],[46,-51],[-3,-27],[14,-23],[-142,-86],[-24,-20],[-12,-30],[89,-114],[25,-156],[9,-56],[102,-238],[54,-108],[9,-91],[3,-11],[106,-9],[21,-3]],[[37169,78987],[51,31],[125,44],[106,39],[52,25],[67,20],[46,17],[22,14],[4,6],[6,6],[10,4],[9,6],[2,0],[16,6],[7,3],[8,4],[11,7],[15,10],[40,36],[18,13],[12,5],[36,16],[17,10],[42,26],[14,6],[24,8],[10,4],[14,1],[22,-1],[1,0],[16,2],[15,2],[16,3],[20,1],[20,1],[25,3],[13,3],[13,3],[9,3],[7,5],[13,14],[13,11],[12,22],[5,6],[9,5],[15,4],[13,5],[12,3],[14,0],[16,-1],[16,5],[19,8],[17,10],[9,10],[23,33],[15,14],[12,8],[10,7],[9,2],[8,4],[15,1],[14,1],[20,1],[18,2],[16,3],[26,6],[18,5],[17,0],[23,3],[28,8],[12,3],[20,8],[17,8],[40,31],[14,9],[10,4],[9,3],[12,2],[17,-2],[20,-1],[25,0],[71,5],[23,1],[17,0],[13,-2],[14,-1],[19,-1],[21,-1],[21,1],[16,1],[17,4],[28,10],[23,8],[22,3],[52,34],[78,36],[129,64],[51,29],[53,18],[27,6]],[[39476,79859],[16,2],[21,1],[42,3],[26,-1],[18,-2],[23,2],[16,3],[14,5],[11,7],[14,14],[7,6],[10,6],[12,4],[24,6],[32,18],[37,27],[24,26],[22,21],[19,11],[17,6],[29,9],[24,3],[33,2],[52,4],[42,7],[32,2],[33,3],[24,3],[19,6],[23,15],[32,34],[17,14],[16,8],[29,11],[127,35],[15,8],[15,13],[28,35],[15,35],[25,42],[18,16],[31,23],[32,15],[12,2],[18,1],[19,-2],[62,-14],[18,-1],[17,3],[21,5],[21,11],[18,20],[32,49],[24,36],[39,47],[29,29],[27,22],[53,38],[72,45],[22,7],[217,90],[54,108],[-27,9],[-33,29],[-47,22],[22,3],[31,35],[-12,38],[-54,14],[-35,22],[-70,-11],[2,22],[-67,77],[-118,71],[102,-13],[9,9],[33,-23],[57,-21],[17,-17],[41,-29],[27,0],[44,-8],[29,3],[9,-13],[17,-26],[58,-11],[9,31],[34,0],[18,-20],[22,-3],[42,14],[44,4],[10,8],[-3,9],[-29,8],[17,13],[36,-3],[28,-23],[19,4],[10,27],[18,-13],[8,-17],[74,-1],[51,-2],[4,10],[-20,3],[35,37],[-1,23],[53,-10],[25,15],[24,9]],[[41930,81168],[63,67],[39,38],[22,45],[-9,14],[11,28],[17,22],[27,18],[28,9],[23,27],[32,24],[20,19],[33,19],[29,5],[34,-2],[34,6],[22,24],[16,57],[-5,36],[-30,6],[-59,27],[-84,61],[-16,48],[-2,56],[25,27],[64,22],[107,-6]],[[42371,81865],[-159,88],[-152,54],[-49,35],[-52,65],[-81,50],[-57,39],[-62,66],[-47,55],[7,145],[79,165],[56,139],[16,182],[-75,55],[-101,32],[-212,57],[-362,125],[-12,171],[-79,156],[-23,42],[-47,224],[-55,165],[-69,138],[-67,0],[-116,139],[-84,58],[-14,77],[32,227],[61,199],[18,172],[72,191],[-12,161],[341,99],[-25,9],[-14,14],[-91,39],[-67,55],[-33,54],[-9,51],[19,44],[69,51],[122,62],[60,45],[123,124],[66,133],[17,107],[-10,85],[-164,37],[-98,2],[-112,-34],[-196,-32],[-118,32],[-211,-44],[-54,0],[14,38],[0,17],[-32,22],[-20,12],[-8,22],[3,22],[22,34],[54,57],[15,7],[9,7],[-3,8],[2,29],[20,24],[8,10],[3,11],[14,6],[-7,8],[-52,-10],[-14,-1],[-67,33],[-39,2],[-60,4],[-38,18],[-86,15],[-50,-9],[-63,12],[-57,15],[-54,38],[-49,15],[-33,28],[-26,8],[-43,7],[-86,26],[-79,44],[-92,15],[-20,1],[-96,3],[-9,2]],[[56617,86199],[-19,5],[-32,6],[-15,6],[-20,8],[-17,9],[-14,10],[-2,12],[-4,9],[-4,9],[-13,12],[-11,9],[-11,7],[-11,7],[-6,9],[4,7],[12,11],[-4,6],[-6,5],[-8,2],[-26,8],[-21,8],[-18,8],[-19,13],[-13,14],[-1,9],[-9,15],[-10,9],[-52,26],[-18,12],[-11,10],[-16,9],[-14,6],[-17,3],[-16,1],[-33,1],[-25,-1],[-15,-2],[-11,1],[-10,2],[-16,1],[4,20],[1214,534],[885,-289]],[[58168,86766],[200,-273],[-19,-250],[266,-391],[-189,-279],[-51,-305]],[[58375,85268],[-195,30],[-2,4],[-3,3],[-4,3],[-5,2],[-10,1],[-8,0],[-7,-1],[-5,1],[-6,0],[-33,13],[-14,5],[-6,1],[-9,0],[-12,0],[-8,1],[-12,3],[-9,3],[-7,5],[-6,3],[-13,4],[-16,4],[-5,3],[-3,2],[-3,3],[-3,6],[-5,20],[-1,10],[-1,9],[-3,10],[-6,11],[-4,6],[-12,14],[-10,10],[-10,8],[-13,9],[-8,6],[-9,12],[-6,8],[-3,7],[-5,10],[-1,5],[-9,6],[-15,10],[-12,9],[-17,9],[-11,10],[-10,7],[-26,17],[-14,10],[-27,13],[-15,6],[-11,2],[-14,-1],[-16,1],[-14,5],[-19,6],[-16,5],[-13,2],[-5,2],[-14,4],[-17,4],[-8,2],[-10,3],[-7,3],[-8,3],[-9,2],[-13,2],[-8,3],[-4,1],[-4,4],[-3,3],[-6,4],[-10,5],[-13,4],[-13,3],[-8,2],[-11,5],[-12,4],[-8,3],[-9,4],[-9,5],[-10,14],[-5,9],[-2,3],[-2,4],[-1,6],[-2,5],[-2,3],[-3,5],[-6,6],[-5,5],[-7,6],[-16,17],[-8,11],[-12,10],[-14,10],[-7,3],[-14,4],[-7,1],[-12,0],[-8,-1],[-7,-1],[-7,-3],[-8,-4],[-4,-1],[-9,0],[-6,-2],[-13,-2],[-12,0],[-7,2],[-9,3],[-13,4],[-21,5]],[[57147,85836],[0,4],[-7,20],[-1,7],[1,6],[-4,15],[-2,5],[-19,18],[-18,17],[-18,11],[-29,16],[-13,7],[-17,6],[-9,11],[-10,7],[-15,12],[-21,11],[-7,5],[-7,5],[-5,5],[-7,3],[-10,5],[-9,10],[-3,6],[-6,4],[-6,3],[-4,5],[-4,5],[-14,6],[-8,9],[-2,5],[-11,5],[-4,2],[-3,2],[-7,7],[-10,9],[-7,5],[-9,4],[-30,8],[-21,3],[-3,11],[-18,10],[-21,12],[-20,16],[-21,11],[-28,-1],[-24,6],[-19,4]],[[61072,89313],[-1,6],[3,5],[4,3],[2,4],[4,4],[2,5],[0,6],[-3,6],[-8,10],[-9,12],[-9,8],[-11,7],[-6,3],[-5,2],[-6,1],[-7,1],[-6,-2],[-4,-2],[-1,-2],[0,-2],[0,-5],[-1,-4],[-3,-4],[-6,-3],[-11,-3],[-9,0],[-19,1],[-27,10],[-6,5],[-7,4],[-5,7],[-2,5],[6,13],[8,13],[8,13],[3,12],[0,8],[-1,3],[-2,1],[-5,0],[-6,-1],[-16,-5],[-37,-3],[-29,2],[-12,2],[-12,3],[-21,7],[-12,5],[-9,6],[-11,8],[-3,3],[-1,4],[-1,4],[1,3],[4,6],[12,14],[8,7],[6,5],[7,1],[13,3],[15,1],[19,1],[8,0],[7,2],[8,5],[6,7],[10,17],[9,12],[4,6],[4,12],[2,11],[1,13],[0,25],[0,8],[-5,10],[-4,13],[0,5],[3,5],[8,6],[6,2],[4,6],[1,6],[1,5],[-4,16],[1,12],[1,2],[4,2],[8,0],[25,-2],[11,0],[11,1],[9,2],[11,5],[5,3],[3,4],[3,4],[1,5],[-2,5],[-4,7],[-12,13],[-4,7],[-2,11],[-3,15],[-1,10],[-3,7],[-3,7],[-13,23],[-12,25],[-1,7],[-1,7],[2,21],[1,5],[0,4],[-3,5],[-19,17],[-1,3],[-1,4],[1,15]],[[57522,90805],[149,-196],[-6,-94],[191,-359],[56,-105],[-80,-139],[-43,-66],[-113,-160],[-35,-50],[-53,-72],[10,-234],[80,-159],[295,-235],[-41,-81],[-28,-376],[-302,6],[56,-102],[-315,-129],[165,-424],[-74,-130]],[[57434,87700],[145,-55],[19,-260],[-157,-65],[0,-105],[249,-90],[40,92],[162,46],[64,-112],[119,-82],[213,-23],[160,30]],[[58448,87076],[130,162],[117,164],[337,155],[415,50],[625,47],[214,10],[133,-23],[254,-22],[20,123]],[[60693,87742],[57,154],[-4,79],[-8,277],[75,86],[115,84],[154,91],[83,80],[-84,66],[-187,98],[-4,212],[-24,23],[2,74],[48,83],[49,77],[56,42],[46,33],[5,12]],[[64748,87121],[-12,-44],[50,-75],[-61,-72],[14,-18],[27,-29],[35,-28],[16,-32],[22,7],[4,-2],[47,-62],[350,-138],[-455,-139],[-496,148],[-169,173],[-23,158],[29,230],[114,154],[45,51],[12,19]],[[64297,87422],[21,-6],[49,-2],[26,-9],[14,-11],[9,-21],[2,-15],[7,-13],[7,-35],[20,-8],[30,0],[47,-11],[15,-8],[32,-16],[25,-8],[30,-1],[9,-8],[-5,-12],[5,-11],[1,-9],[18,-16],[17,-12],[10,-7],[6,-8],[8,-10],[11,-13],[13,-5],[15,-8],[9,-11],[2,-3],[-2,-4]],[[64297,87422],[-26,11],[-7,10],[-20,35],[-1,5],[10,14],[3,24],[-9,24],[-9,14],[-14,7],[-15,-6],[-28,-24],[-10,-5],[-10,3],[-22,8],[-10,12],[-5,15],[-9,12],[-18,5],[-15,-3],[-13,-5],[-12,8],[-6,22],[-3,26],[-8,17],[-3,3],[-20,0],[-13,6],[-8,5],[0,19],[1,9],[-7,7],[-17,8],[-25,4],[-26,-5],[-17,2],[-16,7],[-9,13],[-15,11],[-4,8],[2,13],[-2,7],[-23,7],[-10,12],[1,8],[3,6],[6,11],[8,5],[8,5],[2,4],[0,1],[-3,1],[-10,1],[-10,3],[-3,2],[-1,3],[11,10],[10,11],[1,3],[-2,2],[-16,0],[-9,1],[-9,4],[0,2],[0,3],[-1,3],[-5,3],[-3,9],[2,4],[2,5],[7,2],[6,3],[31,5],[12,4],[5,12],[-6,13],[-13,11],[-14,6],[-21,8],[-3,7],[-11,15],[-15,10],[-12,6],[-5,3],[9,12],[3,20],[-5,10],[-5,2],[-24,-2],[-22,-5],[-21,8],[-14,17],[-2,21],[1,14],[-6,3],[-21,-1],[-16,5],[-31,17],[-23,4],[-25,-5],[-30,-9],[-32,-19],[-22,-1],[-11,7],[2,21],[-6,18],[-11,6],[-39,12],[-13,15],[-17,17],[14,12],[-9,9],[-12,6],[-20,-2],[-16,-12],[-12,-17],[-12,-3],[-28,3],[-20,7],[-32,-4],[-25,3],[-15,-1],[-40,-12],[-13,-6],[-57,20],[-99,28],[-65,53],[-87,29],[-40,12],[-36,34],[-29,9],[-22,-25],[-33,-11],[-32,4],[4,26],[22,58],[-5,8],[-21,7],[-47,-12],[-19,-8],[-9,-1],[-13,8],[-5,1],[-6,-2],[-40,-15],[-16,-26],[-13,-27],[-9,2],[-13,2],[-18,15],[-11,16],[-11,30],[-19,13],[-27,13],[-37,9],[-18,5],[-11,3],[-4,9],[0,20],[-21,30],[-12,11],[-18,8],[-9,5],[-11,12],[-8,12],[-3,9],[-1,5],[1,3],[3,4],[5,4],[27,18],[1,5],[-1,7],[-2,4],[-3,1],[-7,0],[-11,-4],[-11,-4],[-29,-8],[-30,-6],[-34,-2],[-34,-1],[-41,0],[-16,3],[-9,4],[-5,4],[-3,5],[-1,5],[0,3],[1,3],[3,4],[6,3],[33,24],[3,4],[0,4],[-4,5],[-24,18],[-8,6],[-9,5],[-7,4],[-7,1],[-5,1],[-6,-2],[-6,-2],[-12,-4],[-6,-2],[-5,-2],[-2,-1],[-3,-1],[-3,0],[-2,0],[-2,2],[-2,2],[-6,8],[-4,8],[-7,17],[-4,6],[-7,4],[-6,5],[-6,4],[-5,3],[-8,3],[-14,7],[-11,9],[-4,5],[-2,7],[0,5],[1,4],[2,3],[17,11],[16,13],[6,7],[1,8],[-1,6],[-4,6],[-9,5],[-13,3],[-16,4],[-25,3],[-9,0],[-9,0],[-26,-8],[-23,-4],[-9,0],[-8,2],[-8,3],[-6,4],[-2,4],[0,4],[1,5],[4,5],[5,4],[35,14],[17,8],[15,9],[3,4],[3,4],[2,5],[-1,4],[-3,3],[-3,4],[-2,3],[0,1],[1,2],[3,1],[2,2],[2,6],[4,7],[10,11],[8,7],[20,17],[5,5],[4,7],[3,9],[1,10],[-1,9],[-4,9],[-7,7],[-10,4],[-14,4],[-17,1],[-16,0],[-17,-2],[-16,-1],[-23,-6],[-41,-15],[-14,-5],[-10,-2],[-15,1],[-16,3],[-8,3],[-9,4],[-9,4],[-7,6],[-7,8],[-12,11],[-12,11],[-17,9],[-43,22],[-20,12],[-7,7],[-3,6],[1,8],[2,6],[2,5],[9,15],[6,14],[0,5],[-2,4],[-4,3],[-3,2],[-5,1],[-5,0],[-3,0],[-13,-3],[-14,-4],[-11,-1],[-8,-1],[-9,1],[-13,3],[-12,3],[-11,3],[-5,4],[-8,10],[-15,15],[-10,6],[-14,8],[-6,2],[-6,1],[-5,0],[-6,-2],[-5,-2],[-9,-7],[-8,-8],[-8,-3],[-14,-3],[-16,-4],[-10,-1],[-10,1],[-5,2],[-6,3],[-5,4],[-2,4],[0,5],[11,13],[24,30],[0,4],[0,6],[-3,6],[-4,4],[-4,2],[-4,1],[-10,-1],[-15,-3],[-14,-2],[-11,0],[-14,2],[-17,5],[-5,1],[-5,1],[-7,0],[-9,0],[-6,-1],[-6,2],[-9,2],[-9,2],[-15,2],[-11,0],[-9,2],[-11,5],[-5,2],[-3,5]],[[60693,87742],[176,-66],[-81,-676],[130,-115],[490,-65],[523,-302],[144,-93],[2,-252],[53,-487],[-4,-147],[33,-225],[78,-280],[-661,-552]],[[61576,84482],[842,-408],[547,-255],[930,456]],[[63895,84275],[130,909],[190,216],[1194,193],[-65,114],[316,-30],[312,40],[7,42],[-91,73],[-88,18],[-76,77],[-90,-4],[18,67],[-109,28],[16,59],[152,181],[108,89],[157,141]],[[65976,86488],[-12,7],[-20,11],[-13,10],[-5,4],[-12,6],[-13,4],[-13,6],[-9,2],[-8,3],[-7,1],[-6,1],[-17,3],[-18,3],[-14,2],[-10,3],[-12,4],[-7,4],[-15,6],[-10,4],[-13,3],[-13,4],[-7,4],[-11,8],[-8,5],[-8,5],[-9,5],[-10,6],[-16,5],[-14,5],[-22,6],[-10,6],[-14,11],[-17,11],[-24,15],[-27,16],[-13,8],[-7,8],[-8,10],[-8,6],[-18,6],[-18,1],[-19,4],[-31,9],[-28,10],[-19,10],[-27,12],[-18,8],[-16,5],[-7,2],[-16,3],[-26,5],[-2,0],[-14,6],[-21,8],[-14,6],[-14,10],[-16,10],[-2,1],[-20,13],[-14,11],[-12,8],[-33,5],[-17,2],[-18,10],[-10,11],[-24,32],[-25,28],[-34,22],[-29,17],[-23,13],[-50,35],[-26,29],[-12,3],[-9,5],[-6,2],[-10,3],[-17,4],[-6,4],[-5,4],[-4,4],[-5,5],[-5,4],[-2,3],[-4,5],[-2,4]],[[57434,87700],[-188,71],[-242,-73],[-41,264],[-490,12],[-213,114],[-259,37],[22,-98],[-132,-31]],[[55891,87996],[-4,17],[-35,166],[-123,161],[-4,110],[-157,72],[-194,151],[-141,41],[60,62],[-203,74],[-72,-69],[-114,-93],[-90,57],[-148,236],[-146,-15],[-207,194],[92,52],[-29,169],[82,-19],[22,15],[15,1],[28,10],[13,22],[2,21],[-5,17],[-39,27],[-30,22],[-19,6],[-18,17],[24,19],[26,11],[38,16],[18,13],[50,39],[8,14],[8,22],[11,19],[6,7],[5,8]],[[54621,89688],[33,6],[19,-1],[21,-3],[18,-1],[14,0],[19,5],[16,7],[18,13],[7,8],[39,31],[25,56],[11,15],[20,24],[49,38],[15,33],[2,9],[2,7],[3,6],[5,5],[17,15],[4,5],[1,7],[4,30],[3,11],[2,7],[3,9],[2,13],[1,8],[-2,17],[-1,20],[1,7],[3,9],[4,8],[1,4],[-2,4],[-2,7],[-4,8],[0,4],[0,4],[4,3],[6,4],[7,4],[6,3],[7,2],[8,1],[8,1],[12,0],[8,1],[19,3],[24,5],[20,7],[8,3],[6,4],[3,3],[3,4],[2,5],[-1,5],[-2,6],[0,4],[1,19],[-1,7],[-2,7],[-4,7],[-4,3],[-28,19],[-21,17],[-4,5],[-6,7],[-6,4],[-23,14],[-11,5],[-12,5],[-9,1],[-11,3],[-9,1],[-19,2],[-10,1],[-19,9],[-8,3],[-9,3],[-10,0],[-10,0],[-73,-1],[-11,-2],[-49,-7],[-20,-5],[-50,-12],[-32,-7],[-11,-1],[-8,1],[-7,3],[-8,8],[-29,18],[-10,10],[-12,7],[-1,6],[-5,8],[1,13],[3,8],[43,45],[33,16]],[[56740,91529],[6,-1],[7,-1],[5,0],[5,1],[11,1],[5,1],[5,0],[8,0],[16,0],[15,0],[7,0],[9,1],[7,2],[12,3],[8,0],[7,-2],[8,-3],[14,-4],[18,-4],[62,-14],[67,-22],[163,-47],[160,-44],[73,-20],[73,-19]],[[58448,87076],[30,-101],[-141,-95],[-134,-51],[-35,-63]],[[56617,86199],[-22,-13],[-206,-28],[33,-94],[-41,-66],[-50,-14],[-5,-84],[-61,-10],[50,-46],[30,12],[7,-88],[-473,-36],[-49,8],[-54,-2],[-73,26],[-6,-20],[-14,-28],[-19,-35],[0,-27],[210,-231],[70,-23],[169,-45],[405,203],[308,122],[45,-11],[38,-1],[0,13],[3,9],[5,11],[3,8],[6,8],[14,13],[16,19],[20,14],[26,14],[12,3],[9,2],[11,0],[11,-3],[24,-2],[7,1],[7,3],[7,6],[14,5],[17,8],[11,9],[10,10],[5,8],[-1,6],[1,3]],[[58375,85268],[-5,-233],[38,-276],[507,-229],[-314,-111],[-184,-66],[-56,-151],[-107,-184]],[[58254,84018],[-300,91],[-496,-313],[-382,41],[-440,-53],[-221,15],[-393,101],[-369,74],[-298,122],[-151,63],[-118,48],[-304,125]],[[54782,84332],[-12,15],[-312,433],[107,134],[-57,60],[-38,68],[15,62],[-54,37],[-12,67],[16,59],[-59,57],[32,20],[-3,44],[111,50],[58,331],[-4,35],[-28,11],[-68,21],[-18,13],[2,38],[-6,53],[-27,31],[9,32],[-19,15],[-47,35],[-36,17],[-24,19],[-19,33],[14,23],[-11,13],[-27,30],[249,-18],[2,15],[12,263],[157,-44],[113,125],[-54,67],[-384,121],[-120,85],[-5,8],[26,33],[4,9],[3,8],[0,7],[0,13],[0,12],[1,18],[18,19],[34,20],[55,9],[27,3],[8,5],[9,9],[-2,29],[0,20],[7,19],[14,17],[7,4],[7,3],[20,7],[34,12],[34,13],[105,37],[83,30],[20,7],[6,2],[5,3],[6,4],[6,4],[83,63],[49,36],[4,2],[5,3],[20,9],[64,31],[24,12],[4,2],[10,3],[9,3],[78,16],[89,18],[138,26],[95,18],[241,45],[-60,62],[-54,55],[-221,223],[311,107],[230,76]],[[61576,84482],[-565,274],[-805,337],[-790,-961],[-427,-587]],[[58989,83545],[-417,250],[-318,223]],[[60481,86659],[179,-17],[30,-177],[-57,-50],[62,-56],[-574,-46],[-37,57],[177,38],[121,142],[99,109]],[[54621,89688],[-32,5],[-18,0],[-15,6],[-24,3],[-10,4],[-26,-1],[-31,-4],[-28,-2],[-23,-5],[-23,-13],[-11,-5],[-22,-9],[-12,-17],[-14,-2],[-20,1],[-22,-3],[-31,-7],[-25,2],[-27,-1],[-24,-2],[-27,-9],[-38,-13],[-21,-4],[-18,-6],[-41,-18],[-28,-7],[-8,0],[-20,-11],[-18,-11],[-25,-21],[-25,-32],[-20,-19],[-32,-25],[-13,-22],[1,-11],[11,-14],[8,-10],[11,-3],[12,-5],[11,-8],[11,-6],[25,-8],[20,-12],[13,-12],[18,-22],[15,-14],[16,-6],[11,-9],[17,-21],[15,-18],[-1,-25],[-7,-31],[0,-34],[-11,-31],[-1,-19],[-5,-18],[-11,-2],[-43,-2],[-57,-9],[-23,-9],[-24,-10],[-9,-16],[17,-17],[15,-8],[36,-18],[50,-22],[31,-21],[18,-22],[11,-20],[-6,-32],[-6,-31],[-21,-16],[-31,-18],[-24,-12],[-49,-17],[-41,-14],[-35,-27],[-21,-9],[-36,-9],[-20,0],[-24,-5],[-22,-19],[-21,-12],[-49,-22],[-35,-10],[-30,-14],[-4,-21],[-4,-29],[-14,-23],[-7,-24],[9,-21],[-9,-22],[-25,-24],[-24,-22],[-31,-6],[-34,-4],[-43,3],[-34,-3],[-30,-5],[-25,8],[-13,-4],[-22,-14],[-14,2],[-7,-5],[-3,-24],[-7,-13],[-26,-7],[-23,-14],[-24,-17],[-25,-13],[-24,-15],[-20,-19],[-17,-12],[4,-14],[1,-12],[6,-10],[29,-22],[23,-15],[14,5],[19,-2],[25,-14],[6,-24],[-12,-41],[4,-9],[10,-5],[20,1],[37,17],[29,-3],[28,-22],[29,-18],[13,-29],[-12,-12],[-4,-5],[-6,-18],[-12,2],[-9,6],[-22,-10],[-27,-55],[8,-19],[2,-11],[19,-2],[32,14],[30,-13],[33,-65],[44,-24],[10,-30],[-12,-13],[-26,-36],[-55,-44],[-77,-54],[-45,-38],[-27,-16],[-66,-31],[-35,-66],[2,-31],[39,-27],[13,-32],[-16,-26],[-43,-15],[-116,-19],[-29,-20],[-40,-51],[-48,-18],[-66,-30],[-34,-18],[-2,-54],[-15,-27],[-65,-69],[-32,-34],[-55,-10],[-36,8],[-75,15],[-124,0],[-115,-18],[-56,-28],[-46,-31],[-16,-18],[0,-17],[44,-56],[6,-23],[-10,-33],[-73,0],[-16,8],[-35,0],[-34,-2],[-111,-15],[-46,5],[-44,4],[-30,-7],[-34,-27],[-44,-38],[-47,-24],[1,-27],[-2,-13],[-15,-5],[-62,-2],[-20,18],[-32,37],[-43,31],[-57,9],[-36,-11],[-17,-33],[-24,-22],[-12,-13],[4,-12],[39,-49],[-1,-34],[-27,-15],[-64,0],[-73,9],[-150,43],[-55,-14],[-54,-13],[-65,-11],[-74,-3],[-95,-30],[-32,-3],[-35,27],[-43,71],[-12,38],[-79,59],[-44,5],[-56,1],[-105,53],[-41,18],[-32,-8],[-110,-14],[-71,-28],[-13,-29],[15,-68],[-3,-31],[-10,-22],[-35,-34],[-15,-17],[-28,-10],[-59,-17]],[[49916,86608],[-100,-57],[-7,-19],[27,-73],[8,-29],[30,-55],[-12,-12],[-51,-21],[-68,-9],[-72,-2],[-37,-6],[-67,-13],[-52,-9],[-30,-17],[-39,-8],[-47,-27],[-25,-50],[-55,-34],[-37,-6],[-93,-9],[-94,16],[-54,22],[-63,40],[-19,24],[-65,40],[-32,12],[-35,-3],[-38,-20],[-60,-19],[-65,-4],[-81,-3],[-30,-4],[-16,-2],[-19,-29],[38,-73],[-3,-39],[-19,-44],[-40,-29],[-24,-11],[-48,-11],[-44,1],[-26,-8],[-32,2],[-63,-1],[-200,40],[-30,-1],[-19,8],[-23,20],[-49,0],[-72,-2],[-44,-10],[-33,-17],[-5,-22],[-28,-22],[-16,-15],[-32,-9],[-14,-14],[-25,-30],[-26,-21],[13,-38],[-47,-15],[-32,-22],[-25,8],[-5,43],[-14,11],[-51,-21],[-28,-23],[-42,-57],[-48,-39],[-15,-39],[-27,-44],[-27,-20]],[[47293,85658],[2258,-934],[1639,-1818],[92,-134],[-14,-87]],[[51268,82685],[34,14],[129,151],[194,28],[39,7],[90,26],[50,4],[38,17],[14,34],[5,47],[21,58],[37,50],[38,29],[47,30],[531,-20],[43,8],[80,38],[135,-4],[25,-4],[68,-10],[154,15],[77,29],[12,2],[31,20],[10,6],[8,3]],[[53178,83263],[867,434],[53,-17],[42,-14],[157,-56],[274,-200],[17,85],[77,55],[97,92],[-1,4],[-27,134],[-85,127],[-174,179],[106,93],[201,153]],[[50826,85124],[-65,52],[-80,44],[-29,76],[21,34],[77,-1],[171,-77],[105,-30],[115,86],[186,-99],[190,-205],[-62,-79],[-106,-7],[-134,-70],[-671,167],[124,38],[158,71]],[[45174,86732],[57,43],[31,10],[32,25],[67,21],[51,24],[60,18],[41,5],[86,55],[155,-13],[60,-26],[226,-14],[14,-19],[-11,-15],[-32,-24],[-26,-21],[-8,-10],[5,-13],[26,-11],[-13,-21],[0,-72],[-6,-31],[11,-20],[-11,-18],[8,-28],[6,-25],[-23,-14],[-14,-27],[-12,-21],[3,-16],[312,-8],[626,5],[163,20],[-57,52],[0,12],[-25,27],[-5,28],[0,31],[-49,75],[-92,78],[99,27],[3,91],[12,278],[408,-11],[318,-1],[170,17],[40,-296],[273,4],[18,7],[-5,13],[4,20],[-10,12],[9,65],[1,32],[-10,7],[4,14],[-7,8],[3,17],[-15,12],[-11,15],[-18,21],[7,13],[14,13],[-2,10],[-18,8],[-13,9],[5,8],[200,13],[242,15],[290,40],[183,27],[40,6],[37,17],[34,-32],[38,-60],[8,-10],[9,-9],[11,-16],[22,-17],[23,-12],[25,-18],[36,-37],[26,-26],[22,-12],[19,-3],[26,-14],[33,-12],[24,-6],[23,-5],[25,-5],[26,-8],[32,-16],[15,-13],[21,-18],[10,-18],[14,-12],[111,-56],[22,-12],[35,-18],[15,-7],[29,-10],[81,-25],[60,-17],[-29,-19],[-14,-4],[-57,-3],[-17,-6],[-63,-33],[-80,-17],[-3,-14],[19,-14],[33,-7],[24,-5],[29,0],[18,-8],[9,-5],[28,-6],[17,-8],[10,-11],[19,-28],[-3,-5]],[[43749,87317],[-21,-20],[-7,-32],[11,-29],[13,-38],[-14,-10],[-1,-24],[10,-21],[18,-14],[47,-132]],[[38281,87883],[-69,10],[14,8],[7,27],[17,19],[-5,16],[-1,16],[6,21],[6,7],[-3,19],[0,19],[-7,7],[-34,15],[-3,10],[1,19],[-3,9],[-21,9],[-27,18],[5,14],[22,6],[11,14],[15,12],[-5,15],[-12,22],[-8,18],[1,13],[16,1],[20,6],[5,22],[19,18],[11,10],[-8,7],[-6,10],[13,19],[21,13],[11,18],[7,14],[13,13],[13,-4],[15,9],[6,38],[10,19],[-11,16],[-10,10],[17,11],[18,3],[6,12],[-6,36],[8,28],[-15,33],[2,16],[-18,13],[-33,25],[-5,8],[18,20],[39,-1],[33,10],[36,4],[28,17],[16,15],[1,17],[-21,22],[-2,23],[-1,17],[3,15],[-17,28],[-19,18],[-5,12],[2,30],[3,15],[-7,19],[-1,27],[0,21],[-9,8],[-16,4],[-10,6],[-12,11],[-9,7],[30,41],[3,44],[1,19],[24,38],[23,15],[34,37],[30,24],[-4,9],[29,28],[80,10],[46,59],[27,15],[21,10],[-3,5],[-10,1],[-12,4],[-4,27],[-24,22],[3,18],[6,11],[4,22],[-4,26],[22,10],[1,17],[104,111],[3,-4],[50,51],[15,10],[-18,43],[-1,13],[9,18],[15,9],[14,5],[28,3],[75,5],[8,7],[46,26],[44,-9],[34,17],[-57,134],[-69,49],[-9,5],[-76,0],[-28,-10],[-12,-19],[-6,-4],[-36,-3],[-66,-22],[41,59],[16,21],[-137,15],[-21,1],[-72,35],[-18,26],[-7,20],[31,27],[135,103],[163,-66],[27,-12],[12,-4],[56,-24],[83,-64],[76,117],[166,-79],[49,33]],[[59098,81929],[-162,-184]],[[58936,81745],[746,-81],[452,-56],[629,-112],[644,-150],[151,-173],[12,-269],[163,-173],[-261,-115],[96,-364],[-53,0],[21,-129],[-13,-10],[483,-98],[146,-29],[357,-74],[-128,-629],[67,-360],[66,-187],[93,-84]],[[62607,78652],[2,3],[124,66],[71,40],[61,29],[21,6],[493,109],[65,16],[-121,186],[380,34],[66,117],[394,-180],[20,4],[236,53],[154,301],[174,272],[546,267],[414,28],[-2,328],[-179,15],[-1,664],[94,328],[189,31],[209,-358],[413,-285],[567,115],[136,39],[-119,411],[-126,268],[45,267],[464,328],[74,52],[62,33],[872,436]],[[68405,82675],[-157,162],[-46,36],[-327,304],[-448,-115],[-108,155],[-244,128],[-525,-225],[-365,-162],[-539,102],[-273,574],[-414,-68],[-273,-15],[-413,291],[-158,213],[-220,220]],[[58989,83545],[-364,-217],[-241,-143],[389,-74],[318,-37],[27,-3],[486,-566],[-436,-497],[-70,-79]],[[62607,78652],[353,-208],[426,-75],[124,-330]],[[63510,78039],[-522,-93],[-1095,-191],[-875,-83]],[[61018,77672],[-185,193],[-160,23],[-188,-70],[-107,7]],[[60378,77825],[-481,438]],[[59897,78263],[-373,348],[-364,708],[-425,955],[38,737],[163,734]],[[61018,77672],[124,-51],[55,-197],[-33,-103],[-403,-41],[-149,28],[-102,61],[-132,-11],[-179,311]],[[60199,77669],[-46,126],[225,30]],[[59098,81929],[-242,11],[-593,92],[-411,-13],[-819,51],[-366,23],[-769,-95],[-216,-368],[-44,-214],[-463,-319]],[[55175,81097],[43,-163],[992,-664],[-108,-153],[-94,-744],[712,-136],[138,-488],[411,-210],[389,51],[136,-159],[155,-492],[157,55],[-99,250],[510,136],[461,-324],[67,-70],[165,29],[-14,123],[171,66],[-701,392],[133,70],[416,-174],[315,-209],[168,-38],[199,18]],[[53178,83263],[487,-197],[254,-65],[383,48],[69,-101],[24,-31],[39,-51],[120,-157],[171,-422],[39,-96],[2,-4],[56,-107],[62,-120],[149,-62],[35,-232],[1,-10],[18,-156],[4,-30],[6,-52],[78,-321]],[[60199,77669],[-802,-202],[-304,26],[-320,7],[-387,-14],[-232,-20],[95,-178],[-142,-12],[-165,-4],[-101,-14],[-32,-21]],[[57809,77237],[5,32],[3,22],[10,67],[7,99],[-783,-23],[-595,-19],[-23,29],[-12,51],[-21,27],[-31,61],[-24,32],[-57,112],[-77,-19],[-94,-35],[-84,-24],[-57,-2],[-39,-6],[-27,5],[-174,23],[-162,-12],[-220,-35],[-36,-51],[-20,-65],[20,-95],[-126,92],[-7,-31],[-18,-23],[-59,-24],[-50,-5],[-58,22],[-41,22],[-99,19],[-79,8],[-47,25],[-39,63],[-15,34],[-26,21],[-18,23],[-126,92],[-599,-134],[-318,-73],[-449,-88],[-185,-16],[-37,174],[-30,25],[-28,5],[-149,-3],[-104,17],[-87,26],[-60,31]],[[52464,77713],[159,84],[-82,75],[82,171],[310,524],[464,945],[30,60],[124,290],[-215,340],[-249,410],[-149,178],[-233,220],[-3,8],[-89,207],[-682,-216],[-477,223],[-660,160],[-733,-51],[-537,-155],[-41,-12],[-185,-248],[-800,-206],[-843,70],[-603,14],[-458,-55],[-419,146],[-317,41],[-274,57],[-107,34]],[[45477,81027],[11,124],[46,167],[47,160],[190,203],[252,271],[84,91],[70,17],[82,7],[5174,591],[14,-2],[12,1],[-30,10],[-48,-10],[-113,28]],[[42371,81865],[100,-33],[62,-6],[46,17],[57,85],[89,76],[24,28],[38,41],[-1,40],[37,98],[-32,71],[-35,74],[23,43],[57,98],[57,41],[56,51],[50,72],[67,45],[46,55],[-5,42],[-41,55],[3,46],[31,29],[77,17],[67,20],[15,15],[23,59],[-5,28],[39,44],[54,34],[58,30],[36,22],[79,49],[41,15],[56,9],[25,6],[115,56],[60,56],[17,46],[44,35],[44,7],[11,24],[-28,55],[-26,67],[12,16],[61,16],[43,-2],[69,-2],[60,37],[36,29],[8,26],[6,24],[5,21],[66,23],[118,31],[58,25],[28,37],[34,9],[51,-10],[26,-17],[25,-18],[77,-68],[59,9],[33,9],[16,17],[-21,23],[43,59],[46,21],[51,52],[46,54],[-11,24],[-59,26],[-15,35],[14,38],[10,64],[33,15],[61,8],[42,-1],[84,20],[30,22],[5,46],[-27,51],[9,39],[17,24],[36,46],[22,17],[32,9],[24,-5],[15,-20],[7,-21],[-6,-46],[2,-32],[23,-30],[126,-73],[25,-14],[35,1],[11,11],[0,30],[4,29],[-19,46],[8,51],[12,18],[24,21],[42,18],[31,4],[88,-21],[60,4],[96,17],[37,4],[40,11],[25,15],[45,16],[34,-1],[27,1],[60,15],[50,12],[18,-2],[45,-84],[15,-27],[45,-9],[50,-5],[20,9],[-4,29],[6,37],[-32,36],[-45,29],[12,91],[7,39],[17,8],[17,104],[-77,67],[-4,27],[-16,19],[-36,21],[-50,47],[7,26],[41,29],[57,36],[48,21],[62,2],[31,-9],[97,19],[28,2],[70,29],[46,4],[46,4],[19,-1],[14,-56],[-19,-21],[13,-27],[3,-17],[-10,-31],[-32,-4],[-32,-11],[-17,-58],[20,-52],[60,-41],[61,-10],[30,10],[56,33],[34,21],[30,55],[-1,36],[0,38],[2,80],[79,77],[46,38],[13,13],[-8,64],[-10,42],[-40,45],[-28,38],[47,46],[16,21],[13,25],[19,16],[48,16],[58,19],[50,22],[25,-1],[20,18],[26,24]],[[68405,82675],[869,103]],[[69274,82778],[-51,112],[-132,238],[1203,672],[259,-110],[680,189]],[[71233,83879],[-13,60],[1,7],[-2,11],[-27,13],[-139,64],[-29,12],[-39,17],[-14,7],[-14,7],[-17,7],[-14,6],[-19,4],[-67,21],[-34,10],[-42,13],[-15,5],[-11,5],[-14,3],[-11,4],[-5,2],[-8,1],[-6,2],[-18,7],[-33,12],[-64,24],[-52,20],[-65,24],[-49,19],[-47,17],[-47,16],[-31,11],[-7,2],[-3,1],[-2,2],[0,4],[-2,2],[-4,4],[-11,11],[-6,8],[-3,2],[-2,2],[-2,1],[-3,2],[-17,8],[-2,1],[-3,0],[-3,0],[-3,0],[-2,0],[-17,-2],[-2,0],[-4,0],[-3,1],[-2,0],[-2,0],[-4,1],[-8,2],[-15,6],[-6,2],[-4,2],[-3,1],[-2,2],[-2,2],[-3,4],[-1,1],[-2,1],[-4,2],[-4,1],[-5,1],[-2,0],[-3,0],[-13,0],[-8,1],[-3,0],[-3,-1],[-3,0],[-3,0],[-6,0],[-2,0],[-3,0],[-17,-1],[-4,0],[-3,0],[-3,1],[-3,2],[-3,1],[-3,3],[-3,3],[-3,4],[-1,4],[0,1],[0,2],[1,8],[0,13],[0,2],[-1,2],[-1,1],[-3,1],[-3,0],[-4,0],[-10,0],[-5,0],[-4,0],[-9,2],[-3,1],[-3,3],[-8,9],[-5,9],[-4,8],[-1,2],[-2,2],[0,2],[-1,1],[-1,2],[-1,2],[-3,2],[-4,1],[-3,1],[-4,0],[-3,0],[-2,-1],[-2,-1],[-5,-4],[-4,-3],[-1,0],[-3,0],[-25,1],[-11,2],[-2,0],[-4,2],[-3,0],[-3,0],[-4,-1],[-2,-1],[-3,-1],[-1,-1],[-2,-1],[-1,0],[-1,0],[-20,0],[-2,0],[-1,1],[-1,1],[-1,1],[-3,5],[-1,1],[-3,2],[-5,1],[-2,0],[-3,-1],[-8,-1],[-1,-1],[-3,1],[-2,0],[-2,2],[-2,1],[-3,2],[-5,2],[-13,5],[-2,0],[-2,0],[-3,0],[-2,0],[-2,0],[-6,1],[-2,1],[-2,1],[-2,-1],[-1,0],[-2,-1],[-2,-1],[-3,0],[-2,1],[-6,3],[-2,0],[-3,0],[-2,0],[-2,-1],[0,-2],[-1,-1],[-1,-1],[-1,-1],[-2,-1],[-5,0],[-2,-1],[-17,1],[-2,0],[-3,0],[-1,1],[-8,3],[-2,2],[-2,1],[-1,2],[-1,2],[0,1],[-1,2],[-2,1],[-3,0],[-2,0],[-1,-1],[-1,-1],[-2,-1],[-2,0],[-1,1],[-2,2],[-1,3],[-3,13],[-1,3],[-1,1],[-1,2],[-2,1],[-3,2],[-2,1],[-1,2],[-3,5],[-1,2],[-2,2],[-2,0],[-1,1],[-2,0],[0,1],[-2,3],[-4,9],[0,2],[0,2],[0,2],[-1,1],[-2,2],[-4,1],[-4,2],[-3,0],[-5,1],[-1,1],[-2,1],[-1,3],[-1,3],[-1,1],[-2,0],[-2,0],[-2,-1],[-6,-3],[-2,-1],[-1,-2],[-5,-4],[-1,-1],[-1,-2],[0,-1],[-2,0],[-3,0],[-7,0],[-10,3],[-4,1],[-2,1],[-3,3],[-4,3],[0,2],[0,1],[1,1],[0,1],[0,1],[-1,1],[-1,1],[-1,0],[-5,4],[-5,4],[-3,2],[-4,2],[-3,1],[-3,1],[-6,2],[-3,1],[-3,1],[-2,1],[-3,2],[-1,1],[-1,1],[-2,2],[0,1],[-1,1],[-1,0],[-11,5],[-2,1],[-3,1],[-2,1],[-15,10],[-5,4],[-3,3],[-1,1],[-1,1],[0,2],[-1,2],[-1,1],[-2,1],[-5,4],[-9,7],[-8,5],[-9,8],[-2,1],[-3,3],[-1,1],[-1,2],[-1,0],[-1,1],[-1,1],[0,1],[-1,2],[-2,9],[-1,1],[0,2],[0,2],[0,1],[-1,1],[-1,1],[-2,1],[-3,1],[-2,1],[-4,1],[-2,1],[-1,1],[-1,1],[-1,2],[-1,4],[-1,1],[-1,2],[-3,3],[-1,1],[-2,2],[-4,3],[-2,2],[0,1],[-1,2],[-1,2],[-1,1],[-2,1],[-4,2],[-4,1],[-3,1],[-2,0],[-2,0],[-3,0],[-2,0],[-1,0],[-2,1],[-1,2],[-1,1],[-1,2],[-1,1],[0,1],[1,1],[-1,1],[-1,1],[-1,0],[-5,1],[-2,0],[-2,0],[-1,1],[0,1],[0,1],[-1,0],[-1,1],[-4,1],[-3,1],[-1,1],[-1,0],[-2,0],[-2,0],[-3,0],[-2,0],[-1,1],[0,1],[0,1],[0,1],[-1,2],[-4,2],[-1,0],[-2,1],[-2,0],[-4,-1],[-8,-2],[-3,-1],[-2,-1],[-7,0],[-2,0],[-3,1],[-3,1],[-2,0],[-2,0],[-2,0],[-2,-1],[-2,-1],[-2,0],[-3,0],[-3,0],[-1,1],[-4,3],[-2,1],[-1,1],[-2,0],[-2,0],[-11,-1],[-2,-1],[-3,-1],[-2,-1],[-1,0],[-2,0],[-1,0],[-2,1],[-1,2],[-2,3],[0,1],[-6,7],[-7,6],[-1,2],[-1,1],[-2,0],[-2,0],[-2,0],[-2,0],[-1,0],[-1,1],[-1,2],[-2,0],[-3,2],[-5,2],[-2,1],[-2,1],[-3,3],[-3,2],[-2,1],[-2,1],[-1,0],[-2,0],[-2,1],[-2,0],[-1,0],[-2,0],[-2,0],[-2,0],[-2,1],[-2,1],[-4,3],[-3,2],[-3,2],[-1,0],[-5,3],[-7,4],[-4,3],[-1,1],[-1,0],[0,2],[-1,1],[-3,2],[0,1],[-1,1],[0,1],[1,1],[1,4],[0,1],[0,1],[-1,1],[-2,0],[-3,0],[-3,0],[-9,-1],[-3,-1],[-5,-1],[-13,-2],[-2,-1],[-1,0],[-2,1],[-5,1],[-4,1],[-2,1],[-3,2],[-3,2],[-2,2],[-1,1],[-1,1],[-5,2],[-2,1],[-2,2],[-4,4],[-1,2],[-3,5],[-3,6],[0,1],[-1,1],[-1,2],[0,1],[1,0],[1,1],[1,0],[3,0],[3,1],[2,1],[1,1],[0,1],[0,1],[1,1],[1,1],[0,1],[-1,0],[-1,2],[-3,4],[-1,1],[-1,0],[-4,1],[-2,2],[-3,1],[-2,1],[-2,0],[-3,0],[-3,1],[-2,0],[-1,1],[-2,1],[-1,1],[-1,1],[-1,1],[-3,0],[-3,0],[-9,1],[-6,0],[-6,1],[-2,0],[-2,0],[-1,0],[-1,-1],[-2,-5],[0,-1],[0,-2],[-1,-1],[-1,-2],[-2,0],[-2,0],[-2,0],[-3,1],[-2,1],[-5,2],[-3,2],[-5,1],[-4,1],[-2,1],[-1,1],[-2,1],[-1,1],[-1,2],[-1,1],[-1,2],[-2,2],[-2,1],[-7,4],[-3,1],[-1,1],[-10,2],[-10,1],[-3,1],[-5,0],[-5,0],[-2,0],[-2,1],[-2,1],[-3,3],[-1,0],[-2,1],[-2,0],[-1,-1],[-2,-1],[-10,-6],[-5,-4],[-3,-1],[-3,-1],[-4,-2],[-3,0],[-15,-1],[-3,0],[-7,-1],[-6,-2],[-5,-1],[-3,0],[-12,0],[-5,0],[-5,1],[-2,1],[-12,5],[-4,2],[-2,1],[-4,3],[-1,1],[-3,2],[-6,3],[-1,1],[-2,3],[-1,1],[-2,1],[-4,2],[-8,2],[-1,0],[-2,0],[-1,0],[-3,0],[-2,0],[-2,0],[-2,1],[-3,1],[-1,2],[-2,1],[-2,2],[-2,1],[-12,7],[-2,2],[-1,2],[-2,1],[-2,1],[-3,1],[-4,0],[-4,0],[-3,0],[-2,0],[-3,0],[-2,1],[-2,1],[-4,6],[-2,3],[-1,2],[-1,4],[-1,6],[-1,9],[1,1],[1,1],[1,1],[1,1],[11,24],[3,10],[2,1],[0,1],[2,0],[2,1],[10,2],[3,1],[1,1],[1,1],[1,1],[1,4],[0,1],[1,2],[1,1],[1,2],[1,1],[0,1],[0,1],[-2,4],[0,1],[-1,1],[0,2],[1,3],[0,1],[0,2],[-1,2],[-1,1],[0,2],[-2,4],[0,3],[-1,1],[-3,6],[-4,9],[-2,4],[-5,12],[-1,2],[-1,2],[-4,6],[-1,2],[-1,2],[-1,2],[-1,8],[-1,2],[-1,1],[-1,2],[-2,4],[-1,2],[-2,3],[-2,4],[-3,4],[-2,2],[-5,2],[-3,1],[-3,1],[-2,2],[-3,3],[-1,2],[-1,3],[-1,3],[-2,3],[-13,13],[-2,3],[-2,3],[-2,6],[-1,2],[0,4],[3,25],[0,2],[-1,2],[-5,5],[-1,2],[-1,2],[0,3],[1,9],[0,2],[1,2],[10,6],[1,2],[0,3],[-3,3],[-4,4],[-2,2],[-1,4],[-1,4],[0,3],[1,4],[11,10],[8,14],[1,3],[0,4],[-3,6],[-2,5],[-2,5],[1,6],[1,14],[-3,4],[-5,2],[-8,3],[-4,4],[1,6],[6,11],[1,12],[-5,12],[3,6],[13,15],[5,15],[5,11],[-6,15],[15,15],[1,41],[-5,10],[-3,25],[-7,12],[3,8],[15,14],[10,29],[10,7],[3,7],[1,8],[3,11],[6,8],[15,13],[5,18],[1,10],[-3,4],[3,8],[6,8],[-15,11],[-78,141],[-1,4],[0,3],[0,3],[0,3],[0,12],[0,15],[2,50],[1,10],[1,5],[2,6],[3,22],[5,36],[1,12],[3,17],[0,22],[0,6],[1,5],[4,20],[4,11],[1,3],[1,3],[3,4],[6,8],[1,3],[1,3],[5,9],[2,3],[0,2],[-1,1],[-7,6],[-2,1],[-2,2],[0,2],[1,2],[3,5],[0,3],[-1,2],[0,2],[-2,3],[-1,1],[-2,4],[-1,2],[-4,9],[-4,22],[0,3],[2,2],[2,4],[2,2],[0,3],[0,3],[4,13],[8,13],[2,4],[1,3],[2,18],[0,3],[-5,15],[0,2],[0,3],[0,4],[4,10],[1,5],[1,2],[-1,2],[0,2],[-1,3],[-2,3],[0,2],[-1,3],[0,3],[0,24],[0,17],[0,2],[-1,2],[-1,3],[-5,5],[-2,3],[0,2],[0,6],[0,5],[1,7],[1,8],[1,5],[-1,3],[-5,10],[-1,1],[-2,1],[-2,0],[-5,-2],[-3,-2],[-4,-2],[-8,-4],[-3,-1],[-13,-4],[-11,-2],[-10,-1],[-8,-1],[-9,-1],[-10,0],[-21,-1],[-9,-1],[-7,0],[-8,0],[-27,-1],[-4,0],[-3,0],[-12,-3],[-5,-1],[-21,-3],[-11,-3],[-13,-3],[-8,-2],[-15,-4],[-31,-7],[-7,-2],[-7,-2],[-13,-5],[-31,-12],[-47,-18],[-6,-2],[-11,-3],[-8,-2],[-8,-1],[-6,-1],[-4,-1],[-11,-4],[-10,-3],[-9,-3],[-7,-2],[-22,-6],[-41,-12],[-35,-10],[-3,-1],[-3,-1],[-3,-2],[-15,-5],[-4,-1],[-6,-1],[-6,-1],[-4,0],[-6,0],[-41,8],[-9,1],[-11,0],[-18,0],[-45,-6],[-12,-2],[-144,-21],[-19,0],[-23,2],[-19,5],[-39,1],[-42,10],[-27,4],[-21,10],[-27,4],[-39,10],[-17,9],[-26,7],[-33,-1],[-15,6],[-17,-5],[-12,0],[-34,-7],[-25,-10],[-53,-23],[-13,-12],[-32,-1],[-27,-9],[-22,-12],[-15,-2],[-6,-2],[-11,0],[-25,-8],[-7,-14],[-8,-1],[-12,3],[-38,-5],[-25,-5],[-10,-6],[-10,0],[-16,1],[-12,-2],[-13,-2],[-20,-6],[-14,-17],[-8,-6],[-14,-2],[-8,-6],[-4,-10],[-29,13],[-11,0],[-9,0],[-24,-4],[-31,-7],[-18,-8],[-35,-7],[-14,-4],[-31,-3],[-4,-2],[-5,-1],[-17,-7],[-25,-1],[-20,0],[-24,7],[-38,-3],[-5,1],[-10,2],[-12,2],[-2,0],[-4,1],[-15,2],[-16,1],[-31,14],[-45,9],[-26,4],[-46,13],[-30,10],[-13,9],[-21,12],[-5,5],[-7,5],[-12,6],[-6,4],[-5,4],[-4,3],[-3,3],[-3,3],[-4,4],[-4,3],[-6,4],[-1,2],[-2,0],[-2,2],[-9,7],[-10,11],[-5,6],[-3,4],[-5,7],[-4,8],[-10,13],[-17,9],[-18,8],[-9,5],[-10,7],[-15,10],[-13,7],[-18,14],[-16,10],[-29,12],[-21,15],[-15,14],[-13,11]],[[67662,84500],[518,220],[180,-49],[213,-244],[-191,-132],[-320,-106],[-268,64],[-132,247]],[[45477,81027],[-2,-20],[-12,-86],[-49,-21],[-127,-2],[-3,-48],[-4,-23],[-18,-15],[-8,-16],[0,-27],[-44,-13],[-32,-15],[5,-1],[13,2],[43,3],[9,-10],[-3,-10],[-19,-20],[34,-22],[-5,-10],[-12,-8],[-80,-8],[-33,-9],[-7,11],[41,7],[22,7],[11,10],[-8,10],[-33,3],[-50,-12],[-51,-6],[-23,9],[0,6],[13,7],[18,12],[9,15],[9,18],[37,9],[27,7],[-2,10],[-16,14],[-11,6],[-44,1],[-52,-4],[-22,13],[-2,21],[-9,8],[-17,-2],[-4,-12],[1,-25],[39,-28],[2,-11],[-20,-2],[-42,17],[-39,12],[3,17],[-10,2],[-13,-1],[-18,-17],[-18,-7],[-31,-8],[-35,-13],[-72,-8],[-11,1],[0,12],[11,17],[1,15],[-29,5],[-15,7],[-13,13],[2,17],[6,19],[-36,45],[-5,11],[13,12],[-2,9],[-18,3],[-41,-11],[-5,8],[-3,11],[8,16],[20,12],[1,8],[-6,11],[-6,12],[7,13],[1,33],[-16,13],[-17,2],[-18,-9],[-22,-18],[-16,-15],[-29,-8],[-31,-2],[-25,14],[-38,10],[-18,13],[12,11],[-18,15],[-27,9],[-14,10],[15,14],[-10,9],[-26,3],[-38,-9],[-78,-8],[-53,-10],[-23,-1],[-8,7],[9,26],[-8,6],[-10,-4],[-15,-12],[-11,-19],[-37,-11],[-16,-14],[-50,-21],[-23,-11],[-13,5],[-5,9],[3,10],[5,9],[-17,19],[-13,17],[-5,9],[-20,2],[-11,4],[-4,13],[15,11],[27,8],[5,9],[-21,9],[-37,16],[-8,1],[-19,-2],[-6,-8],[4,-24],[-37,1],[-19,-17],[0,-26],[-10,-4],[-23,5],[-15,4],[-16,-15],[-15,-2],[-8,15],[5,10],[15,19],[25,19],[-6,7],[-19,-3],[-14,-8],[-24,-17],[-52,-31],[-51,-18],[-30,-1],[-18,18],[-39,10],[-10,10],[15,12],[43,13],[11,6],[-18,17],[-29,2],[-30,-18],[-7,-11],[-30,1],[-26,19],[-28,2],[-30,-8],[-10,-19],[8,-12],[36,-2],[31,2],[5,-16],[-1,-16],[-16,-5],[-29,1],[-17,6],[-27,3],[-16,-4],[-12,-20],[-2,-9],[-12,-10],[-19,-2],[-15,-13],[-24,-1],[-23,16],[-19,6],[-34,8],[-9,-2],[-19,-2],[-14,9],[-21,7],[-40,2],[-48,-6],[-24,4],[-17,9],[-29,40],[-39,-10],[-28,0],[-10,7],[-14,17],[-23,8],[-24,-2],[-15,-11],[-22,-6],[-4,3],[-25,12],[-20,5],[-36,-2],[-16,-9],[-6,-18],[-11,-24],[-10,-7],[-15,-4],[-22,-30],[-19,-33],[-23,-4],[-25,-2],[-20,17],[-23,10],[-24,2],[-12,-7],[-5,-23],[-41,-5],[-15,8],[-11,21],[-18,5],[-13,-1],[-18,9],[-8,10],[4,27],[-9,7],[-27,0],[-11,5],[-10,10],[-32,17],[-25,-3],[-35,17],[-32,11],[-13,-2],[-19,10],[-35,2],[-39,-11],[-14,-8],[-45,1],[-20,14]],[[93454,12363],[100,5],[106,-21],[117,-32],[112,-45],[89,-44],[80,-49],[57,-57],[46,-72],[90,-87],[93,-76],[58,-34],[15,-35],[85,-133],[78,-110],[7,-28],[-9,-36],[-2,-22],[73,-81],[53,-36],[87,-42],[55,-29],[29,-18],[35,-15],[60,-14],[43,-10],[21,-17],[4,-24],[-5,-38],[-46,-106],[-20,-28],[-13,-22],[-4,-29],[19,-36],[70,-133],[11,-22],[1,-19],[-22,-13],[-31,-11],[-153,-11],[-41,7],[-78,6],[-31,-3],[-36,-12],[-35,-30],[-30,-42],[-3,-26],[-5,-18],[-17,-6],[-25,5],[-43,28],[-42,12],[-41,-3],[-32,-7],[-49,-28],[-69,-46],[-28,-13],[-29,-2],[-28,2],[-29,7],[-59,3],[-27,-5],[-26,-19],[-19,-27],[-8,-28],[-14,-20],[-15,-11],[-28,-6],[-64,-17],[-62,-18],[-42,-16],[-34,-23],[-25,-33],[-13,-23],[-7,-27],[-19,-21],[-17,-21],[-14,-23],[-10,-31],[-189,-103],[-66,-37],[-33,-3],[-51,12],[-33,-11],[-72,-23],[-106,-39],[-147,-37],[-120,-25],[-104,-9],[-97,3],[-87,-10],[31,-68],[-13,-10],[-3,4],[-4,4],[-12,6],[-5,4],[-3,4],[-3,5],[-54,10],[-9,2],[8,19],[-8,23],[-8,33],[-44,-11],[-112,-60],[-62,-24],[-75,-6],[-159,-8],[-154,-2],[-126,5],[-96,13],[-89,17],[-88,42],[-78,52],[-87,72],[-109,75],[-121,-17],[-76,-25],[-64,-18],[-117,8],[-106,0],[-112,6],[-130,-7],[-148,-11],[-167,-9],[-169,-10],[-163,-18],[-164,-8]],[[89645,10008],[-7,51],[159,61],[278,63],[201,94],[147,146],[8,149],[-92,8],[-222,-28],[-282,-59],[-231,-1],[-301,-103],[-234,-71],[-292,2],[-109,84],[11,315],[174,29],[38,36],[75,-25],[43,29],[60,-18],[28,41],[115,1],[113,29],[187,16],[128,-4],[72,20],[82,46],[243,43],[291,29],[287,61],[263,25],[118,32],[131,62],[159,26],[226,-5],[585,107],[75,30],[210,145],[303,224],[769,665]],[[87117,28233],[-1315,-554],[-1217,-498],[-238,-99],[-470,-65],[-678,-138],[-832,-99],[-432,-166],[-468,-118],[-838,-71],[-769,-29],[-1013,67],[-1083,-492],[-487,-128],[-634,5],[-1585,442],[-840,168],[-460,172],[-310,75],[-651,282],[-618,199],[-252,3],[-972,-289],[-620,-182],[-763,-168],[-376,-72],[-549,-102],[-667,-7],[-417,61],[-705,71],[-456,18],[-615,22],[-765,131],[-681,175],[-177,33]],[[64164,26880],[60,441],[-11,312],[32,478],[-57,530],[28,750],[65,308],[-29,486],[-120,366],[-136,627],[-110,406],[-23,231],[-27,49],[-99,423],[-36,116],[-97,351],[-104,386],[-112,417],[-121,432],[-89,246],[-83,240],[76,617],[105,630],[195,486],[239,604],[178,475],[128,637],[-18,367],[-137,210],[-192,87],[-81,214],[-249,332],[-243,184],[-121,278],[-374,538],[-175,158],[-173,347],[-276,369],[-318,244],[-524,243],[-685,303],[-917,319],[-717,166],[-608,121],[-786,192],[-115,540],[-85,313],[-87,681],[-70,767],[19,467],[90,417],[219,659],[285,594],[201,575],[215,315],[67,164],[194,319],[94,394],[225,402],[270,448],[224,455],[110,339],[123,293],[272,408],[72,66],[225,305],[174,416],[620,-2],[450,46],[422,93],[774,116],[556,93],[-42,108],[25,281],[83,210],[75,100],[546,295],[657,131],[524,64],[6,639],[-4,118]],[[64836,54225],[800,-282],[519,-187],[813,-394],[408,-199],[332,-87],[169,64],[169,26],[2080,-176],[1424,-124],[-82,1101],[-10,141]],[[71458,54108],[59,-33],[225,3],[220,18],[780,12],[1013,8],[546,6],[1146,69],[1252,155],[32,5]],[[76731,54351],[-338,-964],[319,-190],[128,-70],[227,-118],[86,-63],[18,-177],[61,-21],[143,-44],[71,-5],[87,-7],[201,-14],[44,-1],[197,15],[169,13],[76,39],[110,61],[251,35],[197,27],[179,-30],[94,-60],[105,-67],[12,-165],[71,-246],[159,-289],[76,-218],[171,-273],[204,-171],[240,-92],[298,-49],[280,-117],[156,-266],[-138,-96],[51,-86],[7,-50],[-64,-72],[-16,-38],[16,-72],[78,-60],[10,-43],[-41,-58],[-59,-80],[-54,-139],[32,-66],[54,-17],[126,25],[49,-32],[9,-42],[-38,-63],[-36,-36],[68,-64],[-13,-20],[-69,-37],[-19,-32],[-3,-68],[-35,-27],[-60,-12],[-77,15],[-44,-6],[-12,-40],[82,-73],[62,-78],[-10,-37],[-16,-18],[-11,-22],[-20,-33],[90,-89],[-9,-36],[35,-21],[3,-28],[22,-9],[8,-25],[81,4],[172,-268],[-14,-36],[-38,-44],[-20,-11],[-23,-3],[-46,-29],[-5,-31],[-25,-22],[-45,-8],[-18,-20],[6,-13],[-9,-14],[-11,-2],[-12,-23],[1,-21],[-8,-8],[0,-20],[-14,-19],[-26,-40],[-22,-16],[-24,-9],[-20,-24],[-2,-18],[-35,-25],[9,-36],[0,-17],[3,-17],[12,-8],[-14,-12],[-12,1],[-8,-7],[-31,-47],[5,-23],[-107,-124],[-20,-33],[-7,-47],[-45,-26],[-73,-34],[-110,-64],[-216,-100],[-57,-58],[21,-118],[-2,-52],[-16,-39],[24,-32],[-2,-34],[19,-30],[25,-2],[17,-25],[36,0],[13,-52],[-5,-47],[-5,-14],[-12,-10],[-34,3],[-29,-22],[-3,-86],[-20,-56],[-113,-94],[-1,-30],[50,-25],[52,-56],[8,-57],[-62,-53],[48,-103],[7,-26],[-40,-62],[-52,-15],[-45,-39],[9,-29],[-62,-67],[-32,-14],[-20,-38],[7,-70],[27,-47],[-6,-58],[-340,-140],[-242,-95],[-74,-121],[-16,-272],[-129,-122],[-130,-227],[-89,-216],[-126,-245],[-7,-63],[2,-85],[-5,-53],[23,-109],[21,-75],[-27,-62],[9,-56],[-12,-103],[-11,-105],[124,-153],[45,-185],[-47,-190],[-36,-239],[-19,-123],[31,-124],[40,-102],[-26,-113],[56,-116],[-164,-124],[-62,-73],[25,-98],[-53,-104],[-123,-66],[68,-126],[82,-204],[125,-161],[116,-140],[90,-124],[142,-75],[164,-58],[133,-133],[92,-121],[60,-153],[72,-111],[91,-103],[95,-114],[173,-93],[168,-42],[116,-50],[147,-67],[110,-32],[64,-115],[145,-102],[56,-83],[-25,-111],[-33,-63],[153,-122],[151,-108],[91,-194],[141,-143],[105,-123],[60,-183],[58,-142],[74,-69],[-54,-159],[87,-82],[186,-99],[82,-50],[149,-137],[100,-101],[200,-117],[216,-151],[166,-99],[77,-156],[70,-116],[143,-76],[212,-112],[185,-41],[103,-135],[87,-29],[110,-28],[139,-37],[153,9],[116,-41],[117,-86],[140,1],[115,-141],[152,-21],[130,-94],[133,-189],[97,-187],[21,-146],[92,-97],[33,-163],[65,-138],[-72,-143],[-159,-106],[-99,-147],[-152,-154],[-14,-205],[157,-278],[-51,-114],[-2,-2],[7,-1],[-32,-57],[-142,-247],[-92,-160],[-127,-178],[-201,-163],[-137,-58],[-179,55],[-276,9],[-225,-63],[-227,-90],[-219,-77],[-194,-62],[-108,-12],[-57,-15],[-37,4],[520,-549],[943,-1032],[3193,-3648]],[[38220,39453],[972,-66],[-51,287],[68,99],[54,72],[120,13],[109,-43],[124,-64],[128,-72],[46,-17],[70,2],[112,27],[76,19],[11,36],[21,63],[23,51],[46,15],[86,-1],[70,-19],[59,-13],[105,29],[66,-20],[22,-59],[9,-86],[31,-39],[68,-28],[74,-10],[69,32],[119,66],[82,26],[27,-104],[39,-127],[30,-118],[83,-163],[48,-110],[35,-54],[51,-133],[138,-381],[94,-254],[85,-161],[113,-192],[156,-247],[145,-234],[80,-125],[74,-124],[186,-333],[51,-145],[43,-99],[58,-88],[178,-373],[26,-82],[28,-242],[138,-334],[93,-226],[50,-128],[87,-347],[44,-182],[18,-234],[10,-65],[36,-79],[123,-191],[97,-124],[57,-97],[37,-155],[45,-238],[19,-272],[121,-372],[31,-113],[37,-439],[4,-62],[25,-94],[50,-287],[41,-354],[14,-47],[36,-128],[8,-236],[39,-262],[63,-186],[155,-320],[91,-135],[109,-172],[150,-171],[109,-195],[57,-107],[120,-334],[72,-257],[109,-279],[51,-139],[43,-74],[77,-358],[-117,-117],[-475,-267],[-155,-121],[-87,-75],[-34,-40],[19,-173],[11,-157],[11,-235],[14,-403],[5,-237],[32,-129],[28,-42],[446,-171],[382,-97],[201,-54],[520,-92],[154,-30],[578,-173],[501,-127],[307,-98],[211,-41],[270,-169],[363,-166],[276,-146],[203,-123],[565,-399],[135,-82],[65,-38]],[[49672,24069],[120,22],[478,37],[509,1],[372,-11],[567,-64],[64,-18],[92,-133],[149,-298],[96,-210],[64,-224],[104,-392],[121,-423],[156,-660]],[[52564,21696],[352,94],[302,121],[753,288],[811,300],[120,30],[723,231],[392,127],[365,177],[437,157],[335,168],[110,43],[753,277],[1018,364],[141,89],[197,71],[297,104],[505,239],[216,106],[629,294],[643,383],[268,159],[469,279],[324,192],[196,151],[256,192],[353,234],[156,138],[43,60],[244,150],[192,-34]],[[64836,54225],[-442,337],[-484,191],[-64,9]],[[63846,54762],[-43,-258],[-338,-147],[-721,-155],[32,-412],[-887,-666],[-968,52],[-1436,-205],[-1185,-344],[-842,-879],[-3067,443],[-1127,170]],[[53264,52361],[-1556,144],[-2184,251],[-1921,453],[-974,34]],[[46629,53243],[-3753,-381],[-769,-525],[-653,-969],[-673,-729]],[[40781,50639],[-491,-1596],[-1094,-1131],[-1634,-958],[-873,-1025],[-1244,-1258],[-194,-81]],[[35251,44590],[84,-153],[806,-1122],[360,-515],[498,-806],[436,-590],[343,-436],[491,-735],[497,-217],[91,-120],[88,-62],[153,-66],[-5,-14],[-75,-22],[-65,-7],[-167,30],[-66,-7],[-54,-18],[-35,-43],[-3,-99],[-77,-18],[-112,-35],[-78,2],[-55,-15],[-53,-48],[-33,-21]],[[4615,21620],[298,30],[188,80],[113,90],[181,103],[240,85],[318,93],[109,56],[513,129],[89,91],[235,44],[201,181],[26,89],[35,73],[97,121],[127,80],[239,108],[124,44],[342,-10],[99,380],[144,369],[265,425],[337,223],[293,83],[300,-4],[301,37],[269,80],[386,107],[628,4],[914,-164],[417,39],[381,22],[230,-15],[427,-191],[799,36],[1083,-1],[411,-20],[196,-97],[3,-2],[331,-127],[475,-122],[838,-195],[142,85],[86,100],[-111,130],[-226,366],[-61,152],[52,515],[-74,314],[-290,201],[-210,228],[-11,61],[-19,127],[91,118],[69,107],[25,104],[466,211],[500,177],[1397,532],[436,106],[533,184],[714,201],[864,513],[265,135],[1256,410],[362,314],[778,350],[666,417],[1043,592]],[[26360,30724],[842,-411],[294,-316],[336,-363],[408,-914],[430,-1045],[646,-996],[-22,-685],[210,-701],[651,-469],[1154,-481],[1347,-624],[1259,-422],[1325,-655]],[[35240,22642],[-1502,-206],[-1904,-12],[-1596,-135],[-1722,-163],[-2065,-427],[-1667,-283],[-574,-148],[-933,-423],[-403,-198],[-817,-70],[-872,-201],[-1822,-39],[-1568,-198],[-1634,-153],[-442,204],[-197,174],[-228,241],[-61,340],[-292,139],[-729,-16],[-900,126],[-712,-232],[-800,-325],[-672,-420],[-995,-647],[-1022,220],[-518,94],[-371,-8],[-632,-96],[-391,-6],[-43,-33]],[[7156,19741],[-10,9],[-13,20],[-12,43],[-38,37],[-26,45],[-21,16],[-47,28],[-95,30],[-57,23],[-45,0],[-36,-12],[-31,2],[-27,4],[-57,23],[-31,6],[-42,-2],[-30,16],[-38,6],[-45,-9],[-39,4],[-22,11],[-25,13],[-6,16],[-38,8],[-25,-12],[-24,-8],[-17,4],[-34,15],[-9,19],[-8,22],[-4,29],[0,35],[-7,27],[-15,10],[-43,18],[-32,39],[-9,23],[0,33],[1,27],[21,38],[7,29],[-9,46],[-20,33],[-12,18],[-27,21],[-38,32],[-1,9],[20,25],[53,54],[67,39],[51,16],[165,93],[81,36],[50,31],[-1,29],[-4,27],[-4,21],[38,49],[53,47],[16,52],[-37,42],[-36,86],[-16,112],[-113,103],[-263,-10],[-750,-20],[-438,-10],[-149,-8],[-60,68],[-53,64],[-75,89]],[[26360,30724],[-163,40],[-792,101],[-630,25],[-739,71],[-596,170],[-525,319],[-709,433],[-801,575],[-320,306],[-687,484],[-765,369],[-649,550],[-444,862],[-502,672],[51,1549]],[[18089,37250],[-113,-319],[-203,148],[-274,230],[-121,183],[-271,88],[-252,142],[-838,396],[-377,-799],[-1973,-216],[-728,-364],[1016,-596],[-1066,-764],[-597,-723],[-1559,-1603],[-345,-260],[-546,-415],[-568,-471],[-806,-871],[-1158,-887],[-295,-292],[-488,-978],[-405,-521],[-112,-315],[-928,-931],[-232,-182],[-333,-283],[-356,-402],[-715,-498],[-309,-319],[-67,-107],[-94,-101],[-18,-254],[-109,-88],[29,-488],[170,-394],[26,-76],[-22,-61],[165,50],[63,40],[104,36],[369,61],[539,17],[121,-298],[271,-318],[191,-223],[292,-247],[123,-139],[-15,-192],[-211,-293],[-297,-353],[-160,-237],[-18,-116],[26,-27]],[[38220,39453],[-55,9],[-47,-17],[-111,13],[-12,-5],[-55,-24],[-189,-30],[-155,21],[-121,54],[-137,-19],[-163,-9],[-58,8],[-115,36],[-75,-41],[-122,-89],[-61,-110],[-74,-58],[-520,-33],[-84,20],[-41,-55],[-86,-31],[-57,-98],[-64,-16],[-171,21],[-221,-24],[-335,-314],[-117,-13],[-86,-58],[-87,-31],[-25,-17],[-23,-94],[-114,-45],[-191,15],[-186,32],[-247,-23],[-108,27],[-130,9],[-355,-97],[-294,-24],[-361,-10],[-315,-66],[-318,-59],[-621,-112],[-335,28],[-1228,-290],[-914,-10],[-208,-23],[-424,-110],[-185,-90],[-138,-100],[-67,-27],[-325,12],[-483,9],[-304,-48],[-463,-104],[-257,23],[-115,-13],[-706,-235],[-310,-36],[-569,-28],[-278,66],[-230,10],[-681,-44],[-379,-96],[-608,-22],[-167,31],[-168,24],[-744,-19],[-314,26],[-217,-7],[-456,82],[-163,-13],[-116,49],[-205,134],[-310,43],[-324,24],[-314,10],[-259,-29],[-257,-41],[-203,-32]],[[35240,22642],[1331,-797],[1408,-719],[557,4],[435,-8],[272,-549],[250,-272],[140,-193],[144,-284],[506,-838],[268,-434]],[[40551,18552],[369,5],[101,25],[152,8],[98,-32],[194,-28],[192,-2],[212,-60],[57,-7],[145,-30],[215,-37],[132,-4],[160,6],[89,21],[129,-7],[62,-13],[147,-22],[327,-25],[237,-31],[262,-79],[46,-8],[74,0],[119,429],[123,454],[148,454],[432,986],[28,114],[3,90],[-166,18],[-1037,36],[-1169,9],[-199,33],[-82,96],[-45,102],[23,68],[106,136],[279,389],[314,434],[424,565],[241,266],[673,721],[253,200],[442,249],[579,277],[35,26],[130,-40],[388,-213],[188,-137],[153,-70],[366,-116],[432,-72],[420,-30],[487,45],[406,76],[396,128],[332,58],[499,56]],[[69363,21947],[57,47],[55,47],[-113,64],[-39,-31],[-75,51],[-16,30],[-22,35],[-67,75],[-165,38],[-73,-50],[-121,-27],[-91,-40],[-48,-73],[-75,-125],[-20,-88],[-27,-31],[53,-42],[90,-39],[91,-72],[266,-88],[142,-20],[52,95],[68,94],[14,136],[64,14]],[[89645,10008],[-124,9],[-41,6],[-41,2],[-20,1],[-31,-9],[-21,3],[-37,-10],[-97,3],[-161,8],[-200,80],[-117,56],[-134,56],[-161,23],[-154,-11],[-86,11],[-142,-31],[-133,-38],[-41,-70],[-17,-32],[-48,-26],[-78,0],[-51,14],[-57,55],[-124,0],[-143,-4],[-159,6],[-157,7],[-140,10],[-165,4],[-186,21],[-197,25],[-215,26],[-211,5],[-71,14],[-72,17],[-95,10],[-105,14],[-131,28],[-106,9],[-123,3],[-147,9],[-146,16],[-144,9],[-139,3],[-128,8],[-145,-8],[-103,25],[-183,99],[-188,88],[-215,23],[-131,-3],[-64,-12],[-138,-25],[-158,-29],[-172,-25],[-145,-26],[-142,-24],[-144,-16],[-178,-20],[-148,-15],[-198,-29],[-164,-32],[-173,-25],[-200,-15],[-158,-20],[-116,4],[-80,14],[-119,20],[-190,52],[-210,46],[-206,42],[-136,20],[-132,29],[-139,23],[-121,18],[-167,39],[-160,45],[-279,130],[-195,-42],[-197,41],[-42,-5],[-98,17],[-103,-34],[-51,5],[-83,36],[-69,21],[-47,22],[-70,-1],[-55,0],[-53,-16],[-98,7],[-50,22],[0,46],[-31,15],[-82,19],[-77,0],[-134,29],[-100,34],[-85,12],[-87,5],[-109,-8],[-95,-34],[-90,12],[-80,-79],[-67,-2],[-52,-14],[-74,13],[-86,45],[-54,55],[-136,38],[-113,36],[-64,-14],[-97,-7],[-94,-18],[-48,32],[-88,30],[-89,-3],[-33,-11],[-55,3],[-59,-18],[-91,6],[-140,52],[-132,76],[-108,-12],[-71,22],[-32,32],[-57,11],[-110,48],[-137,7],[-204,68],[-96,36],[-26,30],[-6,27],[-72,10],[-69,-30],[-123,17],[-142,0],[-79,2],[-91,14],[-111,40],[-129,47],[-170,28],[-148,38],[-138,-11],[-76,90],[-141,36],[-180,-59],[-48,-19],[-36,-2],[-46,17],[-118,20],[-3,73],[-108,17],[-55,-8],[-81,-32],[-34,6],[-128,70],[-123,-75],[-157,-32],[-119,-37],[-104,64],[-82,10],[23,26],[14,49],[-48,53],[-118,17],[-160,-12],[-140,67],[-79,57],[-18,47],[-93,47],[-120,51],[-201,67],[-95,5],[-112,5],[-136,-31],[-120,-1],[-95,-31],[-71,-62],[-54,-61],[-45,-54],[-21,-81],[-4,-43],[1,-2],[-47,5],[-159,63],[-110,56],[-54,14],[-106,30],[-94,32],[-140,-11],[-69,-19],[-116,7],[-93,17],[-71,-9],[-39,-5],[-125,-14],[-121,2],[-141,35],[-115,63],[-55,111],[-53,67],[-82,65]],[[68354,12349],[345,283],[243,306],[160,220],[406,315],[596,146],[682,154],[406,111],[436,33],[974,27],[439,-4],[1176,-85],[1386,-308],[1062,-126],[293,619],[353,396],[668,325],[858,1138],[274,292],[737,777],[566,1102],[267,748],[301,417],[470,246],[679,50],[993,-649],[566,-278],[1438,-8],[1615,12],[2771,-393],[27,11],[80,0],[78,17],[92,68],[100,47],[102,81],[178,56],[32,13],[30,26],[2,26],[40,80],[-89,154],[1,68],[28,41],[59,41],[30,24],[23,47],[37,30],[37,1],[68,56],[91,30],[20,42],[19,44],[65,19],[93,-13],[80,15],[108,51],[178,123],[70,-10],[179,62],[93,91],[257,163],[224,180],[963,501],[965,367],[781,311],[1035,-22],[511,-20],[857,-66],[843,-214],[774,-97]],[[98675,20659],[-294,-349],[-225,-134],[-96,-17],[-136,-104],[-2,-116],[-130,-74],[-400,-203],[-304,-77],[-264,-125],[-215,-87],[-97,-125],[-44,-88],[-108,-30],[-174,-7],[-115,-80],[-59,-108],[-52,-61],[-5,-54],[-74,-34],[-60,1],[-226,67],[-121,34],[-140,59],[-167,9],[-82,-10],[-61,0],[-48,4],[-98,-28],[-34,-35],[-65,10],[-34,32],[-49,-10],[-63,-30],[-61,-72],[-50,-1],[-25,-38],[-65,30],[-33,-15],[-28,13],[-86,-2],[-29,17],[-16,-9],[-25,-25],[-5,-41],[-12,0],[-18,23],[-38,0],[-99,-23],[-56,-32],[-83,-10],[-48,-28],[-29,-18],[-77,-48],[-38,-23],[-57,-2],[1,-62],[-39,-5],[-38,-42],[-48,-16],[-26,-24],[-22,-48],[-28,14],[-39,-7],[-40,-52],[-65,-38],[5,-46],[44,-31],[64,8],[37,-29],[11,-43],[-24,-25],[-51,-27],[-67,-93],[-18,-19],[3,-77],[-67,-65],[11,-48],[-21,-23],[42,-34],[-75,-71],[7,-43],[-85,-85],[-66,-87],[-56,-6],[-78,-23],[-17,-17],[-3,-24],[18,-67],[-31,-56],[-46,-36],[9,-33],[52,-15],[46,-33],[-43,-43],[-6,-56],[-87,-59],[-1,-53],[-1,-32],[-13,-3],[-28,-7],[-12,8],[-53,37],[-37,17],[-47,-20],[-38,-58],[6,-75],[-39,-28],[-19,11],[-1,11],[-14,6],[-17,-4],[-11,-27],[-43,-28],[-102,-36],[-57,-18],[-67,-42],[-68,-47],[-49,2],[-63,7],[-18,3],[-5,-17],[-8,-24],[-1,-4],[5,-21],[2,-14],[7,-8],[32,5],[29,-2],[13,-16],[-8,-14],[-48,-3],[-20,-11],[-47,-67],[-28,-52],[46,-46],[30,-34],[18,-37],[14,-30],[33,-14],[54,-8],[92,5],[74,-23],[16,-10],[32,-18],[22,-27],[7,-36],[-4,-28],[-21,-47],[-7,-14],[-13,-27],[-7,-20],[4,-29],[17,-37],[23,-66],[19,-117],[6,-92],[-9,-68],[-31,-67],[-30,-45],[-14,-11],[-15,-7],[-14,-28],[-17,-40],[-12,-50],[-5,-42],[-22,-46],[-29,-56],[-25,-54],[-24,-70],[-11,-33],[8,-33],[16,-49],[31,-86],[4,-50],[-12,-40],[-21,-36],[-35,-42],[-136,-84],[-23,-36],[-11,-37],[9,-32],[25,-35],[31,-53],[-8,-21],[-25,-28],[-14,-31],[1,-31],[17,-57],[20,-64],[44,-128],[14,-54],[3,-39],[3,-29],[23,-33],[22,-46],[16,-42],[7,-60],[-15,-110],[3,-72],[6,-50],[16,-56],[9,-50],[17,-48],[2,-36],[-20,-36],[-45,-23],[-138,-26],[-108,-33],[-192,-80],[-59,-52],[-23,-51],[-14,-38],[-10,-16],[-43,-29],[-88,-32],[-86,-14],[-89,-3],[-48,-7],[-50,-23],[-129,-77],[-27,-20],[-22,-26],[-28,-67],[-30,-41],[-72,-70],[-75,-37],[-197,-71],[-73,-2],[-40,-3],[-83,-5],[-76,-21],[-35,-36],[8,-56],[8,-16],[5,-24],[9,-17],[6,-13],[7,-18],[2,-41],[3,-40],[5,-24],[39,-52],[118,-26],[56,2],[40,4],[26,6],[14,1],[200,-13],[109,37],[22,16],[52,19],[52,22],[77,30],[32,4],[51,-3],[45,-9],[87,-52],[59,-10],[22,1],[3,0],[58,-5],[33,-1],[143,-1],[86,15],[131,39],[62,28],[56,41],[44,13],[77,24],[64,24],[68,11],[95,10],[92,11],[45,1],[93,-17],[48,-5],[48,14],[59,42],[28,26],[40,9],[43,27],[58,24],[13,5],[15,1],[66,-13],[88,-14],[54,-5],[58,2],[52,10],[46,-7],[77,-24],[63,-16]],[[32066,3082],[-50,423],[514,324],[480,433],[469,517],[212,280],[359,286],[631,198],[636,322],[448,399],[388,308],[762,512],[528,323],[443,355],[554,83]],[[38440,7845],[78,-122],[130,-106],[12,-81],[71,-71],[5,-27],[13,-66],[66,-93],[47,-85],[78,-75],[156,-90],[149,-61],[77,-85],[73,-175],[33,-117],[-11,-81],[-7,-119],[-22,-90],[-37,-116],[12,-64],[9,-76],[42,-52],[78,-44],[65,-49],[77,-49],[73,-80],[91,-88],[113,-138],[127,-63],[18,-84],[122,-120],[113,-78],[25,-92],[27,-100],[47,-78],[111,-105],[149,-80],[51,-74],[29,-77],[9,-104],[8,-112],[-49,-105],[55,-69],[87,-39],[20,-74],[10,-148],[-39,-114],[-81,-111],[-67,-83],[-15,-95],[-34,-87],[14,-87],[-6,-76],[60,-66],[77,-68],[237,-8],[135,-76],[111,-118],[95,-138],[2,-129],[-34,-120],[-1,-115],[72,-192],[-5786,-938],[-4233,-645],[-839,-128],[-3620,-549],[-299,343],[323,247],[491,146],[352,122],[646,237],[1068,486],[1151,409],[501,461],[573,344],[33,13],[309,274]],[[32066,3082],[-146,2],[-58,-16],[-50,-12],[-70,-3],[-89,16],[-66,1],[-182,-13],[-77,-14],[-104,3],[-105,7],[-194,27],[-65,-4],[-26,-11],[-47,-40],[-178,-25],[-51,-6],[-138,5],[-129,-66],[-92,-9],[-110,7],[-64,-9],[-44,-25],[-72,-79],[-53,-51],[-69,-107],[-18,-41],[-16,-74],[-97,-149],[-83,119],[-86,84],[-579,762],[-477,681],[-187,264],[-30,18],[-36,101],[-172,312],[-53,156],[-27,47],[-238,553],[-407,916],[-359,675],[-20,544],[-5,455],[-2,925],[75,766],[49,490],[7,571],[752,353],[292,159],[939,624],[832,556],[211,182]],[[30052,12709],[217,9],[102,2],[626,53],[42,4],[282,23],[422,12],[14,0],[828,34],[508,11],[541,-5],[6,1],[258,73],[38,9],[625,153],[166,46],[471,132],[64,33],[68,39],[397,224],[102,75],[171,60],[272,95],[128,45],[14,5],[71,41],[47,35],[53,46],[66,152],[29,73],[40,55],[40,46],[12,34],[22,148],[32,77],[28,48],[51,26],[57,13],[106,5],[48,13],[52,35],[36,45],[23,50],[33,42],[41,29],[-1,26],[-7,23],[-30,22],[-33,13],[-91,15],[-53,11],[-20,22],[-11,28],[-5,52],[8,40],[33,56],[50,39],[15,38],[-40,25],[-34,45],[-71,55],[-32,42],[1,3],[6,55],[65,116],[10,11],[132,148],[80,90],[111,63],[109,30],[86,42],[145,96],[34,31],[22,34],[49,16],[7,0],[40,2],[27,7],[12,2],[33,24],[19,40],[-1,71],[-4,56],[8,18],[22,51],[50,46],[182,109],[76,69],[140,120],[10,-1],[22,-1],[96,-63],[7,-67],[-13,-52],[-19,-62],[-21,-33],[-4,-18],[9,-13],[5,-2],[28,-8],[9,2],[24,4],[72,29],[146,46],[80,17],[97,8],[67,-16],[72,-36],[110,-58],[127,-56],[144,-24],[111,-3],[59,-6],[63,-28],[43,-41],[27,-43],[11,-54],[-35,-48],[-50,-36],[-68,-17],[-121,-26],[-56,-17],[-44,-21],[-3,-17],[29,-14],[53,-5],[81,-37],[101,-18],[233,-5],[57,-9],[18,-23],[20,-25],[36,-74],[-33,-49],[-34,-51],[-67,-52],[13,-22],[36,-10],[48,7],[77,17],[97,-3],[78,-37],[38,-48],[112,-69],[88,-24],[138,-9],[73,49],[8,22],[-1,29],[-28,32],[-44,50],[-69,57],[-135,96],[-39,28],[-91,82],[58,31],[4,27],[-11,19],[6,31],[63,20],[31,16],[52,53],[0,47],[-14,31],[-5,30],[-6,30],[10,23],[32,35],[28,32],[-11,40],[19,55],[-35,33],[-10,36],[11,34],[11,30],[-11,32],[0,39],[-22,24],[-19,19],[-76,53],[-43,34],[-1,38],[16,47],[52,54],[74,50],[63,27],[41,19],[9,14],[-26,17],[-54,22],[-135,95],[-271,215],[-234,99],[-276,101],[-199,76],[-72,73],[-31,59],[-116,57],[-94,76],[-43,58],[-52,73],[-94,53],[-55,17],[-75,1],[-228,-20],[-90,-1],[-96,13],[-45,11],[-127,0],[-80,7],[-57,12],[-55,28],[-71,48],[-23,53],[-6,40],[0,27],[8,24],[49,53],[88,53],[95,26],[128,13],[150,40],[222,68],[87,13],[190,22],[235,1],[102,5],[218,-6],[134,-5],[102,-8],[160,-22],[148,-11],[275,-7],[211,-1]],[[52564,21696],[190,-671],[46,-86],[264,-234],[185,-178],[16,-302],[16,-250],[29,-528],[24,-585],[-7,-282],[-40,-195],[31,-328],[79,-305],[69,-141],[76,-116],[109,-126],[236,-347],[39,-61],[184,-347],[209,-430],[186,-412],[61,-111],[-728,52],[-626,-212]],[[53212,15501],[-130,-5],[-229,-18],[-1034,-216],[-395,-72],[-299,-49],[-85,-61],[-223,-322],[-46,-195],[75,-63],[27,-167],[-49,-173],[-56,-105],[-200,-301],[-54,-21],[-108,-80],[-34,-58],[-58,-63],[9,-158],[-60,21],[-177,-9],[-1307,-327],[-417,-94],[-404,-92],[-18,6],[-4,-14],[26,-18],[130,-130],[72,-63],[8,-60],[-11,-103],[72,-109],[157,-63],[110,-38],[111,-60],[129,-85],[89,-84],[114,-93],[100,-52]],[[49043,11907],[535,-343],[305,-192]],[[49883,11372],[-42,-30],[-146,-51],[-210,-126],[-266,-96],[-177,-37],[-127,-38],[-155,-95],[-120,-40],[-147,-42],[-152,-1],[-158,11],[-192,9],[-235,14],[-195,13],[-195,34],[-224,17],[-226,14],[-255,-14],[-233,-31],[-157,1],[-173,-10],[-228,-25],[-223,-10],[-296,4],[-309,-28],[-273,-19],[-410,-34],[-240,-1],[-237,7],[-158,13],[-139,-11],[-153,15],[-201,39],[-320,-7],[-302,-7],[-281,-2],[-227,0],[-211,19],[-218,27],[-203,-13],[-170,-32],[-206,-28],[-178,-16],[-244,-1],[-231,14],[-245,-14],[-288,27],[-137,-14],[-48,-1],[-54,-5],[-19,7],[-37,7],[-32,7],[-46,20],[-22,10],[-32,9],[-37,16],[-35,10],[-33,5],[-48,-3],[-24,3],[-16,0],[-43,5],[-27,2],[-20,5],[-15,-7],[-36,4],[-33,-5],[-15,1],[-8,-1],[-12,1],[-27,16],[-52,49],[-22,31],[-4,9],[-16,13],[-342,-27],[-35,-21],[2,-54],[69,-69],[-1,-21],[-30,-24],[-32,-45],[17,-28],[4,-28],[-33,-34],[-42,-13],[-58,-44],[-18,-38],[-45,-44],[-37,-13],[-18,-21],[-124,-56],[-33,-40],[-3,-29],[-15,-16],[0,-23],[17,-23],[2,-52],[45,-76],[37,-42],[12,-74],[14,-16],[10,-36],[-18,-28],[-17,-5],[-25,-25],[-97,-22],[-23,-40],[-20,-17],[0,-23],[-3,-42],[85,-201],[-22,-73],[-53,-133],[-66,-121],[-79,-106],[-41,-66],[7,-116],[-57,-114],[-39,-113],[14,-105],[-3,-76],[31,-67],[45,-73],[104,-67],[85,-79],[123,-76],[63,-65],[2,-111],[46,-72],[80,-67],[-2,-30]],[[7156,19741],[19,-17],[10,-9],[53,-31],[37,-34],[12,-28],[15,-62],[11,-20],[35,-9],[32,-31],[22,-10],[44,-3],[52,13],[22,-5],[28,-35],[31,-40],[34,-23],[35,-19],[46,-13],[64,-14],[77,-33],[41,-22],[34,-40],[0,-17],[-28,-14],[-1,-22],[38,-36],[44,-18],[13,-41],[23,-18],[27,-7],[51,-25],[-5,-40],[3,-22],[40,-7],[53,5],[52,-30],[33,-16],[33,-11],[43,-26],[24,-14],[27,-17],[33,-47],[82,-61],[44,-70],[19,-16],[15,-22],[43,-24],[38,1],[19,-13],[42,-42],[43,-33],[49,-15],[16,-18],[-12,-12],[-15,-22],[12,-21],[15,-15],[40,-20],[15,-32],[25,-42],[7,-65],[-5,-37],[15,-19],[11,-14],[22,-41],[37,-36],[42,-42],[9,-17],[3,-24],[4,-36],[-14,-29],[-26,-27],[-23,-40],[-17,-58],[0,-44],[8,-51],[9,-42],[7,-75],[-4,-18],[-3,-29],[26,-16],[15,-16],[46,-26],[11,-18],[15,-29],[3,-64],[16,-35],[24,-41],[2,-23],[-2,-40],[-17,-22],[-5,-106],[4,-68],[15,-41],[8,-61],[23,-43],[42,-35],[46,-25],[41,-48],[39,-31],[60,-97],[21,-18],[43,-35],[19,-49],[11,-33],[25,-32],[26,-22],[22,-5],[57,-9],[14,-12],[55,-61],[25,-34],[12,-32],[24,-18],[25,-43],[37,-32],[19,-17],[33,-13],[15,-17],[14,-25],[28,-33],[31,-27],[39,-14],[39,-15],[19,-32],[0,-31],[9,-10],[32,-15],[22,-23],[41,-32],[12,-21],[18,-20],[29,-18],[28,-26],[16,-10],[25,-10],[36,-7],[39,-2],[34,-7],[80,-25],[39,-7],[19,-10],[14,-16],[4,-33],[-8,-76],[40,-57],[12,-31],[4,-27],[-9,-18],[-33,-44],[-40,-50],[-28,-39],[-35,-39],[-52,-35],[-19,-21],[-18,-12],[-40,-25],[-44,-12],[-39,-4],[-57,1],[-69,7],[-44,11],[-66,-4],[-33,-12],[-49,-170],[-86,-292],[-19,-75],[16,3],[96,2],[53,5],[27,6],[45,-5],[30,0],[28,1],[69,19],[52,7],[47,9],[37,4],[39,12],[30,5],[36,11],[94,16],[102,39],[66,40],[38,20],[24,9],[123,24],[47,18],[43,-3],[62,-27],[42,-2],[205,67],[168,27],[190,40],[113,30],[83,9],[130,-3],[49,9],[-87,-192],[-137,-449],[-122,-347],[-250,-462],[-147,-214],[-24,-74],[1,-48],[19,-46],[58,-37],[58,-26],[155,-15],[407,-57],[211,-29],[234,-16],[473,-42],[708,-62],[570,-60],[37,-9],[26,-20],[20,-71],[-5,-84],[-27,-67],[-180,-341],[-163,-243],[-165,-245],[-258,-349],[-135,-211],[-152,-240],[9,-359],[209,12],[228,1],[60,9],[104,27],[142,26],[295,24],[302,5],[101,-5],[280,-5],[517,158],[80,18],[527,127],[781,97],[144,43],[324,91],[288,93],[359,118],[272,184],[115,162],[55,115],[1,132],[-55,170],[-166,223],[-124,107],[-62,114],[117,43],[348,0],[94,21],[113,-30],[111,-21],[85,-6],[112,17],[108,7],[246,-6],[174,-20],[151,-10],[137,-9],[328,-27],[304,-82],[381,-74],[200,-42],[410,-79],[168,-64],[203,-68],[221,-73],[103,-38],[25,-48],[-3,-92],[-16,-90],[-69,-153],[16,-82],[72,-188],[101,-20],[303,-89],[442,-67],[287,-30],[231,-42],[402,-59],[142,-12],[149,-42],[467,-60],[605,-38],[392,96],[741,348],[716,366],[489,259],[227,128],[608,126],[988,190],[458,76],[255,18]],[[74493,74274],[-255,95],[-262,-43],[-304,12],[-207,-42],[-188,177],[-15,227],[-200,28],[-280,-84],[-238,-43],[-129,65],[-65,-15]],[[72350,74651],[-171,45],[-104,69],[50,56],[-276,-6],[-123,100],[-150,91],[-202,72],[-110,155],[-159,142],[-425,-58],[-131,176],[-206,254],[-261,210],[-306,353]],[[69776,76310],[196,40]],[[69972,76350],[261,-40],[256,10],[340,-114],[259,-45],[46,-124],[350,-13],[199,187],[303,103],[367,93],[357,301],[890,231],[736,-65]],[[74336,76874],[36,-22],[36,-21],[28,-38],[107,-86],[30,-41],[-2,-104],[-33,-55],[-16,-63],[144,-61],[45,-37],[8,-97],[53,-26],[107,-77],[240,-71],[144,-102],[79,-97],[2,-91],[-15,-26],[25,-42],[10,-22],[-36,-45],[40,-25],[84,-60],[68,-1],[101,18],[43,-9],[32,-53],[-4,-91],[2,-45],[75,-114],[292,-145],[192,-82]],[[76253,75043],[-503,-165],[-226,68],[-235,-8],[-374,-160],[-66,-56],[-63,-152],[-94,-179],[-199,-117]],[[52328,76437],[38,-12],[69,78],[-175,103],[10,27],[-31,31],[-28,12],[-6,37],[-24,92],[-1,32],[-72,3],[15,173],[1,4],[0,10],[34,-1],[-8,87],[75,-1],[-51,81],[-32,58],[40,5],[-8,7],[-18,15],[-13,8],[-3,8],[-20,8],[-6,4],[-7,4],[-11,8],[-27,18],[-20,19],[-7,15],[-12,1],[-70,36],[-78,-47],[-62,28],[-47,-15],[-50,9],[-91,-2],[-52,6],[-74,11],[-141,-3],[-67,-13],[-47,-17],[-102,-39],[-61,-19],[12,-24],[-51,-36],[-41,-11],[-6,-25],[-7,-9],[-6,-5],[-46,-28],[-96,-29],[-1,-8],[-88,-33],[58,-62],[22,1],[9,-40],[-13,-6],[-2,-34],[0,-4],[-7,-144],[-38,-20],[10,-12],[2,-11],[0,-10],[-2,-12],[25,-4],[20,-2],[40,9],[38,5],[40,1],[38,-3],[25,-9],[22,-10],[15,-10],[11,-7],[12,-3],[18,0],[18,8],[7,6],[6,10],[10,6],[15,12],[7,5],[10,12],[13,8],[19,2],[19,-2],[16,-10],[0,-28],[-7,-15],[3,-13],[5,-10],[27,-13],[21,-10],[27,-13],[14,-12],[11,-3],[18,-2],[12,-2],[9,-1],[9,0],[4,2],[12,0],[5,-1],[9,-4],[10,-12],[12,-28],[12,-18],[41,-38],[14,-9],[19,-7],[29,-1],[30,10],[14,5],[16,5],[14,3],[15,-2],[19,-20],[15,-29],[0,-9],[10,-7],[18,-3],[9,1],[20,2],[19,-2],[21,-2],[19,-3],[16,0],[17,4],[19,6],[30,-1],[21,-12],[31,-12],[16,-2],[22,-6],[7,-12],[1,-12],[6,-14],[24,-6],[17,5],[28,8],[26,-5],[20,-11],[11,-21],[-10,-12],[-9,-17],[8,-10],[4,-2],[18,1],[12,2],[22,6],[25,7],[20,3],[29,-5],[18,1],[21,-12],[37,3],[48,7],[-37,37],[-1,19],[15,21]],[[48487,75659],[-67,24],[-32,13],[-84,20],[-31,18],[50,52],[94,73],[3,142],[71,167],[152,78],[104,100],[-113,-4],[-67,11],[-7,19],[16,25],[22,18],[23,36],[69,33],[164,-4],[143,97],[-40,55],[-12,27],[-13,44],[-14,28],[-71,97],[-12,11],[-46,0],[-183,21],[-101,11],[-23,6],[-216,36],[-24,4],[-69,30],[-40,14],[-41,5],[-33,10],[-36,3],[-11,8],[-2,22],[-33,4],[-18,0],[-31,-5],[-45,-19],[-69,0],[-18,3],[-28,7],[-50,6],[-20,-6],[-36,-2],[-30,12],[-52,36],[-26,10],[-43,8],[-30,1],[-30,9],[-31,16],[-13,3],[-11,-2],[-29,-15],[-27,-15],[-33,-7],[-40,-4],[-43,2],[-39,3],[-53,10],[-20,9],[-11,10],[-29,9],[-48,-3],[-21,-3],[-32,-1],[-38,7],[-12,4],[-85,45],[-22,34],[-14,27],[-6,15]],[[46794,77217],[-25,6],[-64,5],[-23,1],[-21,-1],[-21,-3],[-28,-8],[-16,-7],[-66,-38],[-30,-11],[-14,-10],[-17,-2],[-16,3],[-39,11],[-18,12],[-16,5],[-23,1],[-33,-3],[-31,-7],[-52,-25],[-27,-15],[-18,-11],[-29,-10],[-7,0],[-11,0],[-18,3],[-24,5],[-46,9],[-47,12],[-26,10],[-15,9],[-32,30],[-40,34],[-13,6],[-13,6],[-16,3],[-54,1],[-51,2],[-38,10],[-48,18],[-44,14],[-16,14],[-8,10],[-11,14],[-9,19],[-15,25],[-49,33],[-42,22],[-39,34],[-31,27],[-19,11],[-25,5],[-33,1],[-25,3],[-27,7],[-48,28],[-31,30],[-22,20],[-18,11],[-18,5],[-27,3],[-34,-1],[-39,1],[-30,-9],[-29,-16],[-29,-4],[-18,12],[-27,3],[-13,-2],[-17,-4],[-18,-4],[-15,-2],[-22,2],[-24,12],[-54,18],[-57,1],[-51,-4],[-28,-7],[-35,0],[-16,5],[-22,12],[-14,13],[-42,10],[-59,15],[-31,22],[-34,21],[-28,11],[-53,1],[-14,-7],[-7,-12],[-16,-17],[-14,-11],[-25,-3],[-42,5],[-34,14],[-23,17],[-35,29],[-23,20],[-34,9],[-20,2],[-53,13],[-48,27],[-24,14],[-34,20],[-31,15],[-58,32],[-23,17],[-9,11],[-21,4],[-20,-8],[-16,-10],[-14,-3],[-17,2],[-16,8],[-26,10],[-33,11],[-24,-1],[-45,-9],[-29,2],[-46,-2],[-33,-6],[-14,-4],[-22,-2],[-17,0],[-18,4],[-12,4],[-9,5],[-9,8],[-4,12],[-7,9],[-13,11],[-11,18],[-8,14],[-5,13],[11,10],[15,5],[16,5],[37,26],[10,18],[-20,14],[-16,8],[-18,11],[-17,11],[-16,12],[-19,12],[-11,9],[-27,30],[-9,10],[-6,11],[-2,6],[-1,5],[-2,4],[-12,13],[-8,10],[-4,8],[-6,21],[-5,14],[-3,9],[-6,8],[-22,16],[-17,11],[-15,12],[-7,9],[-123,-38],[-144,-16],[-129,-32],[-11,-40],[-59,-31],[-84,-30],[-83,-8],[-84,1],[-38,-11],[-33,-16],[-54,-12],[-59,1],[-40,14],[-50,23],[-42,37],[-230,61],[-21,-70],[-51,-14],[-73,30],[-199,87],[-163,17],[-101,-20],[-35,34],[-41,7],[-119,13],[-60,-43],[-22,-28],[-20,-8],[-136,99],[-29,66],[-85,81],[-60,48],[-93,-10],[-99,24],[-99,64],[-41,1],[-53,92],[-67,73],[31,88],[11,54],[34,50],[17,61],[-33,46],[36,27],[8,30],[-15,93],[-33,5],[-82,-3],[-50,27],[-43,4],[-51,14],[-61,63],[-49,70],[-29,54],[-16,9],[-39,6],[-10,15],[-6,18],[-6,12],[-46,-9],[-26,11],[-40,27],[-21,36],[-46,35],[-26,34],[-5,68],[7,49],[-30,41],[-11,45]],[[37169,78987],[-34,-17],[-32,-9],[-78,-6],[-30,-11],[-43,-30],[-55,-38],[-114,-68],[-58,-22],[16,-28],[65,-35],[0,-104],[88,-19],[46,-45],[283,67],[114,39],[109,1],[29,-10],[28,-43],[5,-34],[-17,-63],[-35,-109],[74,-25],[144,-74],[46,-54],[28,-57],[25,-156],[49,-47],[85,-31]],[[37907,77959],[9,14],[33,33],[74,9],[97,-1],[7,-24],[-13,-71],[68,-1],[139,-20],[25,-12],[21,-70],[-84,-96],[103,-36],[-1,-21],[-29,-48],[1,-51],[36,-22],[-48,-27],[-14,-26],[12,-50],[82,-42],[60,-22],[39,-46],[202,-23],[196,-151],[226,-31],[88,-142],[180,-87],[234,-161],[260,-153],[234,-99],[174,-225],[-5,-79],[-11,-67],[33,-57],[226,-129],[97,-206],[243,-67],[138,-28],[39,-22],[85,-48],[69,-38],[171,-49],[218,-46],[-223,-260],[-359,-375],[-204,-193],[-323,-277],[107,-302],[39,-214],[-31,-102],[-35,-54]],[[40592,73644],[-69,-7],[102,-89],[295,-94],[185,16]],[[41105,73470],[174,-93],[152,-140],[69,24],[27,-25],[35,-21],[132,-44],[3870,-2085],[-1,-82],[98,-54],[102,-10]],[[45763,70940],[143,-21],[109,-47],[84,-28],[88,13],[131,-17],[57,-34],[48,-45],[291,-114],[109,-20],[276,154],[63,-63],[92,116],[94,24],[124,54],[100,104],[46,79],[101,91],[64,-15],[77,11],[36,-18],[48,-13],[25,9],[23,24],[7,48],[-2,18],[-28,34],[-35,32],[-30,-11],[-87,-2],[-98,33],[-130,29],[-117,31],[-102,-6],[-41,-6],[-101,9],[-32,8],[-76,-3],[-63,-14],[-24,-4],[-29,3],[-8,17],[-35,10],[-9,50],[-36,19],[15,53],[-3,29],[18,11],[38,-9],[127,-62],[41,-1],[6,0],[134,104],[12,13],[-69,107],[11,87],[35,123],[14,92],[20,70],[34,44],[4,23],[16,31],[-89,19],[-20,29],[-22,19],[24,49],[-34,83],[-11,8],[-64,-31],[-89,3],[-89,-9],[-69,-19],[-32,-6],[-44,25],[-186,128],[-52,26],[-45,35],[-17,30],[-24,23],[-4,9],[-35,0],[-9,9],[-40,55],[-38,52],[-53,95],[-55,105],[-6,27],[3,37],[11,61],[-9,17],[-79,87],[-29,29],[-50,71],[-35,115],[-47,51],[-30,86],[-69,76],[-84,177],[-61,113],[-30,38],[-33,35],[126,-2],[5,43],[-23,108],[-23,13],[-20,-4],[-28,48],[159,57],[89,53],[15,45],[163,-4],[278,-11],[111,62],[102,21],[74,-8],[40,9],[12,6],[126,17],[131,-1],[109,-8],[155,6],[189,16],[172,34],[110,58],[-41,126],[-108,32],[2,21],[28,29],[213,54],[66,92],[20,58],[-37,67],[-27,111],[12,115],[-47,60],[31,52],[147,130],[333,155],[87,41],[12,7]],[[69952,81344],[-226,-17],[-273,-181],[-149,-473],[-137,-361],[-289,-381],[56,-261],[-50,-480],[14,-307],[195,-121],[283,-132]],[[69376,78630],[379,68],[919,-40],[651,-64],[488,55],[164,21],[164,17],[-50,82],[87,46],[11,85],[218,42],[44,112],[108,520],[-49,32],[-178,-4],[66,278],[17,361],[0,12],[-216,297],[-99,223],[-77,132],[-67,144],[-396,-21],[-479,155],[-314,72],[-381,40],[-434,49]],[[69952,81344],[31,84],[-192,354],[-181,334],[-36,67],[-72,138],[-36,75],[-94,199],[-98,183]],[[63510,78039],[789,2],[701,34],[856,68],[-204,-583],[-111,-318],[678,-159],[28,20],[4,3],[2,2],[0,3],[0,3],[-1,5],[1,6],[4,20],[4,15],[20,52],[16,37],[3,14],[2,9],[1,9],[-2,6],[-7,22],[-16,33],[-2,5],[0,6],[1,5],[2,7],[17,41],[8,10],[7,7],[8,6],[13,12],[4,5],[4,6],[1,5],[-1,6],[-2,13],[0,7],[0,8],[10,31],[5,10],[4,6],[7,8],[31,32],[22,20],[10,10],[16,17],[4,8],[3,7],[2,13],[8,30],[3,5],[5,7],[13,11],[7,6],[6,6],[21,20],[4,3],[6,3],[18,8],[7,4],[12,9],[8,7],[3,4],[1,3],[-1,4],[-2,9],[-2,6],[1,25],[3,32],[3,15],[10,20],[7,18],[1,7],[-1,10],[2,7],[6,14],[6,10],[12,17],[8,8],[9,6],[9,3],[9,1],[14,1],[28,0],[19,-1],[19,-1],[5,0],[3,0],[6,3],[7,3],[6,1],[7,0],[9,-1],[10,-3],[6,-3],[19,-9],[5,-2],[6,-1],[4,0],[5,1],[10,5],[3,4],[2,4],[3,8],[3,6],[14,26],[2,5],[1,5],[-1,27],[-2,21],[1,7],[2,5],[5,8],[7,7],[8,5],[24,11],[12,5],[8,5],[16,11],[44,31],[8,4],[18,8],[35,18],[4,3],[7,9],[7,11],[3,9],[1,7],[-2,10],[-5,15],[-5,15],[-1,6],[1,5],[3,1],[6,4],[5,3],[5,2],[6,1],[9,0],[25,-3],[12,0],[21,2],[5,2],[3,2],[3,5],[0,4],[1,7],[3,5],[5,8],[21,28],[5,5],[6,3],[32,14],[21,11],[7,5],[8,8],[16,-10],[21,-15],[9,-9],[33,-31],[-65,-70],[0,-75],[-33,-57],[-2,-36],[188,-110],[260,131],[634,349],[250,137],[26,-34],[44,-20],[12,-1],[116,53],[187,-25],[276,-7]],[[69249,78592],[71,22],[56,16]],[[53332,63281],[25,9],[332,121],[475,151],[342,133],[558,222],[114,39],[477,192],[335,133],[379,161],[293,118],[293,120],[40,12],[352,140],[329,135],[272,113],[154,66],[347,161],[28,83],[-70,100],[12,74],[103,91],[-42,77],[-61,41],[102,63],[43,50],[45,83],[149,115],[94,2]],[[58852,66086],[54,4],[86,65],[73,252],[5,172],[65,227],[-167,197],[49,77],[142,41],[103,-79],[22,-57],[79,-42],[44,17],[33,-30],[62,1],[104,-42],[69,-70],[117,8],[35,-48],[74,-17],[98,26],[124,-48],[74,-10],[56,60],[84,-18],[-9,-48],[109,-82],[154,-3],[85,-87],[146,-32],[182,-57],[94,6],[321,-23],[62,-138],[2,-41],[153,-126],[14,-56],[-68,-91]],[[61582,65994],[-11,-37],[19,-9],[-182,-364],[115,-342],[95,-197],[346,-469],[87,-148],[287,-193],[39,-62],[40,-98],[93,-134],[59,-56],[18,-90],[-11,-68],[-196,-27],[-89,-10],[-383,-278],[-459,-403],[-337,-319],[-107,-207],[-19,-66],[658,-596],[382,-342],[248,-380],[75,-395],[180,-860],[142,-173],[243,-167],[402,-178],[216,-132],[83,-71],[130,-728],[12,-329],[108,-426],[174,-326],[158,-271],[170,-371],[10,-144],[-77,-202],[-40,-197],[-147,-149],[-109,-178],[-77,-481],[59,-102],[-37,-194],[-75,-157],[-21,-78],[-7,-28]],[[53264,52361],[-27,718],[353,1558],[524,2570],[414,1150],[199,721],[72,741],[77,508],[-113,910],[-144,211],[156,148],[133,98],[145,137],[18,19],[21,0],[26,22],[17,-4],[15,11],[27,-1],[105,54],[56,9],[40,90],[20,83],[-63,124],[-65,88],[-112,83],[-155,83],[-75,63],[-203,-110],[-531,189],[-240,83],[-270,79],[-427,124]],[[53257,62920],[13,33],[18,62],[24,73],[-2,42],[7,27],[0,22],[15,102]],[[46870,57349],[222,218],[332,-167],[-56,141],[1,36],[-28,60],[-49,139],[-29,63],[-27,51],[-24,65],[-50,91],[-39,62],[-32,47],[-23,20],[-39,96],[-96,177],[-86,153],[-18,33],[-95,128],[-30,55],[-28,45],[-39,95],[-40,88],[-70,96],[-54,89],[10,70],[21,106],[-43,7],[-101,53],[-152,105],[-204,109],[8,288],[474,373],[-20,3],[169,151],[29,44],[91,-31],[100,102],[56,103],[73,169],[682,211],[95,31],[171,50],[37,16],[55,18],[114,18],[114,26],[-12,-21],[-20,-25],[-4,-65],[-13,-56],[-16,-81],[-24,-63],[-34,-29],[22,-32],[-1,-27],[-29,-54],[-33,-41],[-25,-44],[173,31],[219,-3],[293,260],[122,11],[74,16],[365,72],[363,48],[301,102],[131,389],[165,171],[89,95],[15,26],[64,9],[172,103],[359,155],[729,175],[312,104],[1232,399],[16,43]],[[46629,53243],[-23,848],[-254,1157],[21,1612],[497,489]],[[66168,62322],[145,138],[280,60],[279,-23],[246,-112],[209,-218],[254,-383],[105,-277],[-146,-143],[-276,-67],[-36,-9],[-282,34],[-167,164],[-103,65],[-115,150],[-201,220],[-192,401]],[[77309,67292],[-78,-72],[-138,-75],[-171,-1],[-262,184],[-174,-45],[-221,51],[-317,-158],[-152,-65],[-202,-180],[-1128,-415],[-837,-366],[-309,65]],[[73320,66215],[-102,-225],[367,-234],[157,-274],[467,-314],[602,-546],[99,-254],[-70,-347],[-33,-542],[-91,-331],[86,-1298],[-204,-119],[-77,-126],[-48,-205],[-402,-255],[-293,113],[-267,-29],[-301,40],[-196,-109],[-359,-53],[-246,32],[-169,-79],[235,-130],[-58,-219],[-182,49],[-64,-118],[119,-72],[-140,-95],[-282,67],[-91,-112],[-96,-20],[-44,-26],[-58,-12],[-46,-24],[-124,3],[-67,-15],[-31,-45],[394,-84],[175,-80],[128,-77],[178,-112],[224,-146],[161,-67],[231,-93],[225,-96],[319,-136],[8,-30],[-38,-26],[-137,-76],[-279,-173],[-151,-17],[-20,-11],[-68,-21],[-81,-30],[-27,-15],[-15,-4],[-108,-69],[-235,-20],[-178,-38],[-142,-196],[-359,-354],[-134,-112],[-245,-130],[-137,-335],[-120,-519],[16,-337],[43,-883],[144,-966],[303,-866],[72,-64]],[[76731,54351],[32,93],[315,188],[257,9],[357,80],[274,110],[225,108],[168,377],[-121,358],[95,518],[-159,169],[-213,195],[-94,221],[-390,1128],[263,1002],[90,182],[607,2317],[28,97],[65,226],[42,145],[85,476],[81,460],[11,35],[1,15],[7,33],[11,34],[43,137],[30,97],[36,141],[26,110],[47,140],[38,261],[21,64],[-10,112],[33,30],[12,35],[7,25],[21,27],[14,21],[14,10],[4,6],[2,5],[4,8],[0,30],[5,38],[-14,33],[-43,67],[-20,22],[23,39],[-5,19],[-34,17],[-221,340],[-232,384],[-202,397],[-307,505],[-90,216],[-112,136],[-138,190],[-63,121],[-75,78],[-66,88],[-69,192],[-67,75],[-11,69],[-52,60],[-8,20]],[[72350,74651],[-206,-75],[-159,-55],[-125,-37],[-134,-87],[-344,-137],[-203,-120],[-374,-325],[-154,-159],[-19,-125],[30,-139],[99,4],[79,27],[87,-64],[48,-206],[115,-171],[171,-199],[110,-145],[163,-235],[102,-178],[-5,-185],[-17,-179],[-148,-217],[-215,-257],[-186,-101],[-211,-54],[-446,-95],[-280,-107],[-100,-107],[-81,-137],[-106,-104],[-203,-5],[-323,45]],[[69315,70722],[-76,-162],[219,-36],[-26,-214],[-517,-166],[-641,-196],[-190,-123],[-409,-289],[-229,-264],[-204,-284],[-420,-308],[-198,-175]],[[66624,68505],[71,-170],[840,-256],[1241,517],[-65,-650],[171,-369],[1722,-532],[1302,-890],[784,620],[1138,509],[486,4],[-211,-349],[-783,-724]],[[77309,67292],[-88,277],[-71,185],[-26,188],[-36,141],[-31,326],[74,215],[39,113],[-63,277],[22,259],[23,87],[20,61],[30,60],[42,58],[16,35],[8,33],[-2,16],[-33,56],[-19,24],[-48,43],[-75,70],[-81,77],[-68,69],[-41,47],[-57,65],[-42,42],[-93,89],[-37,43],[-48,58],[-30,42],[-29,39],[-29,31],[-54,70],[-12,10],[-14,12],[-22,23],[-11,17],[-7,13],[-10,17],[-33,39],[-22,23],[-14,12],[-10,7],[-39,20],[-30,17],[-53,42],[-21,14],[-57,37],[-77,53],[-31,23],[-56,44],[-43,33],[-57,44],[-29,24],[-33,28],[-5,9],[-31,27],[-16,11],[-7,5],[-26,13],[-56,30],[-29,16],[-47,26],[-29,16],[-394,196],[-186,242],[-119,169],[-52,52],[-35,45],[36,84],[65,17],[27,26],[32,24],[57,49],[102,92],[44,44],[267,237],[121,100],[60,59],[482,410]],[[76062,73039],[-47,19],[-295,175],[-163,280],[-169,249],[-71,128]],[[75317,73890],[-160,-17],[-79,36],[-110,51],[-39,26],[-39,89],[62,101]],[[74952,74176],[-135,28],[-105,39],[-219,31]],[[76062,73039],[332,295],[453,406],[348,282],[95,97],[10,15],[14,13],[51,40],[12,16],[11,15],[41,37],[52,49],[96,81],[228,212],[27,19],[-124,38],[-39,39],[-122,15],[-80,-31],[-80,29],[-33,21],[-31,10],[-49,21],[-18,13],[-14,7],[-12,3],[-182,33],[-45,6],[-17,14],[-19,16],[-65,35],[-115,48],[-104,55],[-117,13],[-99,3],[-95,10],[-119,29]],[[74952,74176],[86,94],[77,64],[-2,61],[12,60],[80,22],[80,25],[206,33],[177,-48],[93,-75],[-42,-138],[-45,-135],[-104,-30],[-97,-57],[-59,-44],[-54,-41],[-43,-77]],[[63972,73530],[-77,-169],[31,-66],[-12,-109],[-44,-199],[-140,-72],[-34,-58],[-124,-101],[-89,-128],[67,-308],[262,-100],[232,-253],[323,-140],[251,-82],[433,-279],[346,-452],[187,-245],[212,-260],[238,-205],[188,72],[337,93],[255,34],[402,92],[516,109],[175,51],[347,23],[355,-15],[337,-20],[369,-21]],[[69776,76310],[-119,9],[-75,95],[-218,91],[-153,93],[-175,-30],[-290,-260],[-235,100],[-346,-126],[-1197,-304],[-22,-195]],[[66946,75783],[464,-682],[-7,-2],[-4,-1],[-5,-1],[-5,0],[-6,0],[-5,0],[-9,-1],[-14,-2],[-24,-8],[-7,-2],[-3,-4],[-3,-3],[-1,-3],[-1,-4],[-1,-3],[-4,-3],[-5,-1],[-10,-1],[-12,-1],[-14,-3],[-14,-5],[-7,-5],[-2,-3],[-2,-3],[-2,-5],[-1,-4],[-3,-2],[-6,-3],[-11,-2],[-17,-2],[-25,-4],[-146,7],[-270,91],[-701,159],[-129,-111],[8,-4],[3,-3],[1,-1],[0,-3],[-2,-10],[-9,-18],[-4,-7],[-1,-10],[-1,-9],[-3,-12],[-3,-12],[0,-3],[3,-5],[7,-9],[10,-6],[13,-14],[5,-3],[26,-15],[7,-5],[4,-4],[7,-6],[6,-4],[5,0],[2,0],[6,-6],[4,-2],[4,-2],[5,-1],[9,-2],[4,-1],[2,-2],[3,-9],[4,-8],[7,-11],[7,-8],[6,-5],[11,-9],[8,-5],[20,-18],[9,-8],[2,-6],[2,-11],[3,-10],[2,-4],[5,-6],[9,-7],[4,-6],[4,-8],[7,-10],[10,-10],[11,-10],[9,-9],[3,-5],[3,-6],[0,-4],[-1,-13],[-3,-5],[-3,-4],[-6,-5],[0,-4],[-1,-6],[1,-5],[2,-6],[1,-8],[-1,-5],[-3,-9],[-2,-5],[0,-5],[2,-7],[3,-10],[2,-10],[0,-9],[1,-6],[-1,-9],[-3,-9],[-2,-7],[-1,-8],[1,-9],[2,-10],[3,-9],[2,-6],[9,-20],[1,-4],[0,-4],[0,-5],[-2,-5],[-1,-4],[-3,-3],[-2,-2],[-5,-4],[-12,-9],[-4,-4],[-2,-2],[-1,-3],[-16,-31],[-4,-5],[-8,-11],[-16,-20],[-3,-4],[-13,-18],[-3,-4],[-6,-7],[-3,-7],[-2,-5],[-1,-6],[-1,-6],[-1,-3],[0,-3],[0,-2],[-1,-1],[-2,-2],[-21,-13],[-1,-2],[-1,-2],[0,-2],[1,-3],[2,-2],[7,-7],[2,-2],[7,-10],[-24,-5],[-147,61],[-966,-657],[-537,-141],[-442,-86]],[[63972,73530],[-506,-100],[-865,-51],[-223,-59],[-303,-19],[-348,-2],[-158,113]],[[61569,73412],[-267,-221],[5,-491],[-567,123],[-422,-32],[-833,121],[-839,-520],[-557,87],[-472,-30],[349,-308],[-483,21],[17,-19]],[[57500,72143],[24,-6],[348,-570],[561,-331],[489,-240],[163,-151],[42,-126],[17,-25],[33,-70],[-18,0]],[[59159,70624],[-56,-84],[-16,-98],[0,-119],[32,-196],[80,-55],[152,-78],[107,-79],[221,-319],[39,-100],[49,-13],[167,7],[518,-566],[174,-160],[-254,-787],[63,-310],[-88,-116],[-141,-152],[195,-188],[283,139],[990,91],[779,190],[544,102],[604,40],[411,-275],[437,-149],[488,2],[345,-80],[381,-47]],[[65663,67224],[110,225],[299,733],[552,323]],[[52687,69043],[18,23],[15,36],[-12,27],[163,92],[70,114],[282,144],[154,25],[250,-80],[257,-19],[563,185],[102,21],[324,87],[141,82],[77,108],[64,56],[88,66],[57,24],[33,72],[130,46],[105,-49],[143,-18],[254,-79],[167,-84],[75,-23],[147,56],[207,11],[141,-36],[61,-64],[172,6],[75,99],[157,-64],[-5,58],[-33,47],[-83,89],[132,91],[114,70],[175,71],[-6,-72],[57,-84],[48,-26],[87,22],[-3,88],[55,19],[276,16],[87,-28],[35,57],[44,58],[30,-37],[45,-17],[37,30],[90,23],[-7,-108],[93,-66],[38,-59],[0,-130],[154,-51],[181,81],[91,36],[64,57],[-67,15],[-100,61],[-127,5],[-107,107],[-122,99],[7,94],[22,61],[193,71],[136,54],[134,6],[60,-15],[-10,-67],[43,-51],[81,42],[53,0]],[[65663,67224],[-756,-206],[-2724,-801],[-203,-89],[-34,-72],[-40,-26],[-78,-26],[-104,-12],[-142,2]],[[58852,66086],[-74,32],[-198,73],[-285,137],[-275,101],[-90,48],[-354,186],[-101,75],[-141,33],[-223,76],[-427,181],[59,136],[56,117],[59,137],[39,57],[44,53],[25,66],[8,43],[-11,76],[0,126],[11,43],[-61,-14],[-67,1],[-85,-21],[-99,-60],[-83,-49],[-68,4],[-70,28],[-47,-18],[-60,-21],[-43,-6],[-166,93],[-67,22],[-54,-3],[-87,-26],[-22,-13],[-105,-15],[-31,20],[-44,7],[-173,-24],[-136,-5],[-95,-19],[-124,-3],[-25,1],[-42,9],[-55,-12],[-32,-10],[-74,-20],[-42,-2],[-43,18],[-37,-45],[-84,-3],[-67,19],[-20,14],[-15,26],[4,21],[7,15],[-15,20],[-22,0],[-7,11],[40,14],[-108,64],[-20,42],[-177,37],[-79,-2],[-81,62],[-138,89],[-115,47],[-118,54],[-119,65],[-127,49],[-101,37],[-67,94],[-89,144],[-67,79],[-80,54],[-68,46],[-66,39],[-18,29],[-33,34],[-78,44],[-222,100]],[[60889,77108],[149,-454],[86,-291],[25,-168],[30,-111],[19,-124],[-2,-75],[13,-40],[63,-45],[20,-64],[40,-51],[12,-38],[44,-26],[29,-91],[73,-82],[18,-86],[65,-49],[15,-39],[85,-35],[666,-446],[108,-57],[-183,-219],[-452,-361],[-190,-79],[-146,-137],[-56,-99],[-25,-111],[-3,-79],[27,-49],[90,-28],[81,-62],[-21,-100]],[[57500,72143],[-69,-9],[-452,-49]],[[56979,72085],[-6,80],[-7,96],[20,47],[-1,52],[-11,32],[-58,74],[-26,38],[-3,31],[15,18],[-8,27],[-43,53],[-37,65],[-2,62],[-9,26],[-43,47],[-17,51],[-34,77],[-37,24],[-29,8],[-51,1],[-41,18],[-15,49],[6,27],[-4,20],[-64,49],[25,24],[135,189],[141,146],[55,30],[-425,156],[32,245],[-43,150],[20,99],[44,60],[-126,251],[2,80],[-103,21],[69,139],[156,107],[134,113],[69,54],[54,27],[21,24],[36,31],[45,20],[14,13],[47,64],[25,32],[27,39],[18,19],[53,8],[27,19],[46,15],[51,23],[391,327],[277,211],[91,58],[177,123],[-2,22],[-91,158],[-5,42],[20,101],[-41,187],[133,210]],[[58073,76794],[67,22],[80,29],[123,54],[439,207],[226,90],[56,31],[118,17],[115,-87],[170,-151],[306,-12],[50,-10],[117,-5],[232,-28],[125,2],[96,-1],[128,16],[123,45],[118,50],[127,45]],[[57809,77237],[19,-182],[82,-90],[117,-181],[46,10]],[[60889,77108],[2,15],[262,101],[174,-22],[350,-39],[453,26],[375,23],[867,-231],[1208,-392],[139,-362],[207,-313],[235,-423],[1104,58],[681,234]],[[69972,76350],[-216,81],[-11,106],[-102,209],[-201,187],[0,46],[306,490],[269,260],[-134,47],[-634,78],[-111,191],[232,210],[17,233],[-53,60],[-85,44]],[[56979,72085],[-201,-162],[-537,-97],[-471,-111],[-212,-63],[-144,-25],[-143,54],[-170,83],[-323,154],[-268,430],[-245,450],[-478,437],[-248,18],[-140,-76],[-265,-58],[-319,2],[-275,-56],[-301,-277],[-209,-96],[-246,-102],[-292,-68],[-392,87],[-306,2],[-254,20],[-227,40],[-233,-22],[-465,265],[-327,138],[52,115],[333,76],[121,279],[-27,497],[197,126],[206,-38],[149,69],[3,108],[95,148],[102,158],[-47,164],[36,162],[22,105],[193,139],[268,71],[68,181],[44,232],[95,241],[200,139],[-251,66],[-93,115],[-164,56],[-233,-242],[-388,-282],[-298,-177],[-277,-64],[-613,141],[-473,8],[-121,14]],[[46794,77217],[31,8],[21,6],[31,15],[24,13],[22,16],[17,8],[39,15],[54,-5],[26,20],[20,28],[21,40],[48,66],[123,125],[214,146],[200,75],[247,65],[124,9],[101,-4],[46,-30],[92,-119],[101,-99],[419,22],[232,44],[23,40],[22,45],[21,33],[31,32],[39,3],[46,-18],[120,-12],[62,-24],[61,9],[80,-29],[57,28],[216,-51],[207,11],[58,10],[91,0],[58,-105],[45,-44],[45,-3],[89,72],[40,43],[-1,20],[42,23],[60,5],[79,-3],[270,20],[180,1],[278,23],[163,3],[75,-5],[172,-33],[165,-56],[107,-27],[153,-36],[38,-5],[45,-10],[50,-5],[130,77]],[[10149,74311],[45,-24],[95,-25],[56,-29],[90,-8],[33,-52],[21,-9],[5,-58],[-80,-102],[-4,-24],[-14,-29],[-25,-24],[-32,-45],[1,-29],[-8,-33],[-4,-43],[14,-31],[-17,-26],[-28,-22],[-18,-28],[43,-98],[74,-56],[63,-90],[3,-22],[60,-25],[60,-14],[79,-41],[-21,-8],[69,-17],[146,-35],[82,-48],[64,-13],[78,-32],[65,-35],[8,-15],[35,-21],[-10,-23],[-27,-11],[-10,-25],[-130,-42],[-110,-47],[-23,-18],[-1,-40],[41,-55],[49,-29],[10,-40],[-18,-30],[7,-31],[44,-32],[89,-51],[18,-48],[52,-55],[44,-29],[48,-14],[76,-18],[75,-21],[65,-26],[123,-60],[-57,-63],[-52,-82],[-53,-206],[-19,-132],[-16,-31],[57,-74],[53,-36],[79,-30],[109,-60],[133,-112],[99,-123],[118,-132],[32,-48],[74,-59],[38,-38]],[[12194,71129],[-16,-64],[-17,-67],[-45,-99],[-12,-97],[-17,-83],[-36,-100],[-87,-163],[-10,-14],[-120,25],[-98,58],[-340,216],[-112,42],[-92,7],[-86,-3],[2,26],[11,55],[11,35],[19,27],[32,37],[-57,91],[-100,35],[-155,0],[-68,-8],[-100,-16],[-138,-10],[-153,-4],[-146,16],[-126,39],[-66,32],[-84,65],[-77,30],[-64,13],[-71,4],[-140,-19],[-82,-24],[-123,-45],[-52,-28],[-132,-29],[-174,-37],[-99,-20],[-198,-54],[-90,-18]],[[8686,70980],[-61,1],[-25,16],[-28,31],[28,57],[-2,22],[-25,54],[-9,8],[-69,-27],[-11,-5],[-144,-41],[-65,4],[-55,14],[-58,-14],[-70,-7],[-140,3],[-35,16],[-31,29],[-70,-7],[-60,38],[3,9],[24,30],[150,78],[108,101],[70,19],[45,0],[92,46],[89,38],[87,79],[61,69],[8,33],[-20,41],[-33,23],[113,47],[47,12],[28,3],[42,-1],[46,4],[29,6],[58,62],[20,40],[-58,1],[-45,-7],[-35,-3],[-40,-1],[-25,18],[-19,2],[-53,26],[-22,15],[-48,84],[43,28],[88,73],[12,39],[-93,-10],[-53,0],[-59,68],[17,34],[-129,23],[-47,18],[-47,-3],[-21,4],[-70,28],[-75,25],[-46,15],[-13,0],[-20,6],[-23,33],[-20,8],[-13,0],[-10,4],[-8,-5],[-11,0],[-6,15],[-6,3],[23,15],[22,24],[39,25],[154,155],[19,127],[25,20],[25,59],[64,31],[76,85],[-13,1],[-32,7],[-44,23],[-21,20],[-14,23],[8,34],[2,27],[22,40],[-1,20],[-15,18],[-18,24],[-40,40],[-21,21],[47,35],[56,58],[57,51],[-73,66],[-138,73],[-40,29],[-48,25],[12,48],[-2,44],[-4,16],[-4,10],[10,7],[8,7],[10,3],[22,-2],[17,1],[11,2],[7,4],[5,7],[15,6],[39,0],[20,3],[14,0],[10,11],[10,4],[11,-1],[11,6],[24,8],[13,3],[14,7],[20,-1],[20,-10],[18,-5],[30,4],[14,-2],[13,-5],[14,2],[30,-7],[10,4],[37,-1],[12,-2],[7,0],[22,4],[13,6],[16,0],[18,-2],[11,-7],[15,2],[12,4],[11,2],[13,1],[14,6],[26,3],[10,-3],[10,6],[18,6],[17,0],[8,6],[18,2],[21,-4],[14,1],[16,4],[13,9],[21,2],[15,4],[9,6],[4,6],[6,-5],[26,15],[11,8],[12,4],[18,3],[14,5],[21,4],[21,-5],[18,-2],[9,-8],[11,8],[50,-1],[31,-5],[20,2],[17,12],[61,3],[42,3],[177,45],[63,22],[28,22],[47,37],[26,24],[37,1],[22,50],[44,18],[67,3],[76,-4],[95,17],[85,34],[33,39],[27,63],[57,33],[25,3]],[[37907,77959],[-74,-101],[-10,-29],[-18,-1],[-23,-23],[-33,-22],[22,-21],[5,-21],[-12,-49],[-58,-25],[-152,-64],[-151,-67],[-75,-33],[-85,-39],[-41,-57],[-48,-14],[-108,-80],[-109,-27],[-159,-62],[-99,-29],[-77,-38],[-93,-96],[-52,-33],[-18,30],[-36,34],[-95,95],[-33,47],[-101,134],[-57,41],[-56,41],[-91,65],[-752,348],[-1479,162],[-59,-673],[856,-894],[-450,-62],[-295,-310],[-404,-661],[252,-596],[-709,-120],[-540,-47],[-222,-813]],[[32168,73849],[-406,-128],[-1212,-534],[-426,-205],[-965,-525],[-439,-245],[220,-283],[171,-159],[-381,-232],[-234,-181]],[[28496,71357],[-134,-85],[-171,-110],[-194,-128],[-105,-72],[-238,-20],[-336,11],[-227,27],[-200,60],[-52,37],[-344,-8],[-262,6],[-286,-6],[-192,5],[-272,-62],[-302,-91],[-259,-68],[-188,-27],[-301,-44],[-250,-62],[-295,-140],[-319,-128],[-276,-152],[-203,-50],[-351,-105],[-435,-136],[-71,-21],[-90,-45],[-336,-68],[-292,-41],[-399,-116],[-336,-60],[-401,-92]],[[20379,69566],[-2,122],[35,151],[-158,-14],[-61,1],[-48,13],[-125,7],[-184,4],[-108,7],[-151,40],[-155,53],[-93,26],[-198,67],[-113,48],[-57,29],[-79,55],[-93,67],[-144,70],[-42,24],[-93,81],[-38,37],[-44,34],[-46,26],[-14,15],[-76,49],[-94,69],[-68,29],[-92,49],[-38,32],[-22,22],[-22,29],[-3,25],[7,26],[-22,46],[-9,8],[-23,7],[-23,-2],[-18,8],[-21,17],[-21,2],[-28,8],[-35,12],[-31,20],[-41,12],[-59,-2],[-86,78],[-97,98],[-123,110],[-18,33],[-118,208]],[[17187,71522],[-4,11],[79,41],[53,87],[34,37],[29,26],[46,12],[30,-4],[63,-32],[181,-141],[103,-63],[104,5],[66,18],[66,43],[29,95],[-4,14],[-26,20],[-27,16],[-64,24],[-43,30],[-31,36],[-80,33],[-27,40],[98,63],[29,14],[28,5],[29,-1],[21,-5],[40,-16],[29,-7],[34,-1],[11,-5],[-1,-21],[7,-9],[19,-4],[21,-12],[22,-21],[36,-10],[38,5],[16,9],[18,-6],[22,2],[12,6],[45,0],[148,-7],[77,7],[56,13],[178,33],[201,70],[189,82],[239,132],[83,58],[123,120],[39,58],[20,71],[102,282],[60,51],[37,55],[40,68],[22,69],[9,79],[-33,38],[-76,14],[-142,18],[-208,64],[-94,43],[-190,110],[-30,8],[-117,-41],[-102,-17],[-118,-8],[-206,11],[-29,30],[-16,43],[5,292],[11,150],[104,10],[144,97],[73,51],[48,66],[66,149],[111,158],[38,96],[20,97],[63,63],[124,180],[65,5],[97,164],[47,66],[63,202],[85,209],[36,194],[-53,170],[-1,207],[-37,37],[-31,80],[-45,137],[-48,84]],[[17187,71522],[-46,35],[-18,20],[-180,-33],[-143,-32],[-105,-28],[-186,-73],[-323,30],[3,-120],[-10,-32],[-38,-32],[-57,-14],[-83,-13],[-228,-7],[-8,7],[0,30],[-52,24],[-25,3],[-18,-5],[-32,18],[-38,-4],[-46,-16],[-47,9],[-40,-16],[-17,-11],[-3,-14],[-19,-2],[-27,15],[-9,17],[-14,17],[-84,21],[-51,-5],[-74,-26],[-70,-27],[-24,-14],[-63,-29],[-24,-5],[-166,-59],[-159,-77],[-127,-49],[-225,-32],[-132,-25],[-154,-50],[-100,-32],[-226,-64],[-63,-28],[-105,-13],[-83,12],[-103,52],[-86,62],[-68,121],[-207,26],[-310,14],[-273,24],[-207,37]],[[10149,74311],[47,5],[55,24],[70,57],[120,142],[13,91],[-5,35],[-57,48],[8,52],[53,44],[89,40],[75,52],[74,92],[38,92],[5,84],[60,54],[158,45],[97,39],[75,58],[49,76],[17,91],[-29,100],[43,96],[58,35],[43,-1],[271,175],[100,81],[-61,71],[-100,87],[-95,48],[-49,51],[-68,58],[-21,32],[-26,56],[-4,72],[-183,167],[-9,25],[-45,-1],[-32,19],[-57,81],[41,123],[56,105],[25,16],[40,49],[16,11],[16,2],[88,95],[68,56],[100,26],[9,15],[-142,150],[-147,128],[-114,180],[-17,131],[-29,71],[-10,60],[51,-9],[60,-24],[61,-37],[114,6],[112,-13],[131,4],[31,-6],[27,-9],[37,-2],[22,7],[17,9],[25,23],[14,25],[52,23],[30,26],[25,26],[40,25],[21,5],[28,-4],[36,0],[16,7],[72,25],[55,5],[24,-5],[46,-19],[34,-3],[-3,46],[-22,31],[8,15],[-2,14],[-13,14],[-24,10],[-50,27],[-14,13],[-13,6],[-30,1],[-17,12],[-12,19],[-6,25],[-5,31],[-9,46],[-8,51],[15,108],[31,62],[4,11],[9,14],[67,14],[36,99],[80,66],[151,63],[133,28],[219,-9],[98,-26],[51,-44],[34,-71],[-7,-194],[12,-65],[42,-64],[84,-47],[184,-40],[135,-46],[182,-107],[98,-20],[59,-45],[91,53],[106,18],[114,-7],[79,-14],[171,94],[166,88],[172,130],[203,97]],[[71233,83879],[27,-127],[0,-32],[10,-32],[4,-28],[4,-16],[10,-26],[5,-10],[5,-10],[5,-8],[7,-14],[1,-8],[7,-12],[4,-7],[0,-14],[-2,-7],[-1,-7],[3,-20],[-2,-16],[11,-81],[12,-18],[-11,-11],[-4,-16],[4,-21],[3,-35],[4,-32],[14,-83],[6,-64],[9,-65],[4,-38],[-5,-7],[1,-6],[10,1],[9,1],[8,1],[7,0],[11,-1],[11,-1],[9,-2],[8,-2],[5,0],[5,1],[27,-1],[7,-3],[5,-2],[5,0],[4,-1],[5,0],[11,-2],[7,-1],[7,-1],[8,0],[45,-6],[5,-1],[4,-1],[5,0],[8,0],[68,-7],[72,-6],[14,-2],[5,0],[4,0],[47,-5],[34,-5],[39,-5],[34,-5],[150,-17],[37,-5],[20,-3],[38,-5],[87,-12],[28,-3],[14,-1],[13,-2],[5,-1],[3,-1],[5,-2],[6,-4],[7,-3],[32,-19],[18,-11],[10,-7],[8,-6],[11,-8],[7,-4],[12,-6],[6,-4],[10,-6],[13,-9],[8,-5],[15,-9],[13,-9],[12,-8],[22,-14],[11,-6],[8,-5],[11,-8],[31,-19],[3,-4],[3,-3],[6,-4],[6,-4],[14,-7],[24,-15],[22,-13],[44,-28],[56,-35],[54,-33],[53,-38],[2,-1],[1,-2],[-10,-22],[104,-25],[2,1],[213,-48],[146,-37],[172,-52],[139,-14],[0,2],[-1,1],[1,2],[11,15],[4,3],[5,5],[9,8],[2,2],[6,3],[5,2],[4,0],[3,0],[2,0],[3,-1],[16,-5],[4,-2],[5,-2],[3,-1],[3,-1],[5,0],[8,-1],[50,-46],[9,1],[25,-25],[-7,-12],[35,-27],[-27,-24],[-23,-18],[1,-2],[118,-56],[49,-23],[29,-13],[18,-8],[9,-5],[10,-4],[102,-20],[45,-7],[41,-7],[56,-10],[15,-3],[9,-5],[53,-39],[8,-5],[33,-14],[35,-15],[29,-9],[9,-3],[35,-25],[18,-11],[5,-4],[7,-2],[17,-4],[70,-11],[21,-3],[11,-1],[16,-3],[16,-2],[47,-8],[11,-1],[55,-19],[23,-6],[8,-3],[17,-8],[12,-4],[26,-11],[28,-8],[10,-4],[19,-6],[32,-10],[64,-20],[16,-7],[18,-6],[28,-11],[18,-7],[8,-4],[2,-3],[4,-6],[5,0],[8,0],[7,-2],[3,-1],[3,-1],[8,-4],[6,-3],[7,-6],[44,-21],[36,-19],[16,-10],[38,-20],[14,-4],[14,-6],[6,-3],[9,-4],[10,-4],[10,-5],[11,-5],[17,-6],[32,-13],[8,-3],[20,-3],[21,-3],[21,-5],[14,-5],[22,-10],[6,-2],[9,0],[41,-4],[18,-1],[6,0],[7,-1],[6,-2],[8,-5],[12,-5],[7,-4],[19,-7],[13,-4],[9,-2],[20,-4],[30,-7],[6,-3],[21,-22],[12,-15],[6,-6],[21,-21],[2,-4],[5,-14],[2,-4],[7,-5],[7,-2],[10,8],[99,-37],[117,-47],[101,-42],[13,-17],[0,-5],[-18,-3],[-24,-10],[-31,-2],[-58,-18],[-44,-18],[-5,-4],[-12,-8],[-28,-13],[-124,-44],[-11,-5],[-9,-5],[-8,-5],[-15,-9],[-19,-8],[-25,-11],[-6,-4],[-15,-11],[-44,-21],[-21,-10],[-23,-14],[-14,-8],[-9,-3],[-7,-2],[-10,-4],[-75,-29],[-34,-16],[-11,-7],[-6,-3],[-8,-2],[-21,-13],[-13,-7],[-17,-13],[-16,-15],[-21,-15],[-34,-24],[-26,-10],[-16,-10],[-10,-9],[-6,-5],[-8,-6],[-7,-2],[-6,-3],[-9,-4],[-12,-8],[-6,-8],[-14,-11],[-5,-3],[-8,-2],[-47,-16],[-24,-8],[2,-13],[3,-8],[2,-6],[3,-4],[1,-4],[-1,-4],[-1,-2],[-5,-6],[-4,-4],[-1,-3],[-1,-5],[0,-7],[-1,-8],[0,-16],[2,-3],[4,-3],[5,-5],[2,-3],[1,-4],[-3,-7],[-1,-5],[-4,-4],[-4,-7],[-3,-5],[0,-4],[1,-4],[4,-5],[4,-2],[4,-2],[2,-2],[0,-2],[0,-2],[-4,-8],[-2,-3],[-4,-3],[-4,-3],[-3,-3],[-4,-6],[-1,-5],[-1,-6],[0,-6],[1,-5],[-2,-5],[-1,-4],[-3,-3],[-4,-2],[-20,-4],[-6,-1],[-3,0],[-2,-1],[-3,-2],[-2,-6],[-1,-3],[0,-11],[1,-12],[0,-2],[2,-2],[-11,-5],[44,-67],[-56,-180],[-6,-20],[-12,-12],[-2,-3],[0,-3],[3,-15],[-1,-4],[-1,-4],[-4,-5],[-7,-23],[-6,-9],[-3,-8],[-2,-6],[-2,-8],[-3,-40],[0,-3],[-2,-3],[-3,-4],[-4,-4],[-10,-7],[-29,-20],[-12,-5],[-6,-4],[-12,-13],[-16,-16],[-14,-17],[-15,-13],[-5,-8],[-16,-5],[-27,-11],[-26,-13],[-18,-9],[-26,-15],[-12,-8],[-6,-4],[-18,-8],[-14,-6],[-18,-10],[-9,-7],[-9,-7],[-16,-14],[-2,-7],[-6,-8],[-10,-7],[-6,-2],[-47,-26],[-50,-27],[-8,-6],[-5,-6],[-5,-7],[-13,-15],[-12,-12],[-10,-8],[-4,-7],[-5,-4],[-16,-12],[-11,-10],[-11,-10],[-11,-8],[-12,-9],[-15,-15],[-21,-14],[-3,-3],[-14,-19],[-19,-19],[-3,-3],[-2,-4],[-1,-6],[-4,-14],[-2,-3],[-15,-16],[-7,-5],[-4,-4],[-1,-2],[-1,-3],[-1,-4],[0,-4],[-1,-3],[-2,-3],[-20,-14],[-4,-6],[-4,-6],[-12,-16],[-8,-7],[-5,-5],[-6,-7],[-5,-9],[-5,-7],[-11,-17],[-32,-43],[-2,-3],[-2,-8],[-2,-4],[-16,-23],[-14,-14],[-9,-15],[-15,-6],[-7,-4],[-11,-3],[-8,-4],[-4,-3],[-3,-3],[-5,-8],[-10,-16],[-3,-4],[-4,-2],[-18,-10],[-11,-6],[-4,-3],[-8,-7],[-4,-5],[-6,-9],[-2,-2],[-3,-3],[-6,-4],[-15,-9],[-8,-6],[-23,-14],[-9,-6],[-5,-3],[-5,-7],[-7,-10],[-10,-9],[-8,-5],[-10,-9],[-6,-5],[-10,-7],[-8,-7],[-9,-6],[-34,-15],[-20,-11],[-6,-10],[-49,-16],[-14,-9],[-13,-7],[-26,-4],[-12,-7],[-3,-4],[-7,-8],[-6,-8],[-4,-14],[-2,-29],[-5,-12],[-3,-11],[-8,-17],[-75,-98],[-22,-8],[-47,-33],[-137,-146],[-61,-71],[-3,-11],[-27,-19],[-43,-39],[-41,-67],[-39,-44],[-53,-54],[-16,-21],[-4,-20],[-6,-15],[-12,-15],[-12,-20],[-19,-22],[-7,-20],[-10,-4],[-21,0],[-12,-9],[-16,1],[-19,-5],[-21,-8],[-24,-21],[-19,-16],[-25,-18],[-8,-6],[-20,-8],[-2,-5],[-28,-15],[-22,-17],[-6,-5],[-1,-10],[10,-8],[-3,-9],[-5,-2],[-5,-2],[-8,-2],[-15,7],[-12,2],[-15,-3],[-10,-14],[-13,-19],[-1,-1],[-3,-2],[-7,3],[-10,4],[-62,-43],[-5,-12],[-9,-3],[-14,-4],[-26,-6],[-12,1],[-17,-6],[0,-8],[2,-7],[-11,-16],[-13,-10],[-3,-5],[-6,-3],[-26,-7],[-14,-12],[-5,-12],[17,-16],[1,-9],[1,-8],[25,-5],[35,4],[29,-1],[14,10],[21,4],[11,-2],[30,2],[49,7],[46,15],[68,18],[2,3],[14,1],[16,2],[14,-3],[14,3],[10,1],[12,-4],[9,2],[13,-2],[23,-2],[5,-3],[7,-2],[5,-5],[3,-10],[15,-25],[15,-4],[21,-10],[8,-10],[7,-10],[48,-29],[14,0],[25,-11],[30,-5],[15,-10],[28,3],[14,6],[13,0],[20,-14],[16,-3],[8,-13],[4,-18],[46,-5],[37,-3],[7,-5],[7,-3],[9,5],[8,6],[12,6],[14,-4],[15,0],[11,-13],[16,-2],[15,-4],[29,-24],[3,-10],[7,-10],[-2,-9],[4,-12],[-6,-5],[0,-3],[2,-6],[-1,-10],[1,-4],[19,-2],[9,-9],[21,-2],[25,-10],[8,-2],[3,-3],[8,-4],[9,-2],[22,1],[29,-9],[13,-6],[12,-21],[8,-18],[-5,-5],[2,-9],[12,-7],[9,-11],[7,-14],[11,-4],[21,-21],[35,-27],[3,-7],[2,-15],[-2,-14],[8,-10],[2,-30],[8,-6],[15,-1],[2,-1],[-11,-13],[-3,-25],[2,-5],[15,-7],[5,-7],[15,-3],[27,-17],[24,0],[9,-7],[-1,-6],[5,-8],[15,-3],[13,-10],[10,-13],[12,-5],[14,-6],[0,-11],[7,-16],[21,-14],[9,-15],[13,-41],[43,-16],[40,-2],[69,-19],[47,-20],[15,-19],[18,-47],[-7,-19],[10,-47],[34,-34],[5,-32],[26,-17]],[[45763,70940],[15,-95],[-152,-165],[-320,-223],[-182,-205],[-204,-232],[-11,-207],[127,-260],[240,-209],[58,-177],[-105,-190],[-83,-137],[-63,-139],[91,-59],[226,-76],[-44,-131],[226,-129],[215,-25],[296,-51],[257,-80],[69,-95],[-116,-80],[-293,-32],[116,-155],[210,-247],[160,-148],[83,32],[154,-59],[259,-167],[155,-64],[249,-73]],[[47396,67062],[56,51],[153,79],[358,77],[605,50],[717,90],[579,18],[643,121],[55,-24],[8,-41],[29,-42],[28,-53],[15,-26],[7,-47],[-6,-33],[-9,-41],[38,-25],[64,-9],[151,-47]],[[50887,67160],[7,26],[12,35],[-9,35],[-14,10],[16,9],[36,-8],[40,9],[2,13],[7,13],[26,2],[39,15],[-1,14],[-18,8],[-65,-3],[-14,5],[7,7],[40,14],[10,9],[26,0],[19,8],[-8,14],[-1,9],[22,14],[-5,7],[-34,7],[-35,12],[-1,17],[43,20],[16,26],[-8,9],[-18,-1],[7,24],[17,8],[26,1],[11,13],[1,17],[-4,15],[18,13],[4,20],[17,12],[5,17],[16,1],[8,8],[-2,13],[17,11],[28,2],[5,10],[-25,38],[20,7],[18,-20],[12,14],[7,14],[19,11],[13,-14],[55,-2],[26,17],[32,-1],[18,10],[-11,20],[-24,11],[-15,27],[21,20],[37,15],[32,26],[26,13],[3,18],[-3,18],[-8,10],[25,17],[19,15],[-24,3],[-15,8],[6,16],[-29,1],[-29,16],[0,33],[16,9],[32,8],[35,-2],[45,26],[28,6],[4,36],[10,23],[-5,22],[0,20],[-20,19],[-4,12],[8,16],[-3,15],[-52,44],[-2,18],[-33,34],[4,24],[3,33],[25,56],[26,24],[53,29],[64,30],[60,71],[190,-30],[210,-38],[295,139],[33,29],[-1,21],[19,47],[10,48],[-1,20],[18,16],[69,8],[49,20],[98,129]],[[33683,64840],[511,73],[767,47],[483,71],[795,70],[820,37],[673,7],[315,-23],[270,-66],[196,-82],[287,-219],[975,-429],[276,176]],[[40051,64502],[231,-126],[318,-179],[113,-99],[298,-231],[605,-206],[328,-163],[318,-288],[66,-233],[-111,-467],[-27,-255],[-42,-204],[-66,-265],[-85,-155],[-61,-227],[-301,-129],[-365,-122],[-397,-21],[-295,-70],[-290,-103],[-226,-140],[-149,-176],[-108,-274],[-149,-267],[-130,-272],[-77,-233],[-58,-116],[52,-134],[75,-65],[71,-29],[28,-77],[78,-39],[-23,-276],[-60,-170],[-105,-222],[-72,-147]],[[39435,58322],[-359,-34],[-66,200],[-293,-11],[-30,193],[-28,304],[-201,221],[-25,143],[-127,281],[-182,246],[-315,258],[-411,364],[-218,279],[-235,-90],[-190,-208],[-166,-119],[-328,-204],[69,-248],[69,-167],[11,-110],[-64,-144],[-154,-142],[-33,-95],[256,-90],[183,-287],[-144,-91],[33,-201],[464,-14],[209,-398],[42,-237],[-152,-13],[-58,54],[-132,-14],[22,-258],[-25,-307],[-591,-217],[-33,119],[-187,42],[-133,140],[-229,65],[-138,95],[-47,140],[-168,121],[43,97],[39,130],[50,105],[-14,100],[-201,211],[66,172],[-301,133],[-378,40],[-433,-56],[-66,0],[-205,-89],[-485,-230],[-624,-263],[-740,-465],[-364,-337],[-563,-272]],[[31155,57164],[-277,332],[-485,746],[-391,298],[-697,520],[-652,394],[-476,376],[-74,742],[117,155],[397,577],[913,532],[326,170]],[[29856,62006],[267,139],[577,323],[788,265],[875,225],[595,322],[315,419],[304,506],[249,483],[-143,152]],[[34513,60831],[21,68],[30,80],[-35,87],[19,126],[29,58],[-7,50],[-32,53],[-85,-12],[-141,-32],[-68,-42],[-42,-61],[2,-56],[-8,-95],[-10,-75],[-46,-49],[-48,-53],[-10,-57],[61,-70],[14,-69],[75,-42],[59,-36],[70,12],[74,41],[44,72],[36,76],[-2,26]],[[28496,71357],[119,-139],[69,-195],[324,-400],[334,-425],[4341,-5358]],[[40051,64502],[74,160],[130,314],[83,209],[36,232],[6,253]],[[40380,65670],[281,-67],[-131,41],[-179,59],[-113,37],[101,29],[127,180],[100,261],[47,151],[33,124],[57,183],[3,194],[-6,127],[-131,464],[-50,172],[-19,79],[-70,343],[-87,447],[-51,237],[-54,-2],[-174,3],[-55,4],[-133,43],[-203,105],[-100,56],[-104,60],[-33,21],[-48,39],[-119,58],[-84,28],[-89,20],[-27,13],[-42,20],[-29,35],[-23,48],[-22,26],[-109,86],[-30,22],[-45,66],[-38,40],[-36,32],[-44,63],[-14,51],[-2,23],[-5,29],[-11,10],[-1,15],[5,10],[-1,47],[9,46],[17,25],[8,29],[-14,75],[-13,49],[-7,26],[-21,28],[-23,61],[-21,13],[-22,6],[-35,42],[-29,72],[-40,57],[-14,33],[-42,59],[-22,46],[-6,21],[-19,6],[-108,7],[-138,25],[-299,115],[-181,6],[-138,39],[-231,86],[-169,59],[-35,38],[-18,63],[-10,16],[-37,18],[-29,25],[-47,23],[-66,33],[-18,51],[-12,49],[-14,18],[-28,-9],[-27,9],[-6,42],[42,32],[14,79],[-9,76],[25,24],[25,24],[7,30],[0,44],[20,22],[3,35],[35,25],[17,29],[-6,23],[-18,21],[-27,-12],[-22,-25],[-14,-11],[-24,17],[-19,40],[16,28],[2,34],[-34,32],[-3,37],[-20,23],[-37,-6],[-34,13],[-45,36],[-8,32],[17,37],[-30,14],[-37,7],[-28,18],[-55,47],[-32,39],[-63,49],[-39,33],[-50,43],[25,37],[27,52],[9,20],[-29,16],[-16,22],[6,104],[27,56],[-7,39],[-36,26],[8,23],[19,20],[-19,31],[-45,18],[-41,12],[-3,22],[25,23],[-13,34],[-26,48],[-10,41],[20,37],[21,23],[-24,39],[29,37],[14,20],[10,44],[28,24],[21,6],[27,-15],[15,15],[3,17],[25,19],[32,19],[13,15],[8,42],[88,137],[78,26],[-1,12],[-17,10],[-27,7],[-1,6],[24,28],[4,24],[15,16],[12,11],[4,-22],[166,-94],[49,-10],[37,-26],[21,-7],[144,12],[28,-4],[117,-28],[18,-11],[137,5],[96,-27],[124,-41],[79,-62],[5,-68],[-12,-31],[-20,-23],[6,-32],[116,35],[151,46],[70,16],[103,81],[109,26],[28,-3],[30,-5],[50,-5],[99,57],[67,14],[80,-25],[141,-45],[46,-5],[83,-4],[91,-1],[97,7],[142,8],[51,6],[18,3],[-7,44],[33,-1],[35,-8],[83,-123],[155,37],[247,-194],[67,83],[263,32],[43,18],[379,120],[49,15],[-27,-138],[259,167],[241,169],[-130,-39],[240,90]],[[40592,73644],[-97,76],[-100,95],[-82,76],[-86,104],[-85,14],[-188,15],[-182,97],[5,8],[-100,11],[-53,74],[-43,52],[-97,32],[-123,12],[-197,8],[-115,112],[-175,30],[-265,-30],[-193,-124],[-18,-21],[-276,-231],[-112,-117],[-54,-66],[-278,-90],[-54,-110],[-2,-38],[-25,-75],[-20,-183],[-345,-3],[-91,13],[85,71],[11,26],[-5,17],[-15,13],[-20,55],[-102,4],[-70,0],[-117,27],[-130,74],[-40,59],[-14,-4],[-4,-20],[-11,-15],[0,-24],[-13,-19],[-34,-23],[4,69],[-11,59],[-213,49],[-171,45],[-51,178],[-102,7],[-37,11],[-54,-11],[-42,-75],[-58,-15],[-62,0],[-240,16],[-30,-7],[-76,18],[-22,-4],[-20,2],[-157,8],[-70,12],[-120,6],[-144,24],[-77,0],[-73,9],[-68,3],[-12,6],[-33,5],[-93,-31],[42,-24],[-83,-25],[-86,-17],[-92,-38],[-86,-42],[-121,-73],[-63,-131],[-22,-50],[-36,-49],[-66,-65],[-48,-37],[-100,-53],[-121,-44],[-163,-38],[-184,-2],[-191,-38],[-198,-92],[-84,-44],[-115,140],[-34,55],[-74,61],[-77,78],[-67,55],[-80,109],[-66,51],[-54,71],[-56,33],[-46,9],[-53,16],[-28,20],[-10,3]],[[24682,67137],[-87,-24],[-76,-93],[-187,-24],[-120,82],[-241,53],[-128,-11],[-114,12],[-62,35],[-34,64],[-241,-1],[-64,64],[-109,110],[128,79],[67,235],[-34,81],[34,243],[285,58],[183,-4],[223,68],[139,86],[157,77],[236,29],[276,36],[150,14],[138,-23],[133,-49],[77,-28],[28,-37],[22,-112],[-15,-102],[6,-131],[-21,-99],[-25,-73],[-30,-112],[-214,-174],[-104,-63],[-16,-120],[-47,-111],[-156,-49],[-157,14]],[[31155,57164],[466,-559],[475,-622],[155,-264],[187,-313],[96,-69]],[[32534,55337],[-246,-754],[-228,52],[-15,8],[-527,113],[-759,124],[-598,104],[-836,56],[-503,120],[-444,83],[-816,188],[-660,40],[-686,35],[-649,417],[-149,18],[-79,169],[-156,186],[-148,55],[-368,-2],[-254,313],[-149,64],[-163,77],[-66,9],[-30,29],[-175,-34],[-114,34],[-223,60],[-338,211],[-186,92],[-138,96],[-8,178],[-246,253],[-78,146],[-106,43],[-152,49],[-130,152],[-231,81],[-180,-12],[-321,53],[-217,9],[-365,232]],[[20797,58484],[1,25],[366,2261],[170,370],[513,714],[80,94],[543,790],[27,280],[78,257],[209,556],[205,595],[-84,58]],[[22905,64484],[242,66],[89,6],[84,-3],[62,-20],[107,-18],[46,-1],[36,-10],[32,-33],[29,-13],[40,-15],[15,-21],[88,-38],[141,-75],[103,-74],[113,-38],[119,-34],[198,-65],[337,-172],[169,-42],[220,-77],[67,-31],[223,-81],[-3,-25],[15,-42],[25,6],[15,0],[35,-34],[47,-19],[106,-33],[40,8],[266,174],[120,-94],[142,-83],[54,-34],[73,-70],[107,-100],[81,-43],[139,-110],[64,-19],[128,-16],[137,-9],[48,-11],[80,-47],[125,-64],[85,-27],[76,-10],[68,-5],[99,-24],[106,-38],[152,-76],[84,-48],[32,-27],[40,-11],[159,-34],[81,-36],[156,-65],[108,-32],[114,-25],[130,-49],[105,-100],[59,-110],[31,-36],[195,-20],[433,-136],[234,-115]],[[46870,57349],[-79,238],[-71,87],[-52,60],[-31,40],[-31,30],[-151,170],[-36,28],[-41,87],[-36,16],[-327,59],[-163,21],[-48,0],[-180,-17],[-226,-27],[-44,-54],[-58,-50],[-61,-48],[-77,-45],[-137,-22],[-94,-22],[-176,-39],[-341,-76],[-120,-36],[-181,-38],[-54,-6],[-128,-32],[-221,-65],[-54,-11],[-143,-54],[-73,-36],[-140,-64],[-149,-68],[-116,-62],[-119,-56],[-216,-94],[-180,84],[-116,45],[-88,55],[-98,56],[-84,54],[-117,76],[-127,83],[-46,29],[28,147],[-76,134],[-50,94],[-11,33],[-62,97],[-95,172],[-163,170],[-88,18],[-16,1],[-24,11],[-71,13],[-200,-31],[-341,-74],[-88,-27],[-137,-29],[-51,-7],[-197,-18],[-47,-10],[-175,-13],[-40,-7],[-101,-9],[174,43],[-574,-31]],[[32534,55337],[81,-3],[473,-28],[210,41],[76,-4],[170,-70],[473,-21],[198,-28],[17,-134],[166,-398],[-10,-193],[-537,-705],[-198,-233],[-130,-128],[-406,-357],[-104,-91]],[[33013,52985],[645,-206],[353,-82],[936,-334],[383,-55],[517,-90],[347,-208],[381,-131],[381,-211],[478,-336],[599,-219],[552,23],[408,25],[494,-98],[329,-74],[436,-207],[529,-143]],[[33013,52985],[-648,-569],[-312,-243],[-469,-309],[-170,-57],[-75,-3],[-53,-13],[-34,-48],[-58,-23],[6,-16],[55,-32],[-8,-25],[-28,-11],[-36,7],[-25,-6],[-9,-18],[0,-29],[8,-27],[-6,-7],[-98,-110],[-10,-67],[-20,-32],[-58,-19],[-119,6],[-133,46],[-263,61],[-29,73],[-283,-79],[-455,-273],[-44,-81],[-189,-473],[-197,-321],[-75,-100],[-135,-41],[-191,-75],[-126,-20],[-277,-6],[-341,-171],[-248,30],[-293,-1],[-82,-25],[-112,-128],[-150,-93],[-58,-107],[-144,-78],[-49,-48],[-109,-66],[-102,-16],[-58,-25],[-18,-47],[-75,-72],[-224,-91],[-9,-66],[87,-44],[36,-79],[14,-95],[452,-203],[188,-356],[80,-80],[79,-84],[200,-109],[56,-14],[80,27],[226,12],[48,24],[100,10],[221,-7],[242,-19],[240,-75],[290,-96],[458,-40],[433,-90],[133,-66],[346,-302],[269,-252],[199,-165],[133,-55],[152,-74],[502,-239],[176,-90],[208,-44],[94,17],[90,23],[47,10],[30,-28],[-12,-33],[20,-45],[78,-45],[-18,-51],[37,-26],[101,-24],[102,19],[108,-88],[36,-77],[324,-305],[136,-39],[140,-142],[95,-123],[390,-292],[260,-35],[822,-427],[85,-27],[261,-108]],[[53332,63281],[1,33],[2,52],[12,28],[3,39],[15,47],[-1,62],[8,30],[-2,52],[-5,47],[4,56],[0,72],[-4,22],[-1,100],[-14,99],[0,39],[2,24],[-15,27],[-25,23],[-74,96],[-36,30],[-39,1],[-45,-5],[-26,5],[-28,-8],[-95,-7],[-17,42],[14,13],[6,54],[-11,40],[-18,67],[-45,132],[-139,444],[-170,160],[-18,27],[-204,243],[-97,94],[-386,147],[-51,81],[3,27],[-131,305],[-5,41],[-69,165],[-129,330],[-101,233],[-59,83],[-78,119],[-19,-7],[-69,-5],[-44,7],[-98,31],[-147,42]],[[47396,67062],[55,-72],[14,-118],[38,-86],[-36,-72],[-16,-78],[-42,-29],[-171,-114],[-16,-59],[-75,-169],[-135,-149],[-77,-145],[-279,-148],[-447,-76],[-166,-73],[-88,-137],[-33,-127],[-139,-108],[-284,-46],[-483,-32],[-282,51],[-330,95],[-553,-98],[-585,-98],[-431,-91],[-460,-119],[-224,84],[-475,161],[-403,95],[-376,166],[-188,82],[-213,70],[-116,48]],[[20797,58484],[-152,101],[-162,102],[-163,125],[-127,-2],[-38,-52],[-82,-49],[-60,0],[-76,59],[-84,-32],[-89,9],[-143,76],[-74,82],[-238,130],[-144,48],[-399,93],[-49,31],[-182,-7],[-77,-11],[-290,-268],[-197,-405],[-490,-458],[-5,-89],[-187,-203],[-169,-227],[-411,-144],[-235,-132],[-302,-155],[-330,-292],[-52,-86],[-85,-8],[-165,-78],[-31,-43],[-1,-144],[-283,-280],[-262,-597],[-341,-220],[-220,-234],[-425,-196],[-117,-132],[-36,-148],[-68,-58],[-259,-55],[-169,-18]],[[13328,54517],[-47,74],[-477,478],[-305,3393],[48,84],[98,71],[39,66],[283,186],[405,141],[85,46],[852,308],[96,88],[85,92],[650,176],[137,141],[133,519],[57,157]],[[15467,60537],[30,170],[-13,175],[74,212],[134,324],[73,168],[80,159]],[[15845,61745],[149,13],[236,13],[441,-4],[337,35],[258,47],[342,41],[218,35],[201,2],[80,431],[110,667],[119,425],[135,309],[86,215],[158,190],[18,18]],[[18733,64182],[-2,623],[237,33],[116,1],[322,33],[447,69],[225,15],[207,17],[291,62],[319,42],[559,19],[291,0],[202,-42],[102,-19],[76,-23],[30,-14],[71,-78],[52,-50],[84,-61],[98,-86],[44,-11],[84,7],[115,11],[21,6],[25,-17],[37,-43],[30,-28],[39,-16],[44,-5],[65,-8],[47,1],[-270,-176],[108,22],[56,18]],[[20379,69566],[-23,7],[-16,-1],[-15,-8],[3,-68],[5,-63],[10,-70],[75,-186],[9,-71],[86,-293],[29,-59],[11,-111],[-1,-43],[-17,-66],[-22,-39],[-40,-64],[-109,-108],[-87,-110],[-55,-125],[-61,-197],[-44,-284],[-12,-164],[4,-130],[-24,-243],[-11,-105],[-146,-207],[-66,-104],[-18,-30],[-27,-8],[-19,-17],[-26,11],[-30,-6],[9,-56],[-40,-28],[-23,-2],[-60,-5],[-110,-11],[-30,-15],[-49,-7],[-76,19],[-52,30],[-32,8],[-41,-6],[-60,-44],[-40,-10],[-36,-9],[-132,16],[-55,19],[-66,25],[-28,-2],[-10,-37],[1,-104],[-10,-36],[-52,-70],[-9,-41],[-95,-75],[-98,-65],[-84,-97],[-72,-316],[-74,-128],[-6,-116],[-37,148],[-28,-364],[34,-257],[107,-335],[185,-282],[160,-169]],[[8855,64443],[684,165],[470,-43],[220,-128],[141,-109],[136,-153],[316,-159],[528,-100],[455,-72],[373,-69],[405,-110],[459,-127],[296,-72],[245,96],[295,170],[94,-297],[14,-147],[8,-133],[-30,-174],[-42,-150],[-27,-149],[-47,-135],[-20,-164],[14,-65],[116,-77],[425,-190],[353,-156],[442,-86],[491,-54],[176,-10]],[[8686,70980],[25,-92],[27,-65],[16,-33],[64,-28],[91,-31],[65,-33],[7,-62],[-11,-46],[-73,-145],[-234,-210],[-106,-64],[-108,-53],[-65,-13],[-46,-22],[-37,-41],[-137,-45],[-79,-27],[-48,-31],[-25,-34],[58,-34],[102,-11],[-94,-62],[-27,-62],[-45,-53],[-65,-75],[-38,-18],[-29,22],[-10,17],[5,7],[-37,0],[-69,-11],[-84,-17],[-105,-29],[-106,-38],[-62,-39],[-53,-16],[-101,-2],[-52,8],[-104,23],[-7,8],[-20,15],[-42,13],[-3,10],[-15,3],[-18,14],[-21,22],[-48,44],[-355,-7],[-101,-3],[-36,-119],[-7,-50],[26,-22],[17,-19],[-92,-34],[-131,-64],[24,-27],[13,-6],[-1,-19],[14,-6],[177,-263],[2,-47],[-3,-79],[-28,-21],[-60,4],[-58,10],[-62,-12],[-13,-26],[46,-44],[4,-22],[-19,-49],[-8,-61],[130,-117],[21,-51],[-28,-28],[-27,-105],[177,-7],[111,-27],[137,-50],[47,4],[39,31],[177,52],[55,-4],[11,-19],[70,0],[-3,-78],[59,-86],[-18,-73],[-25,-81],[-104,-72],[-44,-50],[-12,-36],[32,-55],[26,-17],[85,-36],[77,6],[14,-44],[62,-15],[121,-2],[58,-18],[14,-23],[-109,-36],[-89,-71],[-26,-32],[-149,-11],[-1,24],[23,38],[-36,37],[-71,19],[-35,-11],[-20,-21],[-27,-29],[-63,-12],[-25,-32],[68,-71],[106,-19],[71,-42],[97,23],[124,12],[270,-50],[223,-38],[181,19],[-13,-88],[43,-46],[57,-13],[27,-13],[55,-3],[69,0],[147,-30],[321,-102],[110,-23],[126,40],[286,-66],[91,-37],[-36,-50],[-103,-132],[-111,-148],[-67,-76],[-117,-125],[-93,-60],[1,-38],[86,-114],[10,-51],[-54,-39],[-18,-37],[52,-79],[15,-163],[30,-135],[4,-72],[-90,-203],[2,-89],[-68,-114],[15,-123],[-76,-123],[-179,-222],[-87,-218],[115,-62],[260,-57]],[[15467,60537],[-308,-69],[-536,15],[-495,-412],[-208,-51],[-116,-68],[-92,-43],[-121,-20],[-114,-45],[-361,-100],[-196,-140],[-244,-239],[-100,-114],[-221,-316],[-91,-165],[-63,-42],[-112,-72],[-243,-136],[-214,-91],[-414,-220],[49,41],[-208,-141],[-260,-72],[-346,-29],[-130,-22],[-348,-30],[-478,-95],[-581,-205],[-605,-290],[-344,-225],[-256,-198],[-420,-359],[-537,-301],[-407,-269],[-660,-439],[-239,-83],[-271,-29],[-471,39],[-86,55]],[[4620,55557],[-39,-46],[-76,-90],[50,-182],[20,-120],[110,-299],[54,-148],[3,-190],[2,-42],[-63,-64],[-188,-70],[-201,-28],[-114,-71],[-218,-80],[-474,-161],[-135,-61],[-458,-98],[-94,12],[-156,113],[-564,-175],[-625,-310],[581,-33],[392,45],[170,-20],[153,-71],[76,-180],[-42,-82],[-423,-219],[-281,-110],[-353,-142],[-409,-105],[-238,-102],[-876,-81],[-204,-73],[58,-83],[33,-74],[96,-181],[101,-175],[127,-274],[-10,-209],[113,-233],[6,-113],[-116,-209],[-114,-77],[-52,-90],[71,-344],[-58,-111],[-25,-48],[4,-5],[147,-256],[53,-175],[107,-75],[348,-178],[213,-26],[126,-55],[252,-35],[342,-174],[261,-11],[271,-64],[176,-16],[49,78],[102,-1],[157,-69],[190,-21],[166,16],[30,79],[111,48],[67,-17],[52,-39],[-14,-95],[-10,-85],[77,-314],[66,-85],[35,-4],[429,-30],[72,38],[116,-10],[86,-61],[95,3],[135,56],[246,118],[211,55],[102,-20],[302,100],[132,93],[195,260],[-14,147],[43,100],[37,24],[122,-1],[39,-26],[201,155],[221,73],[77,66],[111,13],[28,27],[50,2],[160,-32],[73,41],[33,89],[97,64],[121,16],[79,-61],[7,-109],[68,-182],[-14,-197],[34,-83],[410,-298],[99,-64],[76,-130],[0,-231],[39,-148],[-8,-57],[-267,-242],[-49,-187],[3,-68],[41,-20],[227,132],[140,90],[133,126],[154,69],[108,153],[101,131],[70,43],[124,69],[63,149],[22,194],[208,334],[95,58],[99,27],[286,1],[413,191],[159,54],[65,81],[-210,187],[-267,6],[-186,26],[-150,138],[-237,84],[-185,153],[-72,221],[-128,214],[122,313],[147,170],[56,43],[548,45],[59,44],[-24,376],[177,262],[210,155],[102,169],[198,179],[137,149],[109,45],[134,27],[382,62],[335,118],[174,85],[274,293],[123,230],[135,181],[199,83],[272,325],[34,151],[36,130],[69,77],[296,90],[346,27]],[[4620,55557],[-410,-19],[-41,31],[-3,29],[17,35],[125,103],[105,46],[15,79],[39,60],[205,175],[225,158],[209,161],[41,36],[71,46],[71,54],[107,61],[33,27],[91,60],[57,30],[91,54],[41,30],[87,73],[89,83],[40,93],[51,130],[118,139],[68,117],[74,40],[-14,19],[-27,33],[28,83],[68,91],[29,112],[40,109],[105,160],[121,148],[48,113],[72,134],[-139,264],[33,71],[-8,65],[-40,109],[-87,61],[-29,74],[-97,50],[-3,49],[10,12],[45,-13],[17,2],[1,37],[7,44],[22,11],[46,-5],[7,22],[-18,32],[42,56],[25,82],[66,93],[6,75],[-46,47],[5,29],[55,1],[24,9],[4,71],[-29,14],[9,38],[40,17],[41,70],[23,58],[-11,40],[6,41],[-35,42],[-13,21],[48,34],[115,27],[-2,36],[-11,18],[-106,1],[-16,31],[14,23],[60,3],[19,43],[-7,38],[72,67],[53,61],[-43,87],[-31,56],[0,37],[36,0],[85,-46],[39,-18],[94,11],[88,53],[30,58],[9,88],[47,64],[40,38],[71,14],[104,-19],[146,-33],[78,-28],[41,-4],[42,31],[7,57],[-22,46],[-65,34],[-47,10],[-12,40],[20,26],[131,36],[53,-9],[75,34],[29,22],[131,-26],[55,17],[119,63],[60,37],[47,14],[12,29],[52,18],[58,-17],[42,-16],[33,5],[19,16],[-3,25],[9,43],[74,109],[64,46],[64,-12],[99,8],[49,18],[21,32],[93,19],[11,16],[-92,25],[-94,12],[-68,103],[-114,101],[-130,18],[-25,15],[-43,45],[-126,39],[-79,15],[-82,-9],[-73,19],[-38,26],[-50,35],[-30,16],[-21,2],[25,66],[21,61],[40,96],[246,110],[298,349],[10,49],[-9,18],[14,21],[14,15],[10,33],[-28,85],[-8,59],[10,18],[36,27],[130,45],[129,46],[13,174],[-34,98],[-4,26],[78,52],[22,39],[-5,118],[72,189],[13,179],[-21,165],[50,27],[-113,41],[-167,85]],[[53212,15501],[29,-22],[36,-14],[165,-75],[205,-5],[812,-364],[398,-174],[-21,-51],[-132,-143],[-75,-140],[-240,-265],[-183,-215],[-132,-120],[-89,-58],[-146,-98],[-121,-125],[-132,-158],[-51,-135],[-135,-97],[-162,-65],[-285,-81],[-147,-20],[-98,-1],[-150,29],[-164,35],[-74,16],[-69,-18],[-127,-64],[-464,-118],[-286,-164],[-202,-87],[-664,-293],[-558,-199],[-708,-250],[-199,-55]],[[49883,11372],[148,109],[132,74],[182,125],[196,33],[341,34],[325,20],[395,16],[367,38],[222,10],[315,7],[291,42],[150,35],[416,60],[402,-44],[163,-54],[381,28],[128,43],[114,11],[166,58],[126,1],[258,-19],[164,-39],[17,1],[10,-5],[28,-3],[78,7],[21,-3],[16,3],[12,8],[22,0],[11,-4],[70,19],[34,7],[23,1],[52,-3],[61,-10],[30,9],[78,-6],[32,-55],[65,10],[59,-13],[70,29],[74,-1],[60,51],[275,-94],[36,35],[413,17],[107,5],[53,13],[32,10],[24,-4],[29,-4],[21,-9],[16,-9],[57,2],[60,11],[72,6],[117,15],[181,39],[96,-28],[153,-96],[123,-21],[91,-44],[58,30],[62,11],[57,-8],[124,-6],[111,11],[22,271],[137,97],[147,58],[131,-15],[136,-71],[186,-24],[134,-56],[214,17],[225,-15],[135,-52],[318,-42],[238,-75],[260,-83],[284,-68],[180,-64],[180,-58],[185,-77],[325,-23],[278,11],[350,43],[337,-2],[286,28],[284,33],[232,51],[454,95],[282,45],[210,70],[262,113],[302,64],[245,65],[272,93],[130,26],[251,63],[264,74],[254,65],[201,49],[169,38],[105,29],[149,17],[289,-84],[279,-92],[97,1],[71,-12],[109,-29],[97,-53],[102,-56]],[[98675,20659],[130,76],[108,40],[53,41],[80,34],[60,53],[98,87],[84,33],[65,66],[24,56],[50,53],[21,52],[-7,69],[123,49],[246,-32],[81,18],[36,-4],[21,48],[13,38],[33,42],[-2,21],[7,45],[-7,36],[-10,41],[-2,25],[-13,29],[-27,43],[-50,24],[-25,11],[-44,28],[-39,125],[-158,155],[-1120,402],[-1953,1059],[-563,210],[-180,183],[-1481,839],[-1179,530],[-103,117],[-438,267],[-722,371],[-375,219],[-119,44],[-65,47],[-90,45],[-18,44],[-162,60],[-157,41],[-341,112],[-322,120],[-329,100],[-321,122],[-106,49],[-993,364],[-652,343],[-718,484]]],"bbox":[-4.1079252,31.7093319,-0.998429,35.4401377],"transform":{"scale":[0.00003109527295272953,0.00003730843108431087],"translate":[-4.1079252,31.7093319]},"license":"ODbL-1.0","attribution":"© OpenStreetMap contributors, opendatacommons.org/licenses/odbl/1-0/","source":"OpenStreetMap admin_level=8 relations, matched to HCP communes on ref:MA:HCP"}
