{"type":"Topology","objects":{"communes":{"type":"GeometryCollection","geometries":[{"type":"Polygon","arcs":[[0,1,2,3,4,5,6],[7]],"properties":{"code":"030610101","name":"Meknès"}},{"type":"Polygon","arcs":[[7]],"properties":{"code":"030610103","name":"Al Machouar-Stinia"}},{"type":"Polygon","arcs":[[8,9,1]],"properties":{"code":"030610107","name":"Toulal"}},{"type":"Polygon","arcs":[[10,11,9,-1,12,13]],"properties":{"code":"030610309","name":"Dar Oum Soltane"}},{"type":"Polygon","arcs":[[14,15,16]],"properties":{"code":"030610301","name":"Ain Jemaa"}},{"type":"Polygon","arcs":[[10,17,18,-17,19]],"properties":{"code":"030610305","name":"Ain Orma"}},{"type":"Polygon","arcs":[[20]],"properties":{"code":"030610109","name":"My Idriss Zerhoun"}},{"type":"Polygon","arcs":[[21,22,23,24,25],[20]],"properties":{"code":"030610709","name":"Oualili"}},{"type":"Polygon","arcs":[[26,27,28,29]],"properties":{"code":"035310301","name":"El Bibane"}},{"type":"Polygon","arcs":[[-27,30,31,32,33,34]],"properties":{"code":"035310307","name":"Oudka"}},{"type":"Polygon","arcs":[[35,36,37]],"properties":{"code":"035310105","name":"Taounate"}},{"type":"Polygon","arcs":[[38,39,40,41,42]],"properties":{"code":"035310701","name":"Ain Mediouna"}},{"type":"Polygon","arcs":[[43,44,45,46,47,48]],"properties":{"code":"035310305","name":"Kissane"}},{"type":"Polygon","arcs":[[49,50,51,44,52]],"properties":{"code":"035310321","name":"Tafrant"}},{"type":"Polygon","arcs":[[-50,53,54,55]],"properties":{"code":"035310319","name":"Tabouda"}},{"type":"Polygon","arcs":[[52,53,56,57,-32,58,-46]],"properties":{"code":"035310317","name":"Sidi Yahia Bni Zeroual"}},{"type":"Polygon","arcs":[[59,29,30,58,46]],"properties":{"code":"035310101","name":"Rhafsai"}},{"type":"Polygon","arcs":[[60,61,62,63,64]],"properties":{"code":"035610311","name":"Tizi Ouasli"}},{"type":"Polygon","arcs":[[65,66,67,68,69]],"properties":{"code":"035610307","name":"Jbarna"}},{"type":"Polygon","arcs":[[-61,70,71,72]],"properties":{"code":"035610301","name":"Ajdir"}},{"type":"Polygon","arcs":[[73,74,75]],"properties":{"code":"035310107","name":"Thar Es-Souk"}},{"type":"Polygon","arcs":[[63,76]],"properties":{"code":"035610309","name":"Sidi Ali Bourakba"}},{"type":"Polygon","arcs":[[77,78,79,74]],"properties":{"code":"035310705","name":"Bni Ounjel Tafraout"}},{"type":"Polygon","arcs":[[80]],"properties":{"code":"035610101","name":"Aknoul"}},{"type":"Polygon","arcs":[[81,82,71,83]],"properties":{"code":"035610303","name":"Bourd"}},{"type":"Polygon","arcs":[[79,-74,84,85,86,87,81,88]],"properties":{"code":"035310719","name":"Tamedit"}},{"type":"Polygon","arcs":[[89,90,91,92,93,94,95]],"properties":{"code":"035310709","name":"Bouhouda"}},{"type":"Polygon","arcs":[[96,97,-48,59,-29,98,99]],"properties":{"code":"035310303","name":"Galaz"}},{"type":"Polygon","arcs":[[35,100,101,102,-90,103]],"properties":{"code":"035310721","name":"Zrizer"}},{"type":"Polygon","arcs":[[104,-43,105,-95]],"properties":{"code":"035310707","name":"Bouadel"}},{"type":"Polygon","arcs":[[106,107,37,-104,-96,-106,-42]],"properties":{"code":"035310717","name":"Rghioua"}},{"type":"Polygon","arcs":[[108,-93,109,-78,75,84,110]],"properties":{"code":"035310711","name":"Fennassa Bab El Hit"}},{"type":"Polygon","arcs":[[98,111,112,34,27]],"properties":{"code":"035310315","name":"Sidi Mokhfi"}},{"type":"Polygon","arcs":[[113,-91,-103,114]],"properties":{"code":"035310713","name":"Khlalfa"}},{"type":"Polygon","arcs":[[39,115,116,117,118,119]],"properties":{"code":"035310905","name":"Ain Maatouf"}},{"type":"Polygon","arcs":[[108,93,104,38,-120,120,121]],"properties":{"code":"035310703","name":"Bni Oulid"}},{"type":"Polygon","arcs":[[116,122,123,124,125,126,127]],"properties":{"code":"035310921","name":"Ras El Oued"}},{"type":"Polygon","arcs":[[128,125,129]],"properties":{"code":"035310109","name":"Tissa"}},{"type":"Polygon","arcs":[[-107,-41,115,-128,130,131,132]],"properties":{"code":"035310901","name":"Ain Aicha"}},{"type":"Polygon","arcs":[[133,134,135,-131,-127,129,136]],"properties":{"code":"035310909","name":"El Bsabsa"}},{"type":"Polygon","arcs":[[137,138,135,131,139]],"properties":{"code":"035310917","name":"Oulad Daoud"}},{"type":"Polygon","arcs":[[140,141,138,-135,142,143]],"properties":{"code":"035310907","name":"Bouarouss"}},{"type":"Polygon","arcs":[[144,145,143,146,147,148]],"properties":{"code":"035310509","name":"Loulja"}},{"type":"Polygon","arcs":[[149,150,151,-149,152,153]],"properties":{"code":"035310517","name":"Sidi El Abed"}},{"type":"Polygon","arcs":[[154,155,147,152,156]],"properties":{"code":"035310503","name":"Bouchabel"}},{"type":"Polygon","arcs":[[140,157,158,155,-147]],"properties":{"code":"035310507","name":"Jbabra"}},{"type":"Polygon","arcs":[[159,160]],"properties":{"code":"035310103","name":"Karia Ba Mohamed"}},{"type":"Polygon","arcs":[[161,162,163,164]],"properties":{"code":"035310513","name":"Moulay Abdelkrim"}},{"type":"Polygon","arcs":[[51,-44,165,158,-155,166,-162,167]],"properties":{"code":"035310515","name":"Moulay Bouchta"}},{"type":"Polygon","arcs":[[168,160,169,163,170,171]],"properties":{"code":"035310505","name":"Rhouazi"}},{"type":"Polygon","arcs":[[117,172,173,174,175,176,-123]],"properties":{"code":"035610701","name":"Bni Frassen"}},{"type":"Polygon","arcs":[[177,178,179,-174,180]],"properties":{"code":"035610711","name":"Rbaa El Fouki"}},{"type":"Polygon","arcs":[[181,182,183,-179,184]],"properties":{"code":"035611305","name":"Bni Lent"}},{"type":"Polygon","arcs":[[185,-175,-180,-184,186,187]],"properties":{"code":"035610709","name":"Oulad Zbair"}},{"type":"Polygon","arcs":[[188]],"properties":{"code":"035610105","name":"Ouad Amlil"}},{"type":"Polygon","arcs":[[189,190,191,-188,192,193,194],[188]],"properties":{"code":"035610707","name":"Ghiata Al Gharbia"}},{"type":"Polygon","arcs":[[193,195,196,197,198,199,200,201]],"properties":{"code":"035611303","name":"Bab Marzouka"}},{"type":"Polygon","arcs":[[202,200,203,204]],"properties":{"code":"035611311","name":"Meknassa Al Gharbia"}},{"type":"Polygon","arcs":[[-198,205]],"properties":{"code":"035610111","name":"Taza"}},{"type":"Polygon","arcs":[[206,207,208,177,184,209,210]],"properties":{"code":"035611109","name":"Msila"}},{"type":"Polygon","arcs":[[206,211,212,213,214]],"properties":{"code":"035611105","name":"El Gouzate"}},{"type":"Polygon","arcs":[[-214,215,216,-69,217]],"properties":{"code":"035611101","name":"Bni Ftah"}},{"type":"Polygon","arcs":[[-213,218,86,219,-216]],"properties":{"code":"035611113","name":"Tainaste"}},{"type":"Polygon","arcs":[[121,-111,85,-219,-212,207,220]],"properties":{"code":"035611107","name":"Kaf El Ghar"}},{"type":"Polygon","arcs":[[221,222,66,223,224,202,-200]],"properties":{"code":"035611309","name":"Meknassa Acharqia"}},{"type":"Polygon","arcs":[[205,198,221,225,226,227,196]],"properties":{"code":"035611307","name":"Galdamane"}},{"type":"Polygon","arcs":[[228,229,189,230,231]],"properties":{"code":"035610703","name":"Bouchfaa"}},{"type":"Polygon","arcs":[[-196,194,-230,232,233,227]],"properties":{"code":"035611301","name":"Bab Boudir"}},{"type":"Polygon","arcs":[[234,-191,230,235,236]],"properties":{"code":"035610705","name":"Bouhlou"}},{"type":"Polygon","arcs":[[237,238,239]],"properties":{"code":"031310705","name":"Fritissa"}},{"type":"Polygon","arcs":[[240]],"properties":{"code":"031710103","name":"Ain Taoujdate"}},{"type":"Polygon","arcs":[[241,242,243,244,245,246,247,248,249,250],[240]],"properties":{"code":"031710507","name":"Laqsir"}},{"type":"Polygon","arcs":[[251,-243,252,253]],"properties":{"code":"031710501","name":"Ait Boubidmane"}},{"type":"Polygon","arcs":[[-244,-252,254,255]],"properties":{"code":"031710107","name":"Sabaa Aiyoun"}},{"type":"Polygon","arcs":[[255,244,256,257,258,259,260]],"properties":{"code":"030610507","name":"Oued Jdida"}},{"type":"Polygon","arcs":[[261,259,262,5]],"properties":{"code":"030610111","name":"Ouislane"}},{"type":"Polygon","arcs":[[12,263,264,265,258,-262,6]],"properties":{"code":"030610501","name":"Dkhissa"}},{"type":"Polygon","arcs":[[266,267,268,269,270,271,272],[273]],"properties":{"code":"003231010","name":"Fès"}},{"type":"Polygon","arcs":[[273]],"properties":{"code":"032310103","name":"Méchouar-Fès-El Jadid"}},{"type":"Polygon","arcs":[[274,-270,275,276,277]],"properties":{"code":"032318105","name":"Sidi Harazem"}},{"type":"Polygon","arcs":[[275,278,279,268]],"properties":{"code":"032318103","name":"Ain Bida"}},{"type":"Polygon","arcs":[[280,279,-268,281,282]],"properties":{"code":"032310115","name":"Oulad Tayeb"}},{"type":"Polygon","arcs":[[128,-125,283,284,285,-137]],"properties":{"code":"035310923","name":"Sidi M'hamed Ben Lahcen"}},{"type":"Polygon","arcs":[[123,283,286,287,176]],"properties":{"code":"035310911","name":"Messassa"}},{"type":"Polygon","arcs":[[191,185,175,-288,288,234]],"properties":{"code":"035310919","name":"Outabouabane"}},{"type":"Polygon","arcs":[[289,236,-289,-287,284,290,291]],"properties":{"code":"035310903","name":"Ain Legdah"}},{"type":"Polygon","arcs":[[-236,231,292,293,294,295,289]],"properties":{"code":"035610907","name":"Matmata"}},{"type":"Polygon","arcs":[[296,297,298,299,300,295,-292]],"properties":{"code":"035310915","name":"Oulad Ayyad"}},{"type":"Polygon","arcs":[[-286,290,296,301,302,145,-143,-134]],"properties":{"code":"035310913","name":"Oued Jemaa"}},{"type":"Polygon","arcs":[[260,-255,-254,303,304,305,306,4,-263]],"properties":{"code":"030610509","name":"Sidi Slimane Moul Al Kifane"}},{"type":"Polygon","arcs":[[-307,307,308,309,310,311,3]],"properties":{"code":"030610503","name":"Majjate"}},{"type":"Polygon","arcs":[[-309,312,313]],"properties":{"code":"030610105","name":"Boufakrane"}},{"type":"Polygon","arcs":[[314,315,316,317,-311]],"properties":{"code":"031710303","name":"Ait Yaazem"}},{"type":"Polygon","arcs":[[318,315,319,320]],"properties":{"code":"031710101","name":"Agourai"}},{"type":"Polygon","arcs":[[321,322,323,-320,316,324,325]],"properties":{"code":"031710305","name":"Jahjouh"}},{"type":"Polygon","arcs":[[326,327,325,328]],"properties":{"code":"031710307","name":"Ras Ijerri"}},{"type":"Polygon","arcs":[[281,329,-248,330,266]],"properties":{"code":"035910103","name":"Ain Chkef"}},{"type":"Polygon","arcs":[[272,-331,-247,331,332,333,334],[335]],"properties":{"code":"035910305","name":"Sebaa Rouadi"}},{"type":"Polygon","arcs":[[332,336,337,338,339,340]],"properties":{"code":"035910303","name":"Mikkes"}},{"type":"Polygon","arcs":[[341,342,343,344,345,346,-338]],"properties":{"code":"035910307","name":"Sebt Loudaya"}},{"type":"Polygon","arcs":[[335]],"properties":{"code":"035910101","name":"Moulay Yacoub"}},{"type":"Polygon","arcs":[[347,348,329,248,349]],"properties":{"code":"034510501","name":"Ain Cheggag"}},{"type":"Polygon","arcs":[[350,-250,349,351]],"properties":{"code":"031710505","name":"Bitit"}},{"type":"Polygon","arcs":[[352,353,354,-352,347,355],[356]],"properties":{"code":"034510503","name":"Ait Sebaa Lajrouf"}},{"type":"Polygon","arcs":[[356]],"properties":{"code":"034510105","name":"Immouzzer-Kandar"}},{"type":"Polygon","arcs":[[355,357,358,359,-283,-349]],"properties":{"code":"034510707","name":"Kandar Sidi Khiar"}},{"type":"Polygon","arcs":[[-353,357,360,361,362,363,364,365]],"properties":{"code":"034510709","name":"Laanoussar"}},{"type":"Polygon","arcs":[[366,367,368,369]],"properties":{"code":"034510705","name":"Azzaba"}},{"type":"Polygon","arcs":[[370,371,-362,372,-368,373]],"properties":{"code":"034510703","name":"Ahl Sidi Lahcen"}},{"type":"Polygon","arcs":[[374,-278,375,376,-299]],"properties":{"code":"034510315","name":"Ras Tabouda"}},{"type":"Polygon","arcs":[[376,299,377,378,379]],"properties":{"code":"034510305","name":"Bir Tam-Tam"}},{"type":"Polygon","arcs":[[-376,-277,278,-281,-360,380,381,382,369,383,379],[384]],"properties":{"code":"034510701","name":"Aghbalou Aqorar"}},{"type":"Polygon","arcs":[[384]],"properties":{"code":"034510101","name":"Bhalil"}},{"type":"Polygon","arcs":[[385,381]],"properties":{"code":"034510109","name":"Sefrou"}},{"type":"Polygon","arcs":[[-386,382,-369,-373,-361,358,380]],"properties":{"code":"034510711","name":"Sidi Youssef Ben Ahmed"}},{"type":"Polygon","arcs":[[371,362,386,387,388]],"properties":{"code":"034510713","name":"Tazouta"}},{"type":"Polygon","arcs":[[377,389,390,391,392,393,294,-301]],"properties":{"code":"035610901","name":"Ait Saghrouchen"}},{"type":"Polygon","arcs":[[394,293,-394]],"properties":{"code":"035610107","name":"Tahla"}},{"type":"Polygon","arcs":[[228,232,395,396,397,392,394,-293]],"properties":{"code":"035610909","name":"Smia"}},{"type":"Polygon","arcs":[[398,399,391,-398,400]],"properties":{"code":"035610913","name":"Zrarda"}},{"type":"Polygon","arcs":[[159,-169,401,-344,402,-154,156,166,162,-170]],"properties":{"code":"035310501","name":"Bni Snous"}},{"type":"Polygon","arcs":[[403,171,401,344]],"properties":{"code":"035310511","name":"Mkansa"}},{"type":"Polygon","arcs":[[404,405,151,144,-303,406]],"properties":{"code":"035910505","name":"Louadaine"}},{"type":"Polygon","arcs":[[-302,297,374,274,270,407,-407]],"properties":{"code":"035910502","name":"Ain Kansara"}},{"type":"Polygon","arcs":[[408,409,-405,-408,271,-335]],"properties":{"code":"035910501","name":"Ain Bou Ali"}},{"type":"Polygon","arcs":[[410,-342,-337,333,408,411]],"properties":{"code":"035910503","name":"Laajajra"}},{"type":"Polygon","arcs":[[-412,409,405,-151,412]],"properties":{"code":"035910507","name":"Oulad Mimoun"}},{"type":"Polygon","arcs":[[-411,-413,-150,-403,-343]],"properties":{"code":"035910509","name":"Sidi Daoud"}},{"type":"Polygon","arcs":[[346,338,413,414,415]],"properties":{"code":"030610701","name":"Charqaoua"}},{"type":"Polygon","arcs":[[23,416,414,417]],"properties":{"code":"030610707","name":"N'zalat Bni Amar"}},{"type":"Polygon","arcs":[[245,331,-341,418,-257]],"properties":{"code":"030610505","name":"M'haya"}},{"type":"Polygon","arcs":[[25,419,264,420]],"properties":{"code":"030610705","name":"Mrhassiyine"}},{"type":"Polygon","arcs":[[339,418,257,-266,420,-25,416,-414]],"properties":{"code":"030610711","name":"Sidi Abdellah Al Khayat"}},{"type":"Polygon","arcs":[[15,19,-14,263,-420,21,421]],"properties":{"code":"030610302","name":"Ain Karma-Oued Rommane"}},{"type":"Polygon","arcs":[[422,226,-234,395,423,424]],"properties":{"code":"035611315","name":"Maghraoua"}},{"type":"Polygon","arcs":[[425,426,-424,396,400]],"properties":{"code":"035610911","name":"Tazarine"}},{"type":"Polygon","arcs":[[-425,-427,427,428]],"properties":{"code":"035610903","name":"Bouyablane"}},{"type":"Polygon","arcs":[[429,430,399,-391,431,432]],"properties":{"code":"034510303","name":"Ain Timguenai"}},{"type":"Polygon","arcs":[[433,-433,434]],"properties":{"code":"034510103","name":"El Menzel"}},{"type":"Polygon","arcs":[[-432,-390,378,-384,366,373,435,-435]],"properties":{"code":"034510311","name":"Mtarnagha"}},{"type":"Polygon","arcs":[[436,437,438,388,-371,435,433,429,439,440]],"properties":{"code":"034510313","name":"Oulad Mkoudou"}},{"type":"Polygon","arcs":[[441,-441]],"properties":{"code":"034510107","name":"Ribate El Kheir"}},{"type":"Polygon","arcs":[[442,443,444,445,-428,-426,398,-431,439,441,436]],"properties":{"code":"034510309","name":"Irhzrane"}},{"type":"Polygon","arcs":[[446,-438,442,447]],"properties":{"code":"034510307","name":"Dar El Hamra"}},{"type":"Polygon","arcs":[[448,449,387,-439,-447,450]],"properties":{"code":"034510301","name":"Adrej"}},{"type":"Polygon","arcs":[[451,-444,447,450,452,453]],"properties":{"code":"034510317","name":"Tafajight"}},{"type":"Polygon","arcs":[[444,454,455,456,457,451]],"properties":{"code":"031310917","name":"Talzemt"}},{"type":"Polygon","arcs":[[458]],"properties":{"code":"031310102","name":"Imouzzer Marmoucha"}},{"type":"Polygon","arcs":[[459,460,453,-458],[458]],"properties":{"code":"031310903","name":"Ait El Mane"}},{"type":"Polygon","arcs":[[-460,-457,461,462,463]],"properties":{"code":"031310901","name":"Ait Bazza"}},{"type":"Polygon","arcs":[[460,-453,448,464,465,466,467,468]],"properties":{"code":"031310907","name":"El Mers"}},{"type":"Polygon","arcs":[[469,463,-469,470]],"properties":{"code":"031310913","name":"Serghina"}},{"type":"Polygon","arcs":[[465,471,467,472,473,474,-365,475]],"properties":{"code":"031310311","name":"Guigou"}},{"type":"Polygon","arcs":[[-472,466]],"properties":{"code":"031310101","name":"Boulemane"}},{"type":"Polygon","arcs":[[476,477,478,479,480,-473,470,481]],"properties":{"code":"031310309","name":"Enjil"}},{"type":"Polygon","arcs":[[-465,449,-387,363,475]],"properties":{"code":"031310315","name":"Skoura M'daz"}},{"type":"Polygon","arcs":[[469,-463,482,483,484,-482]],"properties":{"code":"031310905","name":"Almis Marmoucha"}},{"type":"Polygon","arcs":[[485]],"properties":{"code":"031310103","name":"Missour"}},{"type":"Polygon","arcs":[[-485,486,487,488,-477],[485]],"properties":{"code":"031310505","name":"Sidi Boutayeb"}},{"type":"Polygon","arcs":[[-489,489,490,-478]],"properties":{"code":"031310503","name":"Ouizeght"}},{"type":"Polygon","arcs":[[490,478,491]],"properties":{"code":"031310501","name":"Ksabi-Moulouya"}},{"type":"Polygon","arcs":[[492,493,483,486,494,495,496,497]],"properties":{"code":"031310703","name":"Ermila"}},{"type":"Polygon","arcs":[[-497,498]],"properties":{"code":"031310105","name":"Outat El Haj"}},{"type":"Polygon","arcs":[[499,500,238,501,492]],"properties":{"code":"031310701","name":"El Orjane"}},{"type":"Polygon","arcs":[[499,502,455,461,482,-494]],"properties":{"code":"031310707","name":"Oulad Ali Youssef"}},{"type":"Polygon","arcs":[[-499,-496,503,-240,501,-498]],"properties":{"code":"031310709","name":"Tissaf"}},{"type":"Polygon","arcs":[[504,505]],"properties":{"code":"032710101","name":"Azrou"}},{"type":"Polygon","arcs":[[504,506,507,508,509,510,511,512]],"properties":{"code":"032710309","name":"Tigrigra"}},{"type":"Polygon","arcs":[[513,514]],"properties":{"code":"032710301","name":"Ain Leuh"}},{"type":"Polygon","arcs":[[510,515,516,517,-515,518,519,520]],"properties":{"code":"032710307","name":"Sidi El Makhfi"}},{"type":"Polygon","arcs":[[-514,-518,521,-519]],"properties":{"code":"032710305","name":"Oued Ifrane"}},{"type":"Polygon","arcs":[[515,522,480,473,523,524,-512]],"properties":{"code":"032710311","name":"Timahdite"}},{"type":"Polygon","arcs":[[-525,525,526,527,528,-507,505,-513]],"properties":{"code":"032710303","name":"Ben Smim"}},{"type":"Polygon","arcs":[[529,530,526,531]],"properties":{"code":"032710103","name":"Ifrane"}},{"type":"Polygon","arcs":[[-355,532,533,-530,534,535,-251,-351]],"properties":{"code":"032710107","name":"Tizguite"}},{"type":"Polygon","arcs":[[536,-533,-354,-366]],"properties":{"code":"032710105","name":"Dayat-Aoua"}},{"type":"Polygon","arcs":[[252,303,537,535,241]],"properties":{"code":"031710503","name":"Ait Harz Allah"}},{"type":"Polygon","arcs":[[-305,537,-535,-532,527,538,539,540]],"properties":{"code":"031710703","name":"Ait Naamane"}},{"type":"Polygon","arcs":[[541,-539,528,507,542,-313,-308,-306,-541]],"properties":{"code":"031710705","name":"Iqaddar"}},{"type":"Polygon","arcs":[[-509,542,313,309,314,-319,543]],"properties":{"code":"031710701","name":"Ait Bourzouine"}},{"type":"Polygon","arcs":[[520,-510,-544,-321,-324,544]],"properties":{"code":"031710309","name":"Tamchachate"}},{"type":"Polygon","arcs":[[541,539]],"properties":{"code":"031710105","name":"El Hajeb"}},{"type":"Polygon","arcs":[[-158,141,-138,545,97,48,165]],"properties":{"code":"035310309","name":"Ourtzarh"}},{"type":"Polygon","arcs":[[96,-546,-140,132,107,-37,100,546]],"properties":{"code":"035310715","name":"Mezraoua"}},{"type":"Polygon","arcs":[[-115,-102,546,-100,111,547]],"properties":{"code":"035310323","name":"Timezgana"}},{"type":"Polygon","arcs":[[-33,-58,548,549]],"properties":{"code":"035310311","name":"Ratba"}},{"type":"Polygon","arcs":[[201,-193,-187,-183,550,-204]],"properties":{"code":"035611313","name":"Oulad Chrif"}},{"type":"Polygon","arcs":[[-205,-551,-182,209,551,224]],"properties":{"code":"035611111","name":"Taifa"}},{"type":"Polygon","arcs":[[551,-224,67,217,214,-211]],"properties":{"code":"035611115","name":"Traiba"}},{"type":"Polygon","arcs":[[-173,118,120,-221,208,-181]],"properties":{"code":"035611103","name":"Brarha"}},{"type":"Polygon","arcs":[[-62,-73,83,-88,219,216,69,552],[80]],"properties":{"code":"035610305","name":"Gzenaya Al Janoubia"}},{"type":"Polygon","arcs":[[-18,11,-9,2,-312,-318,324,-328,553]],"properties":{"code":"030610307","name":"Ait Ouallal"}},{"type":"Polygon","arcs":[[-57,54,554,-549]],"properties":{"code":"035310313","name":"Sidi Haj M'hamed"}},{"type":"Polygon","arcs":[[-329,321,555]],"properties":{"code":"031710301","name":"Ait Ouikhalfen"}}]}},"arcs":[[[10376,57511],[-74,-105],[-122,-138],[-80,3],[-18,-151],[-3,-36],[22,-76],[-70,-47],[-23,-31],[-33,-6]],[[9975,56924],[-16,-48],[-41,-42],[-42,-49],[-46,-52],[-27,-32],[-19,-68],[-13,-51],[-6,-44],[1,-148],[-11,-60],[-1,-48],[0,-14],[-6,-46],[-7,-32],[-4,-25],[18,-66],[2,-11],[11,-20],[1,-9],[-1,-2],[-2,-1],[-1,-2],[1,-2],[2,-1],[3,-1],[3,3],[5,-1],[3,-1],[3,-1],[1,-1],[-3,-4],[-1,-1],[0,-1],[1,-2],[-1,-4],[-2,-1],[-2,1],[-1,-1],[-6,-13],[-2,-9],[3,-5],[7,2],[1,-2],[1,-7],[-6,-4],[1,-7],[6,-8],[-3,-8],[2,-3],[9,2],[3,-3],[1,-7],[-4,-13],[-12,-6],[-8,-7],[-6,-2],[-5,3],[-3,-3],[0,-6],[-2,-7],[5,-8],[0,-4],[-4,-2],[-5,1],[-4,-2],[0,-10],[1,-8],[-7,-17],[-12,-3],[-12,-10],[-4,-6],[1,-14],[4,-6],[1,-6],[-2,-5],[-3,-4],[-4,-7],[0,-3],[6,-4],[4,-7],[2,-7],[5,-9],[0,-4],[-5,-8],[-5,-13],[-1,-10],[-5,-10],[-3,-4],[-6,-1],[-5,-5],[-3,-6],[-4,-2],[-4,0],[-4,4],[-3,0],[-6,-2],[-5,-4],[-3,-3],[-1,-4],[0,-4],[7,-15],[6,-7],[1,-3],[0,-2],[-2,-2],[-1,-1],[0,-3],[5,-4]],[[9679,55669],[-34,-177],[-120,-114],[-47,-49],[-48,-48],[-44,-69],[-32,-141],[238,-138],[137,-89],[23,-17],[32,-22],[44,-18],[134,-27],[146,-21],[64,-22]],[[10172,54717],[58,8],[114,-15],[67,-22],[108,-60],[44,-24],[93,-53],[121,-69],[107,-61],[22,-11],[24,-9],[26,-9],[26,-6],[41,-5],[25,-1],[28,1],[39,5],[40,7],[80,13],[124,22],[76,14],[58,4],[77,-14],[90,-34],[61,-30],[109,-80],[36,-26],[47,-18],[58,-11],[50,-2],[46,4],[116,9],[131,10],[97,6],[54,1],[55,-12],[90,-30],[63,-16],[166,12],[346,28],[105,9],[62,20],[48,26],[38,37],[9,7],[15,18]],[[13462,54360],[17,20],[105,116],[11,17],[31,45],[27,72],[21,100],[12,55],[58,175],[31,64],[31,38],[35,38],[21,38],[15,34],[16,62],[-25,23],[-21,26],[-23,12],[-23,14],[-20,0],[-36,24],[4,21],[-23,14],[11,28],[-8,17],[-22,-9],[-5,10],[2,20],[-13,15],[14,27],[-31,13],[-8,8],[7,28],[-25,9],[-8,4],[-24,25],[-20,-8],[-21,-6],[-7,14],[1,28],[-35,-2],[-10,-9],[-44,20],[-24,-17],[-6,11],[0,28],[-23,7],[-17,4],[-15,20],[-33,12],[-22,31],[-13,45],[2,51],[-25,42],[-19,39],[-35,9],[-12,34],[-19,33],[-11,35],[-38,46],[-7,56],[-36,33],[-103,104],[-42,45],[-23,74],[2,79],[-2,24],[-11,15]],[[12948,56460],[-61,47],[-37,27],[0,58],[-6,40],[22,43],[21,14],[21,25],[2,21],[-2,48],[6,48],[-21,34],[11,66],[2,17],[-16,5],[-6,25],[-17,17],[-8,27],[-14,45],[-28,36],[-21,5],[-29,-8],[-20,2]],[[12747,57102],[-17,14],[-29,-11],[-24,21],[-13,18],[-13,33],[-27,-14],[-22,-10],[-28,17],[-32,30],[-23,-6],[-2,-8],[-12,21],[-14,-3],[-5,16],[-25,-16],[-29,-14],[-26,-32],[-93,-26],[-39,11],[-30,31],[-25,38],[-13,20],[-69,48],[-74,26],[-58,12],[-52,38],[-57,11],[-73,-17],[-91,10],[-68,-32],[-25,-47],[-57,-5],[-49,21],[-59,-13],[-69,11],[-54,41],[-112,4],[-117,23],[-133,10],[-91,33],[-94,59],[-37,31],[-48,35],[-51,49],[-69,76],[-46,31],[-140,-102],[-37,-74]],[[10664,56343],[-13,-11],[-2,-1],[1,-2],[-4,-3],[-1,1],[-2,-2],[-2,-2],[-2,2],[-2,-2],[1,-2],[-14,-12],[-2,3],[-4,-5],[4,-3],[1,2],[20,-19],[-1,-2],[4,-4],[-8,-8],[-1,1],[-1,-2],[1,-1],[-11,-13],[-1,2],[-3,-3],[3,-2],[1,1],[13,-14],[10,-9],[1,-2],[-2,-2],[2,-2],[-19,-24],[-2,1],[-3,-3],[2,-2],[-5,-6],[-15,-19],[-2,2],[-2,-3],[2,-2],[-20,-24],[0,-1],[-2,-1],[5,-4],[2,-1],[2,-1],[108,-70],[-1,-2],[113,-73],[-2,-2],[-23,-54],[-50,-59],[-3,-4],[1,-2],[2,-2],[1,-1],[0,-1],[74,-103],[27,-38],[45,50],[21,22],[6,9],[-9,10],[19,32],[30,50],[50,82],[-16,8],[1,2],[5,15],[3,8],[1,1],[0,2],[7,18],[2,7],[1,2],[6,15],[1,1],[3,9],[-1,16],[-35,17],[-24,11],[-70,34],[-2,1],[-70,34],[-49,23],[-12,5],[3,8],[5,13],[5,13],[5,13],[-1,0],[28,31],[16,18],[2,-1],[2,-2],[4,-4],[-1,0],[3,-3],[3,4],[2,3],[-2,2],[8,13],[3,-2],[1,2],[10,16],[3,4],[0,1],[0,1],[-3,2],[-2,-4],[-3,2],[-1,0],[-2,2],[-3,3],[-1,0],[-22,17],[-21,15],[-1,0],[-7,5],[-1,0],[-14,9],[-10,7],[-11,8],[-4,3],[2,3],[-6,7],[-6,-7],[5,-4],[-12,-10],[-2,-3],[-48,-41],[-1,3],[-5,-5],[1,-2],[-4,-3],[-2,-3],[-2,-1],[-2,1],[-2,-1],[2,-2]],[[9679,55669],[-129,-177],[-175,-89],[-214,53],[-52,34],[-47,69],[-38,125],[-6,87],[-19,140],[-185,-131],[-91,-40],[53,-140],[-65,-67],[-59,36],[-161,109]],[[8491,55678],[28,89],[-10,45],[23,163],[41,274],[37,241],[7,45],[71,114],[113,139],[154,177],[131,139],[125,122],[91,76],[70,53],[84,-38],[109,-61],[87,-26],[69,-55],[100,-200],[104,-39],[50,-12]],[[6744,59423],[-41,-149],[40,-272],[13,-169],[10,-222],[58,-218],[55,-64],[241,66],[60,-106],[49,-133],[95,-289],[132,-285],[115,-134],[121,-163],[22,-29],[46,-160]],[[7760,57096],[37,-4],[5,-16],[64,-318],[113,-523],[8,-34],[6,-25],[6,-16],[13,-29],[23,-41],[32,-49],[75,-110],[30,-31],[27,-23],[56,-39],[116,-79],[120,-81]],[[10376,57511],[-45,57],[-80,76],[-42,54],[-132,169],[-61,126],[-8,93],[82,149],[132,97],[92,80],[20,234],[-6,89],[-79,278],[-54,143],[-20,152],[56,91],[-128,219],[124,93],[8,54],[-54,27],[-114,9]],[[10067,59801],[-163,-194],[-121,60],[-66,-69],[-103,-25],[-141,25],[-188,43],[-199,68],[-185,96],[-159,123],[-273,93],[-233,180],[-67,39],[-110,-83],[-187,-152],[-110,-105],[-121,-116],[-197,-54],[-169,-95],[-63,-117],[-141,-21],[-245,-39],[-82,-35]],[[4364,58662],[-507,808],[-281,710],[-473,437],[-208,143],[-148,323],[-237,228],[-179,281],[106,292],[385,176],[-218,442],[-136,246],[-62,150],[-39,95],[-657,183],[-745,636],[-639,1200],[-326,487],[94,280],[14,462],[798,977],[486,230],[905,427],[-335,613],[-169,731],[1147,88],[60,889],[787,-1941]],[[3787,68255],[-75,-179],[-166,-212],[-228,-192],[-46,-152],[-161,-417],[-28,-678],[32,-504],[97,-502],[740,6],[319,-31],[330,-102],[244,-115],[270,-244],[413,-300],[89,-267],[34,-244],[81,-294],[-55,-509],[-97,-619],[62,-406],[106,-445],[478,-269],[16,-369],[89,-216],[78,-187],[-8,-71],[-59,-212],[9,-163],[97,-451],[36,-177],[49,-108],[57,-73]],[[6590,59553],[-166,-16],[-347,-61],[-349,-95],[-271,-81],[-229,-78],[-251,-170],[-402,-262],[-211,-128]],[[7760,57096],[-163,-12],[-419,-33],[-858,-62],[-675,-22],[-400,-99],[4,-38],[-31,-7],[-4,41],[-29,-8],[-62,-28],[49,-543],[107,-282],[157,-559],[-132,-180],[-38,-118],[-398,-19],[-158,-31],[-365,6],[-330,69],[-203,-149],[-233,-59],[-175,-13],[-152,-124]],[[3252,54826],[-139,-109],[-109,107],[-160,202],[-144,130],[-93,167],[-78,232],[49,115],[119,193],[100,135],[50,87],[-97,201],[59,65],[106,53],[214,55],[386,9],[-25,156],[-68,148],[-26,52],[19,44],[5,62],[-2,107],[26,78],[24,77],[66,94],[-16,83],[142,59],[-3,169],[-9,301],[198,40],[172,-75],[128,182],[208,256],[-139,135],[57,59],[36,112],[56,55]],[[6590,59553],[50,-62],[104,-68]],[[11692,63259],[-23,47],[-9,40],[4,63],[22,69],[28,46],[60,35],[82,4],[133,5],[94,8],[151,37],[76,45],[114,45],[126,-6],[71,-31],[26,-81],[-19,-50],[-84,-8],[14,-63],[-95,-21],[-36,-45],[-9,-121],[-109,-82],[-61,-60],[-117,-4],[-91,44],[-36,5],[-69,-47],[-112,16],[-92,54],[-39,56]],[[10216,61887],[-69,-31],[-60,91],[-45,124],[-50,250],[-108,188],[126,135],[95,79],[-74,210],[-155,436],[-15,161],[-55,613],[-36,722],[108,430],[66,-9],[46,28],[81,181],[15,90],[-18,116]],[[10068,65701],[788,558],[544,373],[253,347],[7,456],[96,533],[224,-31],[103,-90],[305,-136],[303,-124],[186,117],[163,101]],[[13040,67805],[141,-136],[97,-71],[-83,-223],[-97,-247],[295,0],[170,-177],[117,-328],[-83,-328],[-72,-254],[191,-169],[111,-273],[74,-276],[-72,-170],[-17,-174],[-4,-166],[-47,-142],[-114,-213],[-24,-127],[59,-132],[167,-227],[121,-104],[158,-128],[66,-187],[-96,-120],[50,-107],[126,-58],[161,-40],[59,-153]],[[14494,63075],[-109,-100],[-76,-51]],[[14309,62924],[-257,-174],[59,-220],[31,-265],[121,-231],[-12,-139],[-87,-35],[-277,106],[-273,56],[-152,20],[-247,219],[-261,209],[-378,118],[-191,-17],[-129,-129],[-277,121],[-173,-101],[-199,23],[-164,-79],[-99,-143],[-182,22],[-174,-3],[-255,-59],[-87,-57],[-52,-123],[-69,-6],[-72,98],[-73,22],[-56,-142],[-108,-128]],[[32983,88425],[52,15],[17,11],[21,5],[8,9],[12,3],[31,10],[21,0],[32,20],[11,47],[29,249],[275,44],[181,114],[418,366],[273,347],[70,87],[122,237]],[[34556,89989],[100,-17],[146,-54],[101,-89],[111,-84],[70,-236],[7,-28],[-12,-20],[-34,-7],[-5,-44],[-14,-32],[68,27],[73,-5],[73,-10],[27,-16],[22,-4],[8,-30],[42,-48],[40,8],[52,-55],[8,-32],[18,-68],[53,-95],[44,-76],[6,-54],[6,-49],[-16,-31],[-3,-83],[26,-73],[-9,-73],[2,-50],[13,-68],[10,-46],[-22,-33],[0,-40],[7,-36],[-28,-47],[-41,-63],[-11,-35],[16,-34],[13,-95],[8,-59],[12,-66],[0,-40],[-26,-43],[1,-29],[28,-52],[41,-125],[12,-80],[10,-25],[44,-14],[32,-7],[13,-40],[43,0],[18,-13],[40,-24],[26,-51],[16,-65],[-1,-50],[26,-138]],[[35866,87143],[-69,-38],[-22,19],[-27,-5],[-40,-21],[-33,-28],[-43,-29],[-13,-19],[-26,-3],[-43,-1],[-35,-24],[-15,-6],[-65,-26],[-7,-29],[-17,-17],[-20,-66],[-3,-45],[-13,-23],[-50,8],[-25,8],[-46,7],[-24,-11],[-35,10],[-51,17],[-30,-17],[-38,1],[-25,9],[-22,0],[-33,11],[-26,-4],[-14,-14],[-50,4],[-45,2],[-26,11],[-51,-11],[-49,-23],[-15,31],[-34,32],[-24,34],[-13,-105],[-137,83],[-169,11],[-120,126],[-190,52],[-379,7],[-37,27],[-66,113],[-66,83],[-99,35],[-166,-43],[-49,-17],[-25,3],[-28,9],[-32,-6],[-27,16],[-14,37],[-31,12],[-7,23],[-28,5],[-5,20],[-3,40],[-17,13],[-51,2],[-13,20],[-30,23],[-56,-15],[-10,27],[-41,0],[-38,27],[-39,-5],[-25,1],[-25,13],[-32,21],[-39,13],[-18,-10],[-29,16],[-37,7],[-29,-3],[-23,13],[-19,34],[-30,9]],[[32370,87624],[81,101],[31,50],[114,46],[53,79],[-3,45],[18,30],[26,23],[29,1],[26,11],[10,18],[18,14],[26,6],[9,-17],[29,4],[15,4],[23,-21],[19,3],[23,-10],[6,-10],[37,-5],[20,-15],[17,-11],[25,-6],[40,-19],[11,-15],[39,-15],[19,0],[20,12],[18,4],[36,-27],[7,34],[-22,160],[-22,41],[-72,100],[-18,34],[-33,105],[-62,47]],[[32983,88425],[-80,53],[-85,4],[-49,121],[-121,226],[-24,31]],[[32624,88860],[35,-20],[26,9],[38,26],[33,76],[-10,123],[-139,156],[-138,125],[-4,46],[36,69],[9,47],[3,49],[-8,59],[36,27],[34,-20],[29,-31],[37,-8],[35,3],[37,26],[25,69],[-5,45],[-23,43],[8,31],[21,37],[0,38],[-24,47],[-13,38],[-18,61],[-7,84],[-17,122],[-30,108],[-92,72],[-53,44],[-75,21],[-77,12],[-85,40],[-23,55],[5,45],[-15,76],[-50,76],[-53,48],[-72,52],[-53,40],[-80,-3],[-85,-33],[-74,-20],[-88,10],[-61,54],[-4,52],[-18,84],[19,60],[-8,51],[-30,38],[-64,7],[-74,4],[-84,26],[-38,57],[-56,80],[-41,98],[-33,75],[-98,110],[-60,33],[-47,24],[-56,53],[-5,37],[29,76],[32,48],[37,4],[91,-22],[59,10],[28,24],[11,51],[-12,114],[-19,56],[6,77],[27,64],[74,73],[67,64],[15,79],[19,93],[31,96]],[[31397,92730],[70,-10],[23,-20],[21,13],[40,-3],[37,-18],[32,-6],[18,-13],[20,2],[23,-12],[17,-35],[27,-6],[26,-2],[13,-6],[-1,-16],[-5,-23],[-6,-101],[16,-41],[-16,-77],[-2,-63],[29,-69],[-1,-49],[-12,-43],[-22,-22],[-12,-26],[-33,-11],[-13,-13],[-6,-27],[-1,-113],[13,-30],[30,-47],[7,-28],[16,-22],[26,-22],[35,-48],[75,-130],[33,-37],[41,-8],[50,5],[30,-2],[90,-20],[28,-18],[62,26],[132,70],[63,56],[23,15],[13,1],[14,-5],[27,-7],[26,-3],[15,5],[40,2],[8,13],[-16,115],[6,62],[10,50],[2,52],[-7,44],[-1,272],[23,-15],[24,-9],[42,6],[30,17],[35,12],[26,21],[24,4],[21,13],[37,-13],[54,2],[44,10],[60,30],[78,31],[142,26],[97,56],[-15,16],[-30,85],[-82,251],[19,24],[35,23],[37,10],[32,-7],[42,-7],[47,8],[24,-2],[36,38],[25,30],[43,33],[64,27],[57,45],[24,2],[56,20],[20,2],[112,88],[22,23],[22,-33],[6,-23],[129,-73],[13,-5],[157,-63],[125,-51],[135,-53],[127,-51],[21,91],[27,65],[38,91],[10,69],[16,255],[35,233],[100,48],[238,68],[-50,66],[40,-27],[61,25],[112,53],[29,16],[54,14],[169,46],[41,3],[163,-35],[117,-41],[53,-14],[187,161],[211,-41],[68,-1],[42,-41],[13,-34],[47,-63],[42,-50],[31,-5],[18,23],[14,36],[37,29],[46,6],[67,-46],[29,-17],[17,9]],[[36732,93821],[23,2],[19,-9],[40,9],[27,3],[23,4],[80,-8],[46,-8],[31,11],[12,10],[135,-194],[-15,-37],[-81,-102],[-15,-24],[-18,-28],[-6,-32],[14,-37],[17,-39],[9,-20],[28,-35],[23,-36],[25,-39],[31,-43],[12,-11],[19,-19],[50,-11],[36,-39],[18,-45],[9,-25]],[[37324,93019],[-317,3],[-321,2],[-477,-630],[-188,-114],[-366,-260],[-245,-166],[-63,-52],[-94,-40],[-102,-57],[-78,-146],[-31,-103],[18,-34],[-5,-34],[-49,-63],[-20,-2],[-40,35],[-21,2],[-26,-84],[-29,-5],[-29,-23],[-49,-16],[-45,-13],[-34,-4],[-21,15],[-24,6],[-9,-13],[6,-26],[3,-17],[-6,-51],[29,-64],[-5,-53],[55,2],[12,-11],[9,-77],[-14,-13],[-16,3],[-57,42],[-25,13],[-19,-2],[-18,-23],[-11,-71],[-2,-87],[-21,-44],[-21,-32],[-13,-16],[-22,-47],[-4,-22],[2,-20],[32,-84],[-23,-60],[-13,-56],[-23,-59],[-10,-62],[0,-74],[29,-162],[43,-61]],[[42569,85370],[-313,248],[-143,119],[-53,-40],[-307,-234],[-64,40],[-74,151],[-288,272],[-14,136],[-86,12],[-357,58],[-140,-56],[-207,-120],[23,-203],[31,-159],[-31,20],[-30,-60]],[[40516,85554],[-364,-504],[-5,-55],[-169,-123],[-61,-204],[65,-385],[-21,-177],[-182,-346],[-61,-168],[-73,-316],[88,-11],[-41,-146],[-94,-7],[-67,-67],[-69,-161],[-36,-261],[308,-206],[32,-163],[332,-96],[265,-8],[284,36],[811,132]],[[41458,82318],[550,117],[296,58],[160,-90],[51,84],[-2,251],[81,121],[24,114],[-28,60],[-147,72],[-28,98],[25,82],[129,17],[40,119],[-42,39],[-144,-12],[-69,74],[-17,106],[89,55],[101,120],[-191,114],[-7,137],[131,143],[54,284],[-153,47],[95,128],[54,174],[-26,300],[74,160],[11,80]],[[46978,83889],[185,-238],[92,-100],[738,-149],[145,-158],[-73,-196],[14,-137],[97,-223],[106,-53],[-1,-56],[107,-90],[22,-81],[-136,-23],[-2,-438],[21,-113]],[[48293,81834],[-39,0],[-423,-607],[-93,-103],[-98,-69],[-79,-26],[-66,-8],[-71,-25],[-20,-106],[-56,-138],[-34,-48],[-134,-42],[-55,-43],[-36,-6],[-25,14],[-51,-25],[-19,-2],[-18,7],[-42,32],[-85,-25],[-85,37],[-58,9],[-66,42],[-53,2],[-24,13],[-78,15],[-53,30],[-31,4],[-84,-11],[-29,-23],[-19,-26],[-53,-42],[-48,61],[-27,4],[-29,-51],[-52,-11],[-47,-35],[-62,-45],[-53,0],[-40,24],[-27,23],[-33,13],[-108,16],[-61,7],[-40,-7],[-73,-2],[0,-124],[-57,-73],[-28,-79],[-22,18],[-11,48],[-20,-2],[-32,74],[-10,63],[5,44],[-32,153],[15,67],[-2,80],[-237,130],[-59,109],[-5,64],[10,52],[-16,33],[-60,66],[-37,-13],[-20,-23],[-39,6],[-25,-13],[-70,-19],[-147,-155],[-36,-4],[-46,26],[-32,7],[-54,-20],[-48,-22],[-50,23],[-57,-20],[-44,-1],[-43,-12],[-35,42],[-21,-19],[-25,-29],[-20,-6],[-22,16],[-37,23],[-38,-5],[-19,2]],[[43990,81168],[-40,-24],[-86,36],[-21,41],[-156,153],[-159,5],[-148,232],[-122,103],[-100,-17],[-154,-112],[-204,138],[-224,19],[-82,95],[-228,55],[-50,-68],[-153,-52]],[[42063,81772],[60,55],[96,80],[92,144],[70,74],[66,76],[115,86],[356,140],[27,63],[19,42],[-46,85],[-62,52],[-36,100],[6,60],[21,35],[61,72],[147,74],[151,44],[126,80],[164,50],[102,155],[151,271],[61,14],[7,29],[40,54],[60,25],[32,3],[58,21],[67,88],[68,80]],[[44142,83924],[858,-237],[1364,-4],[184,-203],[187,126],[161,107],[56,118],[26,58]],[[27620,84387],[-217,371],[-657,141],[-459,352],[-896,651],[-380,73],[-42,78],[-160,238],[-53,270],[-134,399]],[[24622,86960],[58,-3],[550,192],[69,155],[154,134],[436,323],[29,29],[797,502],[273,223],[178,-10],[675,744],[795,-135],[110,-35],[157,-47],[221,-29],[57,-5]],[[29181,88998],[17,-13],[245,-191],[138,7],[48,24],[25,-14],[28,18],[101,53],[70,-41],[1596,146],[-3,-21],[-102,-86],[-78,-98],[-77,-129],[-57,-127],[27,-209],[101,-145],[136,-56],[218,-51],[237,27]],[[31851,88092],[19,-41],[17,-18],[56,-55],[-10,-30],[-13,-20],[-6,-18],[17,-126]],[[31931,87784],[-21,-16],[-45,-11],[-20,-8],[-158,-119],[-51,-179],[-32,-75],[20,-115],[-3,-67],[-21,-177],[27,-105],[52,-23],[-3,-41],[-65,-30],[-41,-25]],[[31570,86793],[-6,28],[-20,17],[-13,22],[-9,32],[-28,20],[-52,12],[-33,-4],[-14,-39],[-16,-13],[-46,7],[-46,29],[-56,0],[-59,40],[-47,-3],[-32,8],[4,39],[-38,0],[-39,-20],[-14,-25],[-55,-9],[-16,-30],[-12,-1],[-44,3],[-12,-11],[-25,-14],[-21,10],[-13,27],[-32,10],[-33,-4],[-72,-27],[-107,4],[-35,-54],[-41,10],[-32,1],[-20,-7],[-14,-48],[40,-35],[-26,-31],[-26,-70],[38,-41],[73,-64],[14,16],[34,-30],[1,-21],[-61,-32],[-36,-28],[-70,-53],[-6,-20],[-15,-11],[-38,79],[-26,12],[-21,43],[-60,1],[-32,-15],[-41,10],[-84,-4],[-31,-10],[-42,-79],[-23,-5],[-49,-88],[-24,5],[-19,38],[-20,30],[-46,-31],[-41,-14],[-13,-26],[-20,-22],[-23,-9],[-19,-58],[-6,-70],[-18,-37],[-36,17],[-32,8],[-23,15],[-46,-21],[-41,-22],[-19,-23],[-20,-3],[-4,36],[-42,-27],[-20,-1],[4,40],[-15,26],[-45,-45],[-50,-32],[-35,11],[-68,-6],[1,-29],[-3,-34],[-17,-33],[29,-121],[48,-91],[-48,-3],[-78,-8],[-43,-45],[-16,8],[-23,-5],[-11,-51],[-12,-35],[-50,-70],[-49,-31],[-44,-16],[-86,-33],[-14,-24],[-38,-35],[-75,-128],[-207,-47],[-148,-337],[-106,-69],[-167,-125],[-149,-172],[-72,-166],[-52,-50],[-94,-24],[-50,55]],[[27374,92003],[-68,9],[-132,96],[-31,45],[-30,14],[-21,49],[-22,-8],[-27,6],[-33,-18],[-26,0],[-12,-23],[-11,3],[-23,-7],[-13,-23],[-14,3],[-19,-9],[-9,-20],[-15,3],[-18,-6],[-5,-38],[-29,-16],[-53,-66],[-7,-37],[-48,-43],[-10,-29],[-8,-12],[-35,-78],[-13,-33],[-37,-32],[-29,-15],[-10,-63],[-53,-5],[-14,-12],[-24,-56],[-58,-24],[-63,-25],[-52,6],[-30,91],[-122,35],[-107,-18],[-86,-72],[-154,12],[-93,-3],[52,-64],[2,-36],[-11,-31],[-50,-32],[-43,-46],[-28,-106],[5,-65],[53,-67],[114,-116],[-205,4],[-176,43],[-147,1],[-96,69],[-133,-66],[-175,-80],[-192,-55],[-40,-55],[-8,-44],[-1,-21],[-11,-51],[-18,-30],[-10,-17],[-5,-20],[-15,0],[-27,-5],[-10,-6],[-11,-18],[-15,-8],[-8,17],[-35,7],[-41,4],[-41,5],[-21,-12],[-24,-29],[-20,5],[-20,22],[-12,3],[-12,21],[-18,8],[10,26],[-40,81],[-12,21],[-11,-3],[-3,-13],[-17,5],[-19,-7],[-5,13],[-13,-8],[-42,-1],[-12,-5],[-31,43],[-38,26],[10,14],[2,27],[-22,39],[-33,7],[-11,16],[-31,17],[-12,16],[-28,23],[-25,4],[-15,15],[-8,16],[-94,17],[-40,2],[-13,-6],[-11,-37],[-15,-20],[-14,-4],[-25,26],[-8,-5],[-21,-24],[-15,-3],[-12,-15],[-21,-22],[-26,-11],[-23,14],[-1,13],[9,14],[-38,107]],[[23483,91131],[-37,3],[-11,-10],[-6,-51],[-8,-37],[-19,-49],[-26,-27],[-28,-29],[-29,-103],[28,-64],[10,-59],[-98,-30],[-12,-39],[22,-143],[49,-121],[-87,-198],[87,-196],[34,-135],[-16,-105],[151,-117],[52,-78],[3,-113],[118,-593],[-58,-602],[-67,-201],[-29,-387],[-12,-342],[-9,-163]],[[23485,87142],[232,-23],[390,-60],[320,166],[195,-265]],[[29181,88998],[17,54],[90,-7],[-98,192],[-87,190],[-32,112],[-9,59],[21,76],[100,102],[52,74],[-13,48],[-39,46],[-94,35],[-43,25],[-76,61],[-40,40],[7,31],[-165,51],[-111,44],[-247,93],[-71,26],[-66,38],[-164,89],[-168,66],[-189,73],[-53,109],[-40,74],[-41,43],[-46,75],[-17,101],[7,56],[43,44],[66,65],[39,47],[27,45],[-7,40],[-24,14],[-12,46],[-40,220],[-21,43],[-32,21],[-105,63],[-90,46],[-172,113],[86,75],[50,47]],[[27374,92003],[458,221],[158,35],[139,34]],[[28129,92293],[-19,32],[0,63],[7,26],[-2,75],[15,38],[18,56],[28,15],[53,45],[33,47],[8,20],[15,19],[-3,26],[3,29],[9,18],[-29,48],[9,23],[22,28],[14,27],[21,30],[-16,12],[0,14],[-23,18],[-12,43],[-22,34],[30,250],[73,102],[81,222],[116,123],[83,63],[25,40],[73,-24],[21,18],[-1,29],[21,58],[-18,24],[1,40],[-10,30],[33,43],[24,55],[0,32],[14,90],[12,150],[22,56],[22,36],[33,36],[36,33],[29,14],[13,131],[1,28],[-7,20],[-46,27],[-12,16],[-36,60],[-52,35],[-54,69],[-5,81],[-17,7],[26,15],[26,50],[7,76],[10,42],[33,4],[22,-5],[27,-30],[13,8],[10,23],[-10,35],[-3,31],[0,32],[43,63],[1,28],[-8,22]],[[28960,95467],[-19,16],[-11,21],[-13,19],[-16,20],[-11,4],[-17,5],[-28,8],[-14,10],[-9,12],[-16,7],[-15,3],[-16,5],[-28,0],[-13,6],[-10,9],[-4,12],[-20,12],[-27,8],[-26,16],[-12,18],[-11,15],[-8,10],[-17,21],[-21,27],[-10,10],[-16,21],[-20,22],[-17,14],[-14,22],[-6,26],[-4,16],[1,15],[5,21],[13,31],[-2,30],[1,29],[9,19],[-18,3],[-39,5],[-36,9],[-23,5],[-44,6],[-25,-1],[-12,-8],[-23,-8],[-5,17],[-16,15],[-29,27],[-31,16],[-27,11],[-42,7],[-101,-59],[-183,-177],[-17,-3],[-16,-10],[-25,-7],[-23,-12],[-9,-8],[-7,-16],[-13,-13],[-11,-13],[-14,-24],[-15,-8],[-19,-10],[-19,-31],[-23,-11],[-25,-48],[-15,-4],[-16,-17],[-13,-8],[-4,-39],[-13,-10],[-1,-18],[12,-12],[6,-9],[-3,-14],[-19,-14],[-3,-13],[-15,-4],[-36,15],[-18,12],[-23,6],[-15,-3],[-10,-7],[-17,-1],[-20,3],[-12,10],[-40,0],[-16,3],[-11,10],[-67,14],[-69,17],[-98,34],[-20,-7],[-16,-15],[-15,-28],[-13,-19],[-27,-54],[-19,-28],[-12,-11],[-31,-29],[-45,-1],[-69,1],[-102,-65],[-34,-55],[-57,-40],[-46,-5],[-35,1],[-34,-46],[-25,-17],[-17,-5],[-12,-9],[-18,-42],[-39,1],[-38,-27],[-13,-10],[-21,-33],[-9,-19],[-40,-68],[-12,-11],[-11,-9],[-24,-4],[-19,8],[-19,13],[-19,12],[-60,25],[-56,8],[-60,-20],[-54,-31],[-34,-17],[-128,-80],[-55,-30],[-69,-29],[-33,-11],[-33,-5],[-44,-3],[-14,5],[-19,23],[-12,17],[-14,33],[-43,-5],[-18,-14],[-14,-28],[-7,-22],[-4,-43],[-9,-31],[-17,-47],[-10,-31],[-18,-40],[-14,-22],[-11,-28],[-14,-32],[-25,-19],[-16,-25],[-35,-28],[-30,-26],[-23,-19],[-22,-15],[-28,-14],[-68,52],[-86,78],[-91,88],[-139,56],[-31,-5],[-29,-18],[-10,-14],[-11,-31],[-14,-38],[-28,-21],[-23,5],[-5,16],[-7,8],[-24,0],[-36,8],[-9,14],[6,13],[0,12],[-16,3],[-3,12],[-19,4],[-15,-4],[-39,-13],[-10,-8],[-6,-30],[-16,-8],[-13,-3],[-13,-23],[-7,-14],[-13,0],[-8,14],[-13,4],[-12,-10],[-1,-28],[-8,-35],[-19,-9],[-20,-5],[-11,-10],[-16,-24],[0,-20],[-8,-18],[-6,-10],[1,-17],[4,-34],[-10,-15],[4,-13],[-40,-26],[-7,-21],[-11,-1],[11,-39],[-17,-12],[2,-33],[-13,-4],[0,-25],[-9,-9],[-21,-13],[-3,-15],[-11,-10],[-3,-12],[14,-7],[-7,-17],[-5,-20],[-1,-22],[5,-26],[-17,-24],[-6,-16],[20,-25],[24,-12],[-5,-32],[14,-20],[3,-13],[13,1],[18,-22],[19,-30],[7,-26],[-5,-35],[6,-17],[4,-22],[-4,-11],[7,-13],[-9,-9],[-3,-14],[1,-17],[-11,-38],[-42,9],[-28,6],[-21,-2],[-25,-21],[-4,-54],[-12,-13],[-19,-10],[-21,-27],[-19,-62],[-4,-35],[4,-27],[-3,-19],[-14,-20],[-78,-35],[-23,-19],[-26,-60],[-20,-10],[-19,-21],[-31,-3],[-66,-25],[-31,-22],[-13,-28],[-18,-13],[-21,-6],[-14,-19],[-9,11],[-24,-26],[-20,-16],[-26,-9],[-25,0],[-25,-5],[-38,-11],[-5,-13],[2,-29],[-5,-33],[-32,-14],[-13,-17],[-7,-23],[-13,-22],[-24,-18],[-6,-17],[-26,0],[-12,-12],[-6,-16],[-12,-22],[-6,-20],[-5,-23],[-13,-5],[-4,-19],[-12,-7],[-3,-11],[-20,-46],[-9,-4],[0,-17],[9,-11],[3,-19],[-5,-13],[8,-10],[4,-11],[2,-15],[3,-11],[-4,-16],[1,-11],[1,-21],[4,-12],[0,-12],[9,-17],[9,-19],[40,20],[24,-9],[8,-15],[3,-22],[-2,-62],[-22,-21],[-29,-45],[2,-54],[11,-45],[-2,-26],[12,-41],[20,-35],[31,-45],[38,-17],[78,-61],[24,-31],[6,-44],[-26,-27],[-39,-1],[-7,-21],[-37,-4],[-29,14],[-44,24],[-38,7],[-22,-59],[-18,-22],[3,-81],[27,-97],[9,-27],[13,-16],[15,-16],[15,-9],[31,1],[22,8],[30,10],[20,3],[22,-5],[13,-19],[13,-32],[46,-115],[-12,-30],[-29,-19],[-11,-11],[-6,-96],[9,-90],[-7,-17]],[[28129,92293],[118,24],[61,-35],[-1,-13],[42,-30],[44,-21],[17,-27],[-6,-32],[12,-41],[30,-14],[13,-67],[67,-13],[-3,-31],[9,-24],[21,8],[20,-18],[38,-32],[34,24],[9,36],[42,20],[25,1],[197,109],[65,-24],[18,17],[72,130],[11,72],[11,177],[15,11],[12,-16],[14,-3],[17,-17],[38,4],[7,18],[57,-11],[23,-18],[35,-11],[34,11],[24,-13],[10,-28],[18,-8],[0,-40],[17,-30],[33,11],[29,-12],[27,1],[29,-23],[23,-21],[14,-58],[50,-19],[23,-23],[33,2],[14,-11],[12,-34],[43,-45],[46,-21],[80,-4],[89,18],[36,-21],[22,7],[2,21],[29,5],[26,-9],[19,8],[13,7],[58,-3],[39,17],[33,22],[29,12],[28,11],[49,-24],[28,-11],[35,-2],[26,4],[21,-4],[19,-22],[17,-7],[21,-19],[14,-18],[41,-19],[1,35],[-3,31],[-40,103],[-15,46],[-5,28],[10,27],[16,17],[7,21],[-1,28],[-24,57],[20,131],[72,122],[32,27],[1,42],[24,21],[60,18],[35,14],[50,3],[39,31],[41,15],[46,-6],[21,17],[25,43],[84,5],[57,27],[30,34],[25,10],[69,14]],[[31243,93015],[45,-14],[34,-8],[66,-29],[24,-22],[16,-37],[-10,-59],[-24,-93],[3,-23]],[[32624,88860],[-27,32],[-50,60],[-35,31],[-47,35],[-73,22],[-59,3],[-66,-15],[-56,-39],[-142,-154],[-149,-51],[-137,-161],[11,-45],[57,-486]],[[31931,87784],[4,-23],[12,-30],[14,8],[18,-4],[17,32],[18,-17],[16,11],[29,-11],[16,-26],[31,3],[6,-32],[-1,-54],[37,-16],[43,34],[109,-5],[70,-30]],[[65339,97752],[7,8],[11,13],[13,5],[24,-6],[15,-1],[9,11],[17,1],[25,-10],[29,7],[12,6],[16,0],[11,-10],[6,-52],[24,-9],[10,-11],[5,-17],[10,-10],[23,2],[14,-5],[5,-24],[14,-3],[11,1],[10,-13],[3,-13],[19,-12],[3,-36],[37,-31],[13,-3],[10,-8],[5,-18],[26,-22],[4,-13],[-3,-14],[-8,-15],[-6,-20],[5,-13],[0,-31],[-12,-5],[-2,-15],[5,-15],[2,-19],[7,-27],[-6,-16],[-10,-10],[0,-17],[10,-13],[26,-5],[4,-13],[-8,-12],[-3,-14],[7,-18],[12,-10],[4,-13],[18,-15],[12,-2],[14,-16],[15,0],[12,-4],[6,-14],[13,-11],[22,2],[10,-17],[26,0],[14,-4],[10,-12],[19,-6],[16,-1],[26,5],[8,-20],[-2,-10],[11,-23],[20,2],[10,-5],[4,-38],[10,-36],[-8,-13],[-17,-10],[-14,-20],[-11,-3],[-16,-26],[-6,-22],[-6,-96],[7,-12],[-6,-28],[-7,-27],[-25,-47],[6,-21],[-7,-34],[-9,-52],[-13,-37],[0,-24],[9,-32],[108,-280],[51,0],[42,-9],[36,-51],[28,-24],[25,-11],[46,0],[18,-9],[71,-5],[41,-23],[59,-41],[25,-3],[58,-33],[29,-19],[39,-25],[29,-5],[57,6],[54,-12],[31,-3],[23,9],[15,2],[-1,-23],[-35,-49],[-8,-29],[-2,-42],[-7,-23],[-1,-34],[11,-24],[129,-134],[92,-90],[112,-142],[129,-218],[264,-360],[257,-446],[78,-255],[283,-438],[49,-40],[-62,-91],[-67,-93],[-153,-153],[-41,-24],[-134,-89]],[[67753,93102],[0,-15],[7,-13],[29,-16],[25,-22],[16,-24],[139,-79],[269,-68],[53,-29],[100,-155],[65,86],[88,-93],[18,-178],[73,-101],[41,-68],[66,-86],[-13,-135],[-66,-155],[21,-103],[4,-146],[108,-206],[12,-129],[30,-274],[33,-289],[76,-206],[0,-233],[17,-79],[142,49],[179,48],[110,130],[160,198],[614,-319],[45,-75],[233,-284],[172,-218],[55,-46],[63,-86],[162,-46],[61,-6],[27,-13],[21,-30],[81,-29],[72,-63],[63,-38],[89,-45],[47,-15],[60,-66],[49,-31],[64,-60],[36,-28],[99,-101],[63,-83],[30,-24]],[[71761,89005],[10,23],[69,24],[38,160],[83,107],[158,103],[137,45],[228,-15],[102,-42],[53,-71],[35,-116],[-7,-314],[13,-106],[43,-105],[87,-76],[192,-65],[140,-75],[189,-173],[102,-33],[62,-74],[94,88],[111,29],[117,-12],[83,-22],[177,152],[173,144],[179,210],[211,157],[-43,42],[-23,16],[135,146],[164,78],[164,45],[231,86],[27,16],[-258,209],[-222,208],[45,151],[20,345],[51,752],[-34,474],[25,105],[81,1],[75,14],[138,-45],[229,41],[148,-69],[388,-59],[50,39],[33,-8],[64,39],[23,54],[33,33],[100,21],[25,14],[46,51],[91,-18],[233,102],[76,-2],[24,25],[23,-4],[52,11],[33,28],[65,5],[49,58],[-284,62],[-174,17],[-308,94],[-167,74],[-117,136],[-105,150],[-282,516],[5,103],[418,451],[28,261],[87,149],[108,60],[190,69]],[[76400,94094],[-28,66],[-714,333],[-50,84],[-261,91],[-158,87],[-284,185],[-103,53],[-139,99],[-129,103],[-69,74],[-259,-156],[-113,-65],[-263,-97],[-106,-74],[-135,-100],[26,-126],[92,-225],[86,-136],[85,-95],[63,-273],[-46,-51],[-301,-12],[-82,29],[-66,22],[-251,398],[-580,-272],[-354,-207],[-54,-16],[-175,-45],[-209,362],[-102,259],[-78,100],[-109,97],[-31,44],[-6,44],[4,47],[-1,58],[13,45],[19,42],[18,65],[-2,41],[1,42],[16,82],[27,57],[7,78],[23,27],[9,26],[-9,35],[20,43],[21,32],[1,25],[20,44],[-7,21],[-22,24],[-31,19],[-42,6],[-61,-18],[-14,40],[-32,47],[-12,75],[102,110],[49,95],[-91,25],[-419,23],[-325,58],[-24,-66],[-125,-6],[-143,39],[-137,25],[-388,139],[-116,58],[-33,123],[-87,168],[-42,173],[-93,119],[-56,25],[-62,4],[-172,-6],[-62,4],[-166,141],[-151,194],[-22,153],[-259,18],[-311,-5],[-150,196],[-91,179],[5,138],[81,201],[127,231],[180,483],[-184,184]],[[68298,98900],[-77,-25],[-90,-20],[-37,-34],[-63,-17],[-118,-105],[-109,-75],[-302,-122],[-164,-33],[-169,-44],[-371,-65],[-130,-25],[-200,-109],[-100,-29],[-68,-7],[-69,-35],[-250,-71],[-181,1],[-76,-65],[-26,-1],[-30,25],[-21,-4],[-25,6],[-22,25],[-27,-4],[-43,29],[-13,-8],[-18,-2],[-12,-83],[6,-27],[-6,-12],[-8,-7],[-27,-8],[-33,21],[-16,-7],[-11,-22],[6,-30],[-17,-3],[-43,34],[-24,12],[-17,2],[-7,-18],[10,-30],[18,-37],[-10,-30],[-22,-28],[-2,-11],[3,-14],[14,-16],[12,-6],[15,-9],[11,-5]],[[70710,87987],[10,-97],[31,-116],[18,-214],[118,-292],[153,-207],[148,-245],[-10,-24],[-104,-42],[-70,-91],[-92,-154],[-17,-4],[-16,-18],[-42,-80],[-25,-26],[-59,-170],[-43,-199],[59,-132],[34,-30],[47,1],[9,-41],[190,-271],[4,-117],[27,-92],[23,-51],[70,-94],[51,-83],[98,-79],[104,-141],[64,-115],[-104,-132],[-281,-284],[-46,1],[-59,-57],[-45,-156],[30,-162],[-18,-149],[-51,-122],[-78,-94],[-100,-64],[-165,-73],[-62,-88],[-6,-137],[-39,-149],[-77,-150],[-78,-84],[-93,-66],[-55,-71],[-8,-84],[59,-79],[5,-55],[-13,-148],[-125,-231],[-73,-93],[-57,-40],[-49,-7],[-26,-5],[-59,-54],[-27,-102],[-35,-63],[-89,-56],[-99,-28],[-78,7],[-69,-5],[-46,-29],[-23,-82],[-39,-1],[-27,-39],[-49,-60],[-29,-37],[-66,-35],[-184,-73],[-43,-4],[-64,-5],[-17,-20],[-21,-4],[-32,8],[-53,2],[-11,-12],[-9,12],[-18,4],[-23,7],[-22,-6],[-14,-8],[-19,-5],[-12,-7],[-12,-12],[-27,-25],[-6,9],[-4,-10],[-9,-10],[-16,-6],[-21,-4],[-14,-14],[-17,-7],[-14,-2],[-22,6],[-19,-2],[-8,-9],[-18,0],[-18,-10],[-11,-10],[-11,4],[-26,-4],[-15,-10],[-13,-2],[-12,-3],[-13,-6],[-15,-3],[-12,11],[-18,3],[-17,0],[-14,-10],[-22,-6],[-7,0],[-13,3],[-38,1],[-11,-7],[-32,13],[-14,-4],[-13,7],[-15,4],[-31,-7],[-19,9],[-20,16],[-21,2],[-14,-11],[-14,-5],[-25,-14],[-12,-9],[-11,1],[-11,-6],[-10,-18],[-15,1],[-20,-6],[-41,1],[-16,-10],[-5,-12],[-7,-7],[-11,-3],[-18,-1],[-23,3],[-10,-5],[-9,-12],[-10,-10]],[[67659,81071],[-23,-16],[-28,-10],[-13,0],[-41,-22],[-18,-11],[-13,-17],[-27,-5],[-36,-25],[-19,-12],[-9,-1],[-31,-17],[-28,-13],[-14,2],[-11,10],[-16,6],[-19,-1],[-29,-21],[-17,-6],[-56,12],[-25,19],[-18,9],[-16,-4],[-17,10],[-29,29],[-32,-64],[-13,-22],[-36,-18],[-17,-9],[-2,-55],[-21,-65],[-50,-64],[-31,-23],[-9,-25],[-21,-15],[-17,-33],[-26,-29],[-21,-7],[-44,-37],[-14,-29],[5,-23],[-19,-37],[-24,-16],[-16,-2],[-11,-4],[-23,-3],[-24,8],[-14,-5],[-13,-10],[-27,-37],[-5,-25],[-22,-21],[-56,-19],[-46,-11],[-18,-11],[-54,-18],[-31,0],[-33,18],[-28,11],[-45,-29],[-72,-21],[-23,-20],[-12,-32],[-19,-16],[-6,-36],[1,-35],[24,-29],[9,-38],[-15,-14],[-7,-26],[6,-85],[-18,-6],[-6,-23],[-8,-9],[-2,-22],[17,-65],[0,-22],[-36,-2],[-10,-18],[-6,-26],[-12,-12],[-14,-19],[-4,-18],[-4,-33],[18,-16],[10,-22],[2,-42],[2,-18],[-12,-56],[4,-25],[17,-16],[22,-32],[-2,-15],[-16,2],[-17,3],[2,-15],[-9,-12],[3,-18],[-28,-10],[1,-15],[-100,-38],[-128,8],[-142,-7]],[[65658,79287],[0,65],[-56,151],[-33,140],[11,109],[-35,110],[-4,84],[-284,193],[-96,123],[-203,347],[24,332],[85,214],[26,108],[16,44],[21,167],[9,51],[14,75]],[[65153,81600],[155,98],[-66,82],[-17,304],[-41,447],[-76,139],[-107,569],[-101,737],[421,270],[112,177],[33,74],[-3,64],[-29,117],[-49,78],[-46,94],[-147,109],[-46,14],[-77,72],[-173,98]],[[64896,85143],[39,44],[80,64],[70,35],[65,75],[33,19],[57,36],[138,12],[167,97],[650,61],[189,-391],[93,-411],[79,-189],[101,-119],[215,-20],[99,20],[102,-32],[109,-194],[103,46],[108,23],[36,74],[116,139],[33,114],[-45,212],[-88,82],[-122,57],[-127,34],[-45,60],[5,161],[70,224],[-21,175],[-73,242],[-51,138],[26,197],[134,243],[183,144],[135,124],[73,300],[69,245],[101,60],[270,6],[299,-35],[435,38],[253,26],[231,33],[29,128],[104,311],[165,259],[208,118],[235,-26],[568,-134],[111,-81]],[[65339,97752],[7,-28],[6,-31],[-3,-23],[-13,-11],[-28,0],[-22,9],[-16,20],[-21,18],[-16,11],[-18,5],[-12,0],[-17,-6],[-14,-9],[-17,-18],[-13,-11],[-20,-16],[-13,-27],[-12,-17],[-9,-12],[-14,-14],[-13,-8],[-19,-4],[-17,8],[-15,12],[-178,111],[-41,-52],[-18,-10],[-20,-1],[-15,-1],[-16,-4],[-13,-7],[-20,-15],[-20,-7],[-90,-26],[-31,-3],[-60,-7],[-53,1],[-78,11],[-44,9],[-47,11],[-113,26],[-161,53],[-167,17],[-107,11],[-68,0],[-83,-8],[-85,-9],[-69,-16],[-62,-26],[-49,-38],[-69,-59],[-114,-35],[-364,39],[-18,-53],[-40,-17],[-27,-72],[-11,-17],[2,-39],[-15,-44],[-1,-22],[-16,-31],[0,-12],[1,-10]],[[62630,97248],[67,-17],[62,-16],[-3,-99],[-8,-203],[-5,-125],[-3,-85],[-2,-63],[-8,-47],[-6,-70],[1,-38],[-3,-65],[-3,-39],[0,-30],[-7,-86],[0,-27],[8,-19],[7,-9],[19,-7],[13,-10],[7,-12],[-2,-18],[-13,-30],[-6,-11],[-5,-12],[-2,-13],[11,-11],[18,2],[10,-4],[1,-19],[-2,-21],[-39,-42],[-65,-43],[-61,-48],[0,-18],[-3,-11],[-13,-21],[-5,-16],[1,-19],[5,-19],[-5,-35],[13,-13],[15,-15],[6,-9],[-7,-18],[-3,-39],[-1,-23],[2,-17],[12,-3],[15,-1],[18,-3],[12,4],[10,6],[12,3],[14,-5],[9,-2],[14,0],[14,6],[12,2],[12,-1],[13,4],[16,15],[13,3],[18,4],[15,-1],[16,-6],[12,-32],[6,-10],[20,-3],[20,3],[20,4],[33,12],[36,17],[14,6],[12,3],[30,2],[30,6],[16,16],[14,9],[-3,12],[-7,12],[14,7],[6,12],[7,42],[1,14],[3,14],[6,13],[8,10],[10,10],[12,6],[19,21],[35,29],[26,22],[56,35],[15,6],[-17,115],[-4,15],[1,18],[3,32],[3,15],[4,13],[3,46],[5,18],[-1,18],[3,27],[18,14],[15,17],[14,7],[15,-10],[14,23],[-4,16],[5,13],[22,17],[14,13],[10,5],[15,4],[11,4],[12,0],[19,15],[12,4],[1,16],[7,10],[7,20],[5,8],[14,-8],[22,-26],[28,-28],[21,-14],[23,8],[35,1],[33,7],[147,42],[108,31],[47,16],[114,30],[100,27],[53,17],[132,43],[144,-19],[77,-13],[55,-27],[72,-33],[15,-128],[-5,-9],[0,-13],[-10,-7],[-13,-42],[-3,-53],[-7,-54],[-25,-143],[-1,-110],[-36,-57],[-54,-40],[-94,-27],[-124,-61],[-225,-62],[-144,-28],[-49,-9],[-37,-8],[-73,-15],[-22,-1],[-44,-5],[-15,-1],[-81,0],[-29,-6],[12,-16],[-7,-9],[-9,-5],[-12,-15],[-3,-20],[2,-13],[14,-8],[16,0],[13,-7],[9,-12],[-3,-19],[-14,-6],[-15,-1],[-11,-5],[-4,-10],[5,-10],[11,-6],[-2,-11],[-6,-7],[-10,-10],[-6,-12],[-12,0],[-85,9],[-52,0],[-69,5],[-100,5],[-40,1],[-52,1],[-60,-2],[-41,-2],[-44,-5],[-65,-6],[-36,-4],[-24,-1],[-15,-8],[-7,-15],[4,-12],[-2,-11],[-11,-4],[-34,25],[-15,-4],[-27,-18],[6,-16],[12,-16],[7,-14],[1,-20],[-3,-17],[5,-39],[4,-35],[-23,-8],[-19,-24],[-16,-32],[-16,-43],[-15,-33],[-11,-72],[-2,-27],[4,-29],[13,-8],[12,-14],[12,-39],[2,-18],[4,-16],[9,-14],[11,-9],[6,-4],[8,-6],[10,-10],[8,-12],[1,-7],[0,-8],[-6,-20],[-3,-6],[-13,-22],[-6,-7],[-40,-38],[-78,-53],[-99,-116],[-221,-294],[-29,-54],[-110,-130],[-132,-88],[-122,-155],[-87,-133],[-90,-59],[-59,-22],[-28,-23],[-60,-20],[-3,-41],[-11,-43],[2,-20],[0,-64],[-6,-15],[-6,-129],[-8,-64],[1,-14],[10,-50],[4,-74],[9,-30],[9,-8],[-2,-29],[-30,-102],[-3,-58],[43,-59],[10,-25],[-3,-10],[-6,-13],[12,-37],[2,-26],[7,-14],[21,-16],[16,-15],[9,-8],[10,-4],[9,-19],[12,-7],[10,1],[18,-8],[16,-27],[9,-17],[8,-29],[5,-42],[12,-31],[1,-35],[-4,-18],[-12,-26],[-13,-37],[-9,-23],[7,-51],[0,-24],[19,-54],[24,-30],[-4,-40],[-6,-40],[-8,-198],[-14,-113],[-15,-111],[-8,-168]],[[61877,91456],[4,-2],[12,4],[17,-1],[17,-2],[24,1],[21,-4],[52,-34],[12,-22],[4,-15],[31,-22],[13,-4],[8,1],[22,2],[38,1],[10,-5],[4,-9],[19,-17],[14,-2],[14,-1],[12,5],[20,-1],[13,-6],[12,-11],[15,1],[13,-5],[17,-11],[11,0],[11,3],[6,4],[26,25],[15,2],[21,-15],[13,1],[12,13],[15,4],[39,-9],[8,8],[4,10],[9,16],[10,12],[27,14],[17,7],[19,2],[16,-4],[15,-7],[24,-7],[24,-4],[25,-1],[28,19],[30,33],[29,45],[6,14],[15,20],[80,91],[30,28],[13,6],[25,21],[45,38],[27,20],[34,16],[18,6],[23,4],[20,-1],[26,-7],[46,-14],[54,-23],[29,-13],[19,-6],[13,-5],[22,-8],[42,-18],[44,-11],[19,-8],[16,-1],[28,-13],[43,-14],[46,-30],[11,-7],[23,-9],[24,-8],[28,-4],[17,0],[-5,16],[-9,15],[-8,34],[6,23],[6,15],[18,17],[8,13],[29,56],[31,41],[27,25],[5,9],[18,22],[26,16],[21,21],[20,36],[26,40],[19,24],[24,17],[22,5],[17,-3],[17,-6],[18,-5],[20,-12],[14,-4],[25,-4],[13,-5],[26,-15],[21,-11],[119,-89],[-16,64],[-4,41],[-15,51],[-16,34],[-15,47],[-1,11],[13,5],[29,-2],[33,-1],[27,0],[34,-1],[12,-4],[33,-12],[26,-10],[11,-2],[20,-4],[30,-9],[40,-10],[29,0],[30,10],[13,10],[0,11],[2,12],[11,6],[15,2],[41,20],[26,0],[12,1],[33,20],[17,-3],[11,-12],[21,-21],[10,-13],[9,-11],[7,-18],[9,-11],[13,-6],[16,1],[16,7],[11,9],[10,6],[24,26],[11,12],[12,8],[16,7],[17,10],[7,13],[14,14],[13,4],[13,5],[26,0],[15,-6],[11,-11],[11,-7],[11,-15],[12,-5],[11,5],[16,3],[9,-4],[10,-9],[11,-4],[34,-5],[23,-11],[14,0],[14,5],[58,41],[41,19],[7,4],[33,21],[42,28],[64,41],[52,38],[12,10],[15,11],[12,11],[27,29],[22,19],[79,94],[18,20],[22,27],[21,36],[52,61],[45,51],[42,47],[12,23],[13,28],[27,38],[40,46],[-2,18],[40,11],[42,14],[9,6],[9,10],[13,28],[15,10],[43,-4],[27,7],[18,10],[23,30],[13,3],[18,-1],[28,6],[18,-1],[22,7],[43,-10],[14,6],[14,-7],[20,1],[10,-8],[15,-2],[16,3],[15,7],[16,9],[8,10],[5,20],[10,-3],[11,-14],[17,-14],[16,1],[16,4],[11,16],[20,-7],[25,8],[26,1],[13,-5],[16,-13],[30,-14],[20,4],[18,-2],[28,10],[42,10],[5,-2],[19,-1],[9,-4],[33,-5],[36,-1],[23,-4],[32,6],[25,1],[20,9],[11,-5],[22,-1],[16,2],[32,-12],[23,1],[37,7],[51,14],[16,-4],[17,10],[15,19],[16,3],[19,-14],[16,-10],[11,-4],[16,1],[8,7],[24,4],[45,6],[20,3],[19,1],[17,5],[19,5],[19,5],[48,0],[23,-10],[19,5],[18,14],[11,13],[19,10],[35,7],[6,11],[18,20],[36,7],[15,-15],[15,8],[24,21],[1,-15]],[[52618,87676],[5,13],[20,51],[-12,93],[35,69],[-26,121],[67,45],[51,48],[15,116],[26,156],[142,20],[94,25],[79,103],[106,82],[104,1],[68,7],[123,-100],[54,0],[7,59],[-36,65],[-70,83],[16,65],[83,31],[113,-2],[49,-12],[4,-73],[163,26],[87,8],[78,-5],[105,-25],[213,105],[240,84],[137,98],[148,82],[151,185],[20,69],[-299,317],[-4,106],[-37,113],[-16,67],[-14,66],[-44,71],[-12,60],[-79,17],[-72,3],[-172,-4],[-96,9],[-128,0],[-99,58],[-140,401],[-74,32],[-174,-60],[-86,-10],[-63,26],[-97,11],[-54,27],[-109,38]],[[53208,90717],[-51,-33],[-378,-307],[-42,-679],[-16,-248],[-218,-490],[-170,-71],[-574,41],[-141,-228],[-37,-178],[44,-153]],[[51625,88371],[158,-45],[86,-39],[48,-78],[-3,-227],[-17,-55],[-57,-94],[18,-54],[264,-53],[103,58],[85,-160],[162,-37],[84,33],[62,56]],[[68298,98900],[85,38],[70,115],[-3,161],[90,248],[138,242],[98,113],[262,67],[242,73],[71,22],[40,20],[116,-127],[74,-109],[16,-13],[22,-39],[32,-26],[114,-166],[45,-16],[127,3],[94,19],[199,72],[24,21],[10,7],[22,10],[20,1],[34,-12],[-19,23],[-11,29],[-1,25],[9,37],[10,58],[5,90],[10,11],[89,17],[73,-3],[16,-7],[47,-62],[64,-34],[56,5],[45,-10],[34,-20],[30,-17],[18,-16],[30,-13],[44,-3],[26,-22],[25,-20],[22,17],[19,2],[30,9],[4,-14],[21,3],[16,-29],[18,11],[43,-6],[43,-7],[20,-10],[17,14],[33,4],[36,18],[78,20],[37,23],[40,5],[18,-5],[25,26],[17,3],[29,8],[29,28],[20,10],[48,-24],[47,-54],[39,-5],[93,8],[16,2],[12,-8],[2,-33],[-12,-55],[25,-69],[-6,-37],[-29,-30],[-25,-68],[15,-93],[-81,-38],[-67,-21],[-51,-6],[-28,-6],[-24,-10],[-79,1],[-43,-3],[-33,-8],[-34,-18],[-22,-20],[-28,-39],[-26,-47],[-12,-38],[2,-27],[5,-17],[7,-18],[17,0],[17,-2],[19,-24],[1,-28],[-10,-29],[-2,-16],[-10,-9],[7,-46],[8,-14],[8,-11],[6,-13],[-4,-27],[-3,-94],[8,-19],[6,-118],[-7,-39],[0,-41],[13,-10],[15,9],[18,17],[60,115],[28,20],[92,85],[18,30],[19,9],[25,23],[16,0],[9,11],[36,-14],[23,-3],[24,-10],[54,6],[19,-1],[45,-14],[50,-6],[40,-1],[114,-36],[62,-4],[32,-19],[17,-26],[32,-33],[27,-8],[10,9],[23,11],[47,4],[52,1],[46,6],[47,-13],[21,2],[78,-16],[65,-10],[11,22],[19,40],[24,20],[24,42],[14,9],[17,3],[57,48],[17,19],[23,4],[41,-18],[59,16],[58,62],[48,72],[45,39],[37,28],[108,-76],[196,-59],[291,-87],[122,-42],[60,-46],[117,-94],[56,-31],[27,-29],[35,-12],[73,-3],[143,-1],[210,-19],[203,3],[193,-225],[187,-97],[93,-6],[343,-31],[492,-63],[161,-37],[432,-100],[37,-153],[7,-270],[-218,-231],[-380,-253],[-59,-134],[85,-342],[106,-315],[161,-64],[248,-6],[135,-177],[33,-455],[-197,-464],[-42,-324],[-14,-154],[0,-171],[-13,-394],[-72,0],[-30,-3],[-27,8]],[[51625,88371],[-58,-19],[-133,11],[-145,2],[-197,-18],[-61,-20],[-59,-111],[13,-75],[-163,-31],[-220,-56],[-202,-34],[-321,-4],[-230,20],[33,145],[7,81],[65,116],[77,129],[26,71],[43,70],[-60,17],[-82,6],[-75,15],[-14,37],[-81,-49],[-23,-5],[-10,-15],[-92,-21],[-65,57],[-14,14],[-51,18],[-43,41],[-29,42],[-47,8],[-20,3],[-22,12],[9,9],[-4,16],[6,14],[-2,17],[-5,17],[11,13],[2,48],[-112,235],[-6,27],[-17,151],[-2,61],[-11,57],[-10,14],[-10,7],[-17,4],[-13,8],[-8,44],[1,46],[2,35],[11,57],[-15,52],[-10,87],[3,17],[-13,54],[4,17],[58,7],[129,1],[320,18],[94,10],[5,25],[7,16],[25,28],[1,17],[9,16],[43,9],[18,39],[15,21],[19,16],[12,60],[-4,33],[10,30],[21,9],[35,9],[23,9],[33,4],[24,-5],[12,-5],[16,6],[14,0],[16,-4],[68,-3],[29,21],[17,12],[45,6],[30,10],[35,19],[27,2],[43,-3],[14,-5],[33,7],[45,16],[19,14],[47,13],[14,15],[50,13],[52,-17],[22,-1],[47,-22],[3,64],[0,44],[-14,66],[-25,67],[-61,198],[-33,140],[-25,67],[-36,78],[-38,104],[-53,131],[-51,89],[-31,60],[-56,234]],[[50338,91743],[13,7],[29,18],[9,9],[5,11],[13,10],[7,9],[3,14],[0,25],[-9,19],[-7,11],[22,-11],[25,-25],[13,-6],[20,7],[13,13],[5,16],[3,14],[2,14],[17,14],[11,-5],[33,-7],[15,0],[-2,12],[-2,11],[16,2],[15,-8],[21,-11],[16,2],[14,-1],[17,6],[12,-5],[8,-8],[13,-6],[5,18],[13,1],[12,-3],[18,0],[23,-6],[19,-1],[15,-6],[10,-5],[16,-6],[11,-7],[19,-4],[11,-6],[29,-3],[38,11],[19,8],[17,9],[22,17],[15,12],[11,0],[10,-5],[16,-10],[12,7],[11,9],[18,6],[13,-5],[21,5],[39,10],[15,7],[21,9],[19,11],[12,2],[16,-3],[18,-1],[24,0],[21,3],[18,-8],[20,0],[17,0],[23,4],[11,-7],[13,-9],[15,5],[10,9],[19,21],[16,0],[10,-15],[24,-23],[9,-22],[9,-25],[16,-4],[188,-68],[79,-32],[140,118],[104,96],[62,-44]],[[52120,91964],[161,-111],[185,-143],[308,-37],[16,-51],[16,-11],[124,-23],[29,0],[28,-10],[18,-27],[10,-71],[-1,-74],[67,-165],[90,-55],[-2,-38],[16,-78],[4,-47],[24,-81],[-14,-46],[-2,-67],[14,-47],[13,-25],[-16,-40]],[[67603,88588],[52,24],[29,63],[59,13],[59,19],[-17,112],[25,140],[-22,163],[-27,131],[13,145],[-5,155],[-42,193],[-38,116],[-42,183],[-10,183],[-2,80],[-139,4],[-224,-18],[-150,-22],[-39,-47],[59,-259],[42,-249],[-5,-111],[20,-67],[17,-60],[12,-262],[42,-215],[87,-106],[26,-101],[46,-127],[14,-83],[71,-18],[89,21]],[[59716,89692],[-7,11],[-15,13],[-19,1],[-17,10],[-17,19],[-4,14],[-3,28],[-30,39],[-14,41],[-12,14],[-14,13],[-13,6],[-11,14],[-5,16],[6,20],[-8,15],[-16,7],[-9,36],[2,30],[-13,43],[-19,25],[-11,29],[-12,68],[-4,87],[11,117],[6,25],[-1,23],[13,145],[3,37],[29,238],[27,168],[28,111],[31,105],[55,136],[24,66],[-232,-191],[-39,-28],[-59,-31],[-69,-30],[-87,-21],[-32,-11],[-37,11],[-108,20],[-58,44],[-91,69],[-180,146],[-66,10],[-190,331],[-104,104],[-12,24],[-117,110],[-169,142],[31,110],[24,61],[12,78],[15,38],[10,66],[8,99],[25,127],[6,12],[-5,24],[7,50],[30,96],[36,149],[38,165]],[[58264,93236],[14,61],[15,68],[3,15],[17,197],[55,39],[37,11],[30,33],[22,50],[81,22],[110,148],[109,25],[154,74],[28,21],[181,-119],[52,100],[63,82],[95,63],[39,24],[147,170],[28,7],[41,41],[75,47],[53,43],[97,63],[98,30],[160,167],[27,83],[41,32],[67,118],[88,49],[103,28],[46,57],[61,43],[20,17],[9,22],[14,17],[19,18],[7,26],[5,41],[35,18],[17,-6],[62,46],[98,81],[72,67],[86,214],[111,101],[113,138],[84,118],[324,-5],[-7,148],[20,130],[63,155],[81,177],[106,221],[-51,103],[-7,11],[-24,60],[-48,102],[-14,33],[34,8],[9,14],[15,0],[18,-3],[16,-16],[22,1],[11,6],[7,12],[17,20],[23,10],[15,10],[32,7],[23,4],[16,13],[7,18],[13,9],[26,7],[15,3],[19,-2],[20,-5],[19,-12],[10,-12],[28,-14],[34,-14],[12,-19],[16,-6],[34,-11],[10,-11],[5,-14],[-7,-27],[-6,-21],[0,-28],[10,-35],[37,-22],[45,-28],[90,-56],[21,2],[89,8],[78,23],[7,13],[9,46],[21,50],[17,53],[-8,26],[-7,26],[9,17],[3,17]],[[61877,91456],[-18,-13],[-12,-10],[-13,-16],[-20,-22],[-13,-23],[-19,-12],[-108,-122],[-40,-77],[-10,-15],[-24,-44],[-2,-19],[1,-33],[3,-22],[-134,-251],[-137,-276],[-7,-10],[-110,-108],[-262,-326],[-32,0],[-313,-302],[-55,34],[-447,-153],[-14,-19],[-17,-1],[-63,98],[-133,-23],[-17,5],[-145,-4]],[[52618,87676],[191,-80],[94,7]],[[52903,87603],[35,3],[196,-8],[288,-32],[-18,-75],[20,-16],[119,15],[8,4],[16,36],[17,31],[16,10],[27,0],[32,-16],[31,3],[20,-6],[16,4],[20,17],[13,33],[26,36],[4,9],[-4,18],[-9,10],[-22,26],[-1,20],[14,23],[14,11],[11,72],[25,51],[14,22],[22,6],[19,-13],[46,-22],[33,-56],[0,-24],[12,-8],[31,12],[31,2],[36,-5],[30,-20],[9,-50],[0,-25],[-10,-19],[-42,-12],[-15,0],[-13,-4],[-8,-8],[-12,-10],[-5,-46],[12,-46],[10,-37],[23,-25],[24,-6],[25,6],[40,4],[36,-9],[15,-4],[49,-9],[13,-6],[30,-22],[25,-18],[33,-24],[48,-10],[44,-13],[-1,36],[-3,16],[0,21],[12,7],[20,-1],[24,-10],[32,-12],[37,-11],[48,-13],[29,-5],[52,-6],[61,-3],[15,1]],[[54748,87403],[9,6],[6,10],[16,26],[10,20],[31,6],[11,-3],[17,-2],[22,0],[20,0],[35,-4],[18,-3],[23,-13],[9,-4],[15,0],[11,7],[7,73],[1,43],[-1,23],[7,46],[13,19],[18,13],[27,5],[34,-4],[13,-11],[5,-15],[15,-19],[26,-13],[32,9],[15,-5],[-2,-23],[-1,-11],[-8,-9],[-12,-6],[-21,-33],[2,-30],[6,-23],[22,-26],[27,-10],[23,-1],[21,8],[13,13],[20,33],[1,16],[-4,32],[1,6],[13,41],[10,24],[-11,11],[-23,4],[-14,2],[-10,7],[-2,17],[17,15],[12,30],[8,26],[30,22],[11,1],[11,-4],[24,-50],[3,-17],[16,-24],[19,-2],[12,3],[14,1],[24,2],[15,7],[15,1],[15,15],[21,16],[35,10],[31,-3],[21,-5],[32,0],[26,-6],[17,6],[12,15],[7,21],[10,11],[32,-15],[16,-15],[14,-10],[18,-2],[11,-6],[17,-5],[23,-4],[24,15],[13,25],[24,35],[8,19],[16,22],[10,11],[25,12],[24,9],[29,-11],[25,10],[16,20],[-13,8],[-6,6],[-8,9],[-1,22],[16,16],[22,9],[14,-12],[31,0],[52,16],[26,13],[10,29],[-1,17],[-9,49],[-13,44],[0,17],[12,25],[14,16],[19,32],[5,15],[7,9],[13,10],[14,9],[66,15],[53,38],[42,13],[9,6],[54,18],[14,10],[62,27],[11,10],[-3,37],[-3,26],[6,11],[0,13],[13,42],[92,-16],[13,-9],[32,-11],[45,-9],[36,10],[61,47],[35,16],[63,5],[49,-19],[-3,-52],[4,-43],[-2,-12],[11,7],[15,10],[16,7],[9,0],[25,-41],[19,-25],[85,-33],[90,-44],[74,-32],[85,-53],[18,0],[16,-2],[13,5],[45,20],[3,-15],[9,-16],[15,1],[11,22],[19,-15],[18,-12],[14,12],[21,17],[10,5],[-5,-50],[-11,-15],[-10,-14],[19,-25],[18,-32],[27,-51],[11,-25],[12,-13],[43,12],[14,15],[10,32],[12,-13],[10,-6],[11,-3],[30,2],[11,7],[11,-4],[15,-22],[14,-7],[8,4],[3,18],[24,-4],[37,-20],[32,3],[3,11],[1,43],[18,19],[16,9],[19,6],[39,11],[12,-17],[27,-9],[19,-25],[23,-1],[15,-7],[13,1],[5,10],[0,40],[10,15],[33,16],[15,4],[20,14],[19,1],[20,12],[13,6],[11,9],[10,5],[14,-2],[13,-17],[12,-3],[6,2],[1,33],[5,16],[18,-1],[15,9],[3,15],[-10,20],[1,13],[-3,18],[-6,15],[-2,21],[-16,23],[-5,16],[-18,17],[-9,12],[-38,82],[-1,27],[-3,14],[-7,18],[-18,10],[-13,13],[-12,41],[-13,23],[-6,16],[5,17],[7,11],[12,12],[6,11],[14,22],[12,4],[6,-14],[20,-5],[30,9],[17,9],[22,5],[30,49],[24,32],[19,13],[15,-1],[16,5],[21,-8],[13,-21],[26,-9],[24,-5],[17,-2],[14,9],[13,39],[10,28],[11,13],[28,0],[19,-3],[25,6],[22,12],[30,7],[8,6],[26,13],[16,4],[33,13],[18,5],[24,4],[17,-6],[8,13],[29,51],[12,29],[5,28],[7,24],[13,19],[4,24],[-2,9],[24,11],[22,-5],[22,5],[13,7],[11,13],[51,26],[3,16],[12,12],[33,7],[71,-42],[23,-12],[13,-37],[35,-46],[12,-9],[30,-8],[14,10]],[[59411,89048],[5,11],[18,28],[24,37],[32,59],[25,47],[10,10],[6,9],[7,19],[2,13],[-3,12],[-7,16],[-29,41],[-16,43],[-12,22],[-10,36],[0,19],[3,17],[13,12],[44,15],[41,3],[20,10],[20,37],[1,30],[2,11],[43,-6],[25,1],[19,6],[8,16],[8,5],[6,11],[5,16],[-5,38]],[[58264,93236],[-57,-58],[-90,-107],[-74,-18],[-74,-106],[-25,-27],[-35,-37],[-25,-3],[-38,28],[-72,-15],[-28,3],[-102,88],[-1,18],[-28,46],[-20,31],[-5,26],[4,52],[4,14],[15,17],[16,3],[18,4],[11,16],[24,34],[8,24],[6,34],[8,14],[10,12],[15,19],[-3,33],[-3,36],[-1,19],[-4,38],[-16,43],[-8,23],[-9,41],[-13,56],[-34,62],[-30,1],[-28,11],[-56,29],[-29,10],[-69,2],[-20,26],[-36,14],[-37,47],[-47,14],[-35,-19],[-97,-31],[-38,-19],[-57,-31],[-91,-18],[-41,20],[-62,2],[-14,-18],[-49,-28],[-30,-3],[-36,-12],[-44,6],[-36,-15],[-58,-17],[-76,-11],[-79,-9],[-13,-24],[-38,39],[-14,33],[-76,62],[-20,61],[-82,-17],[-91,38],[-143,42],[-67,-5],[-41,2],[-44,-14],[-38,-26],[-20,-35],[-27,-5],[-27,11],[-109,2],[-76,-13],[-133,113],[-155,135],[-14,16],[-106,89],[-9,16],[-15,21],[-21,38],[-31,77],[-23,86],[-12,89],[-4,80],[0,16],[33,20],[31,30],[20,31],[2,32],[10,58],[3,12],[14,5],[0,13],[-11,13],[-2,14],[-17,9],[-18,5],[-3,30],[-36,17],[-46,12],[-16,16],[-46,19],[-31,13],[-8,17],[-5,24],[-11,17],[-7,24],[-7,14],[-22,22],[-12,16],[2,13],[6,17],[3,23],[-2,13],[-31,19],[-8,27],[1,14],[5,17],[11,12],[14,14],[6,9],[-9,29],[-2,24],[30,40],[7,20],[22,11],[20,7],[22,8],[8,16],[-27,32],[-5,13],[-3,12],[-1,32],[32,24],[9,8],[7,11],[4,15],[4,46],[12,23],[10,28],[5,24],[-1,44],[1,44],[5,102],[-2,17],[28,43],[1,74],[36,100],[-50,29],[-116,14],[-84,59],[-224,65],[-40,-58],[-16,6],[-15,-8],[-23,-27],[-15,-6],[-8,-14],[-10,-15],[-17,-20],[-11,-1],[-6,-15],[-5,-16],[-12,-28],[-10,-14],[-17,-10],[-17,0],[-9,-6],[-32,-61],[-9,-12],[-16,-14],[-8,-18],[-1,-18],[-12,-28],[-16,-23],[-15,-24],[-9,-25],[-5,-21],[-9,-17],[-18,-25],[-12,-19],[-3,-34],[-11,-19],[-31,-15],[-15,-36],[-21,-8],[-8,-15],[-9,-11],[1,-13],[5,-15],[-8,-11],[-15,-1],[-4,-13],[11,-12],[7,-11],[-7,-15],[-15,-10],[-19,-15],[-13,-15],[-5,-16],[-12,-8],[-8,-26],[-13,-2],[-16,-35],[-38,-48],[-11,-6],[-51,6],[-15,-10],[-14,-16],[-14,-33],[-11,-14],[-12,-14],[-38,-34],[-15,-28],[-6,-10],[-19,3],[-11,2],[-9,-5],[-10,-21],[-2,-12],[-16,-9],[3,-12],[12,-6],[-8,-10],[-21,-10],[-11,-13],[-22,-30],[-36,-11],[-23,2],[-18,7],[-17,-3],[-12,-9],[-8,-31],[-15,-16],[-89,-63],[-28,-10],[-18,0],[-32,-10],[-15,-18],[-12,-7],[-13,-1],[-11,-7],[-20,-24],[-12,10],[-13,6],[2,-45],[-16,-2],[-24,14],[-12,-5],[-7,-26],[-30,-15],[2,-12],[16,-20],[-10,-11],[-25,-4],[2,-39],[-7,-14],[-16,-10],[-33,-3],[-9,-16],[6,-17],[-17,-25],[5,-20],[-5,-15],[-28,-9],[-3,-20],[-24,-3],[-11,11],[-13,-22],[-2,-19],[-6,-20],[-8,-9],[-12,5],[-12,31],[-10,-34],[-39,-13],[-12,-25],[-20,-30],[-26,-19],[-20,-36],[-45,-60],[-8,-21],[-3,-28],[0,-13],[2,-42],[-5,-15],[-15,-11],[-23,-10],[5,-11],[-1,-16],[-11,-14],[17,-25],[-6,-19],[-26,-5],[-7,-33],[-41,-37],[-24,-24],[-14,-27],[-26,-16],[4,-19],[18,-10],[29,-13],[17,-24],[32,-37],[27,-19],[1,-32],[43,-73],[13,-11],[16,-29],[14,-15],[17,-12],[16,-15],[44,-18],[13,1],[12,-7],[14,-28],[25,-8],[1,-12],[25,-3],[15,-6],[26,-12],[52,-55],[20,-39],[-1,-17],[-79,-79],[-58,-65],[-116,-58],[-114,-53],[-39,-30],[-77,-81],[-49,-40],[-57,-41],[-55,-23],[-112,-145],[-49,-42],[-35,-42],[-4,-23],[-13,-66],[15,-42],[38,-31],[33,-48],[21,4],[-1,-20],[-10,-87],[-31,-140],[-89,-203],[-59,-88]],[[43368,86460],[-31,321],[-121,96],[-166,104],[173,65],[187,-1],[66,-21],[20,25],[187,-147],[36,53],[23,67],[37,67],[30,39],[17,138],[-1,115],[22,307],[102,98],[-6,183],[43,223],[118,268],[-23,9],[-396,-15],[-106,57]],[[43579,88511],[151,55],[16,66],[-16,114],[-19,54],[-56,75],[-26,35],[-30,88],[2,97],[10,42],[43,58],[47,22],[56,15],[10,28],[-26,6],[-8,17],[-6,123],[-56,104],[-4,82],[50,75],[46,-31],[186,152],[25,13],[-83,128],[-93,93],[-14,39],[32,70],[34,25],[37,7],[147,-34],[75,-94],[43,-23],[42,-15],[40,-4],[77,18],[32,0],[34,19],[-332,181],[0,19],[-91,33],[-18,71],[-48,107],[-114,125],[-10,29],[-11,40],[-1,62],[22,-7]],[[43774,90690],[22,2],[101,39],[6,11],[75,131],[52,119],[107,93],[67,120],[113,80],[28,14],[86,73],[38,24],[117,-37],[76,58],[73,9],[130,42],[31,11],[79,-10],[180,29],[12,15],[14,36],[5,149],[7,18],[10,-12],[40,-10],[50,-28],[21,-19],[24,-28],[-7,-36],[15,-22],[20,-3],[6,-32],[11,-29],[41,-42],[19,-19],[28,-4],[31,20],[42,-3],[29,16],[10,26],[51,-20],[208,18],[102,-28],[51,-47],[61,-78],[44,-76],[15,-117],[23,-104],[69,-10],[131,-39],[41,-38],[69,-37],[69,-10],[130,-122],[93,-38],[105,8],[71,-76],[59,-84],[3,-114],[72,-19],[93,-48],[52,-38],[86,-71],[22,-2],[29,-4],[112,-33],[83,-16],[42,-27],[46,-70],[4,-137],[56,-75],[46,-89],[50,-51],[103,-63],[86,-42],[113,-28],[75,-24],[55,-25],[89,-21],[14,7]],[[48306,89603],[137,-142],[18,-13],[3,-18],[-626,-1138],[32,-264],[-141,-600],[29,-181],[45,-66],[-2,-101],[-95,-58],[-184,-70],[-189,-25],[-172,0],[-6,-123]],[[47155,86804],[-193,-86],[-209,-282],[-161,-162],[-51,-72],[-317,-62],[-214,-62],[-6,-52],[-85,-46],[-56,-70],[-8,-28]],[[45855,85882],[-13,37],[-9,89],[-45,40],[-64,-19],[-41,-38],[-25,-75],[-247,-99],[-42,77],[-65,112],[-45,31],[-191,26],[-80,-62],[-34,19],[-15,-76],[-43,-152],[-92,-26],[-216,101],[-89,16],[-135,23],[-336,114],[-100,-68]],[[43928,85952],[-26,69],[11,77],[36,77],[-103,91],[-83,57],[-68,61],[-38,50],[-31,52],[-64,18],[-96,-10],[-58,-36],[-40,2]],[[37999,85770],[-48,-22],[-183,-35],[47,-255],[26,4],[13,-2],[75,-209],[-112,-187],[-82,22],[-370,-239],[-59,-58],[-32,-42],[25,-97],[-79,-14],[-126,-137],[11,-87],[10,-68],[5,-31],[-46,-72],[-39,-33],[-23,-72],[-19,-99],[-14,-32],[-10,-103],[-43,-82],[-29,-41],[-33,-24],[-109,-7],[-60,-15],[-68,-11],[-50,-11],[-44,-3],[-52,-11],[-67,8],[-119,-2],[-127,-5],[-106,-43],[-32,20],[-63,5],[-91,9],[-54,48],[-47,-34],[-52,-18],[-51,4],[-55,23],[-40,-7],[-93,-93],[-43,-52],[-61,-41],[-12,-81],[-42,-79],[-1,-63],[12,-52],[28,-36],[67,-21],[49,-46],[-4,-60],[-36,-48],[-99,-6],[-40,38],[-56,11],[-76,70],[-39,24],[-25,-1],[-50,-43],[-67,-68],[-8,-57]],[[34981,83001],[-55,16],[-96,15],[-97,-7],[-77,-31],[-53,-33],[-35,-32],[-97,-68],[-65,-38],[-151,-2],[-136,17],[-140,42],[-104,38],[-112,27],[-61,18],[-94,-38],[-51,-30],[-101,-74],[-66,30],[-46,57],[-9,37],[4,83],[57,92],[10,71],[-44,45],[-88,18],[-64,28],[-33,48],[-69,57],[-20,48],[-69,43],[-83,27],[-84,16],[-109,-20],[-90,-18],[-90,-20],[-16,50],[-40,31],[-35,63],[-1,69],[36,77],[29,75],[25,129],[-35,83],[-49,17],[-112,-6],[-177,-5],[-43,34],[-26,64],[16,145],[-8,69],[-19,42],[-109,77],[-66,43],[-43,59],[-54,87],[-30,119],[-54,117],[-162,129],[-86,77],[-173,14],[-33,22],[-76,119],[-119,70],[-51,59],[-16,67],[15,58],[100,115],[1,26],[-21,69],[-104,154],[-83,95],[-37,87],[-19,52],[-6,80],[-33,89],[0,37],[12,48],[43,55],[39,40],[1,94],[22,42],[63,6],[99,-20],[96,-55],[115,-32],[34,-55],[29,-50],[31,-27],[35,23],[8,60],[-37,120],[6,98],[64,93],[61,32]],[[35866,87143],[47,-36],[29,1],[31,20],[30,10],[26,0],[30,-14],[48,-6],[41,-17],[39,-16],[36,-7],[56,-76],[40,3],[26,-6],[11,-31],[25,-9],[60,-46],[35,-13],[2,-27],[-11,-55],[-13,-48],[18,-31],[45,-23],[-2,-34],[-15,-35],[-52,3],[-17,-40],[-12,-48],[18,-28],[24,-20],[59,-12],[34,-18],[39,-53],[32,-53],[54,-64],[46,-46],[26,-60],[6,-57],[30,-14],[44,-1],[40,9],[29,-6],[20,-39],[87,-32],[52,5],[55,24],[11,5],[39,11],[29,12],[73,8],[49,18],[53,20],[126,-4],[30,-13],[37,0],[16,20],[33,3],[26,18],[46,-1]],[[37682,86194],[141,-71],[119,-94],[57,-259]],[[40516,85554],[-161,44],[-677,208],[-114,16],[-98,8],[-144,75]],[[39322,85905],[50,158],[27,196],[-6,52],[-21,29],[9,51],[8,109],[16,67],[28,33],[40,11],[21,23],[268,6],[41,97],[71,141],[-11,106],[24,31],[32,50],[-7,46],[-8,53],[-28,72],[-25,70],[-21,55],[0,27],[54,27],[68,33],[66,7],[97,3],[74,-8],[4,21],[-6,22],[-32,27],[25,23],[17,39],[-6,20],[-17,6],[-41,-22],[-18,22],[32,70],[19,66],[-11,44],[45,42],[9,66],[-45,29],[-51,89],[-10,149]],[[40103,88163],[81,30],[8,23],[22,-6],[-1,24],[20,8],[20,28],[22,14],[17,-13],[40,-15],[55,-26],[30,14],[41,6],[28,34],[66,4],[44,36],[66,12],[33,18],[35,37],[27,16],[66,-25],[62,-23],[84,-38],[86,-28],[48,-29],[33,-16],[13,-23],[50,-20],[69,-72],[193,63],[15,28],[66,-5],[27,-19],[-24,-36],[-24,-140],[52,7],[12,34],[180,73],[101,18],[79,-11],[24,8],[20,21],[36,17],[17,11],[125,-49],[50,-11],[64,-58],[186,49],[86,57],[198,21],[261,-3],[92,56],[35,-7],[17,16],[53,10],[16,26],[51,19],[65,23],[33,21],[29,-3],[129,103],[47,39]],[[43368,86460],[-61,-21],[-210,-27],[26,-176],[-20,-89],[-112,-62],[-116,-17],[-75,12],[-207,-282],[-21,-330],[-3,-98]],[[45855,85882],[56,38],[70,30],[115,14],[57,-21],[19,-49],[4,-248],[95,-281],[132,-305],[112,-67],[198,-99],[120,-26],[-26,-35],[-187,-42],[-5,-169],[295,-580],[90,-40],[10,-49],[-32,-64]],[[44142,83924],[57,140],[-27,96],[47,80],[34,3],[26,83],[-21,108],[4,166],[4,108],[-12,36],[10,42],[-52,70],[-33,27],[-9,47],[-24,58],[-6,71],[4,51],[41,63],[7,35],[-36,60],[1,51],[28,51],[-3,32],[-49,56],[-14,32],[11,15],[26,37],[1,42],[-15,31],[-22,4],[-39,-26],[-21,3],[-17,19],[-2,69],[-6,38],[0,50],[15,33],[-86,87],[-36,60]],[[42063,81772],[-65,77],[-280,101],[-62,2],[-100,-34]],[[41556,81918],[-82,-26],[-48,-34],[-18,37],[4,75],[22,63],[24,285]],[[52208,86102],[-139,26],[-352,16],[-239,-251],[-91,-4],[-142,75],[-204,-166],[-278,20],[-205,3],[-178,-222],[-160,44],[-282,124],[-238,49],[-189,163],[-121,102],[-146,110],[-16,57],[72,171],[85,185],[-141,165],[130,84],[-42,229],[-102,13],[-279,175],[-107,-6],[-217,-168],[-198,-68],[-330,7],[-151,-57],[-181,-108],[-200,-100],[-191,-100],[-184,45],[-37,89]],[[48306,89603],[-12,19],[-11,20],[-46,50],[-13,38],[-54,51],[-55,4],[-13,16],[-9,14],[-15,25],[-21,33],[-29,63],[6,73],[22,160],[-17,140],[22,357],[57,132],[53,47],[14,94],[55,40],[75,-141],[36,-43],[212,8],[60,-13],[158,32],[125,74],[194,121],[53,87],[-48,51],[-84,62],[-90,75],[-82,91],[-46,39],[-50,39],[-19,40],[19,55],[6,22],[61,98],[-30,48],[-46,78],[40,-34],[117,-12],[3,19],[3,18],[24,38],[24,7],[17,9],[20,21],[6,33],[18,26],[11,28],[4,16],[-2,29],[6,78],[18,38],[27,35],[-1,16],[-12,14],[-5,12],[5,15],[21,9],[17,10],[16,22],[14,24],[3,18],[7,13],[14,20],[16,5],[47,1],[507,3],[-5,18],[-9,8],[-14,1],[-13,3],[-12,16],[0,12],[-4,16],[4,12],[-10,91],[9,9],[42,20],[0,13],[139,18],[147,-4],[22,-6],[16,-13],[9,-12],[69,-166],[42,-100],[32,-93],[107,-307],[38,-126]],[[52903,87603],[-55,-144],[-47,-53],[-15,-8],[-13,-10],[-9,-15],[-4,-19],[9,-10],[19,-9],[35,-1],[7,-16],[-3,-19],[7,-8],[13,-4],[1,-16],[-7,-20],[-7,-30],[-33,-27],[-5,-11],[13,-35],[-3,-10],[-10,-14],[-25,-6],[-11,-13],[-16,-32],[-2,-14],[-19,-8],[-29,-60],[-6,-19],[-13,-14],[-25,-7],[-10,-10],[-3,-37],[-4,-23],[7,-13],[27,-22],[8,-15],[3,-16],[-11,-7],[-10,10],[-16,1],[-10,-12],[12,-37],[-1,-41],[-13,-39],[-18,-26],[-41,-13],[-109,5],[-73,10],[-24,3],[-40,-5],[-43,-87],[-30,-70],[-22,-110],[-14,-157],[8,-110],[-9,-17],[-6,-11]],[[37682,86194],[38,76],[22,26],[12,18],[47,23],[16,14],[4,45],[6,34],[-3,38],[24,34],[32,17],[7,35],[27,60],[13,39],[5,44],[36,65],[5,34],[-20,68],[-1,26],[7,29],[1,26],[-14,19],[-3,27],[3,76],[-20,24],[-16,22],[-13,-6],[-13,11],[-21,46],[-52,1],[-34,20],[-43,36],[-28,6],[-37,18],[-34,20],[-42,16],[-70,9],[-18,-2],[-11,22],[-43,-6],[-55,44],[-15,22],[-30,12],[-23,16],[-41,63],[-4,37],[-1,17],[-28,29],[-8,34],[-3,29],[-13,35],[-14,26],[-5,63],[3,53],[-40,120],[4,24],[38,50],[34,43],[15,40],[-2,34],[-37,59],[-3,61],[24,50],[81,68],[60,-4],[75,21],[24,25],[36,76],[25,57],[9,33],[-23,50],[-50,66],[-23,54],[20,45],[62,32],[14,27],[-21,39],[-68,16],[-106,17],[-75,27],[-53,19],[7,40],[56,57],[25,74],[-12,61],[-58,85],[-64,29],[-63,32],[-60,14],[-90,8],[-54,4],[-39,-18],[-41,-13],[-53,28],[-26,43],[-66,20],[-57,6],[-50,57],[-15,73],[24,51],[59,92],[44,47],[12,71],[18,80],[8,60],[38,55],[80,71],[42,49],[34,40],[9,49],[4,34],[-76,62],[-4,45],[14,62],[30,56],[67,80],[44,29],[99,-17],[116,-5],[20,39],[8,31],[-56,8],[-86,39],[-40,77],[-70,28],[3,41],[13,37],[59,77],[61,31],[26,13],[45,34],[2,80],[38,50],[35,29],[19,81],[0,84],[-24,43],[-20,40],[5,27],[33,20],[11,43],[30,53],[24,65],[45,14],[73,-45],[44,-8],[29,37],[34,56],[13,46],[23,14],[25,-5],[4,-96],[21,-51],[53,-6],[16,35],[3,66],[20,31],[33,26],[20,33],[-6,42],[-19,28],[-5,49],[19,28],[50,9],[78,-26],[33,-2],[23,34],[-15,49],[-35,35],[-71,33],[-27,20],[-7,49],[27,29],[77,20],[52,38],[17,37],[-13,63],[-15,84],[24,27],[30,38],[5,48],[-25,106],[-14,66],[11,30],[27,13],[61,-3],[16,5],[3,18]],[[38129,92728],[-8,18],[-47,84],[-7,26],[-15,53],[-24,26],[-72,36],[-122,36],[-88,-1],[-58,-12],[-50,-20],[-54,-35],[-81,-53],[-13,42],[-36,46],[-55,18],[-75,27]],[[40750,92114],[12,-26],[126,-116],[184,-132],[108,-74],[110,-49],[201,170],[67,5],[21,3],[116,56],[279,117],[106,44],[56,39],[116,65],[70,17],[48,21],[28,21],[-1,27],[-22,34],[8,43],[17,31],[21,27],[73,18],[16,4],[15,0],[27,-4],[8,-9],[41,11],[25,1],[15,-16],[18,-5],[7,11],[3,31],[29,25],[36,-1],[81,-17],[24,-4],[34,-5],[39,-33],[4,-13],[-4,-25],[-35,-21],[-20,-29],[0,-33],[23,-8],[27,4],[20,33],[19,22],[19,-38],[4,-39],[38,-9],[24,0],[34,8],[35,17],[15,-82],[87,46],[26,-19],[-18,-74],[-9,-54],[-9,-30],[118,-76],[-12,-53],[-38,-30],[0,-47],[8,-56],[34,-93],[77,-38],[17,-66],[35,-19],[17,-28],[3,-24],[13,-88],[35,-9],[34,37],[61,36],[35,0],[-1,-46],[-26,-94],[-1,-65],[0,-56],[26,-47],[8,-46],[-7,-55],[-2,-20],[-1,-78],[9,-81],[19,-21],[14,-16],[34,-28],[61,-20],[7,-84],[0,-82],[5,-17]],[[40103,88163],[-8,71],[-15,26],[-38,14],[-76,-8],[-50,1],[-32,15],[-20,31],[-13,66],[-40,117],[2,117],[13,55],[26,36],[-13,106],[21,52],[-29,88],[-74,327],[-63,8],[-108,34],[-172,43],[-65,-6],[-1,53],[6,48],[0,66],[-22,42],[-17,40],[2,34],[-15,42],[7,28],[0,43],[33,56],[9,39],[46,72],[28,32],[-12,23],[8,39],[-7,75],[-22,46],[12,25],[-39,14],[19,54],[-18,27],[-43,7],[-14,28],[-19,20],[-19,24],[0,58],[16,44],[31,49],[3,40],[-3,16],[-35,34],[33,19],[23,36],[-1,29],[1,31],[10,15],[39,29],[40,0],[45,13],[25,-13],[36,-41],[61,-3],[37,40],[28,5],[40,-2],[37,-23],[61,-1],[-19,35],[-7,25],[8,31],[3,48],[-17,33],[-38,92],[6,39],[-7,75],[7,47],[15,23],[74,57],[94,57],[82,70],[20,40],[0,136],[55,82],[24,57],[66,43],[23,30],[108,59],[32,34],[29,55],[31,34],[19,10],[20,16],[28,40],[49,20],[247,118]],[[43990,81168],[49,-94],[-14,-23],[-7,-24],[5,-32],[18,-24],[-5,-44],[-58,-173],[-161,-95],[-180,-114],[-101,-142],[0,-108],[-227,-40],[-221,-3],[-134,3],[-259,21],[-215,-37],[-146,10],[-373,-87],[-109,-104],[-55,-207],[-14,-216],[3,-179],[20,-102],[142,-4],[39,-11],[4,0],[24,-6],[32,132],[43,179],[95,92],[252,-39],[32,-59],[86,-148],[163,22],[204,-16],[224,-86],[106,-164],[178,-67],[138,182],[80,153],[172,1],[-112,-225],[-63,-188],[-51,-383],[-38,-194],[-183,-105],[-95,-191],[-6,-398],[35,-337],[51,-253],[258,-160],[250,-90],[241,-200]],[[44107,76791],[63,389],[-14,359],[178,278],[221,297],[212,-89],[6,4],[201,147],[158,179],[-66,287],[138,156],[77,4],[158,-169],[92,-99],[367,-62],[247,-15],[416,-210],[295,-75],[236,-58],[292,-191],[540,-284],[175,-53]],[[48099,77586],[-147,707],[-78,360],[162,238],[-20,532],[-168,65],[-158,212]],[[47690,79700],[-42,-17],[-10,7],[-36,-10],[9,80],[-6,34],[-24,32],[-7,19],[-6,33],[11,25],[10,32],[24,47],[2,38],[7,34],[-25,76],[-15,104],[-58,102],[10,68],[25,51],[17,23],[20,21],[14,10],[38,10],[184,36],[14,21],[289,242],[-5,52],[94,-15],[282,45],[124,43],[39,65],[29,24],[-30,186],[-3,97],[8,124],[23,143],[29,37],[2,23],[37,42],[0,30]],[[48764,81714],[-17,-8],[-26,-51],[-7,-8],[-8,-23],[-18,-12],[-35,8],[-14,-2],[-16,-15],[-20,-13],[-20,-6],[-26,11],[-21,5],[-16,-7],[-22,-16],[-14,0],[-15,-4],[-16,-13],[-1,-26],[-16,-9],[-24,23],[-18,-17],[-24,-16],[-20,-1],[-16,25],[-13,-14],[-63,-28],[-29,23],[-25,37],[5,31],[30,45],[23,52],[20,51],[6,52],[5,46]],[[48764,81714],[4,17],[-5,20],[6,38],[16,21],[42,44],[15,0],[78,-14],[18,8],[19,15],[15,22],[28,26],[15,38],[7,34],[17,29],[5,31],[-5,51],[21,36],[20,6],[17,-2],[33,27],[42,4],[29,4],[181,249],[41,97],[17,54],[58,84],[23,49],[39,-47],[34,-62],[19,2],[11,9],[15,-1],[11,11],[-32,68],[2,19],[7,11],[5,18],[29,15],[-13,48],[0,15],[13,12],[18,8],[22,4],[11,10],[-2,16],[-21,26],[-6,17],[13,4],[10,14],[-3,16]],[[49703,82935],[-4,7],[-5,26],[1,18],[7,10],[28,1],[17,8],[16,14],[10,6],[5,9],[3,28],[2,53],[1,25],[-6,16],[-17,12],[-5,11],[7,7],[32,4],[26,-7],[5,10],[13,18],[7,25],[16,19],[19,22],[5,19],[-2,22],[3,49],[12,28],[-8,20],[-15,9],[1,50],[-48,176],[8,136],[20,85],[71,82],[71,56],[112,39],[136,-8],[149,24],[253,-6],[30,-20],[34,-3],[29,6],[55,15],[29,14],[52,6],[52,14],[65,9],[44,17],[44,-10],[40,23],[31,-7],[25,2],[57,17],[44,25],[16,2],[22,14],[19,13],[23,6],[12,-10],[26,-20],[38,-17],[38,-36],[39,-7],[60,-22],[111,10],[80,-11],[84,-49],[38,-56],[78,-58],[20,14],[59,105],[79,15],[58,4],[86,42],[130,96],[121,84],[147,131],[74,76],[60,127],[23,73],[-4,65],[-60,0],[-50,15],[-57,45],[-57,61],[-31,76],[1,67],[18,67],[40,47],[16,51],[46,28],[1,39],[-41,106],[-108,171],[-112,154],[-15,77],[-3,90],[-6,22],[-19,14],[-38,13],[-34,32],[-58,77],[-25,58],[-14,19],[-3,16]],[[48099,77586],[128,-623],[84,-430],[-211,-192],[-139,-661],[1,-139],[-91,-157],[-30,-14],[-251,16],[73,-381],[-5,-33],[0,-38],[-30,-27],[-26,-60],[2,-73],[-26,-57],[-32,-49],[-21,-20],[-28,-10],[-19,-61],[-42,-52],[-27,-53],[-12,-43],[9,-48],[-3,-40],[-30,-39],[-33,-26]],[[47340,74276],[-152,112],[-142,75],[-141,61],[-115,39],[-143,25],[-98,7],[-201,-8],[-67,-12],[-60,-220],[-52,-96],[-36,-65],[32,-68],[31,-111],[-106,-40],[70,-166],[-80,-155],[-18,-136],[-115,-10],[-112,-22],[-100,-92],[-212,-161],[-4,-25],[-39,43],[-182,0],[-108,115],[-192,-32],[-50,21],[2,-63],[19,-28],[13,-87],[5,-34],[42,-17],[16,0],[1,-16],[-6,-13],[5,-10],[-10,-8],[9,-17],[-200,-84],[-290,-157],[-210,-59],[297,301],[-202,56],[-158,74],[-120,70],[-56,56],[-110,-27],[-116,-15],[-114,-4],[-53,-12],[-29,-14],[-16,21],[-22,7],[-20,-4],[-36,10],[-32,2]],[[43557,73283],[-31,35],[-36,12],[-20,160],[-23,130],[-106,145],[-132,34],[-169,-18],[-119,-100],[-105,-80],[-210,-49],[-232,40],[-185,181],[-162,-5],[-3,-231],[-124,-87],[-229,56],[-256,89],[-120,99],[-63,-62],[-92,-29]],[[41140,73603],[0,30],[-1,4],[-2,128],[80,65],[15,227],[-83,195],[-184,199],[-511,-14]],[[40454,74437],[-87,569],[-39,251]],[[40328,75257],[545,-3],[448,-47],[333,-40],[241,46],[356,50],[393,108],[46,33],[149,109],[284,176],[163,170],[84,182],[-15,129],[-146,84],[-89,136],[95,148],[206,46],[322,-34],[100,49],[264,192]],[[40014,73296],[67,-82],[290,-95],[141,-3],[206,-43],[290,25],[189,-34],[-51,225],[-6,314]],[[40454,74437],[-376,-2],[-34,-228],[-46,-246],[-58,-205],[0,-204],[5,-87],[-3,-58],[37,-66],[35,-45]],[[40328,75257],[-270,6],[-178,12],[-117,-49],[0,-47],[-87,59],[-37,91],[3,127],[116,176],[291,50],[206,256],[-31,228],[-151,142],[28,299],[39,162]],[[40140,76769],[-30,160],[124,309],[-16,160],[52,220],[-82,195],[-12,213],[56,122],[199,216],[187,360],[-3,200],[-258,134],[-206,-2],[-411,5],[-148,-1],[-138,258],[-241,-78],[-323,73],[-467,-130],[-305,164],[-289,-357],[-234,-138],[-159,149],[-43,269],[227,-126],[112,135],[37,263],[144,253],[20,192],[37,82],[51,80],[14,37],[47,48],[40,21],[32,64],[90,7],[76,-20],[48,-14],[69,2],[44,-57],[16,-51],[21,-11],[55,56],[36,35],[29,-31],[48,-18],[8,-22],[35,-9],[13,23],[13,17],[-30,33],[30,4],[23,19],[19,60],[18,-2],[25,-29],[23,11],[-23,44],[26,59],[14,5],[22,-19],[20,23],[10,62],[-25,20],[-30,-6],[-24,34],[14,35],[43,0],[23,-9],[9,20],[-7,32],[18,57],[-57,16],[0,48],[-23,43],[-63,94],[-32,29],[-86,116],[-37,126],[-12,108],[-17,95],[-14,74],[1,79],[9,48],[4,41],[-32,72],[10,50],[-3,86],[21,60],[26,46],[33,28],[8,37],[-4,79],[-24,60]],[[38661,82114],[-3,62],[25,81],[-33,144],[-7,46],[16,91],[39,23],[82,-20],[46,-46],[43,-113],[83,-81],[54,-167],[18,-94],[-13,-57],[43,-8],[15,-20],[51,-3],[40,8],[74,-17],[23,5],[76,-37],[54,-8],[51,25],[17,20],[19,44],[26,13],[52,0],[30,-20],[46,6],[37,3],[33,40],[33,23],[43,-34],[19,-48],[18,17],[63,19],[109,18],[95,-37],[108,4],[49,-18],[40,3],[36,4],[23,-45],[126,-1],[53,37],[110,-3],[158,-71],[57,41],[146,90],[38,-13],[45,-159],[145,-17],[127,-50],[72,-31],[35,-6],[64,114],[46,47]],[[37735,72005],[-37,117],[-27,83],[28,36],[-8,63],[13,58],[57,90],[92,13],[-28,48],[-40,56],[-15,60],[-68,59],[-17,101],[31,120],[52,61],[29,97],[49,-11],[74,2],[-10,43],[-41,51],[-92,115],[-78,-33],[-11,40],[44,44],[9,31],[-43,21],[20,43],[-5,73],[-17,64],[35,13],[-10,51],[23,47],[-40,10],[-26,-71],[-18,14],[-33,41],[-15,11],[-17,8],[-6,3],[-5,7],[1,9],[3,8],[-8,8],[-9,3],[-17,-6],[-29,32],[-65,18],[44,36],[7,32],[-34,44],[45,82],[-62,38],[-10,9],[-4,12],[3,25],[28,62],[53,-16],[1,25],[-48,42],[-89,-33],[-16,43],[56,32],[-12,68],[-51,-23],[-20,21],[-65,43],[-50,36],[3,41],[16,35],[47,31],[-7,32],[-44,-5],[-15,18],[39,32],[15,37],[-56,24],[24,33],[-22,41],[-45,-27],[-36,-4],[-10,51],[-18,62],[19,38],[-31,36],[10,38],[29,34],[3,34],[-51,9],[-6,20],[-28,17],[-4,22],[14,32]],[[37082,75015],[28,24],[18,43],[12,27],[25,54],[18,69],[13,45],[-24,62],[4,74],[27,64],[33,70],[59,57],[54,48],[37,51],[-10,44],[8,93],[56,51],[70,45],[83,54],[80,65],[36,103],[12,35],[27,132],[7,26],[3,23],[42,133],[249,256],[121,262],[-154,147],[93,257]],[[38109,77429],[288,-66],[116,-9],[45,-64],[7,-274],[192,-19],[34,352],[256,34],[196,-348],[348,-29],[355,20],[73,-60],[121,-197]],[[40014,73296],[-56,-14],[-181,13],[-172,16],[-29,-59],[10,-68],[129,-88],[88,-68],[17,-135],[-103,15],[-29,-105],[-92,-52],[-82,2],[-185,192],[-67,-11],[-10,-218],[28,-51],[36,-66],[139,-9],[0,-175],[-68,-144],[-75,-55],[-154,71],[-73,-54],[-192,-14],[23,-96],[-4,-125],[-95,-48],[-102,-8],[-77,36],[-98,96],[-144,80],[-81,23],[-128,-23],[-112,22],[-87,65],[-64,-57],[-96,-92],[-93,-87]],[[34962,82329],[-29,34],[-13,91],[-7,168],[-41,-1],[-62,-97],[-11,-101],[-41,-35],[-695,-105],[-213,-53],[-48,-129],[64,-18],[95,-74],[138,-26],[143,-99],[-27,-182]],[[34215,81702],[262,-17],[320,-38],[205,1],[160,-182],[128,-137],[59,-63],[106,-234],[49,-102],[318,-237],[501,-169],[354,-31],[228,-136],[85,-209],[62,-157],[14,-189],[-22,-106],[19,-88],[164,18],[-81,-170],[29,-136],[106,-272],[129,-229],[-14,-221],[-369,-92],[-3,-82],[173,-115],[62,-155],[-65,-338],[161,148],[42,-187],[659,-13],[53,-335]],[[38661,82114],[-98,-35],[-37,-14],[-66,-16],[-69,11],[-86,33],[-31,9],[-48,14],[-46,72],[10,145],[2,23],[11,139],[-15,63],[-50,46],[-43,9],[-63,-41],[-73,-108],[-82,-43],[-57,37],[-94,152],[-48,87],[-117,-4],[-52,-43],[-16,-63],[-22,-61],[-57,-38],[-66,64],[-164,194],[-49,38],[-63,-12],[-60,-79],[-108,-40],[-57,56],[-66,71],[-65,38],[-58,-15],[-66,-53],[-31,-89],[-21,-105],[-22,-41],[-69,-3],[-78,7],[-82,-46],[-62,-77],[-176,-107],[-45,-33],[-95,-54],[-112,-51],[-58,-12],[-58,77],[-67,100],[-37,34],[-107,35],[-61,-23],[-81,-48],[-109,-64],[-107,-62],[-60,21],[-92,120]],[[34617,76664],[239,276],[-199,119],[-206,111],[-117,162],[45,199],[-59,219],[-36,133],[-304,234],[-92,93],[43,228],[99,159],[25,122],[-253,3],[-180,9],[187,471],[46,177],[-207,-62],[-238,-83],[-213,-188],[-172,-5],[-103,54],[-141,6],[52,125],[-11,128],[-81,107],[-202,260]],[[32539,79721],[87,80],[160,90],[227,25],[250,95],[-2,10],[-18,120],[152,37],[94,-59],[84,90],[83,15],[17,3],[250,-49],[186,-31],[167,179],[158,-13],[5,142],[-172,19],[12,68],[-127,67],[58,173],[-63,106],[-12,20],[72,198],[-101,95],[41,127],[63,101],[-17,124],[22,149]],[[37082,75015],[7,39],[-47,71],[-44,10],[25,64],[-29,7],[-29,6],[-31,83],[-23,40],[-10,53],[-33,21],[5,57],[-12,71],[-45,7],[-21,44],[11,60],[-8,17],[-55,4],[-22,70],[-4,12],[-13,22],[-36,13],[-36,49],[-29,-41],[-40,-13],[-81,-2],[-60,83],[-39,-123],[-154,114],[-36,-83],[-57,-74],[-65,44],[-104,46],[-8,-56],[-92,-50],[-4,-82],[-124,-40],[-206,-133],[-253,-122],[-13,-97],[-155,-48],[-227,-128]],[[34885,75030],[-185,236],[-157,-48],[-100,43],[-135,346],[-12,184],[180,222],[173,142],[43,235],[-10,37],[-65,237]],[[30421,73660],[238,0],[212,6],[11,-74],[29,-184],[563,-226],[59,-87],[-108,-131],[-15,-163],[-69,-97],[-236,-82],[-90,-78],[-65,-160],[72,-56],[133,-271],[55,-26],[113,96],[83,88],[65,118],[75,36],[61,-59],[66,-561],[123,-24],[121,21],[64,140],[24,219],[53,89],[107,37],[82,56],[20,81],[52,50],[76,19],[130,-118],[333,3],[224,-60],[191,-186],[22,-73],[-74,-218],[-91,-32],[-92,58],[-87,-44],[-85,-47],[-197,-107],[-31,-69],[64,-107],[-15,-127],[21,-57],[18,-140],[-24,-85],[-121,-65],[-109,-34],[15,-135],[68,-102],[280,45],[202,-23],[159,-111],[64,-93],[3,-100],[-28,-60],[-209,-130],[-115,-90],[-45,-48],[-13,-99],[48,-34],[152,-28],[87,-118],[98,-19],[90,42],[40,9],[87,58],[-44,138],[25,100],[25,59],[105,1],[67,55],[161,96],[109,48],[128,7],[121,-31],[82,65],[69,117],[27,138],[119,97],[195,71],[166,61],[136,126],[33,143],[-12,237]],[[34967,71421],[17,279],[30,461],[-56,491],[-131,50],[24,190],[10,173],[-33,161],[-73,161],[-138,36],[-97,27],[132,88],[130,105],[65,131],[37,62],[12,94],[44,113],[95,130],[53,94],[82,82],[66,106],[56,52],[0,27],[-61,56],[-110,43],[14,86],[-59,83],[-80,36],[-49,111],[-62,81]],[[34617,76664],[-55,10],[-8,2],[-2,0],[-110,19],[-201,59],[-191,66],[-86,161],[-30,57],[-86,52],[-235,-145],[-43,265],[-41,315],[-150,41],[-273,72],[-440,-119],[-689,-34],[-212,-136],[-189,-180],[-178,-75],[-311,147],[-476,-31],[-97,-8]],[[30514,77202],[17,-205],[51,-271],[9,-210],[37,-296],[32,-253],[69,-198],[33,-195]],[[30762,75574],[170,21],[87,-14],[152,-44],[180,-52],[256,-93],[203,-68],[78,-84],[-29,-135],[-3,-80],[89,-99],[-40,-96],[-46,-68],[-46,-67],[-8,-2],[-126,-14],[-250,22],[-135,9],[-106,62],[-121,28],[-117,64],[-49,152],[-89,-124],[-118,-207],[-94,-154],[43,-127],[25,-65],[3,-135],[-34,-115],[-115,-108],[-152,-18],[-57,64],[-64,-18],[29,-167],[63,-102],[80,-80]],[[25562,73808],[220,-158],[79,-30],[21,-38],[-27,-61],[-114,-63],[-115,-51],[-64,-54],[-75,-98],[-48,-56],[35,-67],[100,-50],[57,-31],[53,27],[72,-10],[69,-82],[32,-97],[16,-90],[35,-101],[71,-39],[56,-34],[48,-5]],[[26083,72620],[45,24],[53,31],[66,21],[199,310],[4,88],[-82,74],[-118,151],[4,116],[67,77],[102,143],[83,119],[82,48],[175,26],[211,98],[210,-22],[106,-197],[33,-98],[15,-305],[-42,-116],[67,-87],[70,2],[118,143],[345,213],[91,95],[-108,128],[-107,382],[-10,61],[25,52],[96,8],[220,-102],[63,-93],[121,10],[174,-147],[110,-150],[204,-4],[99,104],[217,22],[103,-15],[59,-74],[-74,-244],[12,-124],[197,-7],[63,77],[89,260],[121,19],[-23,-114],[21,-137]],[[29659,73486],[123,-31],[217,113],[422,92]],[[30762,75574],[-219,45],[-277,13],[-322,4],[-238,-17],[-260,-151],[-186,37],[-219,157],[-424,161],[-385,69],[-172,96],[-54,-162],[-159,90],[-278,128],[-221,129],[-255,136],[-35,77],[-9,246],[-203,-91],[-66,46],[-3,207],[-29,200],[-287,-4],[-427,-55],[-391,-130],[-255,-18],[-66,-9]],[[25322,76778],[-5,-352],[-9,-305],[212,-142],[313,-222],[-14,-158],[-224,-148],[-221,-176],[-40,-170],[51,-136],[158,-142],[270,-154],[203,-103],[164,-98],[15,-154],[-158,-148],[-287,-41],[-109,-142],[-51,-101],[-28,-78]],[[24877,79579],[158,80],[161,259],[75,53],[100,234],[29,-206],[249,595],[760,138],[368,1],[115,-124],[238,11]],[[27130,80620],[66,-75],[95,-229],[46,-302],[-106,-95],[-38,-127],[12,-246],[11,-152],[38,-111],[292,-342],[175,-250],[250,-3],[459,102],[301,45],[359,-156],[439,-127],[37,50],[121,111],[221,132],[118,78],[140,116],[227,87],[164,62],[143,21],[-20,-61],[3,-133],[-32,-235],[-97,-545],[-52,-259],[-26,-220],[17,-293],[21,-261]],[[25322,76778],[-92,9],[-43,426],[-77,220],[-169,37],[-236,27],[-117,145],[-187,213],[-161,309],[12,105],[333,570],[-26,201],[103,302],[95,123],[120,114]],[[32539,79721],[-123,114],[-89,84],[-6,101],[38,121],[-26,185],[8,104],[-140,99],[-250,173],[-229,139],[-147,-22],[-186,169],[-138,132],[-169,46],[-72,119],[-118,30],[-28,-55],[-112,46],[-253,154],[-112,182],[-48,163],[-131,187],[-194,233],[-221,184],[-192,167],[-245,122],[-165,-5],[-170,-34],[-166,49],[-232,59],[-124,206],[-43,71],[-174,85],[-153,26],[-89,68],[-118,52],[-179,423],[-81,-4],[-33,18],[-12,29]],[[27617,83741],[-30,0],[-23,26],[-196,-77],[-58,-39],[78,-428],[155,-66],[95,-190],[109,-102],[66,-86],[63,-250],[-23,-314],[141,-71],[-23,-155],[-110,-43],[-229,-55],[98,-154],[0,-222],[40,-240],[-40,-240],[57,-131],[-40,-122],[-172,48],[-230,118],[-103,-172],[-112,-156]],[[22316,77520],[18,81],[57,52],[73,26],[167,-10],[149,-45],[110,-88],[135,-96],[7,-199],[115,-131],[0,-160],[-37,-124],[-224,19],[-138,-22],[-38,-102],[-56,-71],[35,-148],[-86,-55],[-125,-32],[-119,-33],[-17,-84],[-46,-47],[-56,-17],[-76,134],[-48,209],[-24,51],[-42,95],[-21,153],[-4,120],[-43,55],[37,184],[178,59],[-20,97]],[[22177,77391],[52,66],[87,63]],[[22884,84968],[-30,-9],[-30,-26],[-35,-77],[-37,-208],[-205,-448],[-180,-189],[-87,-255],[92,-185],[23,-123],[-26,-158],[-198,-268],[-157,-114],[-285,-308],[-54,-55],[66,-62],[189,-120],[230,-163],[80,-265],[75,-164],[135,-237],[92,-213],[40,-151],[212,129],[175,-92],[86,-124],[26,-82],[-97,-142],[8,-129],[-26,-173],[-137,-105],[-12,-71],[-17,-114],[120,19],[233,55],[221,59],[100,85],[140,96],[267,154],[213,19],[97,52],[161,-132],[61,-151],[-95,-208]],[[24318,80315],[-215,-60],[-261,-167],[-201,-105],[-239,-215],[-183,-139],[-83,-228],[120,-121],[144,-15],[89,-139],[89,-117],[186,-80],[-92,-130],[-72,-145],[-11,-182],[-9,-179],[89,-176],[-123,-129],[-52,-164],[-278,7],[-353,-19],[-276,28],[-226,49],[-87,-30]],[[22274,77859],[-88,70],[-112,145],[3,170],[-81,153],[-12,139],[-174,-82],[-72,98],[-15,98],[-166,7],[-17,265],[-155,312],[-63,188],[34,274],[-212,44],[-52,95],[-17,175],[-37,343],[-164,-55],[-183,-43],[-112,-40],[-161,330],[166,73],[72,222],[152,179],[221,213],[290,33],[-18,163],[133,-45],[6,-99],[120,65],[112,34],[54,104],[-91,192],[-175,120],[-132,40],[-178,43],[-75,-86],[-72,25],[-90,143],[-47,49],[-10,9],[-8,17],[-26,20],[-1,48],[-22,21],[-16,31],[44,10],[56,16],[63,74],[141,159],[176,261],[85,88],[251,257],[59,17],[123,27],[12,5],[37,37],[18,39],[4,87],[-18,89],[-8,33],[-52,104],[-21,21],[-18,7],[-121,-20],[-34,8],[-44,34],[-25,28],[-33,49],[-53,115],[-24,163],[-23,85],[0,30],[6,26],[14,58],[11,42],[-25,-1],[-14,3],[-36,22],[-35,29],[-62,31],[-156,42],[-105,13],[-96,13]],[[20880,84260],[-7,33],[-20,50],[-91,153],[-14,28],[-12,33],[-9,34],[-3,33],[4,20],[-10,31],[-14,97],[9,55],[37,100],[31,61],[16,20],[37,42],[41,18],[33,9],[28,3],[60,4],[92,40],[24,23],[17,9],[84,-11],[97,1],[47,-11],[66,66],[22,30],[24,17],[51,-4],[23,29],[34,6],[15,11],[7,18],[12,9],[16,1],[18,5],[9,14],[6,19],[3,23],[8,27],[11,27],[19,20],[13,33],[9,21],[18,25],[12,14],[14,3],[13,9],[9,11],[7,15],[39,4],[41,-20],[12,-4],[27,14],[1,12],[17,20],[42,21],[29,14],[24,-14],[23,-23],[15,-29],[16,-2],[22,-15],[28,-7],[48,-9],[28,-16],[96,-1],[161,-47],[43,-10],[11,-9],[20,-25],[19,-30],[47,-139],[62,-7],[27,1],[41,-10],[28,-20],[12,-11],[26,-46],[6,-17],[-5,-16],[0,-18],[31,-62],[12,-9],[-3,-13],[3,-16],[25,-25],[15,-19],[-1,-13]],[[27620,84387],[120,-208],[6,-143],[-3,-127],[30,-103],[-7,-24],[-39,-16],[-29,-28],[-41,-8],[-40,11]],[[24877,79579],[-63,53],[-103,95],[-138,176],[-117,201],[-138,211]],[[22884,84968],[5,-20],[110,-3],[7,17],[2,30],[15,11],[40,176],[50,108],[46,36],[91,9],[65,-25],[96,-91],[34,2],[40,-11],[32,45],[39,43],[50,128],[35,21],[3,98],[-18,162],[-38,59],[-45,31],[-11,22],[5,23],[55,37],[38,10],[26,25],[19,2],[17,10],[7,33],[14,46],[17,52],[-10,66],[2,60],[-75,105],[-18,1],[-10,6],[0,24],[-27,34],[4,55],[-7,51],[-25,8],[-10,21],[9,34],[-36,83],[-24,22],[-31,78],[-7,58],[3,27],[17,355]],[[19421,76544],[167,85],[134,17],[123,158],[165,106],[212,19],[165,147],[144,29],[222,243],[282,4],[298,-86],[264,-43],[215,14],[110,93],[-170,309],[145,68],[157,-137],[103,-149],[20,-30]],[[22316,77520],[-183,212],[141,127]],[[20880,84260],[4,-31],[26,-77],[-74,-44],[-105,-79],[-21,25],[-11,-14],[11,-11],[-3,-17],[-17,9],[-12,-4],[-8,-19],[-10,-13],[-17,-9],[-11,-15],[-9,-26],[-11,-13],[2,-11],[-66,-35],[-501,-418],[-163,-262],[-148,-64],[-76,-136],[-129,4],[-167,51],[-197,148],[-46,40],[-63,29],[-27,15],[-52,-26],[-30,-28],[-27,26],[-32,5],[-12,-18],[-1,-27],[1,-18],[-64,1],[-23,-21],[-17,-14],[-37,-2],[-79,-3],[-13,-11],[-17,-15],[-22,-4],[-48,-8],[-27,-9],[-15,-17],[-25,-27],[-15,-16],[-28,-8],[-19,-26],[-20,-27],[3,-44],[-12,-21],[-1,-21],[-6,-3],[-20,-19],[-16,-7],[-14,-12],[-9,-8],[-10,-10],[-7,-10],[-4,-17],[3,-12],[3,-11],[0,-23],[7,-22],[-2,-46],[-16,-40],[-5,-25],[-18,-32],[-12,-26],[-6,-28],[-20,-17],[-2,-14],[-13,-7],[-22,-11],[-25,-11],[-10,-5],[-18,-29],[-32,-21],[-18,-21],[-5,-30],[-29,-47],[-16,-8],[-16,1],[-21,-7],[0,-20],[-23,-47],[-4,-41],[-1,-28],[-17,-12],[-50,-6],[-39,20],[-26,1],[-12,-13],[-3,-20],[7,-11],[160,-48],[99,-40],[18,-7],[74,-22],[91,-27],[47,0],[18,-14],[8,-20],[4,-35],[-9,-13],[-57,-71],[-37,-19],[-41,-22],[-97,-75],[-72,-91],[-10,-34],[-18,-64],[-10,-45],[-10,-44],[-5,-27],[-1,-16],[-2,-39],[12,-47],[12,-41],[7,-6],[26,-22],[40,-35],[10,-8],[-1,-11],[-2,-23],[-2,-18],[-3,-30],[-11,-102],[-3,-32],[-56,-89],[-37,-57],[-9,-15],[-13,-18],[-23,-30],[-25,-34],[-42,-57],[-74,-66],[-30,-42],[-44,-18],[-19,-7],[-42,-5],[-2,1],[-43,18],[-34,32],[-30,45],[-43,40],[-13,13],[-54,37],[-13,3],[-83,21],[-79,50],[-73,46],[-29,12],[-70,30],[-52,-35],[-109,-72],[-19,-13],[-41,4],[-41,-1],[-24,-1],[-29,-11],[-23,-8],[-9,-6],[0,-18],[17,-7],[11,-2],[14,-1],[1,-20],[0,-11],[8,-8],[14,-14],[38,-38],[15,-16],[16,-16],[22,-22],[7,-7],[-21,-19],[-10,-8],[-12,-10],[-55,-48],[-31,-26],[-32,-28],[-12,-28],[-14,-63],[-4,-51],[-1,-24],[0,-22],[1,-46],[0,-20],[9,-30],[12,-39],[4,-14],[-26,-47],[-17,-32],[-26,-46],[-8,-15],[-7,-17],[-26,-61],[-15,-33],[-15,-36],[-9,-21],[-13,-34],[-15,-41],[-4,-19],[-30,-135],[-9,-39],[-6,-28],[-12,-92],[-4,-35],[-2,-80],[-1,-50],[-3,-113]],[[16509,79138],[23,-95],[30,-36],[59,-45],[-13,-39],[-20,-24],[-81,-168],[-43,-150],[70,-72],[90,-53],[94,-62],[31,-6],[21,-80],[224,-112],[129,-208],[19,-210],[46,-133],[0,-134],[129,-109],[166,-90],[377,-151],[113,-83],[357,-212],[61,-220],[181,-113],[109,-93],[104,-10],[15,-192],[104,-28],[104,5],[1,100],[10,136],[6,168],[46,36],[120,-50],[31,64],[152,15],[47,-140]],[[47690,79700],[687,179],[19,12],[196,-59],[401,-7],[413,148],[396,154],[235,203],[433,-90],[163,-67],[241,135],[329,-499],[183,100],[131,299],[167,199],[194,185],[137,64],[89,22],[232,-120],[105,-100],[129,-149],[202,-327]],[[52772,79982],[-45,-152],[-88,-220],[-12,-252],[-86,-395],[-155,-244],[-161,-176],[-109,-228],[-123,-126],[-80,-123],[-20,-84],[62,-174],[-30,-119],[-7,-82],[-172,5],[-119,-38],[-73,-141],[-18,-369],[78,-60],[219,-211],[267,18],[246,6],[218,-78],[-12,-75],[149,-81],[40,-3],[64,-33],[49,-28],[62,-54]],[[52916,76465],[-106,-368],[-22,-81],[-21,-93],[-243,-72],[-147,-165],[-135,-197],[-56,-133],[-384,-274],[69,-347],[-89,-175],[-162,-380],[-235,-497],[149,-197],[-126,-99],[-152,-85],[16,-390]],[[51272,72912],[-612,360],[-332,-40],[-213,-83],[-272,-133],[-140,321],[-154,138],[-470,149],[137,281],[-311,-86],[-162,234],[-743,-36],[-192,-151],[-148,-54],[-98,-19],[-99,143],[-87,39]],[[47376,73975],[-59,15],[-20,40],[-10,40],[4,43],[-8,24],[2,33],[0,25],[55,81]],[[54873,79145],[531,-31],[109,-36],[76,35],[1,-48],[-7,-105],[128,-8],[-29,-184],[-13,-151],[-32,-116],[276,-206],[97,-60],[-123,-211],[95,31],[206,-54],[189,7]],[[56377,78008],[-533,-477],[-347,-113],[-106,129],[-408,-166],[76,-94],[-281,-299],[-568,124],[-474,-64],[147,-228],[-9,-89],[-39,-309]],[[53835,76422],[-11,-150],[-101,-163],[-173,-104],[-186,58],[-160,253],[-200,76],[-7,108],[-65,28],[-16,-63]],[[52772,79982],[115,-57],[268,-34],[194,-26],[221,-113],[380,-323],[202,-189],[276,-155],[139,-192],[209,-35],[-10,82],[21,118],[86,87]],[[57873,76977],[84,-69],[214,-115],[184,-17],[319,-562],[183,-164],[158,-249],[126,-349],[-38,-165],[205,-99],[182,-36],[115,104],[-1,-133],[246,-388]],[[59850,74735],[-370,-105],[-132,200],[-224,38],[-238,67],[-124,-41],[-199,-104],[-317,-249],[-195,-245],[-91,-256],[-373,-121],[-67,151],[-224,38],[-159,-266],[-185,-327],[-98,117],[23,376],[-11,94],[-92,-81],[-327,155],[-360,369],[-210,290],[-265,133],[-250,-48],[-379,246]],[[54983,75166],[-67,348],[-115,332],[-76,207],[-263,188],[-136,107],[-171,75],[-320,-1]],[[56377,78008],[176,-168],[198,-87],[115,148],[51,99],[78,68],[104,-61],[-3,-20],[-23,-82],[-48,-72],[14,-74],[57,-61],[31,-98],[14,-86],[44,-83],[28,-29],[58,-40],[35,-26],[22,-41],[11,-52],[4,-58],[3,-45],[22,-31],[128,-219],[242,18],[135,69]],[[52483,71407],[16,179],[-229,388],[-529,425],[-469,513]],[[54983,75166],[-227,-73],[-241,-99],[194,-3486]],[[54709,71508],[-23,-49],[-402,6],[-347,1],[139,201],[22,82],[-376,96],[-530,-67],[-209,-40],[-274,-195],[-112,-63],[-114,-73]],[[53076,68878],[-57,96],[-2,113],[-1,39],[39,100],[93,95],[148,93],[158,-7],[84,-18],[151,83],[129,59],[209,34],[173,-22],[126,-63],[95,-93],[60,-97],[1,-122],[78,-59],[-37,-80],[-12,-19],[-12,-11],[-51,-17],[-19,-6],[-24,-19],[-24,-16],[-64,-25],[-71,-31],[-21,-11],[-5,-34],[-7,-15],[-12,-12],[-19,-14],[-13,-6],[-21,-5],[-24,-15],[-61,-29],[-14,-9],[-16,0],[-21,5],[-39,11],[-27,12],[-31,23],[-40,26],[-12,6],[-17,3],[-18,15],[-4,10],[3,12],[19,23],[15,29],[22,54],[14,61],[2,30],[-6,26],[-13,20],[-21,21],[-13,22],[-17,28],[-12,23],[-6,11],[-10,12],[-11,9],[-19,13],[-17,9],[-12,4],[-7,1],[-7,-2],[-7,-4],[-5,-9],[-9,-14],[-27,-20],[-14,-10],[-6,-6],[-2,-7],[0,-46],[10,-37],[-6,-17],[-37,-44],[-31,-33],[-21,-21],[-11,-21],[-31,-54],[-14,-17],[-3,-14],[0,-17],[10,-20],[31,-50],[4,-15],[2,-18],[-3,-15],[-18,-20],[-14,-23],[-18,-2],[-13,-2],[-12,-9],[-10,-22],[-14,-10],[-18,0],[-18,-1],[-50,-5],[-31,12],[-19,3],[-15,0],[-29,-4],[-18,1],[-22,4],[-22,15],[-9,9],[0,13],[5,16],[12,57],[6,25],[17,27],[7,15],[11,13],[18,12],[44,26],[25,28],[6,19],[4,22],[-4,16],[-27,30],[-14,19],[-19,13],[-31,11],[-25,3],[-27,-2],[-49,-10],[-21,-13],[-11,-17],[-9,-21],[-3,-17],[-11,-44],[-11,-22],[-25,-30]],[[56426,65481],[-54,183],[-69,207],[39,200],[-69,63],[-115,94],[-221,92],[-131,18],[-128,-55],[-99,-98],[-64,-102],[-153,-12],[-126,46],[-91,40],[-143,77],[-84,56],[-87,51],[-145,112],[-64,175],[-59,74],[-260,8],[-238,54],[-300,135],[-188,78],[-182,31],[-88,133],[-60,92],[-118,8],[-254,-58],[-183,-29],[-118,-26]],[[52574,67128],[-7,61],[-6,81],[4,60],[7,62],[-1,59],[0,39],[-17,56],[5,47],[-26,28],[-35,68],[-40,73],[-37,57],[-30,40],[-80,20],[-75,51],[-61,17],[-46,7],[-82,-24],[-72,15],[-57,36],[-47,52],[-23,54],[-33,21],[-54,30],[-32,26],[-34,34],[-59,16],[-17,-36],[-49,25],[-51,23],[-110,96],[-184,159],[-109,124],[-136,114],[-154,150],[-61,90],[-53,99],[-32,110],[-72,63],[-219,205],[-251,113]],[[50138,69549],[99,159],[202,-144],[67,115],[68,133],[107,237],[184,214],[189,157],[288,207],[199,247],[288,117],[93,98],[117,122],[291,27],[153,169]],[[54709,71508],[191,70],[341,112],[373,51],[236,-60],[397,15],[139,37],[223,201],[313,-1],[40,0],[89,-29]],[[57051,71904],[-98,-69],[195,-277],[-80,-132],[30,-368],[221,-84],[47,-249],[-50,-259],[-26,-322],[61,-149],[2,-185],[-25,-136],[-112,-167],[-237,-133],[-90,-97],[-97,-170],[-43,-187],[-7,-70],[-83,-187],[43,-138],[-72,-108],[-76,-67],[81,-62],[182,-190],[62,-164],[101,-298],[95,-171],[136,-218],[43,-168],[0,-269],[52,-229],[-1,-134],[-118,-39],[16,-246],[109,-82]],[[57312,66080],[-198,-301],[-318,-226],[-370,-72]],[[57312,66080],[153,153],[128,80],[73,135],[82,47],[185,-59],[26,139],[93,110],[91,152],[221,114],[176,146],[189,-47],[275,-31],[1,105],[164,352],[45,198],[54,117],[195,76],[262,0],[254,124],[152,156],[73,162],[45,-83],[211,-77],[132,-73],[435,464],[47,60],[125,-25],[284,164],[209,-44],[104,-75],[150,-280],[128,-151],[115,179],[37,361],[109,47],[147,105],[140,109],[37,86]],[[62659,69076],[-80,208],[0,131]],[[62579,69415],[-173,36],[-79,41],[-125,45],[-68,31],[-44,81],[-59,136],[-227,159],[-79,146],[-40,156],[-125,256],[-44,143],[-12,253],[0,156],[68,41],[63,74],[-36,52],[-89,77],[167,9],[149,34],[116,72],[152,105],[217,33],[229,-3],[203,5],[297,-6],[262,-14],[165,54],[145,82]],[[63612,71669],[15,83],[-13,57],[31,84],[29,79],[27,4],[37,-106],[0,38],[0,39],[11,39],[58,40],[62,-53],[-16,67],[26,32],[62,39],[69,48],[37,10],[53,13],[-42,31],[0,61],[-28,-6],[-29,30],[30,65],[70,-2],[101,266]],[[64202,72627],[-27,20],[-71,58],[-31,76],[24,43],[53,36],[95,-66],[30,4],[-52,96],[19,60],[-166,53],[-226,151],[-169,40],[-291,102]],[[63390,73300],[-274,24],[-194,-66],[-85,-204],[-73,-121],[-221,-196],[-214,-188],[-165,-208],[-179,-209],[-123,-224],[-85,-82],[-184,-99],[-178,-89],[-226,29],[-188,147],[-137,-151],[-245,-76],[-173,12],[-325,151],[-193,-52],[28,-183],[-190,50],[-199,316],[-183,275],[78,57],[19,77],[-302,-6],[-98,95]],[[59081,72379],[-535,-18],[-6,-333],[-93,-42],[-243,-19],[-467,-75],[-283,-37],[-403,49]],[[62199,73851],[107,-92],[74,22],[84,52],[72,53],[54,18],[108,-41],[143,-127],[218,-93],[134,174],[215,-12],[23,-222],[-41,-283]],[[59081,72379],[-1,42],[-121,15],[-210,281],[63,198],[426,299],[147,257],[66,121],[146,151],[107,1],[229,-41],[179,39]],[[60112,73742],[272,-120],[318,8],[428,161],[192,117],[382,160],[252,84],[141,-103],[54,-108],[48,-90]],[[62579,69415],[138,45],[56,15],[54,51],[99,99],[128,116],[59,98],[86,144],[0,7],[0,96],[-69,167],[0,22],[218,-19],[16,233],[82,77],[94,43],[184,117],[390,17],[128,113],[-36,219],[-214,138],[-8,142],[-81,87],[-129,48],[-53,78],[-23,112],[-86,-11]],[[59815,80151],[-272,129],[-164,46],[-129,179],[-163,265],[-29,320],[-227,87],[-330,-19],[-335,-3],[-92,-95],[-104,-71],[-235,-40],[-284,0],[-198,-16],[-192,6],[-155,6],[-138,93],[-98,126],[-94,174],[3,150],[-135,49],[-95,241],[-60,167],[-21,126],[-85,-41],[-72,34],[83,136],[88,359],[48,83],[85,90]],[[56415,82732],[-172,146],[-138,135],[-146,179],[-69,106],[-107,80],[-151,79],[-61,-37],[-91,89],[-138,124],[-95,-44],[-66,-172],[86,-64],[63,-40],[46,-112],[-26,-228],[-2,-305],[-9,-116],[-118,52],[-89,-37],[-71,-37],[54,-46],[29,-38],[-41,-107],[-91,-68],[-78,-76],[-77,-26],[-63,-68],[-83,-8],[-115,-71],[-36,-73],[-35,-223],[-68,-73],[272,-156],[194,-404],[29,-164],[-79,76],[-108,-16],[-145,-13]],[[54620,80976],[-36,-74],[-7,-79],[6,-78],[40,-49],[19,-27],[21,-49],[-40,-171],[-34,-82],[-78,-105],[-9,-95],[42,-82],[83,-111],[144,-133],[228,-157],[123,-109],[-76,-150],[-132,-109],[3,-114],[-44,-57]],[[57873,76977],[-46,96],[69,101],[242,-15],[249,269],[-181,176],[86,291],[95,179],[143,269],[152,281],[103,24],[264,56],[178,6],[175,9],[81,71],[46,83],[88,44],[129,-61],[132,-59],[147,-55],[95,57],[80,106],[-34,197],[-92,152],[-37,119],[34,87],[89,65],[109,52]],[[60269,79577],[-3,117],[-60,129],[-66,84],[-147,80],[-149,50],[-29,114]],[[56415,82732],[13,49],[29,152],[79,241],[37,154],[100,250],[95,296],[37,93]],[[56805,83967],[84,-20],[99,-104],[132,129],[44,46],[99,99],[15,65],[78,5],[147,-200],[229,-173],[124,-175],[50,-130],[82,34],[229,267],[323,243],[255,159],[81,81],[64,230],[-5,203],[-35,215],[-25,25],[-61,74],[-26,85],[4,69],[-7,58],[25,-22],[89,2],[185,136],[93,229],[143,-8],[282,-32],[115,-92],[146,-209],[31,-133],[31,-57],[43,-89],[27,70]],[[59995,85047],[34,-92],[31,-64],[64,-55],[98,-93],[100,-212],[-27,-350],[31,-115],[-67,-295],[-78,-146],[-64,-205],[46,-204],[55,6],[206,0],[172,-144],[0,-191],[-40,-364],[-187,-288],[-56,-415],[538,150],[78,-146],[71,-147],[-16,-184],[42,-84]],[[61026,81409],[-76,-2],[-51,-39],[-44,-7],[-35,-27],[-89,-117],[-43,-188],[-158,-232],[-155,-108],[-54,-114],[115,-86],[80,-185],[-66,-163],[-141,-84],[-258,62],[-236,32]],[[59995,85047],[-11,36],[11,183],[-16,19],[0,21],[84,112],[39,146],[-7,63],[18,26],[19,17],[94,132],[67,96],[197,216],[86,63],[130,94],[91,34],[134,10],[59,-2],[222,-24],[181,513]],[[61393,86802],[153,-44],[105,-16],[294,-24],[169,-12],[109,-8],[59,-27],[185,-134],[191,-157],[225,-108],[172,-57],[273,158],[77,117],[42,178],[-1,24],[120,36],[34,16],[131,27],[53,34],[51,2],[47,23],[27,35],[10,-24],[26,-37],[45,-50],[23,-45],[67,-145],[24,-52],[28,-55],[43,-62],[38,-41],[95,-92],[100,-214],[63,-202],[164,-345],[31,-73],[151,-175],[49,-74],[7,-19],[23,-17]],[[65153,81600],[-39,2],[-109,-86],[-82,-63],[-156,-81],[-62,-55],[-112,-70],[-176,-95],[-95,-28],[-133,47],[-357,388],[-193,-82],[-272,-36],[-131,-103],[-61,-75],[-114,-139],[-89,-40],[-75,-228],[-107,-160],[-132,-110],[13,-31],[-88,-23],[-145,2],[-347,-134],[-201,126],[-212,74],[-192,77],[-106,268],[0,176],[-354,288]],[[56805,83967],[-60,2],[-89,26],[-76,21],[-77,2],[-231,124],[-77,19],[-84,-20],[-172,-17],[-27,-13],[-27,-13],[-185,-89],[-196,31],[-111,60],[-131,105],[-55,41],[-64,42],[-28,44],[-20,63],[-1,82],[11,111],[26,74],[100,218],[16,148],[0,57],[47,156],[23,133],[6,69],[-27,32],[-76,63],[-78,49],[-28,26],[-71,285],[-61,254],[7,48],[-7,221],[0,207],[6,81],[-20,92],[4,186],[-10,94],[-7,71],[-51,79],[-73,68],[-61,25],[-11,13],[-17,21],[-5,14],[11,31]],[[59411,89048],[9,-24],[7,-14],[5,-17],[15,-30],[20,-24],[11,-9],[18,-17],[27,-43],[2,-17],[12,-13],[14,-3],[15,4],[14,-5],[17,1],[14,7],[120,-5],[64,-2],[28,-9],[18,-4],[37,2],[30,-13],[26,-14],[18,-13],[10,-11],[21,-27],[7,-15],[1,-23],[-11,-38],[-13,-50],[-26,-192],[37,-69],[61,-116],[56,-84],[49,-46],[31,-31],[28,-20],[90,-179],[97,-155],[203,-244],[346,-252],[75,-62],[161,-113],[127,-132],[91,-125]],[[54620,80976],[-67,50],[-129,-148],[-158,-28],[-121,74],[-88,51],[-161,94],[-210,105],[-129,111],[-353,181],[-172,136],[-95,59],[89,160],[86,169],[86,253],[-129,83],[-72,34],[-143,71],[-230,-274],[-37,-11],[-73,35],[-161,103],[-167,84],[-134,26],[-464,-48],[-244,1],[-101,22],[-204,376],[-11,53],[-6,66],[-76,-53],[7,17],[-7,24],[-10,56],[13,39],[29,52],[-61,19],[-55,-41],[-145,-18],[-101,-33],[-187,1],[-146,7],[-178,-3],[-290,-28],[-112,32]],[[64202,72627],[120,-16],[127,-3],[48,14],[193,99],[155,39],[139,72],[108,2],[150,-71],[322,27],[169,64],[146,47]],[[65879,72901],[20,80],[-4,35],[-48,73],[13,42],[65,19],[60,-17],[62,-6],[30,35],[2,128],[-1,76],[-184,427],[-15,11],[1,30],[-14,10],[-24,44],[136,103],[96,56],[-18,31],[-27,35],[8,82],[37,193],[104,5],[370,11],[50,-71],[22,-37],[18,-22],[16,-5],[3,-16],[44,-22],[20,-24],[8,-12],[107,-37],[55,-13],[105,2],[55,27],[64,63],[110,62],[110,47],[87,28],[72,18],[38,-1],[-5,-12],[10,-27],[30,-36],[40,30],[68,122],[47,86],[28,101],[97,101],[-105,17],[-61,56],[25,55],[51,49],[82,46],[143,72],[38,67],[47,36],[68,20],[112,86],[111,104],[243,342],[76,235],[11,76],[-7,101],[-68,53],[-94,50],[-67,45],[-17,54],[-27,106],[-26,149],[-64,1],[-25,27],[-30,50],[30,93],[-3,36],[-26,87],[-9,14],[-71,-45],[-13,-7],[-149,-68],[-67,7],[-58,23],[-60,-23],[-72,-11],[-146,5],[-37,26],[-33,46],[-72,-11],[-62,63],[3,14],[25,50],[156,125],[112,165],[73,30],[47,1],[95,74],[93,62],[90,128],[64,112],[8,55],[-21,66],[-35,37],[118,76],[49,20],[29,4],[44,0],[48,6],[30,9],[61,101],[20,66],[-61,0],[-46,-11],[-36,-5],[-42,-1],[-26,29],[-20,4],[-55,41],[-23,25],[-49,137],[44,45],[92,119],[12,63],[-97,-16],[-55,1],[-61,109],[17,56],[-133,37],[-49,29],[-49,-4],[-22,6],[-72,45],[-79,42],[-47,24],[-14,0],[-21,9],[-24,53],[-21,14],[-13,0],[-10,6],[-9,-8],[-11,0],[-6,25],[-7,5],[24,23],[23,39],[41,42],[160,252],[20,206],[25,32],[27,96],[66,51],[79,138],[-14,1],[-33,11],[-45,38],[-22,33],[-15,36],[8,57],[3,43],[22,65],[-1,33],[-15,29],[-19,39],[-42,66],[-21,32],[48,58],[59,93],[59,84],[-76,108],[-143,119],[-43,46],[-49,41],[13,78],[-3,71],[-4,27],[-4,16]],[[65658,79287],[-106,-401],[-38,-308],[230,-191],[80,-74],[-140,-214],[-83,-216],[68,-317],[61,-210],[75,-192],[25,-290],[-40,-151],[-135,-148],[-123,-9],[-6,111],[32,112],[-101,131],[-80,-51],[-238,-121],[-238,21],[-218,25],[-187,-39],[-379,33],[-158,120],[-152,-204],[-163,-327],[-106,-213],[34,-126],[-143,40],[-184,-3],[-95,-13]],[[63150,76062],[-3,-145],[68,-209],[50,-133],[28,-133],[-63,-114],[-135,-102],[-120,-22],[-201,-59],[-216,57],[-114,61],[-149,9],[-112,19],[-60,-75],[-66,-64],[-55,-84],[35,-74],[-9,-68],[-49,-99],[-57,-83],[-11,-114],[87,-64],[173,-19],[183,28],[119,-32],[63,-86],[-52,-139],[-112,-99],[-10,-121],[-14,-130],[-149,-117]],[[65879,72901],[-8,-100],[135,-189],[21,-82],[-28,-47],[-29,-169],[185,-13],[115,-43],[142,-81],[50,6],[40,50],[184,85],[57,-7],[12,-31],[72,0],[-2,-127],[61,-140],[-20,-117],[-25,-133],[-109,-116],[-45,-82],[-13,-58],[33,-90],[27,-28],[90,-58],[79,9],[15,-71],[65,-25],[125,-2],[60,-30],[14,-37],[-112,-58],[-93,-115],[-27,-53],[-155,-18],[-1,40],[24,62],[-37,59],[-74,31],[-36,-18],[-21,-34],[-28,-47],[-67,-19],[-25,-53],[71,-114],[110,-31],[74,-69],[101,38],[128,19],[281,-82],[232,-61],[188,31],[-14,-144],[45,-74],[59,-20],[28,-22],[58,-5],[71,0],[153,-49],[335,-165],[114,-37],[130,65],[298,-109],[95,-59],[-37,-81],[-108,-216],[-115,-240],[-70,-123],[-122,-203],[-96,-97],[0,-63],[90,-185],[11,-82],[-57,-65],[-18,-59],[53,-128],[16,-265],[31,-219],[5,-118],[-94,-329],[2,-145],[-71,-186],[16,-199],[-79,-201],[-187,-360],[-89,-355],[119,-100],[271,-93],[172,-137],[119,-67],[-53,-45],[22,-267],[-13,-291],[-76,-307],[6,-193],[-22,-63],[-82,-84],[4,-42],[35,-160],[-13,-282],[-135,-76],[-134,-72],[-38,-45],[-10,-29],[8,-95],[30,-138],[-11,-54],[-15,-25],[-14,-33],[9,-29],[-11,-80],[-308,-567],[-257,-179],[-42,-157],[-21,-98],[-26,-107]],[[67682,62230],[-1,41],[-24,11],[-12,2],[-196,137],[-118,180],[-106,220],[-215,117],[-161,-68],[-69,-202],[-175,-18],[-204,-111],[-358,104],[-187,-380],[-439,-248],[-307,-115],[-235,-18],[-288,-47],[-239,-39],[-53,-8],[-66,-11],[-364,0],[-98,87],[-175,247],[-267,227],[-189,126],[-270,217],[-109,202],[-253,427],[-114,867],[-81,657],[-63,269],[-321,225],[-230,222]],[[61695,65550],[141,114],[143,189],[161,-8],[296,-252],[152,-2],[34,172],[129,315],[-37,368],[-169,208],[-84,214],[89,114],[129,5],[207,-42],[124,139],[120,158],[95,213],[71,247],[6,272],[-49,273],[-74,154],[-129,186],[-118,164],[-163,208],[-110,117]],[[50254,64803],[46,-80],[83,-69],[187,-127],[66,-86],[-9,-127],[146,-143],[146,-230],[130,-51],[123,-227],[83,-31],[64,56],[146,-133],[95,-214],[46,-26],[94,-54],[126,42],[170,-104],[146,-85],[78,-132],[149,-100],[83,-155],[158,7],[149,-19],[146,179],[72,35],[106,-83],[141,24],[117,139],[153,-101],[100,104],[293,-12],[238,-80],[72,74],[57,223],[89,53],[37,64],[167,41],[137,-44],[75,23],[126,-118],[75,15],[34,133],[55,71],[152,-24],[80,6],[75,-37],[149,-139],[147,-88],[91,22],[40,39],[46,-82],[87,-32],[96,-43],[151,34],[124,-40],[43,-59],[96,-103],[52,-5],[91,69],[52,86],[55,30],[54,-74],[30,18],[-7,110],[-80,59],[48,76],[14,19],[128,-43],[3,-95],[111,29],[146,93],[-17,-71],[-8,-58],[68,11],[56,44],[51,-50],[3,104]],[[57276,63261],[-46,37],[11,74],[-5,130],[-3,130],[-112,93],[-152,112],[-86,127],[8,124],[43,104],[107,82],[-38,74],[29,114],[-6,83],[-60,44],[-103,154],[-132,193],[-213,362],[-92,183]],[[52574,67128],[16,-84],[29,-139],[8,-105],[9,-112],[-15,-68],[-186,-189],[-387,-232],[-256,-74],[-390,-71],[-660,-155],[-172,-19],[-416,-55],[-293,-41]],[[49861,65784],[218,-24],[86,-87],[49,-96],[97,-19],[124,-80],[100,2],[3,-114],[83,-115],[-40,-83],[-141,-80],[-120,-165],[-66,-120]],[[57276,63261],[69,89],[11,74],[72,125],[63,-65],[167,111],[66,-111],[-23,-127],[11,-137],[-66,-167],[-11,-183],[48,-198],[69,-527],[1,-29],[2,-166],[-149,-489],[-235,-125],[-211,-217]],[[57160,61119],[129,30],[176,-11],[138,-63],[108,56],[53,130],[99,179],[211,140],[279,112],[155,37],[121,1],[191,-266],[93,-86],[148,85],[80,220],[111,153],[122,137],[-2,134],[-133,333],[209,321],[184,223],[448,252],[203,34],[-201,129],[86,137],[267,89],[259,184],[120,130],[-49,161],[-146,123],[-204,115],[-137,90],[-41,170],[302,155],[350,118],[112,262],[120,214],[135,192],[270,80],[169,-69]],[[49547,69101],[330,21],[163,187],[98,240]],[[49861,65784],[-78,50],[-66,130],[23,133],[-192,207],[-120,-6],[-219,-80],[-192,-59],[-313,95],[-370,109],[-235,84],[-14,170],[-187,53],[-109,102],[-29,89],[-23,195],[-43,220],[-40,62]],[[47654,67338],[9,7],[15,18],[71,101],[18,50],[22,65],[28,28],[50,23],[25,-2],[180,-150],[25,-58],[30,-76],[37,-17],[34,3],[36,12],[23,28],[5,39],[-27,68],[-86,88],[-27,46],[-2,30],[-16,44],[-9,61],[-77,76],[-20,58],[-2,102],[66,33],[120,24],[59,-1],[44,-12],[26,-13],[25,-10],[8,-30],[16,-26],[22,-22],[32,-51],[53,-43],[80,-1],[75,78],[55,-8],[21,-67],[-18,-52],[-7,-29],[-1,-10],[-2,-12],[72,-82],[21,-7],[23,0],[25,-2],[23,7],[25,10],[19,24],[11,20],[64,6],[22,-6],[34,-24],[21,-12],[50,-14],[55,4],[38,32],[54,74],[11,38],[17,38],[23,32],[22,13],[73,173],[174,50],[52,203],[58,125],[-31,217],[-11,328],[-68,124]],[[86916,40568],[-14,155],[-38,128],[-91,72],[10,106],[233,149],[78,117],[19,77],[60,41],[106,25],[114,108],[51,78],[149,127],[60,173],[157,151],[116,207],[85,42],[305,2],[257,-49],[355,277],[288,10],[131,33],[198,122],[141,67],[77,162],[206,522],[196,769],[46,131],[473,444],[294,128],[30,-119],[274,-100],[138,-74],[124,-9],[60,30],[21,52],[10,110],[102,178],[6,11],[-8,45],[0,46],[10,30],[26,9],[36,-12],[30,19],[9,41],[-58,51],[-6,27],[60,36],[35,79],[55,21],[79,5],[177,93],[487,501],[324,396],[674,924],[108,148],[422,580],[135,208],[207,380],[557,1145],[10,313],[-172,647],[-17,217],[-206,46],[-492,35],[-177,112],[-79,7],[-218,-66],[-492,46],[-84,4],[-256,-1226],[-237,86],[-16,13],[-548,184],[-789,201],[-621,169],[-870,90],[-522,196],[-462,135],[-848,305],[-686,65],[-713,58],[-675,677],[-156,29],[-81,275],[-163,301],[-153,90],[-383,-4],[-264,510],[-155,103],[-170,126],[-68,14],[-32,47],[-181,-54],[-118,54],[-232,98],[-352,343],[-193,150],[-144,155],[-9,290],[-254,410],[-81,239],[-111,69],[-159,79],[-134,247],[-241,132],[-187,-19],[-333,85],[-226,15],[-380,377],[-158,164],[-168,166],[-170,203],[-131,-2],[-40,-86],[-85,-80],[-62,2],[-79,96],[-88,-53],[-93,14],[-148,123],[-77,135],[-248,211],[-149,78],[-415,151],[-51,49],[-189,-11],[-80,-17],[-301,-436],[-206,-658],[-509,-744],[-5,-145],[-194,-330],[-176,-369],[-427,-234],[-244,-214],[-315,-252],[-342,-474],[-55,-140],[-88,-14],[-171,-126],[-33,-70],[-1,-235],[-294,-453],[-273,-971],[-354,-357],[-229,-381],[-442,-318],[-122,-215],[-37,-240],[-71,-95],[-269,-89],[-175,-29],[-360,-44],[-308,-147],[-72,-125],[-37,-210],[-35,-246],[-283,-527],[-208,-136],[-139,-295],[-128,-373],[-285,-477],[-181,-137],[-349,-193],[-396,-100],[-140,-44],[-113,-73],[-143,-241],[-205,-292],[-107,-275],[-218,-252],[-184,-425],[25,-612],[-61,-70],[-570,-74],[-59,-69],[-152,-277],[-127,-509],[133,-348],[75,-358],[192,-249],[247,-137],[156,-224],[193,-42],[278,-10],[218,-304],[-67,-132]],[[69798,41795],[5941,-3622]],[[75739,38173],[23,437],[115,87],[477,380],[-56,434],[38,-3],[42,0],[17,-2],[19,-3],[43,-10],[73,-16],[13,-5],[12,-9],[10,-3],[9,3],[28,13],[37,17],[17,5],[32,8],[28,1],[23,2],[17,3],[16,4],[9,1],[10,-3],[14,-3],[8,1],[8,3],[41,30],[11,6],[10,3],[15,2],[14,0],[37,-3],[10,1],[9,3],[12,7],[24,15],[9,9],[25,29],[7,5],[10,8],[14,6],[14,6],[12,2],[35,9],[16,4],[21,9],[11,3],[9,0],[10,-1],[11,-3],[13,-6],[17,-14],[11,-6],[11,-3],[18,-3],[24,-2],[11,-5],[11,-6],[9,-4],[7,-1],[10,1],[18,2],[16,2],[12,0],[10,-2],[11,-3],[8,-4],[15,-7],[8,-5],[39,-33],[13,-10],[13,-10],[12,-7],[22,-10],[8,-2],[5,-1],[15,3],[12,1],[8,1],[18,0],[11,-3],[8,-3],[16,-9],[18,-8],[13,-3],[13,-1],[16,-1],[21,4],[22,2],[11,-1],[11,-2],[10,-4],[20,-6],[7,1],[12,3],[27,13],[51,27],[68,39],[18,8],[33,12],[11,5],[25,15],[19,13],[16,12],[11,11],[9,8],[6,12],[8,15],[6,15],[3,7],[3,5],[4,3],[5,2],[5,-1],[6,-4],[5,-6],[4,-7],[5,-8],[3,-31],[2,-10],[4,-5],[5,-3],[7,-1],[10,2],[7,3],[7,5],[8,8],[8,10],[14,23],[4,8],[4,10],[7,17],[4,7],[3,5],[7,3],[6,1],[7,-1],[10,-3],[9,-8],[7,-8],[19,-30],[7,-10],[7,-6],[6,-4],[8,-4],[9,-1],[13,1],[9,2],[18,6],[76,26],[14,5],[49,13],[10,2],[38,6],[41,8],[10,2],[11,4],[9,4],[78,44],[10,3],[11,1],[12,-1],[20,-4],[97,-22],[20,-5],[17,-3],[7,1],[6,2],[5,5],[5,5],[5,12],[5,17],[4,24],[1,20],[-2,57],[3,11],[3,7],[6,6],[9,4],[12,0],[19,-2],[17,-5],[15,-8],[15,-15],[74,-83],[7,-13],[6,-10],[11,-27],[10,-27],[6,-18],[7,-14],[8,-10],[11,-11],[10,-7],[10,-5],[15,-6],[15,-4],[15,-1],[15,1],[10,2],[10,5],[5,5],[9,20],[25,55],[9,12],[10,8],[16,9],[19,5],[14,-1],[15,-3],[17,-9],[15,-8],[6,-8],[15,-17],[15,-17],[15,-14],[13,-10],[13,-4],[12,-1],[14,-1],[12,2],[11,3],[16,9],[26,19],[84,77],[12,8],[15,7],[15,2],[125,9],[17,1],[23,1],[34,-2],[36,-8],[40,-14],[19,-4],[14,0],[17,3],[12,6],[12,8],[21,13],[32,9],[37,10],[29,9],[37,15],[36,18],[9,7],[9,6],[7,3],[8,-1],[7,-3],[9,-8],[30,-47],[14,-29],[8,-13],[15,-26],[20,-23],[17,-18],[18,-12],[14,-7],[9,-1],[17,0],[70,14],[15,0],[12,-2],[11,-7],[65,-46],[98,294],[396,617],[282,599],[464,-88],[414,187],[459,175],[350,229],[999,398],[97,395],[436,-100],[109,87],[436,94],[534,91],[253,-187],[338,-218],[259,-35],[287,31],[80,-224],[-143,-266],[-128,-158],[-175,-247],[-37,-269],[30,-93],[55,-271],[87,-32],[256,-128]],[[22763,58787],[12,-81],[108,-124],[98,-19],[77,-15],[43,-76],[68,-88],[18,-52],[-26,-26],[-100,22],[-126,-26],[-289,-137],[33,-64],[-14,-69],[-88,-89],[-132,-99],[-96,-39],[-64,109],[-105,-61],[-156,-77],[-32,81],[17,32],[-44,129],[-142,414],[140,73],[197,96],[141,102],[38,-34],[39,49],[62,23],[122,-15],[69,-32],[132,93]],[[22317,53275],[-266,-55],[-135,-21],[-407,-66],[-342,-180],[-348,-180],[-78,41]],[[20741,52814],[-57,34],[-30,122],[-177,148],[-122,155],[16,106],[77,197],[65,222],[43,148],[26,161],[-73,152],[-392,339],[-403,399],[159,349],[133,205],[-30,-7],[-185,-72],[-95,96],[-91,63],[-129,49],[-107,55],[-185,163],[-79,112],[-10,112],[10,99],[135,179],[71,119],[83,109],[-145,119],[-63,74]],[[19186,56821],[-19,50],[-65,79],[-44,55],[-87,77],[-85,123],[-33,97],[-16,112],[47,99],[-43,52],[-69,34],[-51,87],[-17,62],[-18,97],[0,36],[14,21],[33,13],[37,34],[24,47],[4,38],[-13,72]],[[18785,58106],[69,178],[38,141],[43,131],[-76,248],[-49,181],[-101,87],[-64,67],[-149,43],[-144,141],[26,99],[54,115],[39,61]],[[18471,59598],[151,-27],[142,-34],[214,-59],[81,22],[120,135],[-3,124],[91,-10],[71,56],[123,-9],[18,73],[29,27],[21,19],[47,81],[82,-74],[225,-221],[102,-148],[49,-157],[152,-92],[350,189],[704,447],[280,258],[301,114],[471,177],[267,101],[121,65],[165,62],[139,68]],[[22984,60785],[130,58],[119,53]],[[23233,60896],[79,-150],[63,-120],[-65,-178],[24,-127],[-100,-176],[58,-67],[56,-65],[78,-90],[118,-137],[101,-118],[112,-129],[127,-147],[119,-135],[149,-169],[104,-118],[78,-89],[70,-314],[66,-295],[158,-288],[122,-222],[98,-178],[52,-94],[238,156]],[[25138,57646],[-115,-530],[-51,-231],[29,-218],[29,-223],[30,-229],[-50,-226]],[[25010,55989],[-171,-547],[-139,-203],[-336,-19],[-219,-113],[-257,-89],[-181,-87],[-287,-99],[-151,-98],[-90,-243],[-12,-260],[-3,-256],[-16,-160]],[[23148,53815],[-266,23],[-69,496],[-415,-202],[-31,-329],[-18,-190],[-32,-338]],[[16056,55346],[203,-48],[208,-36],[218,-71],[261,-56],[128,-61],[203,-108],[231,-120],[25,61],[-7,183],[-72,147],[-122,216],[-101,160],[430,133],[-84,267],[306,89],[328,114],[214,55],[-11,220],[-27,185],[353,-24],[94,-29],[17,46],[102,55],[83,35],[55,16],[95,46]],[[20741,52814],[-36,-78],[-26,-39],[-3,-82],[100,-148],[-84,-275],[-26,-56],[-916,283],[-188,4],[-293,-81],[-318,64],[-262,144],[-181,236],[-178,-41],[-246,88],[89,162],[18,53],[-209,60],[-331,167],[-316,105],[-288,132],[11,146],[-7,189],[-620,641],[-207,183]],[[16224,54671],[-83,402],[-85,273]],[[16056,55346],[-53,167],[-270,345],[-208,441],[-25,155],[-18,160],[49,204],[43,232]],[[15574,57050],[32,9],[242,138],[113,170],[193,97],[109,39],[182,-21],[235,26],[97,-4],[528,49],[139,-23],[66,67],[103,84],[157,206],[190,84],[284,117],[217,167],[112,-62],[163,-87],[49,0]],[[18471,59598],[17,305],[35,184],[32,108]],[[18555,60195],[-128,-13],[-243,-24],[-531,1],[-261,-5],[-192,37],[-112,21],[-275,25],[-260,14],[-263,-58],[-214,-37],[-186,-37],[-234,3],[-162,29],[-187,60],[-102,41]],[[15205,60252],[15,-110],[-12,-220],[-70,-323],[-39,-136],[-74,-157],[-46,-133],[-39,-250],[-60,-82],[-86,-185],[-64,-176],[-2,-149],[0,-95],[-22,-164],[-21,-158],[-125,-156],[-16,-136],[-89,-121],[-88,-147],[-14,-134],[-66,-150],[-37,-148],[-33,-90],[-66,-184],[-57,-151]],[[14094,56497],[215,-65],[29,-17]],[[14338,56415],[57,57],[251,160],[179,120],[346,213],[56,15],[252,48],[92,44],[3,-22]],[[12747,57102],[18,171],[-10,216],[-42,206],[-79,243],[79,38],[286,60],[57,59],[218,48],[179,56],[66,-116],[48,-52],[17,-45],[26,-69],[40,-79],[43,-93],[-30,-58],[-60,-102],[13,-73],[31,-84],[2,-88],[21,-76],[-7,-83],[56,-35],[-9,-65],[-14,-71],[23,-44],[-40,-106],[11,-63],[71,-79],[28,-99],[36,-61],[85,-8],[184,-53]],[[14338,56415],[-7,-26],[-77,-20],[-192,-15],[-69,-6],[-39,7],[-82,35],[-76,47],[-93,47],[-99,52],[-61,31],[-15,7],[-233,-106],[-182,4],[-17,-10],[-148,-2]],[[10067,59801],[22,205]],[[10089,60006],[208,31],[300,-71],[119,-1],[159,-5],[237,62],[125,22],[109,30],[76,41],[60,6],[75,-24],[50,-22],[63,-39],[111,-61],[121,-16],[123,-6],[127,-25],[144,-41],[140,1],[62,-42],[74,-82],[17,-21],[128,-94],[147,-113],[82,31],[305,83],[210,75],[109,45],[21,-56],[198,155],[138,84],[233,99],[140,76],[88,135],[99,130],[109,57],[176,104],[159,74],[66,-4],[86,3]],[[15083,60627],[97,-245],[25,-130]],[[26931,62159],[18,-108],[-25,-138],[-12,-87],[181,-323],[96,-192],[48,-80],[-71,-82],[12,-249],[27,-160],[146,-335],[424,-428],[216,191],[164,101],[215,32],[409,-117],[10,60],[11,283],[86,5],[101,-9],[111,-9],[44,-166],[66,-49],[179,7]],[[29387,60306],[99,-14],[102,19],[103,17],[233,-37],[199,173],[40,37],[164,96],[108,41],[97,3],[125,-37],[47,18],[15,9]],[[30719,60631],[87,50],[236,210],[153,110],[93,95],[98,17],[42,67],[-2,93],[-26,138],[-33,136],[-40,59],[-51,51],[-72,34],[-135,84],[-32,27],[-140,111],[-72,65],[-142,82],[-99,71],[-163,145],[48,135],[4,171],[79,83],[28,47],[-8,121],[234,58],[192,-27],[44,-1]],[[31042,62863],[258,-7],[198,67]],[[31498,62923],[-6,194],[116,243],[-27,118],[-57,142],[-51,228],[91,178],[33,156],[-49,67]],[[31548,64249],[-78,-106],[-63,-92],[-39,-86],[-102,-74],[-44,-67],[-102,70],[-87,35],[1,3],[7,21],[9,25],[-115,72],[-27,128],[-92,8],[-112,-54],[-47,-35],[-37,-18],[-23,17],[-20,11],[-10,-2],[-7,-9],[-2,-64],[-9,-4],[-2,-4],[-22,-10],[-78,56],[-5,51],[-25,-2],[-33,-13],[-28,2],[-9,-11],[-98,58],[-60,63],[-97,54],[-269,21],[-421,-8],[-388,-52]],[[29014,64233],[-214,-85],[-493,-181],[-267,-135],[-248,-192],[-194,-164],[65,-158],[2,-110],[47,-226],[-305,-105],[-3,-24],[64,-146],[-72,-82],[2,-88],[-72,-58],[-44,-49],[-62,-79],[-153,-176],[-136,-16]],[[29931,63636],[-24,-9],[-58,5],[-42,2],[-5,-1],[-32,-14],[-13,-3],[-105,-19],[-202,-38],[-50,-9],[-26,-8],[28,-97],[39,-143],[22,-115],[186,-16],[4,0],[5,-2],[32,-14],[4,-2],[2,-2],[1,-3],[17,-43],[10,-9],[23,36],[16,18],[27,26],[38,26],[15,24],[45,51],[7,4],[64,28],[7,8],[7,13],[32,65],[12,22],[1,2],[2,3],[1,2],[1,2],[2,2],[1,2],[3,2],[3,3],[5,5],[27,22],[-13,12],[-23,46],[-28,22],[-11,21],[-29,40],[-28,33]],[[35644,62056],[-100,-110],[-330,-73],[-383,279],[-268,68],[-138,176],[-109,163],[-502,33],[-224,54],[-571,289],[-536,211],[-312,-1],[-363,-59],[-310,-163]],[[31042,62863],[142,-232],[130,-196],[118,-117],[52,-143],[169,-71],[135,-52],[63,-1],[149,14],[98,26],[152,76],[9,28],[54,164],[160,122],[207,-36],[362,-346],[82,-136],[167,-124],[144,-158],[34,-127],[4,-12],[4,-10],[38,-112],[101,-74],[183,-15],[132,6],[207,-61],[189,-275],[261,-373],[376,-440],[175,-125],[-5,-103],[-12,-135],[-46,-60],[-23,-64],[121,-79],[184,4],[166,62],[135,-40],[155,-145]],[[35814,59503],[77,212],[61,157],[-6,91],[152,25],[4,138],[70,76],[99,-39],[-2,55],[67,65],[-82,93],[23,85],[109,186]],[[36386,60647],[38,38],[56,6],[60,15],[6,132],[-33,111],[-153,216],[-114,105],[-119,126],[64,85],[-33,102],[-139,3],[-143,-92],[-82,91],[-138,302],[-12,169]],[[35814,59503],[-50,-126],[-58,-93],[-143,-127],[-13,-181],[-81,-79],[-143,-39],[-122,-31],[-267,62],[-377,-108],[-301,-95],[-279,5],[-320,-62],[-169,-64],[-76,-191],[-56,-194],[-56,-152],[-220,-18],[-262,-5],[-119,-46]],[[32702,57959],[-280,270],[-213,209],[-29,50],[-152,274],[-61,104],[-167,235],[-110,158],[-94,131],[-82,116],[-160,226],[-101,144],[-76,108],[-63,88],[-74,105],[-77,108],[-96,135],[-80,114],[-68,97]],[[31286,54300],[193,283],[-142,207],[-196,256],[109,118],[455,199],[163,115],[-151,134],[177,179],[141,397],[38,278],[39,325],[-129,291],[239,341],[227,289],[200,225],[53,22]],[[29387,60306],[-41,-315],[-6,-412],[169,-651],[63,-416],[20,-378],[101,-481],[112,-230],[83,-294],[88,-183],[161,-211]],[[30137,56735],[137,-38],[84,-6],[303,14],[338,41],[20,-213],[-38,-227],[-37,-237],[-63,-239],[-57,-137],[-33,-156],[-46,-168],[12,-333],[5,-181],[-43,-475],[107,-18],[263,-5],[197,-57]],[[43557,73283],[32,-59],[171,-217],[3,-281],[83,-186],[52,-137],[2,-120],[-33,-149],[-27,-71],[-49,-121],[3,-123],[138,-102],[135,-65],[275,-16],[150,-193],[132,-174],[56,-96],[61,-50],[113,-28],[111,-36],[222,-117],[105,-44],[174,78],[82,154],[77,-127],[12,-149],[-15,-153],[-44,-227],[69,-70],[26,-74],[-120,-231]],[[45553,70099],[-74,-51],[-6,-83],[14,-90],[-136,-238],[11,-54],[-58,-148],[-15,-9],[-18,22],[-320,-51],[-100,1],[-29,-6],[-2,-45],[-42,-5],[-31,-13],[-33,4],[-24,-9],[-57,-5],[-118,1],[-11,-35],[15,-45],[24,-38],[-9,-15],[-65,10],[-42,-5],[-34,-78],[-5,-131],[-85,-98],[-81,-73],[-193,45],[-125,-8],[-362,-295],[-207,-43],[-97,15],[-196,-223],[-140,-108],[-310,-87],[-178,-145],[-367,118],[-299,157],[-327,96],[-339,-6],[-178,87],[-284,-71],[-271,-116],[-165,-98],[-97,-121],[-67,10],[-22,16],[-3,3],[-3,3],[-2,4],[0,3],[1,4],[1,2],[-1,2],[-1,3],[-2,4],[-2,3],[-2,4],[-4,3],[-3,2],[-4,3],[-6,7],[-4,3],[-6,4],[-2,1],[-3,0],[-2,0],[-4,0],[-2,3],[-4,6],[-4,4],[-1,4],[-2,4],[-1,4],[1,3],[0,5],[1,4],[0,2],[-1,3],[-1,4],[-2,4],[-1,2],[0,5],[2,4],[0,4],[0,3],[-1,4],[-2,3],[-1,2],[-1,2],[0,6],[0,3],[0,2],[-1,2],[1,3],[1,3],[1,1],[2,4],[1,3],[1,3],[2,3],[3,6],[4,6],[5,7],[2,3],[3,2],[6,4],[3,2],[3,1],[4,0],[3,1],[2,1],[2,3],[3,2],[2,1],[2,1],[2,0],[3,0],[2,2],[4,3],[3,3],[3,3],[2,1],[2,1],[2,3],[2,4],[0,4],[1,3],[2,4],[1,1],[0,4],[1,4],[1,2],[2,1],[0,2],[0,2],[-1,2],[-1,3],[0,4],[0,2],[2,3],[2,2],[1,2],[1,3],[0,3],[-1,1],[-2,3],[-1,4],[0,2],[-1,2],[-2,3],[-4,4],[-1,4],[-1,4],[-1,3],[-1,3],[0,3],[-1,5],[1,9],[1,4],[1,3],[2,5],[0,3],[2,2],[2,4],[2,3],[3,12],[0,4],[1,4],[2,7],[3,9],[0,6],[1,6],[2,4],[1,4],[2,6],[-94,48]],[[39934,68500],[127,150],[215,161],[69,241],[-12,151],[6,223],[43,158],[118,213],[-75,152],[-11,507],[-49,371],[-317,190],[-290,-18],[-22,-11],[-262,-129],[-291,-159],[-99,-208],[-165,-271],[-184,34],[-227,24],[-367,99],[-290,102],[-205,172],[-102,174],[-38,121],[-25,77],[0,196],[8,38],[28,140],[62,70],[1,131],[-69,107],[-79,118],[5,58],[80,87],[89,10],[129,26]],[[45553,70099],[101,-13],[1,-20],[49,-14],[10,-32],[3,-47],[17,-49],[-8,-36],[54,-111],[352,161],[37,148],[3,98],[21,51],[95,94],[105,14],[171,127],[27,306],[172,64],[47,27],[28,136],[17,3],[84,-73],[138,65]],[[47077,70998],[261,78],[76,422],[64,195],[-38,32],[-122,-29],[-44,144],[-73,81],[-118,72],[-180,45],[-83,-22],[-34,245],[-63,41],[17,129],[-250,299],[-24,449],[247,288],[241,204],[243,179],[179,125]],[[47077,70998],[109,-50],[81,-12],[73,4],[63,47],[108,193],[-1,39],[10,22],[61,50],[140,35],[55,35],[234,93],[26,-121],[43,-287],[140,-352],[-38,-165],[-45,-197],[75,-158],[178,-126],[177,-143],[72,-105],[92,-207],[14,-198],[3,-198],[-10,-136],[184,45],[182,1],[224,-6],[220,0]],[[43888,65891],[41,-16],[31,-5],[35,-4],[29,0],[53,14],[31,14],[41,20],[40,51],[54,38],[12,29],[22,40],[5,15],[6,12],[8,8],[10,7],[27,13],[13,7],[8,5],[6,4],[10,4],[24,7],[14,7],[16,15],[8,8],[6,9],[3,7],[1,8],[3,8],[3,4],[4,2],[7,-1],[15,-6],[9,0],[9,0],[11,5],[9,2],[6,1],[7,0],[8,0],[7,1],[9,3],[22,14],[16,10],[14,6],[10,3],[9,2],[10,-2],[11,-3],[45,-28],[11,-8],[8,-8],[26,-29],[13,-11],[8,-5],[10,-4],[15,-4],[85,-17],[20,-3],[26,-4],[30,0],[48,2],[10,1],[12,2],[30,9],[15,5],[9,2],[13,0],[13,1],[22,-1],[15,-1],[28,0],[9,2],[8,2],[8,4],[10,7],[6,8],[4,8],[2,8],[1,9],[-5,5],[0,3],[-2,4],[1,6],[-1,5],[0,8],[-1,11],[-2,5],[-1,10],[-3,8],[0,8],[2,7],[2,10],[0,7],[-2,34],[0,8],[3,30],[-2,18],[-10,18],[-7,28],[-11,55],[-4,15],[-10,22],[-13,36],[-6,20],[-3,12],[3,19],[4,11],[5,13],[4,11],[8,9],[1,25],[8,11],[6,9],[-1,18],[-11,48],[-18,73],[-10,20],[-10,17],[-7,9],[-10,9],[-14,9],[-9,6],[-5,4],[-2,6],[-1,8],[4,22],[6,13],[9,13],[7,12],[29,32],[10,10],[15,12],[9,6],[11,5],[11,2],[14,0],[14,-1],[12,-5],[9,-5],[7,-8],[8,-12],[14,-23],[19,-33],[12,-24],[68,-104],[10,-16],[4,-14],[-1,-12],[-2,-15],[-4,-9],[-3,-8],[0,-6],[4,-9],[7,-10],[8,-8],[11,-6],[9,-1],[15,0],[9,3],[10,5],[14,9],[9,7],[11,9],[7,10],[7,11],[6,10],[2,11],[1,10],[0,10],[-2,11],[-2,12],[-5,15],[-10,21],[-23,55],[-7,15],[-4,11],[-2,14],[1,8],[1,11],[23,77],[5,12],[6,11],[7,6],[8,9],[11,7],[14,9],[13,4],[12,2],[13,-1],[12,-3],[12,-7],[18,-12],[51,-71],[13,-24],[9,-17],[15,-34],[10,-24],[75,-125],[16,-22],[9,-10],[12,-9],[17,-8],[24,-6],[10,-3],[10,0],[4,0],[14,2],[17,4],[12,4],[13,9],[5,4],[4,6],[6,12],[2,9],[2,14],[4,30],[2,22],[0,31],[1,17],[4,15],[8,16],[8,13],[6,11],[13,11],[13,11],[18,11],[20,11],[16,6],[13,2],[10,-1],[11,-5],[18,-10],[8,-4],[10,-1],[15,-1],[28,-1],[15,-2],[9,1],[12,2],[44,13],[14,3],[11,1],[6,-1],[32,-5],[10,0],[19,2],[10,2],[8,2],[9,6],[7,6],[9,9],[9,10],[6,14],[3,7],[1,7],[0,8],[-10,61],[-1,12],[-1,12],[-1,10],[1,16],[1,9],[1,10],[2,7],[20,52],[18,46],[6,13],[5,8],[5,9],[9,10],[8,7],[6,5],[7,3],[9,4],[7,3],[40,24],[28,18],[38,31],[12,9],[6,3],[22,10],[11,4],[7,4],[7,6],[17,21],[12,16],[12,13],[8,8],[14,12],[14,9],[20,17],[8,6],[6,4],[9,2],[9,0],[13,-3],[21,-7],[16,-4],[12,-1],[11,1],[15,4],[12,3],[22,13],[11,7],[8,2],[14,4],[30,5],[12,0],[6,-2],[10,-9],[6,-12],[1,-8],[0,-10],[-3,-10],[-10,-19],[-6,-17],[-10,-40],[-4,-30],[0,-11],[1,-13],[13,-46],[5,-23],[2,-14],[-1,-10],[-2,-17],[1,-11],[2,-9],[7,-9],[4,-13],[2,-13],[4,-18],[1,-5],[6,-5],[32,-17],[8,-3],[10,-5],[25,-16],[54,-34],[6,-10],[6,-11],[5,-9],[27,-19],[15,-11],[10,-8],[6,-2],[7,2],[31,16],[5,4],[2,5],[1,6],[2,49],[9,78],[12,77],[6,33],[3,18],[2,14],[-2,20],[-1,10],[-4,9],[-7,14],[-4,5],[-7,4],[-5,2],[-5,4],[-4,7],[-1,7],[2,8],[3,7],[17,21],[11,14],[5,6],[3,9],[4,5],[6,5],[5,3],[17,4],[16,1],[12,6],[11,9],[14,17],[7,10],[11,10],[15,10],[13,6],[10,2],[11,0],[26,0],[20,0],[36,3],[10,-3],[6,-9],[2,-13],[-1,-11],[-21,-53],[-7,-13],[-4,-10],[0,-12],[1,-13],[25,-69],[1,-12],[-3,-10],[-13,-20],[-5,-10],[0,-10],[4,-9],[7,-6],[51,-21],[13,-1],[9,3],[9,-1],[10,-4],[8,-6],[9,0]],[[39934,68500],[-206,-243],[-135,-201],[-123,-254],[-98,-176],[-198,12],[-120,68],[-95,-18],[-110,119],[26,167],[-102,-263],[-263,-161],[-122,-129]],[[38388,67421],[144,-337],[98,-192],[33,-58],[50,-55],[78,-51],[100,-27],[902,-268],[80,-22],[90,-11],[66,2],[94,18],[625,206],[55,11],[23,0],[44,-12],[573,-420],[93,-74],[86,-83],[261,-350],[71,-102],[48,-55],[97,-72],[65,-25],[43,-3],[75,6],[107,25],[489,185],[383,201],[151,15],[170,113],[36,27],[35,19],[30,7],[25,2],[23,-4],[18,-8],[18,-17],[14,-25],[32,-47],[26,-23],[49,-26]],[[50254,64803],[-210,-226],[-106,-204],[-224,-360],[-135,-282],[-131,-164]],[[49448,63567],[-113,102],[-212,-9],[-149,31],[-149,161],[-181,31],[-163,-68],[-250,-84],[-178,96],[-218,-22],[-106,-5]],[[47729,63800],[-147,2],[-100,-155],[-169,-135],[-35,-192],[-55,-178],[-139,-155],[-159,-14],[-184,39],[-117,60],[-115,-50],[-241,-6],[-132,99],[-138,136],[-146,140],[-89,-96],[-80,-229],[-107,-109],[-126,-62],[-152,21],[-227,122],[-359,145],[-97,19],[-158,136],[-26,173],[-97,25],[3,-167],[-224,96]],[[44113,63465],[-181,641],[-123,-9],[-261,-40],[-69,390],[-138,343],[-62,161],[-33,103],[-34,133],[20,121],[-89,130],[10,82],[164,78],[246,-16],[217,-39],[65,101],[0,142],[43,105]],[[38388,67421],[-70,-69],[20,-170],[-101,-29],[-226,-200],[-154,-187],[-264,258]],[[37593,67024],[-64,-799],[410,-1185],[-248,-424]],[[37691,64616],[1098,-820],[844,-492],[522,-197]],[[40155,63107],[600,-227],[953,24],[1061,-193],[672,75],[239,113],[135,-9],[195,-54],[108,17]],[[44118,62853],[170,247],[-144,40],[-31,325]],[[37593,67024],[29,374],[-201,817],[-699,237],[-352,209],[-228,267],[64,768],[-544,282],[-637,-37]],[[35025,69941],[74,127],[95,98],[161,167],[117,85],[-26,136],[-7,140],[73,98],[35,115],[-136,63],[-99,130],[-108,88],[-96,73],[-105,85],[-36,75]],[[16224,54671],[-227,-181],[-129,-82],[-236,-464],[-239,-491],[-93,-145]],[[15300,53308],[-3,-359],[63,-297],[-180,-58],[-204,-313],[-74,-137]],[[14902,52144],[-65,-121],[-117,-261],[-70,-280],[-181,-65],[-97,-266],[-47,-64]],[[14325,51087],[-45,55],[-42,203],[-38,212],[-16,233],[20,138],[-6,231],[-59,88],[-56,119],[48,210],[-52,183],[-99,148],[-4,261],[18,158],[-122,261],[-60,146],[-8,90],[-119,233],[68,101],[-107,95],[-184,108]],[[14325,51087],[-414,-560],[-323,-305]],[[13588,50222],[-13,171],[3,221],[-27,149],[-119,62],[-154,5],[-63,0],[-44,65],[-33,79],[-46,95],[-82,3],[-96,-28],[-73,-33]],[[12841,51011],[-39,2],[-128,6],[-184,-28],[-246,22],[-71,-240],[-187,-121],[-259,-104],[-516,-143],[-476,-21]],[[10735,50384],[-96,546],[-99,533],[-131,555],[27,583],[-72,312],[-345,197],[-229,338],[-159,111]],[[9631,53559],[40,242],[53,49],[108,294],[195,263],[69,104],[76,206]],[[13588,50222],[-33,-147],[-37,-219]],[[13518,49856],[-158,-41],[-197,74],[-116,123],[-125,220],[-130,346],[27,172],[22,261]],[[10735,50384],[24,-168],[-64,-287],[-136,-481],[15,-215],[14,-246],[-23,-136],[13,-227],[-38,-184],[-167,-102],[-142,-201],[-121,-132],[-79,-109],[20,-109],[9,-160],[-42,-146],[-35,-92],[30,-73],[21,-118],[20,-171],[53,-31],[59,-139],[80,-146],[120,-92],[48,-65],[-7,-67],[-41,-123],[-43,-55],[-147,-43],[-28,-95],[-31,-58],[-17,-70],[6,-82],[47,-124]],[[10153,45837],[-169,-4],[-264,-9],[-178,-118],[-316,-330],[-86,-50],[-112,0]],[[9028,45326],[-120,72],[-247,134],[-134,38],[2,245],[14,373],[32,268],[-34,131],[-91,219],[2,225],[-18,196],[-5,218],[-63,202],[-68,216],[-70,226],[-114,347],[-56,64],[-70,131],[-29,115],[-139,183],[-48,93],[-23,59],[-92,3],[-45,95],[22,67],[-66,47],[-61,68],[41,152],[34,75],[-79,253],[62,154],[37,124],[-31,106],[-15,131],[-63,81],[32,130],[7,129],[4,89],[20,13],[9,5],[-25,48],[51,70],[-17,109],[-60,1],[16,64],[-47,92],[27,86],[-5,74],[48,0],[-63,128],[-3,87],[-8,31],[-29,93],[-77,56],[-26,68],[3,78],[-46,31],[-15,68],[33,45],[-41,61],[8,62],[-1,54],[-3,40],[-1,33],[-45,104],[-41,114],[-42,124]],[[7156,52624],[102,37],[-37,180],[-38,455],[65,418],[110,449],[56,220],[126,40],[161,-56],[145,-111],[267,-217],[197,-215],[401,-364],[227,-123],[451,-21],[121,52],[121,191]],[[9965,44378],[207,16],[79,278],[146,253],[-11,298],[-58,262],[-94,236],[-81,116]],[[9028,45326],[42,-48],[10,-204],[-23,-380],[47,-48]],[[9104,44646],[154,-117],[150,-50],[174,-79],[172,-32],[211,10]],[[6295,49907],[34,-167],[34,-94],[49,-172],[84,-81],[67,-200],[125,-296],[76,-142],[234,-416],[248,-415],[171,-558],[96,-369],[39,-459],[7,-384],[-10,-391],[6,-261],[70,-163],[50,-348],[-66,-473],[63,-93],[109,-249],[82,-207],[-59,-201],[-164,-329],[-68,-135],[-168,39],[-189,159],[-192,34],[-111,116],[-139,149],[-86,59],[-60,-16],[25,-50],[-21,-81],[10,-107],[-12,-61],[-11,-71],[21,-35],[2,-65],[11,-22],[-28,-61],[10,-10],[-35,-47],[2,-66],[-26,-90],[-12,-40],[-41,-25],[1,-49],[-18,-40],[-21,-45],[-18,-36],[-48,-54],[26,-38],[-34,-37],[10,-77],[14,-102],[-1,-137],[0,-106],[13,-130],[112,-105],[14,-131],[-76,-144],[-154,-76],[-104,2],[-137,-5],[-138,-116],[-84,-171],[-76,-113],[-132,-209],[-95,-134],[-3,-148],[-83,-212],[-50,-75],[-40,-93],[-101,-81],[-100,-189],[-46,-55],[-67,-32],[-98,-14],[-138,-50],[-149,-58],[-36,-31],[-42,-109],[-14,-123],[-33,-116],[-53,-67],[16,-95],[-95,-93],[-43,-53],[-3,-58],[-122,-5],[-47,-45],[-4,-28],[-36,-5],[-49,-110],[-56,-31],[-13,-46],[-37,-32],[-7,-39],[-91,-88],[-63,-70],[4,-100],[-35,-54],[-122,1],[-78,-51],[-3,-75],[-17,-81],[-27,-51],[-111,-61],[-99,-72],[-54,-78],[-49,-100],[-61,-60]],[[3221,37927],[137,-78],[34,-131],[-80,-88],[-54,-121],[72,-118],[29,-166],[322,-228],[86,-138],[-112,-207],[110,-124],[133,-130],[136,-177],[264,-112],[-9,-163],[226,-340],[371,201]],[[4886,35807],[116,292],[132,262],[121,193],[123,268],[69,306],[-103,178],[-32,147],[-160,243],[5,196],[167,250],[156,325],[68,339],[159,204],[90,370],[202,313],[45,273],[247,233],[187,276],[157,176],[90,151],[79,27],[75,90],[132,50],[52,97],[112,90],[94,31],[150,144],[66,140],[72,107],[45,164],[90,104],[11,192],[43,118],[20,125],[80,59],[37,106],[38,93],[-86,106],[-6,156],[95,62],[192,-9],[261,16],[-42,337],[-66,396],[188,167],[257,328],[214,279],[176,269]],[[7156,52624],[-105,-43],[-206,-49]],[[6845,52532],[60,-427],[38,-275],[49,-286],[-15,-85],[-175,-140],[-249,-160],[-119,-48],[-102,-86],[23,-87],[63,-124],[106,-212],[134,-200],[101,-161],[49,-145],[57,-151],[-112,28],[-75,94],[-383,-160]],[[5043,50241],[396,725],[122,359],[73,344],[-267,248],[-180,315],[-204,257],[-319,175],[-321,161],[-339,115],[164,381],[100,348],[74,255],[-476,581]],[[3866,54505],[758,-226],[965,-505],[242,-420],[423,-731],[198,-158],[393,67]],[[6295,49907],[-43,-23],[-93,254],[-100,322],[-22,264],[-180,-549],[-120,-223],[-324,112],[-137,38],[-233,139]],[[30137,56735],[-684,231],[-404,189],[-327,138],[-277,211],[-289,-15],[-245,-152],[-227,-35],[-304,92],[-280,81],[-402,-268],[-409,40],[-501,190],[-462,9],[-188,200]],[[23233,60896],[69,68],[100,88],[491,353],[611,242],[457,198],[209,96],[230,-617],[-16,-134],[21,-101],[112,6],[88,163],[175,186],[263,181],[132,43],[163,115],[91,228],[235,103],[152,31],[115,14]],[[22984,60785],[-45,159],[5,120],[-116,205],[-251,150],[-244,233],[-211,244],[-391,400],[-21,573],[4,296],[-672,25],[442,424],[27,341],[-99,467],[192,223],[107,275],[100,262]],[[21811,65182],[260,11],[379,-12],[123,-90],[98,-111],[378,49],[236,-22],[215,124],[40,84],[-17,161],[72,173],[-101,93],[-146,93],[-75,43],[-57,-15],[-178,65],[-46,124],[-43,126],[138,47],[51,62],[-72,107],[-77,147],[3,92],[29,59],[-17,139],[-18,28],[63,152],[41,155],[-75,65],[-55,144],[-83,10],[-40,22]],[[22837,67307],[132,343],[66,31],[106,41],[193,-14],[287,-187],[232,-124],[244,-102],[83,222],[60,192],[55,93],[115,-210],[189,74],[101,59],[25,99],[198,-164],[273,-232],[261,-223],[226,-174],[316,-213],[247,-251]],[[26246,66567],[61,-148],[223,-254],[138,-207],[261,-208],[204,-117],[390,-226],[330,-177],[201,-52],[241,-41],[353,-250],[267,-387],[99,-267]],[[23620,64774],[-52,-26],[-7,-28],[-45,9],[-36,30],[-8,31],[-27,25],[-47,60],[-43,30],[4,44],[28,-3],[41,-17],[20,-11],[36,-5],[39,-10],[34,-15],[55,13],[32,12],[36,5],[29,-17],[3,-73],[24,-38],[-29,-20],[-40,3],[-47,1]],[[22837,67307],[-106,-28],[-89,-25],[-106,-39],[-12,64],[-109,-62],[-31,75],[-63,-64],[-81,30],[61,430],[43,306],[43,319],[215,71],[-14,170],[226,-44],[109,62],[18,122],[-253,216],[-132,83],[-132,-152],[-166,-101],[-176,160],[-226,184],[-213,150],[-40,-130],[0,-77],[-215,37],[-215,16],[-63,-161],[11,-71],[126,-93],[-43,-260],[-40,-124],[-49,-108],[-117,34],[-109,-83],[-6,-95]],[[20883,68119],[49,-40],[-49,-9],[33,-31],[-72,-40],[33,-75],[-126,-38],[46,-39],[-16,-31],[-10,-32],[35,-33],[-51,-45],[-43,-65],[13,-128],[-10,-90],[-93,37],[-16,-59],[-82,-17],[-46,-4],[-18,-40],[-75,29],[-163,-9],[-88,1],[-158,98],[-162,45],[-165,196],[-191,-5],[-109,116],[-120,160],[-191,65],[-220,35],[-143,-31],[-230,131],[1,85],[-12,1],[-47,3],[-63,-25],[-36,54],[-68,22],[-12,34]],[[18208,68345],[-18,-11],[-17,4],[-2,30],[20,69],[15,42],[-2,44],[-17,33],[-22,31],[-58,23],[-4,-57],[-35,-1],[-60,85],[2,-45],[-14,-1],[-16,38],[-5,23],[-37,-11],[-4,-30],[-15,-8],[-27,1],[-18,-22],[5,-30],[-8,-4],[-19,45],[-21,-6],[-10,-12],[32,-62],[-25,-40],[-51,6],[-46,-9],[-8,-20],[5,-39],[5,-22],[27,-9],[4,-39],[66,-55],[-37,-107],[1,-57],[-59,-42],[24,-31],[-19,-27],[56,0],[53,-41],[47,-65],[9,-35],[-20,-36],[68,-42],[8,-50],[36,-18],[6,-35],[-27,-67],[36,-64],[41,-41],[24,-27],[50,-19],[34,0],[12,-24],[52,19],[41,-28],[-4,-49],[-49,-35],[-6,-6],[-24,-26],[-48,-1],[-17,-26],[-17,-30],[107,-41],[60,23],[-6,-69],[1,-18],[-62,-16],[12,-77],[38,-49],[41,-56],[9,-56],[4,-37],[-46,-40],[-177,-625],[115,-372],[-181,-235],[-363,-253],[111,-459]],[[17764,64896],[491,-67],[-66,-322],[278,-595]],[[18467,63912],[233,25],[122,9],[227,17],[167,13],[186,94],[187,95],[142,70],[246,121],[294,144],[61,203],[-4,220],[-162,451],[19,220],[327,193],[469,33],[232,-116],[281,-358],[176,-91],[141,-73]],[[20883,68119],[-53,68],[-314,231],[-111,205],[-205,80],[-241,67],[-26,245],[-85,192],[97,258],[51,466],[-117,167],[146,145],[20,296],[83,152],[12,153],[-26,125],[126,217],[112,274],[63,130]],[[20415,71590],[16,102],[43,175],[91,132],[45,158],[-101,154],[-63,21],[-64,60],[-62,130],[-22,181]],[[20298,72703],[-28,1],[-33,-5],[-33,-27],[-32,-32],[-64,-35]],[[20108,72605],[-55,1],[-84,6],[-82,3],[15,159],[36,94],[28,44],[-15,111],[-41,30],[-53,-13],[-53,-18],[-24,-90],[-5,-231],[-136,-113],[-128,-37],[-89,4],[-80,-11],[-53,7],[-55,41],[-101,102],[-60,55],[-69,84],[-62,112],[-2,21],[44,53],[29,57],[6,50],[31,112],[-27,32],[-37,6],[-46,-13],[-48,-22],[-32,-84],[-52,-54],[-80,-139],[-64,-157],[-32,-27],[-17,-153],[31,-98],[-31,-149],[-66,-14],[-92,26],[-65,18],[-83,-10],[-90,-53],[-51,-57],[-44,24],[-105,-46],[-33,-27],[-89,29],[-89,-15],[-54,-46],[-83,-120],[-28,-22],[-61,3],[-91,45],[-64,56],[-30,59],[-13,48],[15,39],[92,153],[7,44],[-25,106],[-23,37],[-52,14],[-55,1],[-57,-28],[-97,-44],[-105,7],[-91,1],[-26,35],[-50,226],[-52,63],[-61,29],[-54,7],[-47,-12],[-11,-42],[-42,-39],[-175,-116],[-25,-59],[-46,-151],[-184,-125],[-97,8],[-92,32],[-19,22],[-57,43],[-57,47],[-48,90],[-2,74],[27,52],[53,41],[10,59],[-3,83],[-2,53],[-25,36],[-48,-1],[-36,-18],[-21,-52],[-58,-23],[-67,-72],[-31,-135],[-49,-73],[-55,-19],[-30,-3],[-56,15],[-44,48],[-97,25],[-74,0],[-18,1],[-28,3],[-64,46],[-41,60]],[[15091,72866],[-19,-68],[85,-150],[10,-117],[-14,-129],[108,-103],[137,-112]],[[15398,72187],[69,45],[45,-27],[-12,-72],[44,-33],[-3,-67],[65,-40],[-54,-58],[-7,-92],[8,-71],[36,-38],[42,28],[120,-167],[56,15],[-18,-82],[23,-54],[91,-3],[41,49],[50,-5],[-22,-22],[-68,-67],[-66,-31],[1,-50],[59,-40],[68,-23],[64,59],[-3,-61],[8,-62],[47,9],[131,66],[-20,71],[37,50],[-9,-72],[46,-1],[6,-35],[82,-47],[-51,-33],[63,-43],[-29,-89],[86,-59],[-36,-94],[80,0],[38,64],[96,44],[68,46],[-4,-54],[-76,-74],[39,-34],[46,-56],[79,2],[30,-20],[-35,-119],[-82,9],[-64,-57],[47,-42],[48,33],[34,-34],[-23,-75],[89,-10],[39,55],[76,-51],[66,-14],[45,-43],[35,25],[11,-32],[-52,-32],[8,-54],[66,-23],[49,37],[-6,-50],[-7,-70],[122,-33],[46,33],[66,-20],[1,75],[19,33],[49,14],[29,4],[73,-54],[45,-61],[47,13],[62,-70],[-49,-10],[-40,-50],[-19,-78],[26,-33],[88,68],[52,-20],[-9,-156],[33,-100],[39,-15],[78,58],[13,97],[24,14],[20,-37],[-35,-102],[46,-36],[12,-49],[-60,-22],[-15,-42],[76,-9],[32,-31],[-70,-27],[26,-41],[37,1],[-14,-55],[-11,-42],[31,-14],[23,27],[30,-28],[-7,-39],[62,-40],[16,-69],[80,-49],[15,-21],[-65,-7],[-61,8],[-42,38],[-44,15],[-10,-41],[5,-39],[6,-30],[12,-23],[29,25],[31,-6],[17,-28],[7,-42],[3,-33],[-52,13],[-5,-31],[65,-32],[13,-40],[-15,-6],[0,17],[-13,13],[-20,-4],[-15,-28],[34,-55],[24,-7],[5,9],[6,28],[12,6],[25,-17],[13,-33],[4,-35],[10,-4],[13,10],[9,20],[14,12],[16,-10],[16,-30],[10,-25],[20,-21],[-75,-18],[-40,3],[-25,-23],[-7,-45],[2,-45],[27,-27],[15,12],[21,58],[25,8],[27,-45],[10,-40],[-17,-7],[-39,14],[-17,-14],[21,-41],[42,-26],[11,-48],[-9,-22],[-14,-20],[1,-19],[-6,-15],[27,-31],[-10,-46],[-38,-23],[-24,-31],[6,-47]],[[27149,52857],[73,-81],[169,69],[230,118],[255,180],[241,270],[149,-53],[319,-155],[253,-127],[2,-134],[26,-261],[92,22],[149,-31]],[[29107,52674],[-92,304],[32,444],[235,280],[511,127],[-51,1127],[137,633],[95,528],[25,213],[95,330],[43,75]],[[25010,55989],[468,-106],[310,-65],[299,-62],[75,-16],[276,-58],[-19,-401],[-22,-435],[-28,-574],[155,-497],[892,-239],[107,-229],[-374,-450]],[[24264,50606],[-98,175],[-150,227],[-112,255],[-88,152],[-123,72],[-86,96],[-150,64],[-133,89],[-14,10],[-171,152],[-215,340],[-33,120],[104,183],[-60,593],[213,681]],[[27149,52857],[-274,-183],[-488,-6],[-1057,-1084],[-510,-411],[-556,-567]],[[31414,48163],[-65,-299],[-51,-474],[115,-199],[244,-205],[197,-160],[65,-342],[-1146,-771]],[[30773,45713],[-244,271],[-407,87],[-309,48],[-441,-26],[-562,12],[-354,78],[-504,-53]],[[27952,46130],[-455,768],[-857,496],[-806,955],[-135,41],[-1130,344],[-348,608],[-48,1129],[91,135]],[[29107,52674],[286,-66],[389,-77],[212,-31],[158,-53],[40,-81],[3,-171],[9,-130],[143,-109],[80,-56],[-5,-130],[-108,-203],[-54,-227],[95,-258],[132,-261],[192,-155],[189,-190],[20,-87],[-146,-159],[-121,-226],[-71,-150],[-39,-238],[172,-121],[160,-125],[58,-127],[13,-318],[26,-548],[40,-96],[336,-121],[98,3]],[[29110,48691],[-76,28],[-97,101],[-65,106],[29,60],[-40,85],[-72,91],[-12,57],[25,83],[21,68],[-96,63],[48,124],[44,-3],[80,63],[115,80],[62,-22],[153,-50],[130,-60],[130,-53],[-60,-172],[-3,-17],[-12,-70],[-4,-22],[23,-65],[210,-120],[205,-115],[-70,-141],[-64,-40],[-114,-7],[-72,-16],[-162,-30],[-121,-19],[-135,13]],[[31414,48163],[172,81],[419,189],[462,358],[575,334],[435,260],[158,354],[290,477],[91,204],[148,-133],[155,-118],[152,-40],[275,-59],[155,49],[186,9],[238,6],[319,144]],[[35644,50278],[-453,205],[-387,274],[73,546],[76,414],[25,322],[-240,241],[-138,135],[-179,159]],[[34421,52574],[-140,-157],[-228,-374],[-192,-160],[-73,99],[-119,426],[-40,522],[34,312],[-8,312],[0,395],[-35,111],[-68,196],[-100,71],[-33,12],[-98,35],[-197,72],[-102,110],[-168,127],[-59,-33],[-235,45],[-214,51],[-198,52],[-109,17],[-131,-250],[-173,-255],[-94,-118],[-216,56],[-139,52]],[[35644,50278],[246,390],[290,50],[450,-5],[402,-2],[225,-29],[313,33],[170,-70],[224,-29],[249,200],[71,-16],[526,-242],[149,49],[117,-111]],[[39076,50496],[21,-259],[79,-286],[72,-265],[132,-314],[117,-205]],[[39497,49167],[-283,54],[-270,22],[-143,-16],[155,-227],[293,-354],[-93,-449],[-81,-712],[-67,-261],[56,-505],[55,-161],[-132,-287],[-8,-344],[3,-271],[63,-255],[274,-303],[265,-145],[410,-129],[189,-78],[139,-54]],[[40322,44692],[-573,-2314]],[[39749,42378],[-277,-1115],[-834,-103],[-844,408],[-862,-1090],[-1275,-564],[-941,-56],[-516,-76]],[[34200,39782],[-433,1354],[-143,638],[-448,1272],[-529,817],[-103,158],[-499,428],[-1272,1264]],[[41982,54878],[-122,-204],[-157,-184],[-63,-128],[-72,-122],[-83,-58],[-78,-94],[-103,-153]],[[41304,53935],[-141,118],[-163,84],[-87,-202],[-77,-201],[-53,-83],[-104,-171],[-133,-67],[-42,-194],[-80,-240],[-248,-231],[-155,-146],[-158,-130],[-310,-19],[-80,-134],[-75,-338],[-129,-137],[1,-117],[-102,-110],[-99,-64],[0,-127],[-46,-71],[-130,101]],[[38893,51456],[-148,173],[-102,324],[-40,233],[-164,388],[-8,420],[11,136],[-26,90],[207,246],[123,407],[158,319],[218,323]],[[39122,54515],[250,-127],[201,-56],[89,-50],[149,90],[81,149],[25,47],[105,61],[162,240],[167,-25],[257,-16],[222,-36],[120,-35],[230,-12],[802,133]],[[42391,51052],[-37,-330],[615,-760],[584,-833]],[[43553,49129],[-241,-327],[-291,-247],[-376,-246],[-1180,-564],[-835,694],[-605,615],[-244,109],[-284,4]],[[39076,50496],[198,217],[-71,137],[-132,252],[-178,354]],[[41304,53935],[111,-67],[-15,-78],[-30,-207],[140,-176],[-3,-162],[-252,-296],[5,-86],[180,28],[383,104],[81,-61],[127,-329],[66,-301],[257,84],[37,-1336]],[[37691,64616],[-227,-132],[-112,-108],[-240,-150],[-278,-202],[-70,-283],[-218,-197],[-386,-218],[-75,-366],[193,-233],[-281,-156],[-163,-35],[-135,-305],[-55,-175]],[[36386,60647],[7,-11],[45,-7],[24,-2],[74,-34],[12,-43],[27,-23],[195,-69],[45,-5],[42,22],[46,0],[24,-6],[-1,-27],[5,-11],[56,3],[50,11],[37,-3],[36,-8],[27,-14],[55,-13],[87,46],[39,47],[51,35],[12,12],[13,29],[11,18],[24,15],[22,6],[29,1],[27,0],[26,-3],[26,-8],[78,-47],[45,-19],[84,-39],[53,-45],[45,-52],[93,-35],[50,-10],[47,13],[30,-1],[20,-25],[41,-76],[28,-67],[70,-72],[127,-20],[131,7]],[[38501,60117],[148,150],[287,152],[416,-155],[164,-105],[200,164],[196,242],[151,272],[95,239],[-34,261],[-96,309],[-53,180],[60,626],[-1,300],[121,355]],[[44118,62853],[95,-60],[76,-84],[-217,-311],[-68,-647],[344,-1178],[-883,-1909]],[[43465,58664],[-291,-271],[-332,-276],[-450,-304],[-275,-271],[-285,-257],[-272,-233]],[[41560,57052],[-19,-4],[-17,-1],[-28,9],[-15,7],[-14,13],[-15,27],[-6,20],[-3,33],[1,24],[5,25],[27,120],[6,35],[-1,51],[-2,14],[-7,20],[-12,17],[-21,26],[-117,67],[-24,12],[-29,9],[-25,5],[-27,1],[-102,1],[-35,2],[-27,5],[-24,7],[-60,26],[-29,9],[-21,6],[-19,2],[-17,-5],[-96,-33],[-14,-3],[-12,0],[-13,3],[-11,4],[-74,55],[-22,14],[-24,10],[-99,37],[-28,11],[-18,14],[-16,14],[-32,41],[-16,19],[-13,25],[-12,31],[-14,35],[-12,22],[-18,20],[-43,29],[-40,25],[-37,11],[-26,8],[-15,15],[-23,21],[-6,16],[-13,35],[-6,14],[-9,9],[-30,11],[-14,19],[0,21],[-6,29],[-12,15],[-33,14],[-45,17],[-7,23],[-6,7],[-16,7],[-25,0],[-28,11],[-9,12],[-8,20],[-4,49],[0,32],[9,15],[12,4],[25,2],[23,14],[13,13],[5,17],[11,22],[15,6],[21,22],[15,24],[14,9],[3,11],[-19,26],[-9,28],[1,47],[-1,41],[-21,54],[-25,39],[-12,41],[-28,34],[-43,18],[-11,30],[-17,45],[-20,33],[-29,19],[-31,19],[-17,21],[-16,46],[-7,42],[3,42],[-15,30],[-39,27],[-34,45],[-51,14],[-50,-19],[-42,7],[-31,-4],[-33,-29],[-23,12],[-33,34],[-37,19],[-55,18],[-51,53],[-52,45],[-62,25],[-70,16],[-46,40],[-32,48],[-58,34],[-14,48],[-33,53],[-51,23],[-77,27],[-86,41],[-32,47],[-1,51],[12,124],[-22,38],[-48,24],[-37,20],[-38,-2]],[[34421,52574],[113,185],[62,102],[87,92]],[[34683,52953],[-85,117],[-51,116],[0,37],[-12,106],[25,141],[-49,119],[92,27],[1,94],[-47,123],[-10,141],[-17,142],[-6,78],[205,19],[171,4],[76,3]],[[34976,54220],[-3,109],[1,82],[31,87],[69,153],[74,137],[125,189],[136,139],[152,99],[167,72],[23,115],[17,106],[-39,193],[88,228],[30,131],[-79,51],[-101,112],[23,141],[-74,76],[-60,137],[-12,164],[6,178],[-89,210],[-29,87],[35,95],[30,157],[89,168],[4,90],[-36,188],[69,197],[29,129],[242,10],[300,2],[178,-14],[120,-253],[-16,-167],[-151,-387],[-84,-338],[-24,-133],[161,-232],[120,-91],[168,-173],[174,-221],[198,-281],[503,-574],[368,257],[387,215],[633,286],[-76,-525],[-89,-493],[132,-172],[152,-307],[74,-134]],[[41982,54878],[-422,2174]],[[33699,54225],[128,-17],[71,17],[75,54],[25,38],[25,71],[-20,113],[7,123],[39,87],[33,169],[33,190],[-37,120],[-114,61],[-102,-1],[-84,-33],[-94,-76],[-73,-5],[-47,-135],[4,-184],[-13,-154],[28,-122],[8,-111],[41,-37],[-12,-99],[4,-49],[75,-20]],[[34976,54220],[191,7],[196,-8],[111,4],[133,-1],[124,-216],[143,-333],[105,-316],[46,-154],[-17,-43],[-19,-49],[-101,57],[-113,49],[-70,32],[-61,-74],[-44,-39],[-1,-126],[-72,-135],[-212,-42],[-150,-51],[-181,-76],[-118,69],[-82,76],[-16,73],[-85,29]],[[40322,44692],[473,-259],[812,-975],[906,129],[524,681],[598,709],[477,523],[843,145],[766,-220]],[[45721,45425],[65,80],[92,176],[47,93],[20,111],[-100,264],[-73,231],[-89,143],[-105,111],[-103,107],[-65,153],[-90,207],[1,150],[-24,207],[202,134],[210,218],[116,165],[77,168],[141,306],[141,415],[104,336]],[[46288,49200],[-238,-275],[-378,-413],[-327,379],[-360,431],[-373,415],[-228,146],[-88,31],[-152,-58],[-138,-180],[-46,-135],[-42,-96],[-206,-238],[-77,-187],[-82,109]],[[43465,58664],[1362,-694],[85,-44],[139,-70],[226,-116],[197,-188],[219,-143],[96,-71]],[[45789,57338],[163,-127],[283,-173],[191,-163],[152,-153],[97,-131],[273,-223],[442,136],[228,155],[178,121]],[[47796,56780],[-185,107],[23,87],[-218,127],[-256,173],[-169,115],[15,208],[40,301],[264,56],[407,-9],[307,52],[302,177],[25,211],[109,369],[32,335],[26,235],[37,224],[141,-6],[384,-28],[152,-44],[187,227],[9,93],[-64,201],[-71,196],[117,136],[118,148],[175,218]],[[49703,60689],[-40,297],[-15,273],[-31,104],[-175,157],[97,123],[-195,174],[-226,16],[-282,164],[-43,327],[-63,233]],[[48730,62557],[-63,-3],[-227,35],[-129,9],[0,104],[-26,119],[-43,92],[18,131],[-78,68],[-72,160],[63,100],[-157,13],[-104,12],[-43,81],[-20,108],[-63,71],[-72,56],[15,87]],[[48730,62557],[121,63],[80,34],[100,-7],[135,-68],[161,-62],[83,13],[84,108],[60,53],[-81,247],[-89,180],[-22,143],[106,52],[28,106],[-48,148]],[[57160,61119],[-226,-513],[-35,-68]],[[56899,60538],[-223,-433],[-325,-605],[-286,-476],[-493,-691],[-305,-629]],[[55267,57704],[-462,61],[-121,191],[-269,200],[-345,303],[-238,137],[-172,136],[-221,214],[-31,134],[-6,214],[77,114],[-14,230],[86,31],[32,127],[-26,164],[-138,28],[-112,-59],[-321,-12],[-262,-1],[-298,-21],[-206,6],[-101,12],[-201,13],[-152,-40],[-178,-106],[-155,-154],[-238,9],[-272,46],[-276,142],[-120,171],[-69,87],[-176,229],[-226,134],[-187,164],[-166,81]],[[54771,56963],[-238,-80],[-2167,-1784],[-1213,749],[-229,141],[-103,265],[-824,130],[-14,-409],[-787,64]],[[49196,56039],[-138,232],[-91,294],[-262,116],[-423,95],[-52,155],[-140,89],[-115,-94],[-99,-81],[-80,-65]],[[55267,57704],[-496,-741]],[[19421,76544],[112,-261],[39,-221],[17,-208],[24,-171],[-45,-151],[-64,-181],[93,-218],[28,-249],[-63,-95],[-24,-101],[-107,-27],[16,-153],[23,-84],[145,-61],[139,-197],[91,-113],[-67,-73],[-77,-107],[14,-108],[63,-171],[55,-132],[87,-117],[112,-68],[124,-87],[-23,-200],[-25,-385]],[[20298,72703],[47,15],[67,60],[0,63],[-26,63],[11,66],[46,37],[78,23],[109,-51],[127,-37],[127,19],[69,7],[38,21],[-18,65],[-55,90],[1,77],[44,55],[55,28],[101,32],[78,36],[64,24],[31,72],[21,47],[34,12],[33,-9],[48,-77],[4,-61],[-48,-55],[-20,-67],[6,-59],[20,-41],[18,-23],[-14,47],[-6,18],[6,29],[24,59],[60,17],[79,-62],[84,-64],[99,-61],[69,11],[94,19],[85,32],[29,51],[3,29],[-15,56],[-26,47],[-75,92],[-66,93],[-29,76],[15,34],[29,53],[42,27],[44,31],[10,24],[-8,54],[-64,103],[-24,38],[-6,65],[1,37],[16,41],[10,33],[2,15],[11,18],[29,8],[31,-10],[41,-83],[61,-20],[32,-36],[33,19],[63,13],[24,-39],[24,-34],[33,3],[29,29],[29,65],[16,21],[60,64],[46,88],[33,45],[43,12],[36,1],[55,1],[42,36],[39,15],[25,2],[69,16],[52,1],[64,26],[41,64],[36,43],[10,53],[16,37],[20,30],[22,28],[15,17],[41,30],[32,41],[16,29],[15,18],[19,0],[37,-7],[26,-9],[23,12],[70,34],[19,-15],[14,-46],[17,-32],[25,-23],[18,-17],[35,-17],[22,1],[27,1],[21,-8],[14,-7],[18,-11],[64,3],[57,36],[64,-15],[28,-37],[56,-51],[60,-24],[92,2],[68,-19],[49,-7],[46,19],[35,-53],[24,-54],[36,-161],[34,-69],[83,-83],[49,-8],[71,9],[43,54],[38,67],[17,42],[27,20],[-1,25],[-1,48],[34,56],[19,10],[67,-78],[47,-10],[62,0],[65,5],[52,-2],[67,-12],[52,-39],[25,-73],[-19,-55],[-26,-64],[-21,-44],[-9,-58],[15,-67],[31,-34],[57,-23],[56,10],[67,45],[47,28],[61,-14],[54,-38],[20,-35],[-6,-36],[64,-68],[77,-26]],[[15091,72866],[-20,58],[-31,48],[-22,20],[-14,87],[-41,96],[-39,8],[-67,7],[-1,137],[-50,120],[-16,161],[-15,148],[-81,65],[-40,-49],[-17,-18],[-25,24],[-11,67],[-25,96],[-7,37],[20,41],[68,7],[47,39],[9,43],[-35,54],[-118,84],[-117,117],[-281,162],[-53,81],[18,80],[-15,72],[-35,73],[-26,73],[-47,28],[-57,-18],[-34,-25],[-20,-46],[-3,-59],[-35,-60],[-30,-32],[-54,-30],[-22,2],[-53,92],[-108,248],[-66,64],[-61,93],[-62,38],[-64,-28],[-107,-89],[-20,-55],[-17,-88],[-3,-84],[52,-100],[18,-40],[-13,-31],[-24,-31],[-33,-10],[-47,-2],[-30,15],[-16,20],[-13,67],[-27,31],[-71,38],[-101,25],[-85,43],[-36,68],[-59,85],[-37,34],[-17,41],[-2,111],[-2,80],[15,215],[75,148],[51,63],[244,80],[32,28],[9,59],[-31,102],[-166,95],[-162,108],[-128,56],[-46,122],[-194,151],[-108,6],[-31,49],[3,19],[-17,28],[-53,46],[19,28],[29,21],[9,103],[-13,59],[-51,21],[-229,4],[-123,-82],[-49,60],[17,34],[21,80],[5,40],[36,125],[65,126],[70,158],[76,129],[376,-226],[80,-8],[108,-167],[60,34],[86,8],[12,-100],[53,20],[66,133],[64,125],[37,69],[76,79],[232,50],[216,4],[243,68],[25,52],[28,55],[41,84],[7,46],[1,8],[-9,104],[22,89],[64,16],[60,-7],[71,32],[54,16],[160,-43],[-3,-25],[8,-20],[-17,-13],[-4,-29],[284,86],[16,12],[67,92],[121,86],[101,25],[95,56],[135,35],[86,-18],[72,-6],[-6,46],[-26,20],[65,73],[56,11],[68,8],[83,33],[26,-18],[15,-10],[16,-34],[51,-5],[27,-1],[26,-13],[40,-23],[38,-20],[-14,66],[2,12],[5,25],[-2,13],[-20,63],[36,26],[29,25],[29,3],[19,0],[17,0],[15,-17],[19,1],[19,-2],[24,-11],[13,9],[14,-12],[36,-4],[18,-7],[24,-12],[12,-11],[14,-19],[12,-15],[20,-26],[24,-12],[20,13],[23,28],[16,20],[17,21],[9,22],[12,28],[2,16],[6,41],[8,55],[9,60],[3,24],[3,22],[8,9],[19,22],[10,6],[55,35],[73,46],[2,2],[25,21],[14,12],[15,12],[29,24],[26,22],[11,9],[3,0],[14,2],[13,1],[6,1]],[[32930,68062],[-181,43],[-141,99],[-69,65],[-89,-105],[-175,65],[-74,25],[-192,34],[-101,99],[-166,105],[-112,46],[-86,-77],[-172,102],[17,136],[74,152],[146,101],[265,-33],[66,154],[-172,201],[-26,130],[-144,130],[-241,-90],[-109,-80],[-201,-80],[-189,-124],[-187,-117],[-117,-236],[-115,-80],[-184,12],[-143,106],[-115,30],[-98,25],[-115,-136],[-177,-210],[-132,-130],[-139,-94]],[[29336,68330],[-137,261],[-206,284],[11,140],[232,3],[132,-25],[319,-3],[218,-16],[63,56],[29,183],[29,457],[5,152],[18,195],[-10,122],[-128,116],[-69,160],[-57,183],[-75,284],[-33,151],[-254,-18],[-144,161],[-5,139],[-3,102],[189,204],[170,176],[229,414],[95,315],[-32,275],[55,139],[74,182],[-37,99],[-101,27],[-147,-105],[-94,-143],[-36,207],[64,100],[-41,179]],[[35025,69941],[-158,-54],[-79,-85],[-191,-218],[-135,-235],[-270,-359],[-333,-418],[-352,-244],[-342,-148],[-235,-118]],[[31548,64249],[182,-34],[47,-3],[52,-3],[48,-4],[100,69],[80,145],[-97,130],[-40,180],[63,294],[201,133],[200,260],[313,198],[141,149],[46,158],[-66,185],[14,174],[-135,68],[-78,86],[-171,-30],[-147,61],[0,164],[195,118],[302,53],[137,142],[153,155],[91,247],[-2,146],[-64,96],[-114,108],[-98,257],[29,111]],[[26246,66567],[198,35],[198,142],[247,133],[118,176],[89,124],[151,111],[32,-3],[14,24],[55,14],[48,8],[36,31],[56,30],[137,-34],[79,-53],[119,-41],[138,-40],[98,-24],[31,43],[-1,33],[-56,29],[3,63],[25,12],[73,-3],[7,22],[11,43],[-54,38],[-76,65],[-17,39],[-47,-9],[-52,-18],[-55,15],[-9,51],[11,62],[-4,30],[7,52],[21,27],[85,-2],[155,15],[18,155],[76,2],[64,9],[20,56],[27,54],[5,56]],[[28327,68139],[163,47],[35,71],[100,192],[149,-167],[224,31],[338,17]],[[27555,70004],[-77,-101],[-560,-78],[-195,131],[-175,-91],[-210,80],[-311,155],[-559,41],[-329,196],[-517,116],[-307,62],[-164,342],[-220,57],[-374,249],[-100,167],[-163,45],[-46,173],[-184,138],[-230,75],[-120,104],[-121,180],[-160,47],[-172,27],[-282,3],[-143,98],[-195,65],[-224,-142],[-149,-150],[-92,-181],[-350,-176],[-158,-30],[-78,-99],[-80,12],[-62,26],[-33,45]],[[28327,68139],[-86,84],[-161,124],[-109,55],[-132,108],[-29,69],[-160,55],[-18,149],[108,222],[66,55],[39,270],[-29,303],[-37,142],[-29,143],[-17,37],[-86,-3],[-92,52]],[[26083,72620],[46,-168],[13,-211],[4,-154],[63,-101],[62,-162],[56,-114],[51,-163],[-35,-128],[11,-127],[79,-36],[49,81],[60,-133],[51,-84],[41,-62],[48,-114],[109,62],[23,-68],[40,-109],[-9,-115],[96,-144],[120,-62],[17,-167],[71,12],[24,-139],[89,44],[121,-133],[91,-62],[81,-59]],[[17764,64896],[-276,-22]],[[17488,64874],[-63,154],[-169,150],[-256,150],[-241,113],[-169,-78],[-324,183],[-465,316],[-247,161],[9,309],[-129,454],[-72,251],[-104,236],[-220,343],[-356,415],[-222,146],[-195,17]],[[14265,68194],[446,848],[-702,296],[-189,541],[-132,362],[324,616],[438,371],[492,-53],[115,368],[104,362],[109,-62],[122,-34],[54,83],[6,143],[-54,152]],[[14494,63075],[136,87],[52,38],[53,-117],[76,-191],[135,-243],[99,-4],[87,29],[95,47],[102,108],[108,180],[73,191],[133,101],[174,190],[176,379],[261,210],[362,156],[293,133],[175,145],[287,251],[117,109]],[[14265,68194],[-258,2],[-158,-393],[-4,-377],[-205,119],[-276,161],[-250,146],[-74,-47]],[[18467,63912],[29,-148],[88,-126],[99,-135],[80,-95],[52,-14],[166,-109],[105,-68],[-31,-15],[-4,-102],[79,-87],[96,-54],[99,-8],[76,-24],[36,-126],[22,22],[65,66],[46,-57],[89,-72],[72,-102],[-17,-70],[-74,-88],[-90,-60],[-67,-92],[-36,-103],[-135,49],[-69,140],[-152,196],[-182,174],[-68,-191],[-148,-20],[-106,-68],[-59,-180],[-7,-19],[118,-176],[-129,-129],[-125,-148],[-17,-147],[56,-236],[102,-292],[116,-279],[106,-160],[9,-73],[-117,-71],[-50,-54],[45,-169],[-80,-197]],[[10216,61887],[66,-110],[-75,-214],[8,-423],[-42,-397],[2,-308],[44,-229],[6,-27],[-99,-116],[-37,-57]],[[15083,60627],[-54,150],[57,185],[177,204],[94,70],[78,110],[-22,113],[-2,138],[-61,139],[-249,174],[-254,263],[-218,251],[-174,250],[-126,229],[-20,21]],[[10068,65701],[-247,-30],[-171,11],[-257,313],[-77,242],[-227,115],[-523,-40],[-502,162],[-214,-268],[-112,3],[-1082,-42],[-686,105],[-68,1042],[175,1267],[-217,-11],[-755,-485],[-455,-145],[-247,20],[15,322],[-245,40],[-143,-38],[-38,-179],[-143,-6],[-62,156]],[[65090,53368],[60,48],[94,89],[43,48],[90,119],[93,135],[41,150],[54,212],[122,225],[70,191],[78,65],[-15,31],[-29,53],[30,136],[71,147],[29,182],[42,177],[110,260],[126,240],[50,185],[74,218],[-145,429],[35,115],[-9,105],[-41,178],[-91,98],[-29,121],[-102,81],[-3,80],[10,20],[48,-22],[17,3],[2,61],[6,71],[24,18],[48,-8],[6,36],[-18,51],[44,91],[26,134],[69,151],[5,121],[-47,77],[5,47],[57,2],[25,15],[4,114],[-30,23],[10,62],[41,27],[42,115],[25,95],[-12,63],[6,67],[-36,68],[-13,35],[49,55],[120,43],[-3,59],[-11,30],[-110,2],[-16,49],[14,38],[62,5],[20,70],[-7,61],[75,110],[54,99],[-44,141],[-32,91],[0,60],[37,1],[89,-76],[40,-28],[98,17],[91,86],[31,94],[10,144],[49,103],[42,62],[74,23],[107,-31],[152,-53],[81,-47],[42,-5],[44,50],[8,92],[-23,76],[-67,54],[-50,16],[-12,65],[21,44],[136,58],[55,-15],[78,55],[30,36],[137,-42],[57,28],[123,102],[62,59],[50,24],[12,47],[54,29],[60,-28],[44,-26],[34,9],[20,25],[-3,41],[9,70],[77,177],[66,75],[67,-20],[104,13],[50,29],[22,53],[97,30],[11,27],[-95,41],[-99,19],[-70,168],[-118,164],[-136,29],[-26,23],[-45,73],[-131,64],[-81,25],[-86,-14],[-76,30],[-39,43],[-52,57],[-31,25],[-22,4]],[[56899,60538],[110,2],[149,-93],[227,12],[190,-9],[189,-43],[152,68],[138,-267],[135,-155],[312,-59],[244,-27],[184,-118],[72,46],[94,-183],[72,-133],[184,-81],[-55,-210],[86,-109],[132,-183],[-94,-93],[34,-205],[100,-118],[-34,-154],[-34,-149],[5,-171],[141,-74],[77,-4],[61,63],[83,-106],[106,71],[109,-24],[-37,-171],[66,-53],[149,16],[77,-31],[-34,-52],[-9,-13],[66,-38],[130,-40],[106,-74],[96,-7],[105,-37],[11,-46],[-37,-112],[-165,-66],[-96,-24],[-20,-164],[129,-159],[-81,-195],[-160,-214],[-32,-283],[49,-389],[10,-171],[-108,-244],[-97,-229],[-32,-32],[-289,-280],[-241,-203],[-291,-196]],[[59333,54525],[519,64],[587,184],[163,-223],[75,-339],[-146,-384],[-42,-220],[-117,-227],[-85,-267],[-116,-210],[-148,-302],[-7,-243],[116,-93],[293,-207],[301,-143],[172,-57],[41,-3],[215,42],[131,106],[112,115],[188,197],[186,272],[113,85],[89,-28],[64,-127],[123,25],[56,96],[-31,113],[-6,146],[7,86],[61,80],[161,27],[95,-84],[4,-180],[-64,-162],[28,-110],[174,50],[125,160],[75,144],[219,132],[186,110],[78,103],[-44,123],[20,90],[114,85],[92,65],[172,118],[72,64],[236,-74],[332,-97],[371,-143],[238,-75],[159,-41]],[[54771,56963],[691,209],[1056,340],[541,-302],[109,-429],[-1490,-1324],[-39,-735],[871,-887]],[[56510,53835],[838,184],[414,93],[785,192],[411,117],[375,104]],[[56510,53835],[418,-1435],[334,-879],[510,-847],[102,-1543],[1049,-1717],[2883,-242]],[[61806,47172],[440,357],[43,133],[-78,293],[-159,115],[-177,33],[-408,-74],[-604,54],[650,503],[586,285],[162,-183],[98,-19],[476,158],[141,99],[493,262],[226,130],[118,116],[209,45],[196,114],[65,104],[-2,68],[-3,309],[-56,240],[-114,486],[-21,195],[-52,296],[79,147],[41,74],[-427,-31],[-42,50],[-3,47],[17,57],[131,168],[109,75],[14,127],[42,99],[212,283],[234,257],[218,262],[43,59],[73,75],[74,88],[112,98],[33,44],[95,98]],[[45000,53731],[140,82],[217,98],[305,95],[250,37],[184,69],[163,49],[155,-152],[86,50],[46,99],[58,-118],[80,25],[75,93],[51,-68],[310,-286],[293,-192],[199,-122]],[[47612,53490],[10,266],[108,656],[76,358],[370,171],[481,130],[238,49],[161,240],[40,162],[61,143],[90,231],[-51,143]],[[45789,57338],[-164,-383],[-163,-292],[-286,-430],[-350,-469],[-324,-553],[-256,-418],[-134,-232],[16,-83],[37,-104]],[[44165,54374],[66,19],[45,20],[81,27],[65,10],[128,-23],[-4,-115],[50,3],[12,2],[50,4],[0,-59],[78,-12],[2,0],[84,15],[94,-142],[36,-145],[43,-107],[0,-73],[5,-67]],[[44802,53582],[33,3],[51,30],[63,39],[51,77]],[[44165,54374],[17,-166],[57,-11],[-14,-54],[27,-36],[42,-50],[1,-46],[-4,-79],[49,-89],[34,-67],[86,-77],[83,-61],[89,-36],[93,-21],[77,1]],[[42391,51052],[446,321],[427,324],[421,307],[317,431],[258,353],[229,255],[193,253],[75,195],[45,91]],[[48309,52230],[-10,-133],[84,-215],[128,-350],[91,-163],[178,-213],[178,-180],[224,-270]],[[49182,50706],[-398,-76],[-71,-65],[-265,-56],[-409,-41],[-135,-300]],[[47904,50168],[-360,-35],[-159,59],[-175,88],[-6,118],[-382,-216],[-337,-206],[-34,-276],[-134,-407],[-29,-93]],[[47612,53490],[-3,-80],[-25,-458],[11,-163],[-232,-70],[-249,67],[-166,27],[-242,-119],[1,-230],[22,-173],[113,-51],[494,-279],[317,-180],[211,153],[168,151],[111,134],[108,62]],[[48251,52281],[58,-51]],[[48251,52281],[-6,94],[37,150],[94,156],[97,97],[163,95],[77,35],[76,30],[-4,340],[-13,121],[37,118],[125,191],[211,135],[274,127],[192,-9],[95,-5],[0,-62],[-42,-242],[-12,-224],[-14,-122],[-75,-44],[11,-105],[-7,-142],[-117,-94],[20,-163],[-185,-38],[-113,-122],[-24,-170],[-26,-87],[-59,-94],[-98,-52],[-252,-54],[-122,22],[-148,4],[-134,63]],[[49182,50706],[292,-293],[359,-399],[359,-335],[154,-297],[43,-466],[155,-606],[365,-540],[304,-184],[324,-88],[275,-14],[512,-772],[467,-465],[-17,-515]],[[52774,45732],[-28,-481],[592,-314]],[[53338,44937],[1853,-994],[4160,2233]],[[59351,46176],[212,119],[911,132],[248,166],[425,170],[367,232],[292,177]],[[50696,45832],[-79,121],[-1494,108],[-511,94],[-91,72],[-293,229],[-451,191],[-279,-42],[-188,97],[-339,464],[-346,142],[320,124],[108,727],[54,600],[797,1409]],[[52774,45732],[-736,111],[-311,52],[-365,61],[-666,-124]],[[49580,41088],[-392,-348],[-250,-222]],[[48938,40518],[-365,252],[-394,279],[-266,122],[-580,234],[-333,186],[-324,149],[-99,238],[-500,344],[-387,396],[-292,1025],[323,1682]],[[50696,45832],[189,-255],[-94,-416],[-107,-353],[-363,-599],[-270,-329],[-103,-1568],[-201,-578],[-60,-262],[-107,-384]],[[53490,40744],[91,732],[99,794],[8,1420],[-350,1247]],[[49580,41088],[228,-75],[198,15],[215,94],[150,32],[299,-67]],[[50670,41087],[868,-435],[1347,-482],[586,421],[19,153]],[[59351,46176],[60,-134],[35,-121],[99,-294],[106,-284],[132,-446],[-11,-339],[117,-379],[7,-184],[-120,-339],[-120,-124],[-53,-147],[73,-558],[-60,-182],[-26,-78]],[[59590,42567],[-584,-1085],[-496,-775],[26,-851],[-23,-510],[0,-7],[-29,-664],[-700,-524],[93,-146]],[[57877,38005],[-287,-534],[-176,-214],[-587,847],[-532,-404],[-170,-212],[-1,-811],[-873,-50],[-373,730],[-225,471]],[[54653,37828],[-581,638],[-118,517],[-41,664],[-35,265],[34,818],[-203,15],[-219,-1]],[[53075,37490],[-58,6],[-5,36],[32,41],[12,77],[-25,13],[-39,-23],[-83,-71],[-119,0],[-69,6],[-21,2],[-99,75],[-120,94],[-50,64],[42,53],[217,148],[241,-22],[201,88],[87,93],[139,130],[133,25],[86,8],[62,-106],[-1,-67],[1,-82],[-91,-29],[-90,-27],[-47,-153],[-83,-117],[-123,-84],[-39,-154],[-17,-33],[-74,9]],[[54653,37828],[-369,-178],[-416,-413],[-632,-570],[-263,-227],[-461,-531],[-218,-349],[-224,-318],[-241,-350],[-325,-469],[-333,-494],[-312,-554],[-254,-429]],[[50605,32946],[-15,435],[-58,394],[27,79],[183,747],[116,543],[30,525],[40,304],[-226,562],[-65,443],[-42,453],[-165,1135],[-37,603],[-9,659],[43,363],[85,371],[93,320],[29,79],[12,41],[24,85]],[[57877,38005],[452,-387],[210,-343],[318,-431],[557,-262],[809,35],[-416,-1037],[-600,-1039],[1168,-1336],[155,-231],[34,-550],[577,-871]],[[61141,31553],[-1245,293],[-1352,315],[-2422,95],[-1917,212],[-2103,133]],[[52102,32601],[-451,6],[-718,172],[-328,167]],[[48938,40518],[-274,-347],[-361,-309],[-552,-292],[-275,-91],[-324,-140],[-680,-221],[-709,-434],[-807,-405],[-734,-350],[-735,-417],[-605,-303],[-365,-184],[-574,-256],[-134,-69],[-207,-106]],[[41602,36594],[-195,-402],[-368,-631],[-548,-724],[-88,-758],[-91,-232],[-52,-218],[4,-212],[-189,-97],[-431,-81],[-258,-27],[-251,-22],[-210,-19],[-159,-19]],[[38766,33152],[-41,-5],[-125,-195]],[[38600,32952],[-9,-87],[73,-148],[106,-86],[118,-160],[108,-149],[159,-176],[196,-155],[169,-187],[95,-168],[89,-217],[102,-416]],[[39806,31003],[255,97],[244,94],[585,500],[425,568],[321,594],[620,450],[504,472],[626,287],[799,295],[694,-483],[821,-459],[792,56],[464,143],[603,338],[471,174],[304,138],[407,-75],[202,-302],[48,-110],[129,-300],[406,-452],[592,-423],[487,341]],[[53339,28485],[74,111],[224,842],[184,375],[5,418],[-717,807],[-450,683],[-304,444],[-253,436]],[[39806,31003],[63,-153],[51,-166],[98,-264],[132,-229],[218,-643],[264,-761],[-224,-456],[184,-50],[275,-63],[178,207],[236,337],[126,251],[195,347],[143,-329],[184,-312],[276,-275],[447,-219],[442,-7],[752,17],[310,-623],[396,-244],[407,-181],[437,112],[401,500],[339,657],[362,331],[481,13],[425,-288],[621,-240],[194,-491],[1079,87],[781,25],[683,94],[929,263],[936,112],[712,123]],[[38766,33152],[78,166],[-25,115],[-97,119],[-71,121],[-79,8],[-42,-41],[-103,-56],[-114,-36],[-82,-64],[3,-45],[38,-85],[43,-87],[102,-126],[106,-105],[77,-84]],[[39806,31003],[-55,-55],[-48,-120],[-85,-136],[-64,-176],[-53,-214],[-93,-360],[-86,-406],[-79,-345],[-225,-290],[-324,-304],[-233,-182],[-179,-100],[-528,-237],[-422,-186],[-293,-197],[-413,-388],[-379,-433],[-386,-438],[-350,-496],[-409,-490],[-348,-67],[-428,-44],[-295,-42]],[[34031,25297],[-86,385],[-126,557],[-357,1137],[-619,1971],[-600,1037],[-474,833],[-315,680],[-638,1080],[-765,833],[-304,331],[-370,402],[-133,468],[-227,432],[-288,610]],[[28729,36053],[81,248],[638,802],[357,244],[994,681],[837,345],[345,173],[840,419],[240,256],[423,451],[716,110]],[[39749,42378],[567,-259],[402,-269],[-92,-1006],[-72,-367],[-160,-356],[-322,-312],[-149,-286],[-49,-530],[-100,-777],[-121,-586],[-60,-527],[-46,-309],[155,-59],[339,-72],[447,-65],[617,-22],[497,18]],[[53861,24496],[-670,-1170],[-185,-286],[23,-1124],[215,-454],[-511,-605],[-70,-78]],[[52663,20779],[-234,-263],[-291,-307],[-82,-100],[333,-430],[462,-279],[399,-482],[299,-699],[328,-708],[357,-782],[124,-747],[71,-319],[116,-368],[50,-389]],[[54595,14906],[-992,-37],[-838,-50],[-680,63],[-72,336],[-172,564],[-250,624],[-264,267],[-393,169],[-568,72],[-494,-106],[-585,-496],[-264,-301],[-304,-480],[-273,-536],[-324,-942],[-413,-555],[-368,-584],[-346,-576]],[[46995,12338],[-1546,556],[-1149,34],[-2170,-723],[-1119,38],[-1918,515],[-1870,866],[-106,647],[130,310],[470,1121],[-382,1761],[-273,768],[-1127,1289],[-440,1091],[-210,1102]],[[35285,21713],[49,372],[-565,1071],[-149,283],[-80,223],[-119,332],[-110,308],[-150,419],[-81,359],[-49,217]],[[53339,28485],[-436,-661],[-218,-634],[-586,-1386],[620,-382],[1142,-926]],[[61141,31553],[-97,-418],[-6,-26],[-45,-562],[-232,-1084],[881,-938]],[[61642,28525],[-12,-81],[-14,-582],[287,-215],[519,-577],[121,-171],[198,-285],[93,-120]],[[62834,26494],[-550,-246],[-574,-225],[-790,-413],[-602,-329],[-482,-485],[-465,-325],[-195,-163],[-234,-294],[-236,-275],[-625,-451],[-598,97],[-447,238],[-558,265],[-450,-68],[-533,448],[-198,353],[-968,-113],[-468,-12]],[[63345,19741],[-197,-4],[-198,81],[-202,55],[-76,-58],[-99,-211],[-11,-69],[-186,17],[-98,-64],[-35,-128],[16,-156],[20,-113],[309,-67],[267,-69],[362,-96],[369,74],[198,166],[-11,160],[89,127],[35,198],[-35,186],[-63,101],[-56,102],[-143,22],[-124,-133],[-16,-73],[-115,-48]],[[62834,26494],[323,-414],[488,-617],[396,-1134],[439,-729],[557,-728],[158,-295],[355,-660],[59,-145],[647,642],[792,-820],[1529,-1564],[1050,-821],[580,-300],[1544,144],[1000,-332]],[[72751,18721],[-621,-1175],[-1620,-2606]],[[70510,14940],[-366,-155],[-744,-333],[-674,-273],[-718,-336],[-843,-445],[-563,-336],[-1300,420],[-599,804],[-629,677],[-561,882],[-175,-75],[-610,-198],[-531,-72],[-631,182],[-585,342],[-468,486],[-410,514],[-652,439],[-472,236],[-917,300],[-691,173],[-860,386],[-815,357],[-1092,598],[-947,477],[-330,313],[-304,225],[-360,251]],[[70510,14940],[-359,-422],[-568,-675],[-590,-764],[-838,-1415],[-1204,-1443],[-306,-473],[-508,-1590],[-421,-847],[-117,-511],[-964,-1514],[-241,-295],[-347,-460],[-370,-653],[-743,-810],[-321,-518],[-70,-174],[-98,-164],[-18,-413],[-114,-143],[31,-792],[176,-640],[28,-124],[-23,-100],[-27,33],[-70,35],[-119,-23],[-1284,3],[-535,342],[-993,637]],[[59497,1027],[-9,56],[-23,202],[155,545],[567,856],[946,472],[-1313,1951],[-845,1034],[-676,887],[-440,651],[-701,943],[-762,1477],[-546,995],[-370,587],[-224,628],[-537,980],[-176,366],[166,470],[-45,456],[-69,323]],[[46995,12338],[-325,-661],[773,-1098],[1540,-1144],[425,-237],[1136,-1035],[1576,-1588],[648,-768],[662,-785],[651,-1148],[779,-1363],[356,-790],[495,-1098],[1429,-554],[2357,958]],[[73546,33624],[-189,35],[-654,139],[-901,236],[-160,276],[-373,63],[-1160,-1842],[-579,306],[-844,75],[-792,12],[-363,-571]],[[67531,32353],[-280,-616],[-849,-993],[-1441,-647],[-1250,-743],[-497,-172],[-556,-35],[77,-338],[-687,-191],[-406,-93]],[[72751,18721],[1108,1242],[-1055,968],[756,592],[2052,351]],[[75612,21874],[-35,73],[-314,314],[-287,156],[-459,439],[-344,569],[-632,658],[-482,494],[-999,1020],[-373,632],[-464,907],[-333,813],[50,486],[173,408],[356,319],[372,310],[275,275],[287,600],[237,334],[316,319],[199,560]],[[73155,31560],[-201,99],[-4,-59],[-310,25],[-120,37],[46,444],[-81,150],[-218,31],[-17,318],[124,360],[341,9],[233,-15],[-27,-291],[184,31],[121,-81]],[[73226,32618],[-37,254],[230,449],[127,303]],[[73155,31560],[361,279],[29,166],[0,431],[-319,182]],[[67531,32353],[-487,462],[-850,902],[-447,387],[-293,1321],[373,1235],[17,587],[-257,976],[1038,539],[483,92],[81,-28],[112,10]],[[67301,38836],[236,215],[145,145],[138,205],[161,112],[111,249],[105,214],[73,70],[129,112],[66,242],[23,314],[216,544],[99,95],[102,43],[298,1],[429,311],[166,87]],[[75739,38173],[-344,-1547],[-63,-343],[-499,-1436],[-218,-437],[166,-624],[-161,-418],[-803,206],[-271,50]],[[67301,38836],[-43,33],[-3,110],[51,304],[277,394],[8,91],[-40,242],[0,375],[-79,211],[-103,104],[-426,484],[-36,136],[14,320],[-70,295],[-7,178],[-82,99],[-126,-26],[-101,-104],[-34,-145],[-76,-67],[-167,53],[-52,-3],[-29,-45],[-114,-22],[-81,-106],[-230,-118],[-208,-253],[-41,43],[-127,1],[-39,-39],[-44,-163],[15,-239],[-203,-422],[-137,-151],[-315,-162],[-106,32],[-219,-90],[-256,-191],[-140,-91],[-99,-5],[-89,99],[-121,16],[-74,-61],[-446,49],[-37,6],[-68,138],[-81,511],[11,138],[14,155],[-54,62],[-69,28],[-116,-78],[-31,-128],[-172,-27],[-198,35],[-164,112],[-105,2],[-51,-128],[-184,27],[-282,103],[-271,18],[-355,284],[-262,56],[-131,89],[-222,43],[-361,288],[-112,122],[-55,286],[-152,416],[-5,7]],[[75612,21874],[391,1298],[872,-643],[261,-231],[282,-143],[126,-297],[284,-374],[211,-241],[119,518],[210,53],[267,66],[270,48],[326,-16],[337,-39],[322,-71],[214,-218],[120,-79],[169,20],[474,-132],[226,11],[327,-42],[774,32],[174,-40],[174,-51],[631,36],[394,157],[709,71],[239,-17],[289,-107],[592,46],[322,59],[734,380],[119,23],[268,-38],[480,169],[316,78],[503,-15],[338,-19],[69,43],[144,163],[192,146],[441,179],[216,37],[950,16],[1277,472],[348,-46],[646,183],[330,96],[328,107],[376,15],[305,40],[369,157],[135,-14],[112,-43],[257,37],[194,-53],[198,-24],[119,72],[23,155],[27,27],[90,50],[89,94],[122,22],[349,509],[229,40],[178,-35],[67,26],[59,160],[89,50],[43,90],[87,-32],[541,52],[77,95],[63,179],[127,144],[78,67],[119,-59],[61,-13],[170,14],[142,31],[125,-87],[162,-33],[196,47],[57,40],[13,8],[115,-21],[49,27],[57,-14],[34,33],[55,79],[58,25],[81,-4],[116,57],[81,29],[2,162],[37,68],[56,31],[69,10],[174,-49],[67,12],[78,36],[5,23],[-159,107],[-91,100],[-95,196],[-517,352],[-510,1195],[-357,708],[-453,960],[-518,1308],[-374,838],[-839,1823],[-87,248],[-271,176],[-88,44],[-854,693],[-271,58],[-405,475],[-99,199],[-146,231],[-141,64],[-337,494],[-37,126],[-113,142],[-106,-30],[-105,39],[-39,42],[19,84],[-81,73],[-21,72],[13,54],[-31,46],[-49,-17],[-94,-36],[-97,-29],[-216,73],[-183,146],[-523,388],[-158,120],[-138,89],[-207,269],[-279,409],[-360,491],[-138,108],[-450,145],[-477,65],[-302,157],[-248,120],[-253,32],[-229,12],[-104,-17],[-49,-38],[-235,-20],[-84,-44],[-58,22],[-209,177],[-81,136],[-83,131],[-196,579],[-470,329]],[[22658,36066],[-50,26],[-93,49],[-118,4],[-72,-74],[-90,-21],[-101,8],[-94,-14],[-42,-64],[-139,-23],[-92,-49],[-161,-25],[-99,39],[-27,97],[-16,97],[4,118],[-11,125],[30,98],[13,131],[46,131],[36,180],[40,103],[16,45],[-122,161]],[[21516,37208],[80,59],[72,14],[274,169],[233,6],[94,-159],[36,-46],[-27,-128],[103,-132],[75,-61],[90,-41],[56,-115],[-16,-50],[27,-70],[92,-97],[-27,-104],[-47,-94],[-36,-45],[40,-114],[68,-58],[-45,-76]],[[21516,37208],[-27,124],[-112,55],[-68,115],[-7,61],[53,258],[-67,84],[-147,188],[-271,217],[-182,231],[139,494],[-281,6],[-235,24],[-140,109],[-195,-2],[-97,-11],[-134,-31],[-63,170],[-211,256],[-1,177],[0,109],[-60,198],[-59,424],[-195,198],[-181,234],[-373,439],[-36,70],[-260,212],[-371,377],[-302,324],[-26,106],[-27,255],[-51,161]],[[17529,42840],[-771,463],[-506,122],[-275,73],[-185,155],[-145,84],[-100,145],[-174,118],[-210,130],[-286,257],[-273,3]],[[14604,44390],[-245,-86],[-161,-156],[-132,-297],[-105,-406],[46,-280],[316,-447],[-56,-356],[-23,-180],[-78,-412],[-63,-89],[-100,-138],[-112,-158],[-68,-96],[-170,-239],[-70,-98],[-410,-807],[-890,-57],[-716,-533],[-870,135]],[[10697,39690],[-280,43],[-327,-804],[224,-170]],[[10314,38759],[143,-288],[593,-66],[-179,-1143],[279,-243],[355,-181],[488,-56],[279,-60],[91,-65],[310,-247],[313,-140],[284,0],[115,106],[149,125],[221,31],[101,72],[243,19],[428,165],[379,200],[451,262],[462,371],[275,131],[327,-91],[92,-124],[135,-306],[269,-231],[396,-387],[368,-424],[602,-599],[402,-431],[419,-555],[562,-681],[219,-119],[442,-259],[625,-446],[689,-147],[356,-131],[430,-122],[247,-137],[281,-275],[362,-400],[321,-375]],[[23638,31512],[178,188],[235,393],[254,386],[185,231],[108,131]],[[24598,32841],[-131,175],[-14,175],[-134,301],[-317,617],[-167,184],[-193,276],[-168,189],[-104,152],[-52,195],[49,110],[145,252],[-12,240],[10,145],[165,103],[-3,59],[-41,100],[-73,61],[-250,122],[-36,-22],[-59,-134],[-77,-202],[-112,-79],[-136,17],[-127,80],[-103,109]],[[21245,25068],[-69,107],[-322,707],[-637,-31],[-955,-25],[-723,71],[-394,351],[-234,53],[-601,-47],[-763,119],[-628,410],[-253,344],[-433,566],[-112,622],[140,572],[-137,438],[-190,384],[-665,941],[-333,450],[95,72],[111,84],[245,225],[243,269],[133,274],[269,194],[49,134],[165,281]],[[15246,32633],[143,-160],[181,-160],[148,-160],[160,-158],[286,237],[272,180],[441,351],[376,358],[152,-695],[632,198],[372,-247],[285,-323],[347,-354],[323,229],[182,208],[403,422],[349,-125],[221,-107],[390,-441],[266,-391],[201,-258],[213,-222],[481,382],[237,190],[153,167],[205,-71],[242,-216],[222,-403],[524,-772],[285,-678],[-37,-674],[-220,-748],[-118,-727],[-614,-854],[-745,-854],[-388,-276],[-425,-272],[-146,-141]],[[23638,31512],[761,-893],[261,-807],[-60,-1040],[-49,-1092],[229,-550],[361,-676],[359,-453],[477,-604],[425,-560],[-89,-298],[-270,-522],[112,-320],[445,-547],[287,-270],[467,-626],[483,-498],[330,-507],[387,-292],[169,-134],[228,-170]],[[28951,20653],[-317,-271],[-143,-222],[-181,-201],[-247,-497],[-384,-239],[-194,-308],[-169,-269],[-123,-30]],[[27193,18616],[-163,16],[-83,276],[-275,433],[-132,112],[-305,16],[-648,-144],[-821,41],[-592,78],[-470,-44],[-189,-175],[-304,-235],[-271,-195],[-301,223],[-295,84],[-170,-222],[-389,-91],[-222,-163],[-204,-44],[-573,455],[-394,373],[-217,269],[-385,201],[109,172],[135,310],[310,342],[341,341],[69,122],[255,288],[466,442],[278,251],[-264,278],[-213,385],[38,91],[95,260],[94,110],[330,291],[-69,444],[-132,254],[-387,807]],[[15246,32633],[-248,297],[-210,397],[-215,346],[-193,82],[-447,96],[-261,238],[-310,202],[-241,75],[-236,10],[-166,-172],[-144,-103],[-83,38],[-344,-85],[-155,-165],[-103,-209],[-84,-160],[90,-103],[65,-125],[-8,-146],[-127,-150],[-102,-106],[-101,-113],[-112,-109]],[[11511,32668],[-71,68],[-154,167],[-200,116],[-31,240],[-270,74],[-201,55],[-201,140],[80,264],[-186,212],[-95,266],[-71,45],[-87,-204],[-287,-4],[-158,272],[-206,-103],[-48,-133],[-93,-48],[-217,189],[-110,-186],[-161,66],[-120,265],[-124,-162],[-196,20],[-302,128],[-161,172],[-59,220],[-104,24],[-48,-20],[-33,57],[-18,14]],[[7579,34882],[1266,1197],[587,807],[882,1873]],[[27193,18616],[-77,-563],[193,-291],[51,-184],[79,-286],[87,-317],[99,-361],[-134,-104],[-270,-209],[-181,-139],[-292,-226],[-194,-150],[-133,-103],[-1157,-611],[-181,-1215],[-300,-381],[-528,-107],[-370,-75],[-719,473],[-623,-628],[-345,-385],[-357,-377],[-164,-147],[-45,-40],[-533,-371],[-84,-63],[-192,-145],[-407,-236],[-61,17],[64,182],[199,432],[197,428],[220,476],[176,383],[250,840],[-347,740],[-724,1119],[-586,348],[-592,375],[-521,127],[-195,469],[1396,304],[-53,322],[-31,810],[-957,455],[-348,1870],[1030,622],[508,1398],[135,1391],[-78,310],[-218,244],[-287,62],[-1470,-686],[-882,-303],[-756,71],[-941,80],[-120,43],[-252,92],[-394,143],[-221,81],[-213,212],[-120,120],[-400,400],[-547,546],[-111,1783],[-773,933],[410,2046],[-29,251],[-204,44],[-33,281],[58,364],[-341,-245],[-113,206],[59,204],[-218,455],[-149,92],[-283,19],[-182,82],[82,145],[61,110]],[[28951,20653],[694,415],[363,-77],[176,-38],[1037,26],[1015,-24],[875,-59],[984,-212],[591,69],[351,456],[248,504]],[[28729,36053],[-245,18],[-209,24],[-452,-243],[-312,-353],[-305,-366]],[[27206,35133],[-690,-498],[-302,-172],[-491,-293],[-459,-600],[-244,-268],[-227,-233],[-195,-228]],[[27206,35133],[-34,371],[-24,407],[-11,192],[58,481],[77,611],[41,350],[-412,494],[-343,391],[-272,288]],[[26286,38718],[-116,-51],[-212,0],[-295,19],[-155,25],[-206,117],[-242,82],[-221,131],[-126,144],[-94,179],[-100,178],[-310,588]],[[24209,40130],[-303,210],[-218,152],[-1199,834],[-505,157],[-299,93],[-405,125]],[[21280,41701],[-397,176],[-377,77],[-1271,444],[-1706,442]],[[24595,41112],[402,242],[275,255],[205,136],[196,44],[301,-66],[112,-87],[267,-256],[60,-243],[29,-317],[126,-468],[56,-270],[26,-439],[-19,-198],[-93,-173]],[[26538,39272],[-23,-44],[-53,-216],[-102,-254],[-74,-40]],[[24209,40130],[-30,258],[-27,239],[182,200],[140,153],[42,46],[79,86]],[[27952,46130],[-139,79],[-209,55],[-95,-217],[-25,-68],[-66,-78],[-72,-116],[-67,-113],[-51,-130],[-36,-89],[-18,-46],[-47,-119],[-54,-135],[-23,-76],[45,2],[34,19],[15,10],[25,26],[32,17],[33,9],[58,-18],[29,1],[42,-8],[46,8],[36,0],[27,-9],[-1,-174],[3,-62],[40,-228],[-26,-33],[-15,-15],[-7,-33],[-23,-50],[-18,-32],[-17,-24],[-17,-21],[-6,-5],[-33,-22],[-20,-5],[-27,-6],[12,-89],[13,-66],[6,-32],[17,-32],[36,-91],[47,-138],[36,-66],[67,-125],[14,-179],[-10,-178],[0,-278],[8,-193],[8,-158],[-1,-211],[8,-162],[-50,-367],[-80,-289],[-104,-204],[-112,-64],[-60,-80],[-138,-145],[-115,-123],[-57,-160],[-3,-110],[8,-55],[21,-93],[93,-77],[36,-33],[153,-222],[139,-191],[123,-158],[128,-105],[210,-96],[59,-56],[324,-336],[77,-31],[61,-28],[100,-52],[78,-45],[57,-65],[28,-21],[20,-25],[-44,-26],[-61,-13],[-43,-28],[-47,-37],[-41,-30],[-37,-30],[-28,-19],[-30,-11],[-39,-8],[-21,-3],[-58,-8],[-33,12],[-26,10],[-31,-3],[-22,-7],[-26,-5],[-53,-15],[-27,-7],[-43,-15],[105,-205],[156,-255],[104,-162],[96,-37],[53,-11],[58,-8],[12,-2]],[[28436,38272],[-113,-143],[-94,17],[-167,-26],[-97,52],[-48,-2],[-64,22],[-166,34],[-100,14],[-177,153],[-31,98],[-97,88],[-55,37],[-80,58],[-35,97],[-15,50],[-52,51],[-91,42],[2,62],[-25,51],[-161,104],[-88,34],[-144,107]],[[24595,41112],[-383,951],[-147,450],[-346,752],[-1569,1946]],[[22150,45211],[85,1352],[-125,725],[-614,953],[-511,160],[-400,1366],[701,571],[228,955],[520,1012],[129,443],[89,306],[65,221]],[[34200,39782],[-942,226],[-188,-39],[-514,-60],[-488,-146],[-399,-77],[-547,105],[-589,335],[-338,271],[-112,109],[-47,-310],[-417,-687],[-323,-546],[-180,-251],[-225,-183],[-122,-142],[-83,-89],[-25,-18],[-225,-8]],[[15300,53308],[100,-66],[65,-60],[146,-136],[84,-76],[150,-90],[177,-127],[224,-167],[189,-174],[214,-190],[140,-115],[139,-115],[193,-168],[383,-376],[239,-218],[276,-336],[228,-314],[214,-236],[165,-316],[75,-163],[147,-147],[78,-84],[146,-303],[47,-78],[198,-237],[21,-136],[37,-223],[52,-232],[71,-236],[319,-321],[359,-315],[632,-403],[366,-277],[132,-600],[337,-521],[507,-541]],[[21280,41701],[-51,589],[-86,411],[-278,246],[-346,204],[-583,397],[-382,295],[-332,252],[-218,208],[50,511],[-58,111],[-152,287],[-222,452],[-250,523],[-248,418],[-185,345],[-251,8]],[[17688,46958],[45,89],[-15,159],[-39,105],[-39,168],[58,185],[5,117],[-15,61],[-9,118],[-115,101],[-84,62],[-91,-14],[-74,-56],[-204,-85],[-116,-27],[-12,-70],[-18,-64],[0,-51],[-33,-25]],[[16932,47731],[-21,61],[-42,71],[-111,120],[-49,140],[-49,176],[-134,386],[-42,121],[-122,231],[-102,252],[-19,96],[-44,217],[-99,520],[-96,461],[-195,250],[-194,300],[-174,230],[-228,306],[-173,273],[-71,112],[-65,90]],[[16932,47731],[-64,-11],[-43,-28],[-43,-29],[-14,-31],[-46,0],[-4,-44],[23,-79],[-6,-25],[-60,12],[-25,-38],[-10,-122],[42,-110],[3,-83],[63,-135],[52,-6],[47,-24],[30,-57],[17,-65],[-17,-103],[-32,-51],[-58,-58],[-41,-42],[-28,-25],[-419,-53],[-3,-88],[281,-134],[74,-1],[35,-56],[166,14],[59,22],[33,-31],[82,-59],[91,53],[106,64],[113,95],[32,73],[-25,184],[-5,99],[71,39],[170,38],[109,122]],[[14604,44390],[-8,40],[-65,432],[-11,394],[-46,244],[-23,473],[-6,290],[-29,162],[44,163],[80,216],[61,143],[183,67],[97,31],[70,164],[63,84],[69,105],[285,-23],[289,34],[216,43],[266,46],[-120,98],[-263,192],[-231,166],[-4,45],[-77,55],[-178,93],[-173,55],[-177,87],[-289,207],[-158,77],[-151,107],[-97,121],[-110,93],[-137,164],[-121,147],[-70,93],[-124,210],[-22,89],[-65,152],[-54,107]],[[9965,44378],[22,-338],[49,-177],[94,-308],[-40,-396],[-37,-520],[238,-121],[-22,-429],[166,-88],[341,-141],[-6,-501],[-40,-349],[-17,-324],[-20,-393],[15,-363],[-11,-240]],[[4886,35807],[292,-235],[170,-169],[1469,-703],[174,-42],[89,-32],[499,256]],[[34962,82329],[17,183],[-23,82],[10,140],[11,43],[15,37],[44,51],[2,22],[-20,54],[-37,60]],[[39322,85905],[-50,29],[-93,10],[-114,-55],[-8,-20],[-45,-15],[-57,-43],[-32,-28],[-47,-21],[-78,-8],[-103,2],[-39,6],[-57,39],[-46,12],[-26,-19],[-42,15],[-87,48],[-86,0],[-59,-12],[-50,-22],[-23,-21],[-27,-45],[-15,-60],[-51,77],[-88,-4]],[[38129,92728],[78,-134],[118,-41],[318,-7],[160,14],[86,25],[58,77],[26,81],[9,54],[20,10],[1,-56],[70,-228],[164,-120],[155,-107],[37,-11],[44,11],[87,-30],[45,-47],[104,22],[34,-1],[47,14],[36,-10],[107,27],[92,-10],[67,-15],[118,-43],[120,-16],[24,6],[40,67],[52,18],[34,19],[24,-5],[23,-67],[64,29],[14,-12],[38,7],[25,-11],[45,-4],[77,-51],[-61,-1],[21,-68]],[[31243,93015],[-10,6],[-24,51],[-90,112],[-125,34],[-72,-46],[-76,65],[13,119],[94,142],[-74,7],[-104,59],[-49,104],[-36,75],[-122,-40],[-83,-29],[-69,51],[-22,149],[-43,91],[-51,106],[-144,173],[-102,101],[75,119],[106,50],[126,19],[-12,236],[111,108],[-4,184],[190,73],[61,27],[-10,136],[125,42],[-22,165],[98,110],[57,29],[155,-74],[99,34],[51,143],[168,-105],[91,40],[26,129],[-97,141],[11,51],[115,-8],[53,246],[60,131]],[[31687,96371],[15,10],[30,-2],[66,-44],[13,-58],[7,-67],[13,-21],[23,-5],[23,3],[13,15],[12,39],[8,54],[18,52],[10,15],[11,5],[25,-4],[23,-22],[9,-16],[34,-55],[21,-31],[20,-9],[19,-1],[15,5],[15,15],[24,34],[8,15],[10,5],[24,-10],[19,-20],[21,-96],[13,-6],[18,6],[13,15],[33,148],[18,26],[26,10],[30,-16],[33,-53],[16,-17],[12,0],[14,7],[7,18],[-6,16],[-5,38],[20,0],[25,-11],[64,6],[12,19],[1,26],[-3,26],[-9,27],[4,24],[7,13],[21,-6],[14,-10],[30,-23],[21,11],[-10,29],[5,18],[60,-25],[15,1],[5,29],[-8,31],[6,42],[23,3],[22,18],[4,31],[-9,32],[-3,31],[8,19],[21,7],[32,-6],[27,-6],[15,-9],[3,23],[0,29],[21,28],[22,14],[14,2],[10,-12],[9,-7],[38,15],[35,22],[21,30],[19,5],[36,-2],[25,0],[20,14],[6,14],[7,17],[20,25],[23,-5],[25,-22],[11,12],[6,12],[-6,31],[7,35],[4,10],[22,10],[2,14],[10,10],[22,8],[15,1],[28,13],[23,-22],[5,-15],[18,-34],[-1,-12],[19,-19],[41,10],[31,13],[22,27],[6,20],[13,15],[20,3],[24,-10],[35,-10],[22,-14],[15,-18],[13,2],[15,-2],[14,-8],[7,-8],[25,0],[16,15],[14,9],[18,4],[16,12],[23,24],[10,15],[21,19],[16,-10],[7,-21],[0,-18],[11,-19],[7,-16],[5,-14],[11,-30],[4,-15],[11,-8],[15,8],[22,30],[6,10],[13,11],[17,-5],[7,-11],[10,-18],[9,-19],[7,-12],[11,-11],[14,4],[10,10],[2,23],[4,11],[15,12],[15,8],[12,11],[31,19],[32,20],[10,-37],[-7,-26],[-7,-16],[-12,-8],[-17,-11],[-11,-12],[3,-29],[27,-36],[11,-4],[15,-1],[22,9],[40,-19],[19,-9],[35,5],[21,22],[14,20],[32,0],[27,13],[30,19],[43,27],[26,12],[35,-8],[13,2],[21,6],[29,5],[15,-5],[14,-12],[11,-4],[17,6],[19,-7],[25,-4],[19,0],[15,-11],[18,-6],[18,0],[37,8],[18,-14],[5,-19],[7,-10],[9,-5],[12,0],[46,4],[26,-4],[35,4],[27,-25],[8,-13],[25,-23],[7,-12],[12,-8],[11,-3],[10,-12],[-7,-20],[1,-11],[8,-7],[28,17],[16,17],[4,13],[-18,56],[5,13],[22,52],[11,9],[9,7],[4,16],[-6,14],[-40,40],[-8,15],[-17,21],[-2,49],[25,2],[21,1],[29,1],[23,8],[22,-5],[24,-4],[33,-1],[19,-8],[16,-10],[17,-2],[37,-3],[14,2],[13,3],[28,14],[21,18],[24,9],[12,-10],[12,-5],[15,-1],[31,8],[23,1],[21,5],[14,-6],[15,0],[38,5],[15,2],[8,12],[3,20],[-4,14],[-5,26],[-3,22],[-4,49],[1,17],[8,21],[12,26],[13,35],[1,27],[4,14],[12,14],[8,20],[23,16],[10,7],[-5,15],[11,-5],[13,-4],[23,-1],[22,4],[28,1],[11,5],[25,7],[21,-1],[23,-13],[23,-9],[16,-3],[30,-19],[26,-18],[21,-2],[27,0],[15,9],[15,4],[8,12],[11,14],[36,38],[33,21],[29,23],[19,9],[31,1],[63,21],[20,-2],[52,24],[17,11],[-13,-26],[-51,-115],[-121,-274],[-33,-36],[3,-17],[-9,-22],[-21,-43],[-10,-7],[13,-43],[-39,-81],[15,-50],[6,-51],[15,-66],[17,-8],[19,12],[13,-11],[0,-16],[13,-12],[-1,-30],[4,-24],[37,-51],[11,-12],[12,-21],[13,-41],[16,-1],[12,-14],[4,-18],[53,-12],[66,-28],[60,-34],[21,-16],[9,-43],[13,-23],[1,-54],[-11,-42],[9,-79],[7,-65],[13,-20],[38,-55],[-4,-173],[10,-91],[23,-86],[36,-74],[21,-96],[22,-56],[7,-136],[6,-69],[-3,-17],[-13,-19],[-7,-16],[-5,-18],[0,-13],[15,-21],[-38,-156],[-26,-89],[4,-44],[-26,-63],[-7,-19],[-13,-37],[-8,-22],[-25,-51],[-21,-26],[3,-38],[-4,-24],[-2,-39],[6,-22],[23,-24],[21,-13],[8,-17],[-3,-60],[7,-9],[22,-13],[63,-60],[11,4],[21,36],[13,-10],[0,-33],[-2,-44],[7,-13],[18,-23],[12,-15],[-4,-17],[-1,-16],[13,-59],[7,-31],[11,-15],[-4,-26],[-26,-16],[-17,-46],[-12,-41],[-6,-26],[12,-62],[-10,-31],[23,-19]],[[59850,74735],[13,-91],[20,-115],[12,-94],[104,-188],[52,-175],[99,-161],[-105,-95],[67,-74]],[[60269,79577],[49,6],[123,24],[20,-83],[100,-258],[9,-115],[129,34],[64,-3],[255,-139],[121,-62],[146,87],[33,62],[84,241],[218,27],[456,-112],[298,-315],[-65,-396],[-86,-159],[-174,-171],[-248,-124],[55,-145],[413,216],[235,10],[127,-134],[37,-200],[-89,-178],[-169,-115],[-104,-83],[95,-78],[141,-126],[77,-192],[12,-216],[26,-151],[186,142],[124,148],[85,-5],[29,-149],[-20,-188],[69,-124],[-11,-250],[31,-241]],[[70710,87987],[53,-14],[63,-39],[64,-61],[117,10],[117,-21],[137,7],[31,-11],[29,-14],[39,-3],[22,11],[18,15],[26,37],[14,40],[54,38],[32,42],[26,43],[41,40],[22,8],[29,-7],[37,0],[17,11],[75,42],[57,7],[25,-7],[48,-31],[35,-5],[-2,74],[-24,51],[9,25],[-3,22],[-13,23],[-25,15],[-52,45],[-15,22],[-13,9],[-32,1],[-17,20],[-13,30],[-5,41],[-5,51],[-10,74],[-8,83],[15,176],[32,101],[4,17]],[[3866,54505],[-252,124],[-252,-26],[-50,63],[-34,79],[-26,81]],[[28960,95467],[5,18],[51,49],[96,89],[41,25],[57,-20],[157,-24],[288,-51],[158,79],[102,-26],[39,35],[164,157],[109,63],[43,-87],[200,71],[65,23],[39,176],[44,51],[151,19],[144,16],[114,10],[59,11],[66,-17],[52,2],[92,68],[87,50],[118,61],[18,6],[61,28],[57,17],[11,-3],[39,8]],[[3221,37927],[-38,34],[9,70],[57,60],[17,52],[-80,47],[13,88],[-25,7],[-93,-17],[-18,14],[-5,63],[-16,27],[-32,-2],[-65,-85],[-76,10],[-37,-16],[-81,-78],[-16,16],[-46,44],[-55,29],[-73,31],[-135,82],[-80,58],[-10,68],[-31,74],[-60,9],[-21,25],[31,45],[17,32],[-41,34],[-20,11],[-55,7],[-58,-19],[-38,-23],[-29,13],[-32,36],[-22,41],[10,72],[64,36],[48,11],[39,-33],[23,-2],[55,42],[25,94],[53,110],[-4,31],[1167,701],[-125,914],[101,798],[-190,789],[-608,1479],[419,199],[473,1795],[-262,659],[744,1046],[719,655],[206,1097],[109,934]]],"bbox":[-5.883109,32.5994691,-2.892163,34.8952416],"transform":{"scale":[0.00002990975909759098,0.000022957954579545777],"translate":[-5.883109,32.5994691]}}
