{"type":"Topology","objects":{"communes":{"type":"GeometryCollection","geometries":[{"type":"Polygon","arcs":[[0,1,2,3,4]],"properties":{"code":"045010107","name":"Témara"}},{"type":"Polygon","arcs":[[5,6,7,8,9,10,11,12,13,14]],"properties":{"code":"045010311","name":"Sidi Yahya Zaer"}},{"type":"Polygon","arcs":[[15,16,17,0,18,6]],"properties":{"code":"045010301","name":"El Menzeh"}},{"type":"Polygon","arcs":[[-8,15,19]],"properties":{"code":"045010101","name":"Ain El Aouda"}},{"type":"Polygon","arcs":[[18,-6,20,-2]],"properties":{"code":"045010503","name":"Mers El Kheir"}},{"type":"MultiPolygon","arcs":[[[21,22,23,24]],[[25]],[[26]],[[27]]],"properties":{"code":"045010105","name":"Skhirate"}},{"type":"MultiPolygon","arcs":[[[23,28,29,-4,30]],[[31]]],"properties":{"code":"045010103","name":"Harhoura"}},{"type":"Polygon","arcs":[[-14,32,21,33]],"properties":{"code":"045010505","name":"Sabbah"}},{"type":"Polygon","arcs":[[20,2,30,-23,33,14]],"properties":{"code":"045010109","name":"Ain Attig"}},{"type":"Polygon","arcs":[[34]],"properties":{"code":"044410108","name":"Sidi Bouknadel"}},{"type":"Polygon","arcs":[[35,36,37,38,39,40,41,42,43]],"properties":{"code":"044410111","name":"Shoul"}},{"type":"Polygon","arcs":[[44,45,46,47]],"properties":{"code":"042811103","name":"Chouafaa"}},{"type":"Polygon","arcs":[[48,49]],"properties":{"code":"044810107","name":"Mechraa Bel Ksiri"}},{"type":"Polygon","arcs":[[50,51,52,53,54,-50,55]],"properties":{"code":"044810509","name":"Sefsaf"}},{"type":"Polygon","arcs":[[56,57,58,59,60,61,53]],"properties":{"code":"042810915","name":"Souk Tlet El Gharb"}},{"type":"Polygon","arcs":[[62,-61,63,64]],"properties":{"code":"042810909","name":"Sidi Allal Tazi"}},{"type":"Polygon","arcs":[[65,66,67,68,69,44,70,71]],"properties":{"code":"042811105","name":"Lalla Mimouna"}},{"type":"Polygon","arcs":[[-48,72,73,69]],"properties":{"code":"042811111","name":"Sidi Boubker El Haj"}},{"type":"Polygon","arcs":[[74,75,76]],"properties":{"code":"042810707","name":"Oued El Makhazine"}},{"type":"Polygon","arcs":[[-69,77,78,-77,79,73]],"properties":{"code":"042810701","name":"Arbaoua"}},{"type":"Polygon","arcs":[[80,81,-71,45]],"properties":{"code":"042811107","name":"Moulay Bousselham"}},{"type":"Polygon","arcs":[[82,83]],"properties":{"code":"044810103","name":"Had Kourt"}},{"type":"Polygon","arcs":[[84,85,86,-78,-68]],"properties":{"code":"042810705","name":"Kariat Ben Aouda"}},{"type":"Polygon","arcs":[[87,88,57,89,66,84,90],[91]],"properties":{"code":"042810703","name":"Beni Malek"}},{"type":"Polygon","arcs":[[91]],"properties":{"code":"042810111","name":"Souk El Arbaa"}},{"type":"Polygon","arcs":[[92,65,-90,58,93]],"properties":{"code":"042810913","name":"Sidi Mohamed Lahmar"}},{"type":"Polygon","arcs":[[94,95,96,97,98],[99]],"properties":{"code":"044810707","name":"Lamrabih"}},{"type":"Polygon","arcs":[[100,101,102,98,103]],"properties":{"code":"044810301","name":"Ain Dfali"}},{"type":"Polygon","arcs":[[99]],"properties":{"code":"044810105","name":"Jorf El Melha"}},{"type":"Polygon","arcs":[[104]],"properties":{"code":"044210107","name":"Touarga"}},{"type":"MultiPolygon","arcs":[[[29,4,-18,105,106,107],[104]],[[108]],[[109]],[[110]]],"properties":{"code":"004421010","name":"Rabat"}},{"type":"Polygon","arcs":[[-9,-20,16,105,111,-42,112]],"properties":{"code":"045010303","name":"Oumazza"}},{"type":"Polygon","arcs":[[113,-107,111,42,114]],"properties":{"code":"004441010","name":"Salé"}},{"type":"MultiPolygon","arcs":[[[-93,115,116,81,71]],[[117]],[[118]]],"properties":{"code":"042810901","name":"Bahhara Ouled Ayad"}},{"type":"Polygon","arcs":[[119,120,-116,-94,59,63,121]],"properties":{"code":"042810503","name":"Ben Mansour"}},{"type":"Polygon","arcs":[[122,123,124,125,126,-65,121,127]],"properties":{"code":"042810509","name":"Mograne"}},{"type":"Polygon","arcs":[[128,129,130,-120,127,131]],"properties":{"code":"042810507","name":"Mnasra"}},{"type":"Polygon","arcs":[[122,132,133,134,-132]],"properties":{"code":"042810311","name":"Ouled Slama"}},{"type":"Polygon","arcs":[[135,136]],"properties":{"code":"044910109","name":"Sidi Yahia El Gharb"}},{"type":"Polygon","arcs":[[137,138,139,140,133,141,142]],"properties":{"code":"042810305","name":"Haddada"}},{"type":"Polygon","arcs":[[143,144,-143,145,146]],"properties":{"code":"042810113","name":"Sidi Taibi"}},{"type":"Polygon","arcs":[[-130,147,146,148]],"properties":{"code":"042810105","name":"Mehdya"}},{"type":"Polygon","arcs":[[145,-148,-129,-135,141]],"properties":{"code":"042810101","name":"Kénitra"}},{"type":"Polygon","arcs":[[149,150]],"properties":{"code":"042910117","name":"Sidi Allal El Bahraoui"}},{"type":"Polygon","arcs":[[151,152,153,154]],"properties":{"code":"042910301","name":"Ait Mimoune"}},{"type":"Polygon","arcs":[[155,156,152,157,158,159]],"properties":{"code":"042910305","name":"Ait Siberne"}},{"type":"Polygon","arcs":[[160,161,-160,162,163]],"properties":{"code":"042910307","name":"Ait Yadine"}},{"type":"Polygon","arcs":[[164,165,166,167,168,-161,169]],"properties":{"code":"042910309","name":"El Ganzra"}},{"type":"Polygon","arcs":[[170,168,161,155]],"properties":{"code":"042910313","name":"Sfassif"}},{"type":"Polygon","arcs":[[171,-170,-164,172,173,174,175,176,177]],"properties":{"code":"042910315","name":"Sidi Allal Lamsadder"}},{"type":"Polygon","arcs":[[178,179,180,-174]],"properties":{"code":"042910101","name":"Khémisset"}},{"type":"Polygon","arcs":[[158,162,172,178,181]],"properties":{"code":"042910317","name":"Sidi El Rhandour"}},{"type":"Polygon","arcs":[[182,183,184,180,174]],"properties":{"code":"042910303","name":"Ait Ouribel"}},{"type":"Polygon","arcs":[[185,186,-183,175,187,188]],"properties":{"code":"042910909","name":"Khemis Sidi Yahya"}},{"type":"Polygon","arcs":[[189,190,-188,176,191,192]],"properties":{"code":"042910905","name":"Ait Bouyahia El Hajjama"}},{"type":"Polygon","arcs":[[193,192,194]],"properties":{"code":"042910105","name":"Tiflet"}},{"type":"Polygon","arcs":[[195,-178,191,-194,196,197]],"properties":{"code":"042910911","name":"M'qam Tolba"}},{"type":"Polygon","arcs":[[-38,198,199,139,200,201,-197,-195,189,202]],"properties":{"code":"042910902","name":"Ain Johra-Sidi Boukhalkhal"}},{"type":"Polygon","arcs":[[198,203,150,204,36]],"properties":{"code":"042910907","name":"Ait Malek"}},{"type":"Polygon","arcs":[[205,-189,-191,202,38,206]],"properties":{"code":"042910903","name":"Ait Belkacem"}},{"type":"Polygon","arcs":[[207,208,209,-40,206]],"properties":{"code":"042910715","name":"My Driss Aghbal"}},{"type":"Polygon","arcs":[[112,9,210,211,209,40]],"properties":{"code":"042910705","name":"Brachoua"}},{"type":"Polygon","arcs":[[212,213,-11,210,214],[215]],"properties":{"code":"042910713","name":"Marchouch"}},{"type":"Polygon","arcs":[[-209,216,217,218,219,-215,211]],"properties":{"code":"042910701","name":"Ain Sbit"}},{"type":"Polygon","arcs":[[215]],"properties":{"code":"042910103","name":"Rommani"}},{"type":"Polygon","arcs":[[220,207,216,221,222]],"properties":{"code":"042910709","name":"Jemaat Moul Blad"}},{"type":"Polygon","arcs":[[219,212,223,224]],"properties":{"code":"042910707","name":"Ezzhiliga"}},{"type":"Polygon","arcs":[[223,225,-12,-214]],"properties":{"code":"042910711","name":"Laghoualem"}},{"type":"Polygon","arcs":[[222,226,227]],"properties":{"code":"042910509","name":"Maaziz"}},{"type":"Polygon","arcs":[[220,205,185,228,229,-227]],"properties":{"code":"042910507","name":"Houderrane"}},{"type":"Polygon","arcs":[[-230,230,231,232,233,-218,221,-228]],"properties":{"code":"042910513","name":"Tiddas"}},{"type":"Polygon","arcs":[[234,-233,235,236]],"properties":{"code":"042910511","name":"Oulmes"}},{"type":"Polygon","arcs":[[-155,237,238,239,236,240]],"properties":{"code":"042910505","name":"Bouqachmir"}},{"type":"Polygon","arcs":[[238,241,-231,-229,186,183,242]],"properties":{"code":"042910503","name":"Ait Ikkou"}},{"type":"Polygon","arcs":[[241,231,235,-240]],"properties":{"code":"042910501","name":"Ait Ichou"}},{"type":"Polygon","arcs":[[243,50,244,245,246,247,248]],"properties":{"code":"044810501","name":"Al Haouafate"}},{"type":"Polygon","arcs":[[249,250,251,252]],"properties":{"code":"044810101","name":"Dar Gueddari"}},{"type":"Polygon","arcs":[[86,78,74,253,254]],"properties":{"code":"044810315","name":"Sidi Ameur Al Hadi"}},{"type":"Polygon","arcs":[[-91,85,-255,255,256]],"properties":{"code":"044810313","name":"Sidi Ahmed Benaissa"}},{"type":"Polygon","arcs":[[257,258,256,87,259,260,82,261]],"properties":{"code":"044810309","name":"Moulay Abdelkader"}},{"type":"Polygon","arcs":[[100,257,262]],"properties":{"code":"044810303","name":"Bni Oual"}},{"type":"Polygon","arcs":[[263,264,265,-246,266,-251,267,268]],"properties":{"code":"044811103","name":"Dar Laaslouji"}},{"type":"MultiPolygon","arcs":[[[51,269,-126,270,-252,-267,-245]],[[271,272,249,267]]],"properties":{"code":"044811105","name":"Rmilat"}},{"type":"Polygon","arcs":[[271,273,274,201,197,275,276,277,278,-269]],"properties":{"code":"044910307","name":"Kceibya"}},{"type":"Polygon","arcs":[[126,62,61,-53,269]],"properties":{"code":"044811111","name":"Sidi Al Kamel"}},{"type":"Polygon","arcs":[[279,280,281,282]],"properties":{"code":"044810907","name":"Selfat"}},{"type":"Polygon","arcs":[[283,284,-280]],"properties":{"code":"044810911","name":"Zaggota"}},{"type":"Polygon","arcs":[[285,286]],"properties":{"code":"044810111","name":"Sidi Kacem"}},{"type":"Polygon","arcs":[[287,288,289,-286,290,291]],"properties":{"code":"044810913","name":"Zirara"}},{"type":"Polygon","arcs":[[292,293,294,-291,-287,-290,295,296]],"properties":{"code":"044810905","name":"Chbanate"}},{"type":"Polygon","arcs":[[297,298,265,246,299,-297]],"properties":{"code":"044910509","name":"M'saada"}},{"type":"Polygon","arcs":[[300,-248,299,292,301,302,303]],"properties":{"code":"044910513","name":"Ouled H'cine"}},{"type":"Polygon","arcs":[[-294,301,304,305,306]],"properties":{"code":"044810903","name":"Bir Taleb"}},{"type":"Polygon","arcs":[[307,306,294,291,308,284,280]],"properties":{"code":"044810901","name":"Bab Tiouka"}},{"type":"Polygon","arcs":[[281,309,310,311,305,-308]],"properties":{"code":"044810909","name":"Tekna"}},{"type":"Polygon","arcs":[[312,-96,313,310]],"properties":{"code":"044810721","name":"Taoughilt"}},{"type":"Polygon","arcs":[[304,-312,312,96,314,315,-303]],"properties":{"code":"044810705","name":"Khnichet"}},{"type":"Polygon","arcs":[[-279,316,-264]],"properties":{"code":"044910315","name":"Sfafaa"}},{"type":"Polygon","arcs":[[317,298,-265,-317,-278,318,319,320]],"properties":{"code":"044910503","name":"Boumaiz"}},{"type":"Polygon","arcs":[[321,-319,-277,322,165,323]],"properties":{"code":"044910505","name":"Dar Bel Amri"}},{"type":"Polygon","arcs":[[320,324,325,-167,323,326]],"properties":{"code":"044910501","name":"Azghar"}},{"type":"Polygon","arcs":[[288,295,297,-318,324,327]],"properties":{"code":"044910511","name":"Ouled Ben Hammadi"}},{"type":"Polygon","arcs":[[-316,328,329,-304]],"properties":{"code":"044810719","name":"Sidi M'hamed Chelh"}},{"type":"Polygon","arcs":[[330,102,-98,314,328]],"properties":{"code":"044810711","name":"Oulad Nouel"}},{"type":"Polygon","arcs":[[261,101,-331,329,300,248,331,260,-84]],"properties":{"code":"044810317","name":"Sidi Azzouz"}},{"type":"Polygon","arcs":[[-56,-49,-55,56,-89,259,-332,243]],"properties":{"code":"044810507","name":"Nouirate"}},{"type":"Polygon","arcs":[[-276,195,171,164,-323]],"properties":{"code":"042910913","name":"Sidi Abderrazak"}},{"type":"Polygon","arcs":[[179,-185,242,-238,-154,157,-182]],"properties":{"code":"042910311","name":"Majmaa Tolba"}},{"type":"Polygon","arcs":[[332,-124,132,-141,200,-275,333,135]],"properties":{"code":"042810301","name":"Ameur Seflia"}},{"type":"Polygon","arcs":[[-274,272,-253,-271,-125,-333,136,-334]],"properties":{"code":"044910317","name":"Ameur Chamalia"}},{"type":"Polygon","arcs":[[204,-36,334,138,-200,203,-150]],"properties":{"code":"042910919","name":"Ait Ali Ou Lahcen"}},{"type":"Polygon","arcs":[[335,-115,43,334,-138,-145],[34]],"properties":{"code":"044410113","name":"Ameur"}},{"type":"Polygon","arcs":[[-327,321,319]],"properties":{"code":"044910107","name":"Sidi Slimane"}}]}},"arcs":[[[14987,40564],[54,-243],[-545,-555],[-605,-607],[-371,-385]],[[13520,38774],[-28,24],[-26,52],[-29,38],[-31,146],[-9,27],[-31,99],[-28,91],[-23,93],[-21,126],[-90,237],[-94,-80],[-40,-35],[-12,8],[-60,48],[-49,35],[-56,41],[-59,38],[-43,24],[-34,26],[-33,20],[-83,-69],[-53,-39],[-145,-102],[-19,14],[-1,-110],[-9,-33],[-5,-8],[-19,-28],[-12,-15],[-14,-16],[-161,121],[-73,-54],[59,-49],[-42,-23],[-27,-12],[-50,38],[-61,-45],[-51,-39],[-75,-61],[-37,-30],[-35,-32],[-60,-55],[-46,-43],[-24,-18],[-52,-35],[-30,-16],[-42,-27],[-81,-62],[-35,-30],[-53,-43],[-50,-42],[-16,13],[-53,-34],[-55,-43],[-50,-41],[-57,-46],[-7,55],[-14,-8],[-30,-26],[-208,-180],[-111,-96],[-268,-231],[-72,-41],[-169,-84],[-125,-54]],[[10103,38053],[-24,34],[-22,32],[-29,51],[15,69],[-12,33],[2,18],[9,20],[15,12],[30,7],[29,0],[32,24],[25,47],[24,34],[65,87],[30,48],[16,39],[21,46],[30,41],[33,49],[-135,77],[-6,26],[-33,25],[-44,50],[36,34],[58,40],[26,21],[18,20],[21,22],[18,32],[9,35],[25,68],[33,53],[22,43],[26,45],[20,35],[72,88],[6,21],[-44,-28],[-95,-90],[-128,-108],[-111,69],[-37,18],[-38,18],[-170,130],[-225,159],[-30,24],[-9,23],[-3,131],[-5,27],[-10,10],[-14,16],[-96,100],[-56,59],[-33,76],[-8,15],[25,30],[45,37],[19,12],[19,15],[36,23],[20,9],[35,24],[99,70],[29,80],[3,26],[10,10],[26,32],[37,37],[33,40],[20,22],[8,4],[29,30],[35,39],[25,20],[16,13],[31,30],[34,39],[-13,36],[-28,48],[-42,48],[-83,136],[-22,24],[-127,97],[-19,-3]],[[9752,41156],[126,89],[293,218],[235,174],[108,92],[297,256],[71,60]],[[10882,42045],[35,-29],[156,-123],[24,-13],[15,6],[26,5],[28,1],[66,-2],[50,1],[22,10],[24,12],[24,-1],[32,-5],[54,14],[67,57],[71,60],[21,16],[33,20],[13,30],[28,26],[25,23],[20,-13],[27,25],[32,24],[19,23],[18,17],[28,-12],[40,-29],[20,-7],[24,-1],[5,20],[21,9],[22,1],[19,9],[16,13],[22,23],[31,44],[32,0],[35,-8],[43,-1],[16,5],[14,-12],[23,-8],[59,-31],[47,-14],[35,-7],[15,-6],[21,16],[17,15],[27,30],[180,-85],[117,-37],[75,-16],[99,-7],[164,6],[126,29],[22,-57],[8,-19],[30,-53],[62,-65],[35,-26],[35,-21],[20,-5],[5,-13],[9,-8],[-139,-119],[99,-69],[311,-232],[137,-87],[1148,-830]],[[9695,37162],[178,-148],[139,-116],[287,222],[125,100],[180,137],[46,-4],[148,-33],[117,-101],[108,-84],[32,-11],[39,0],[115,-91],[390,269],[9,-13],[65,53],[131,103],[55,23],[404,300]],[[12263,37768],[584,-486],[17,-8],[75,-48],[22,-20],[9,-49],[43,-25],[-116,-124],[-6,-18],[-14,-19],[0,-20],[16,-5],[9,-19],[4,-26],[-1,-12],[19,-36],[21,-27],[19,-12],[145,-34],[62,-15],[44,1],[58,24],[65,17],[25,13],[48,15],[29,13],[85,14],[118,23],[125,-112],[-106,-48],[-60,-31],[-94,-49],[53,-64],[-13,-19],[-12,-9],[-26,-18],[-16,-13],[-10,-13],[-32,-26],[-57,-36],[-22,-16],[-5,-20],[-55,-59],[-16,-23],[-29,-22],[-24,-114],[-16,-49],[-13,-56],[33,-7],[29,-1],[203,10],[25,19],[30,40],[128,-85],[-98,-125],[263,-192],[47,-43],[-491,-314],[242,-73],[294,-86],[712,-206],[88,-29],[-100,-94],[243,-282],[-106,-93],[-7,-26],[215,-23],[93,-10],[119,-12],[349,-80],[43,-7],[131,20],[75,16]],[[15775,34405],[11,-252],[71,-159],[133,-238],[127,-257],[58,-189],[263,34],[95,88],[67,76]],[[16600,33508],[6,-11],[10,-15],[-29,-178],[48,-125],[-274,-402],[102,-297],[-291,-353],[26,-306],[84,-137],[477,292],[78,-69],[-156,-262],[-39,-717],[363,-623],[204,-261],[71,-26],[79,19],[143,102],[75,87],[80,236],[180,82],[340,-382],[218,-197],[114,-75],[281,51],[247,56],[22,87],[130,154],[660,-6],[719,-632],[754,-272],[376,79]],[[21698,29407],[-328,-884],[-38,-339],[9,-67],[-112,-82]],[[21229,28035],[-148,-63],[9,-181],[-57,-181],[-85,-271],[-109,-268],[-469,-1045],[164,-423],[38,-110],[70,-83],[17,-68],[-6,-96],[-78,-150],[5,-72],[29,-54],[5,-87],[-22,-38],[-137,-18],[-121,30],[-102,6],[-98,-123],[6,-42],[21,-51],[34,-60],[109,-105],[2,-197],[-73,-150],[-50,-49],[-95,-18],[-78,2],[-133,-73],[-49,-61],[29,-85],[63,-13],[53,3],[68,20],[84,53],[96,-38],[-33,-85],[-182,-310],[60,-248],[-7,-108],[-16,-49],[-94,-58],[-54,-66],[-26,-108],[37,-104],[-19,-205],[-127,-130],[1,-50],[53,-196],[-70,-243],[62,-62],[57,-33],[181,-65],[194,-33],[78,-62],[53,-59],[-6,-124],[-40,-304],[-84,-49],[-190,-12],[-159,-26],[-43,-67],[24,-26],[217,-14],[175,-34],[78,-55],[3,-90]],[[20344,20801],[-104,-49],[-96,-16],[-212,40],[-126,-23]],[[19806,20753],[-36,0],[-65,10],[-64,-10],[-37,-12],[-30,10],[-67,53],[-38,1],[-53,-6],[-56,-47],[-13,-27],[-20,-29],[-42,-13],[-52,98],[6,19],[-43,68],[0,18],[-12,26],[-65,90],[-15,8],[-27,-20],[-11,-17],[-37,-36],[-24,12],[-13,44],[-2,37],[-38,29],[-61,-26],[-56,-27],[-30,-32],[-32,-12],[-11,-20],[-24,-7],[-60,-39],[-37,-14],[-27,5],[-17,25],[-62,52],[-25,-1],[-23,-26],[-30,-32],[-45,-15],[-54,10],[-67,28],[-159,25],[-100,-16],[-138,-26],[-67,-63],[-81,-30],[-63,-2],[-130,15],[-120,0],[-111,-44],[-70,-28],[-132,55],[-55,4],[-103,-41],[-75,-18],[-133,-7],[-52,8],[-44,14],[-73,14],[-134,44],[-143,27],[-60,-7],[-103,2],[-22,16],[-225,-3],[-80,-19],[-38,-43],[-16,-36],[-57,-36],[-67,-19],[-494,-23],[-400,0],[-154,10],[-92,42],[-52,40],[-95,94],[-63,195],[-84,215],[-129,271],[-79,202],[-59,99],[-39,50],[-89,-24],[-85,-6],[-387,24],[37,305],[-237,146],[-140,60],[-162,9],[-88,-48],[-25,-67],[6,-101],[-35,-50],[-42,-32],[-66,-28],[-40,-14],[-100,-47],[-50,-56],[-88,-124],[-49,-51],[-41,-5],[-38,46],[-8,35],[-30,26],[-73,25],[-61,25],[-53,43],[-23,96],[17,51],[18,40],[54,69],[21,66],[4,61],[-83,150],[-2,155],[30,74],[5,76],[-41,52],[-72,1],[-121,-23],[-55,-56],[-9,-38],[-303,-208],[-134,147],[-137,128],[-96,160],[-4,99],[-204,53],[-632,351],[-192,48],[-362,121],[-917,19],[-313,-195],[29,-59],[47,-15],[2,-32],[24,-30],[-14,-32],[0,-79],[-67,-174],[-65,-33],[-105,8],[-204,103],[-83,62],[-81,85],[-52,-10],[-39,-35],[-81,-30],[-30,-25],[-47,-36],[-6,-31],[-80,-45],[-50,-4],[-25,2],[-23,0],[-34,-1],[-21,15],[-29,-10],[-38,-14],[-29,3],[-74,65],[-20,55],[12,52],[23,32],[42,39],[12,44],[-17,69],[-12,27],[-39,84],[-15,34],[31,51],[49,22],[77,55],[1,62],[2,42],[-89,107],[-49,78],[-3,65],[-19,47],[-17,39],[-26,31],[-115,-3],[-136,-24],[-95,-41],[-23,13],[-24,58],[-26,75],[-71,122],[-20,15],[-68,39],[-40,49],[-2,31],[13,66],[26,44],[2,75],[-4,94],[-14,157],[13,67],[23,35],[73,34],[48,35],[11,40],[29,27],[42,11],[86,16],[99,2],[64,47],[8,71],[-63,52],[-31,38],[-19,58],[2,52],[-14,37],[-42,107],[-45,70],[-133,110],[-67,54],[-52,67],[-46,87],[-12,42],[11,82],[44,90],[-20,101],[-32,86],[-41,94],[-54,53],[-82,21],[-61,-32],[-34,-9],[-37,15],[0,37],[-17,60],[-32,44],[-15,84],[-40,98],[-24,116],[-87,243],[-64,209],[-13,141],[-43,103],[-132,144],[-38,31],[-57,38],[-21,41],[-50,22],[-17,-9],[-50,1],[-38,6],[-54,38],[-51,17],[-63,-5],[-22,33],[-6,27],[15,36],[32,20],[65,5],[53,-3],[36,16],[26,22],[14,60],[-3,47],[-22,28],[-25,22],[-19,13],[-21,23],[-59,29],[-25,72],[-16,75],[19,37],[27,48],[5,29],[4,49],[-1,47],[6,34],[69,108],[36,37],[62,73],[11,74],[-4,79],[-12,78],[23,84],[-23,41],[-57,28],[-7,22],[-2,21],[-7,15],[-33,54],[-29,80],[-11,66],[-25,81],[-76,201],[49,80],[26,36],[3,37],[-11,27],[-73,53],[-60,81],[-66,81],[-59,138],[0,71],[30,169],[-23,77],[-30,54],[-37,43],[-108,138],[-80,117],[-24,51],[-15,33],[-21,79],[-13,107],[12,120],[17,31],[-2,22],[-27,88],[-66,91],[-20,61],[-3,74],[38,40],[34,15]],[[4807,31994],[26,-8],[14,-7],[23,-2],[36,5],[49,1],[40,-3],[28,1],[38,-2],[17,-6],[31,-14],[38,-16],[34,-11],[23,-4],[19,-1],[58,-24],[85,-42],[39,-20],[48,-14],[58,38],[12,33],[69,81],[55,54],[-3,6],[-50,25],[0,32],[8,16],[179,92],[58,49],[52,47],[77,77],[90,58],[73,41],[21,19],[79,77],[26,27],[61,85],[55,45],[32,26],[143,70],[66,33],[204,137],[157,137],[120,85],[117,61],[246,128],[166,133],[228,221],[99,64],[249,38],[102,8],[15,31],[29,18],[35,26],[2,62],[-38,29],[-16,33],[28,69],[62,96],[23,23],[33,20],[-6,28],[-34,35],[-11,22],[31,22],[72,-7],[36,7],[-2,26],[-9,22],[13,24],[16,-2],[46,-9],[-12,47],[-17,41],[14,19],[54,35],[11,44],[40,34],[44,6],[24,21],[-26,44],[13,27],[51,14],[45,3],[26,22],[38,19],[28,31],[11,33],[23,12],[55,-10],[54,4],[61,22],[69,15],[-2,43],[-20,41],[-25,29],[11,31],[18,31],[-3,41],[-43,2],[-44,-6],[-15,24],[2,45],[-30,38],[-44,3],[-46,2],[-16,17],[2,49],[-53,13],[-21,-1],[-34,19],[-5,50],[-18,19],[-36,-7],[-52,-23],[-25,-14],[-20,19],[13,24],[28,29],[13,27],[0,25],[-18,7],[-28,-8],[-29,-18],[-42,-16],[-29,-1],[-9,11],[11,20],[69,41],[25,22],[-9,19],[-87,-9],[-70,-2],[-49,14],[-91,46],[-19,13],[-34,60],[17,88],[99,56],[184,25],[53,36],[12,74],[39,73],[85,39],[70,79],[28,70],[-47,52],[-45,46],[9,56],[26,64],[58,33],[163,40],[76,43],[5,76],[-33,75],[-39,47],[-12,62],[-17,51],[-6,41],[-26,43],[-48,31],[-12,10]],[[8998,37007],[60,69],[191,238],[19,43],[8,41],[27,30],[213,-115],[179,-151]],[[15775,34405],[276,44],[239,50],[17,22],[-21,53],[3,16],[20,21],[100,50],[0,20],[-13,58],[1,34],[20,41],[24,23],[26,21],[39,31],[15,25],[-3,14],[-13,12],[-62,34],[-12,12],[-51,54],[-13,44],[2,22],[17,30],[45,38],[36,23],[19,16],[7,16],[-54,67],[-65,59],[-23,32],[28,68],[51,59],[44,28],[32,-8],[22,-19],[27,-18],[61,-27],[51,26],[79,31],[24,0],[8,-19],[4,-27],[10,-17],[22,-6],[19,8],[41,30],[19,15],[29,4],[23,-3],[24,-13],[65,-30],[12,-14],[11,-24],[41,5],[57,-3],[31,26]],[[17186,35459],[-10,31],[-41,89],[-15,31],[3,81],[-14,33],[-6,31],[17,35],[19,28],[3,45],[-23,23],[-53,25],[-41,50],[18,39],[68,21],[33,17],[-12,40],[-82,101],[-31,29],[-33,60],[1,52],[26,38],[5,24],[-62,108],[1,35],[-29,72],[7,29],[12,61],[-13,25],[-18,14],[-48,22],[-79,14],[-25,18],[-65,16],[-58,13],[-37,15],[-20,19],[-5,30],[-19,28],[-61,56],[-7,18],[3,35],[5,19],[-11,69],[-31,40],[18,15],[37,29],[39,47],[8,26],[0,37],[-16,34],[-22,14],[-32,15],[-44,1],[-29,0],[-49,18],[-24,2],[-26,-11],[-17,-21],[-45,-20],[-31,-2],[-24,8],[-15,17],[16,32],[4,25],[-31,21],[-45,15],[-58,29],[-55,41],[-43,6],[-56,-18],[-42,7],[-29,24],[-17,33],[-4,37],[14,45],[5,27],[0,16],[-17,14],[-37,7],[-36,6],[-21,0],[-16,2],[-54,3],[-70,-17],[-25,0],[-55,22],[-17,20],[-26,13],[-22,0],[-33,-35],[-20,-4],[-28,10],[-30,-2],[-42,-22],[-20,-6],[-24,3],[-20,19],[-10,43],[-11,35],[-25,23],[-32,10],[-48,23],[-8,16],[18,15],[54,2],[27,-5],[83,8],[37,15],[31,3],[9,23],[-5,45],[20,38],[34,30],[10,15],[21,33],[39,36],[23,11],[9,31],[-7,92],[-28,100],[0,41],[8,35],[29,41],[42,24],[38,71],[15,27],[53,59],[28,35],[22,54],[30,29],[29,25],[92,57],[55,64],[4,24],[13,53],[49,38],[20,10],[47,49],[59,40],[32,42],[35,54],[26,16],[89,64],[21,24],[66,58],[29,28],[5,25],[25,36],[53,31],[-18,20],[-78,41]],[[16391,39577],[-64,36],[-116,66],[-550,390],[-674,495]],[[13520,38774],[-98,-94],[-426,-340],[-267,-200],[-215,-173],[-251,-199]],[[17186,35459],[32,18],[41,9],[32,3],[64,25],[47,23],[29,47],[45,57],[56,47],[36,18],[267,82],[101,-55],[-40,-41],[-54,-59],[204,-104],[16,-27],[5,-39],[-7,-35],[32,-17],[35,2],[191,31],[51,-5],[22,12],[18,7],[56,-31],[84,-61],[80,-9],[55,-39],[55,61],[99,-81],[-22,-33],[82,-157],[119,-280],[170,51],[244,13],[443,39],[83,-45],[275,-231],[-53,-121],[-241,-277],[-166,-78],[-205,-148],[-5,-170],[-51,-53],[-78,17],[-42,-23],[23,-56],[-25,-23],[-199,-69],[-314,-96],[-45,8],[-274,-58],[1,-87],[-179,-41],[-234,-93],[-74,-16],[-70,-41],[-23,23],[-10,81],[-33,73],[-94,43],[-97,-19],[-89,4],[-93,70],[-77,19],[-79,-8],[-182,-65],[-219,-61],[-126,22],[-61,65],[-23,56],[-51,80],[-70,120],[-86,70],[-39,50],[-18,-45],[-41,-102],[-39,-41],[-12,-41],[5,-42],[43,-30],[75,-10],[38,-34]],[[9695,37162],[75,55],[113,79],[174,142],[205,152],[-23,29],[-13,35],[-18,73],[-9,37],[-85,253],[-11,36]],[[1466,34386],[38,28],[449,276],[786,468],[575,329],[561,242],[539,251],[205,107],[468,231],[85,47],[348,347],[208,224],[128,16],[44,22],[276,84],[975,334]],[[7151,37392],[22,54],[20,50],[33,56],[66,95],[-12,86],[-28,112],[-75,167],[-47,73],[-89,78],[18,59],[-24,66],[10,58],[10,111],[5,66],[-8,86],[-9,88],[10,73],[-73,55],[-104,64],[-29,47],[41,90],[-55,67],[-8,34],[5,108],[-2,13]],[[6828,39248],[-2,33],[-6,31],[-10,12],[-17,14],[-58,21],[-49,0],[-58,-7],[-98,-18],[-5,1],[-5,2],[-32,51],[-29,52]],[[6459,39440],[-34,-14],[-19,-4],[-16,0],[-7,1],[-15,7],[-10,2],[-7,-1],[-63,-50],[-50,-40],[-47,-34],[-94,-33],[-27,-11],[-14,-3],[-14,-1],[-8,6],[-1,8],[-4,7],[-11,1],[-10,-8],[-5,-8],[-6,-8],[-9,-16],[-3,-20],[-1,-12],[-8,-11],[-15,-11],[-18,-13],[-10,-4],[-14,-3],[-3,-2],[-5,-3],[-18,-17],[-33,-22],[-38,-46],[-28,-12],[-12,-9],[-17,-16],[-5,-5],[-27,-12],[-46,-3],[-58,-12],[-27,-15],[-20,-26],[-9,-32],[-30,-32],[-15,-6],[-20,-6],[-23,0],[-24,8],[-8,8],[-10,18],[-4,6],[-12,5],[-21,-3],[-8,-3],[-8,-5],[-1,-5],[-2,-5],[0,-11],[-4,-3],[-7,0],[-9,-6],[-4,-2],[-12,1],[-10,-2],[-7,-5],[-6,-4],[-8,-7],[1,-5],[3,-4],[1,-6],[-1,-2],[0,-4],[-2,-3],[-4,-1],[-3,1],[-1,1],[-2,1],[-1,1],[-5,0],[-9,-3],[-9,-4],[-4,-3],[-3,-2],[-4,-2],[-5,-2],[-4,-2],[-3,0],[-6,2],[-4,3],[-3,0],[-2,-1],[-6,-5],[-5,-5],[-1,-2],[1,-2],[8,-4],[1,-2],[-2,-3],[-13,-7],[-13,-17],[-5,-3],[-6,-2],[-7,-1],[-7,1],[-3,0],[-4,-3],[-5,-5],[-13,-15],[-14,-19],[-3,-5],[0,-7],[5,-7],[12,-1],[12,-2],[14,-2],[8,-5],[2,-6],[2,-8],[-6,-14],[-4,-4],[-9,-1],[-12,-2],[-4,-2],[-6,-17],[2,-26],[3,-10],[-2,-26],[-16,-42],[-10,-9],[-30,-13],[-17,-7],[-22,-4],[-25,1],[-2,2],[0,1],[0,5],[-1,2],[-8,3],[-12,9],[-4,1],[-6,-4],[-14,-1],[-26,-2],[-26,10],[-18,10],[-3,4],[-2,6],[8,22],[3,5],[6,2],[10,5],[3,7],[-1,6],[-2,6],[-2,6],[-2,2],[-2,0],[-1,-1],[-5,-2],[-2,-1],[-6,0],[-5,2],[-3,3],[-3,0],[-2,-1],[-1,-3],[-5,-2],[-7,-2],[-4,1],[-4,3],[-6,0],[-9,-5],[-2,-5],[1,-4],[2,-4],[3,-7],[-1,-5],[-4,-2],[-3,1],[-2,2],[0,2],[-1,1],[-2,1],[-5,-2],[-4,1],[-6,-1],[-4,-3],[-5,-3],[-7,-2],[-7,1],[-11,3],[-5,0],[-2,-3],[3,-12],[5,-5],[1,-4],[-3,-6],[-14,-5],[-5,0],[-3,2],[-3,3],[-4,0],[-3,-5],[-5,-8],[-3,-2],[-5,1],[-2,3],[-2,4],[-9,1],[-3,0],[-8,-5],[-5,-2],[-11,-7],[-7,-2],[-10,2],[-2,-2],[-2,-3],[12,-10],[-2,-12],[-21,-22],[-4,-2],[-5,-1],[-17,2],[-31,8],[-13,4],[-13,0],[-13,-2],[-76,-21],[-19,-13],[-37,-34],[-33,-25],[-2,-6],[1,-6],[14,-26],[0,-5],[-10,-23],[-1,-2],[-74,-44],[-6,-5],[-25,-14],[-29,-7],[-34,-9],[-3,2],[-3,4],[-20,49],[0,3],[4,24],[-1,2],[-8,2],[-3,-1],[-8,-24],[0,-5],[26,-53],[2,-5],[-2,-3],[-23,-10],[-48,-16],[-33,-9],[-41,85],[-3,0],[-4,0],[-2,-2],[-1,-3],[3,-7],[24,-50],[13,-26],[-1,-2],[-27,-10],[-98,-28],[-12,-6],[-75,-20],[-9,-1],[-13,1],[-8,2],[-16,3],[-5,3],[4,56],[0,4],[1,1],[5,0],[2,2],[1,19],[-2,3],[-3,2],[-1,2],[7,51],[1,1],[2,2],[14,5],[7,2],[11,4],[35,11],[17,4],[2,0],[4,-10],[2,-1],[34,12],[1,1],[-1,3],[0,1],[54,17],[3,-1],[6,-13],[2,-1],[9,3],[0,1],[-3,8],[-6,12],[0,2],[2,1],[13,3],[14,0],[4,1],[2,3],[2,5],[-2,6],[-6,2],[-8,-1],[-34,-11],[-78,-23],[-38,-12],[-29,-9],[-28,-9],[-21,-10],[-2,-4],[-1,-3],[-11,-90],[-4,-27],[-2,-27],[-4,-5],[-3,-1],[-3,-2],[-13,-3],[-31,-5],[-149,-1],[-43,0],[-53,9],[-29,4],[-22,-1],[-16,-3],[-31,-9],[-42,-7],[-12,-2],[-27,0],[-22,-1],[-3,2],[-5,3],[-3,3],[-5,7],[-2,2],[-12,19],[-1,0],[-1,0],[-4,-2],[0,-1],[0,-1],[14,-18],[0,-1],[-1,-1],[-2,-1],[-2,-2],[-3,-1],[-9,0],[-30,-1],[-17,-1],[-23,-1],[-11,2],[-12,-2],[-17,-5],[-4,-1],[-2,-2],[0,-2],[2,-3],[2,-2],[2,-3],[-1,-1],[-4,-2],[-16,-7],[-2,-2],[-1,-3],[1,-9],[-3,-9],[-6,-7],[-9,-6],[-2,-4],[-1,-6],[-1,-5],[-6,-7],[-25,-17],[-39,-25],[-17,-13],[-58,-44],[-61,-41],[-14,-12],[-39,-23],[-30,-13],[-20,-7],[-14,-3],[-7,-1],[-8,-2],[-21,-5],[-25,-10],[-20,-7],[-3,-1],[-16,-9],[-8,-2],[-9,-1],[-12,3],[-12,-3],[-20,-7],[-33,-8],[-25,-18],[-25,-29],[-12,-11],[-15,-9],[-28,-12],[-43,-16],[-13,-3],[-12,2],[-20,6],[-20,13],[-15,8],[-7,1],[-8,-3],[-19,-14],[-15,-27],[-23,-16],[-17,-2],[-25,-7],[-8,0],[-15,-3],[-7,-4],[-6,-11],[-5,-8],[-34,-22],[-15,-13],[-9,-16],[-26,-12],[-14,-11],[-17,-13],[-33,-15],[-58,-21],[-24,-13],[-10,-6],[-5,-10],[1,-8],[7,-9],[2,-5],[0,-5],[-4,-2],[-5,1],[-6,0],[-6,-2],[-17,-16],[-26,-26],[-16,-24],[-21,-15],[-20,-10],[-19,-15],[-17,-25],[-19,-19],[-34,-20],[-75,-32],[-44,-28],[-136,-80],[-34,-25],[-45,-21],[-67,-39],[-17,-14],[-19,-13],[-18,-13],[-36,-29],[-19,-18],[-4,-3],[-1,-6],[1,-4],[4,-5],[4,-8],[0,-6],[-7,-9],[-11,-11],[-11,-8],[-14,-5],[-7,0],[-4,4],[-7,6],[-6,2],[-13,2],[-21,-4],[-66,-32],[-22,-14],[-35,-25],[-73,-50],[-21,-10],[-11,-8],[-14,-21],[-25,-25],[-25,-29],[-16,-11],[-28,-17],[-25,-12],[-3,-3],[-2,-3],[-2,-4],[-4,-4],[-13,-9],[-21,-10],[-29,-20],[-52,-35],[-51,-33],[-19,-13],[-21,-16],[-36,-25],[-26,-17],[-24,-20],[-21,-11],[-24,-7],[-24,-11],[-28,-19],[-50,-35],[-64,-36],[-48,-36],[-22,-10],[-16,-7],[-28,-23],[-22,-14],[-15,-7],[-14,-5],[-10,-5],[-18,-23],[-4,-11],[-5,-16],[-16,-25],[-33,-23],[-16,-11],[-19,-10],[-29,-7],[-33,-9],[116,-142],[136,-187],[75,-180],[69,-120],[123,-75],[65,-14],[28,-4],[-31,-51],[-14,-31],[12,-35],[80,-66],[51,-31],[48,-10],[18,-30],[-12,-94],[23,-68],[168,-42],[42,-36],[-8,-144],[9,-37],[103,-158],[68,-47],[122,-43],[97,-16],[78,-53]],[[5550,39026],[1,-7],[7,-7],[13,-1],[18,9],[20,18],[14,26],[6,16],[6,8],[1,5],[-3,4],[-5,1],[-8,-2],[-10,-9],[-9,-8],[-30,-20],[-10,-11],[-11,-22]],[[5480,38953],[19,0],[11,1],[21,4],[15,13],[5,13],[3,8],[0,10],[-9,8],[-10,2],[-9,-2],[-13,-9],[-26,-20],[-10,-18],[-1,-4],[4,-6]],[[3420,38388],[1,-7],[-1,-3],[-5,-2],[0,-1],[1,-4],[1,0],[3,0],[2,-1],[0,-2],[0,-1],[-3,-8],[-2,-2],[-3,0],[-16,1],[-3,-2],[-3,-3],[0,-5],[-2,-15],[3,-19],[8,-9],[20,-12],[24,-4],[11,-3],[14,3],[6,3],[3,7],[-2,7],[-9,23],[0,6],[7,10],[23,19],[11,19],[0,7],[-2,3],[-6,7],[-9,9],[-2,10],[-2,1],[-3,0],[-16,-4],[-3,1],[-1,1],[-1,8],[1,8],[-1,7],[-1,16],[-4,4],[-4,4],[-10,0],[-8,-2],[-1,-1],[-3,-6],[-3,-6],[-1,-2],[-4,0],[-6,-1],[-3,-3],[-2,-11],[-4,-12],[2,-9],[4,-3],[2,-1],[0,-2],[-2,-6],[-1,-5],[3,-5],[2,-2]],[[6459,39440],[79,38],[54,28],[32,23],[41,53],[4,1],[8,10],[0,6],[1,6],[4,4],[-2,3],[-5,5],[-6,0],[1,8],[5,4],[3,0],[7,-7],[9,2],[1,5],[0,5],[-2,5],[-1,20],[-3,5],[-5,4],[-8,7],[-6,10],[-7,13],[-5,9],[-8,14],[3,4],[4,3],[7,-1],[-6,12],[-7,3],[-15,0],[-6,6],[-13,13],[-6,9],[3,3],[10,-2],[8,-7],[8,-6],[9,-5],[9,-2],[-1,5],[-4,7],[-8,5],[-1,13],[-4,6],[-11,7],[-3,7],[3,6],[-3,4],[-5,1],[-9,4],[-6,3],[-2,6],[-6,15],[2,5],[5,3],[5,-2],[8,1],[11,5],[11,5],[7,1],[5,3],[2,11],[5,0],[5,-1],[5,-5],[-2,-5],[1,-4],[6,0],[3,4],[2,5],[-2,6],[2,2],[7,-2],[10,-1],[14,1],[10,5],[5,8],[7,2],[16,-5],[15,5],[7,-2],[20,2],[16,8],[7,3],[14,7],[13,2],[9,3],[8,2],[6,-1],[5,-6],[3,-9],[4,-4],[5,-4],[3,-7],[5,-5],[16,-3],[10,-8],[14,-15],[7,-14],[11,-4],[10,0],[36,25],[15,30],[10,17],[11,16],[23,19],[12,18],[11,9],[12,10],[21,11],[24,9],[23,10],[15,9],[19,11],[21,22],[14,37],[0,5],[0,3],[-2,5],[0,3],[5,5],[16,11],[46,31],[36,28],[6,3],[6,1],[4,-1],[2,-3],[1,-3],[1,0],[4,1],[8,9],[1,13],[1,7],[2,8],[1,8],[-2,10],[-2,10],[0,9],[4,12],[5,5],[6,3],[33,0],[31,4],[53,-1],[45,2],[79,8],[70,20],[50,20],[45,26],[15,28],[10,16],[0,11],[-1,8],[0,3],[2,5],[16,12],[4,3],[7,3],[5,-1],[3,1],[1,2],[2,2],[6,11],[10,20],[0,11],[2,9],[3,25],[-3,12],[2,20],[-3,17],[1,13],[1,6],[7,7],[11,8],[6,6],[8,10],[17,12],[19,20],[10,16],[26,44],[18,25],[36,32],[14,9],[11,2],[9,0],[12,4],[20,7],[22,12],[13,5],[17,5],[4,2],[2,-1],[6,-8],[0,-4],[-4,-5],[-9,-1],[-7,-1],[-21,-10],[-15,-8],[0,-3],[6,-12],[1,-6],[10,-19],[1,-2],[12,-7],[6,-5],[0,-1],[0,-2],[-11,-10],[-5,-3],[-13,0],[-3,-1],[-1,-8],[1,-13],[4,-8],[8,-6],[12,-5],[7,-4],[19,-2],[3,0],[1,1],[-1,7],[0,8],[1,2],[15,12],[2,1],[20,0],[39,0],[4,1],[53,32],[1,2],[0,1],[-17,20],[-27,28],[-14,5],[-15,0],[-4,1],[-2,4],[0,3],[0,3],[3,2],[8,2],[14,-2],[14,-7],[13,-12],[9,-9],[11,-12],[14,2],[19,2],[12,1],[11,3],[11,5],[4,4],[4,3],[4,7],[3,7],[6,10],[9,7],[12,5],[18,10],[17,19],[5,4],[7,3],[-2,6],[3,13],[11,13],[8,8],[5,2],[8,1],[7,2],[5,4],[4,7],[4,6],[4,8],[3,6],[2,4],[2,3],[2,9],[1,6],[1,11],[9,17],[12,10],[19,8],[16,3],[16,4],[35,-6],[29,-8],[31,1],[32,-1],[22,8],[22,9],[14,6],[25,15],[14,18],[7,21],[1,8],[-2,9],[-1,5],[-1,8],[-3,13],[2,14],[7,16],[25,36],[37,71],[23,27],[55,40],[25,27],[13,10],[40,12],[28,12],[23,23],[10,12],[36,24],[32,27],[21,12],[17,8],[8,7],[11,18],[8,9],[7,4],[11,3],[9,2],[7,4],[3,9],[6,8],[5,1],[8,0],[4,-2],[3,-4],[5,-22],[8,-13],[16,-8],[26,-7],[36,3],[23,6],[30,8],[13,9],[48,36],[57,45],[38,21],[40,17],[35,31],[34,33],[16,13],[34,25],[23,24],[26,28],[56,72],[32,27],[46,22],[28,9],[45,20],[44,36],[22,15],[2,1],[13,10],[8,5],[16,8],[12,7],[99,95],[194,186],[151,152],[0,4],[-6,0],[-22,-11],[-59,-51],[-7,-3],[-15,2],[-7,7],[-9,8],[-19,-3],[-29,-18],[-14,-2],[-3,4],[3,10],[144,127],[127,86],[38,29],[49,47],[32,17],[40,24],[17,15],[2,9],[5,14],[10,9],[5,5],[17,11],[72,49],[31,22],[37,25],[23,14],[9,10],[8,16],[11,14],[-3,5],[-11,8],[1,4],[4,1],[8,-7],[7,-3],[8,2],[5,7],[-2,11],[6,7],[8,3],[1,7],[1,4],[3,2],[3,0],[7,-5],[6,1],[5,4],[-3,19],[9,10],[19,5],[14,-4],[14,-3],[14,-3],[12,1],[5,4],[20,12],[38,23],[18,16],[24,11],[34,17],[7,5],[2,5],[2,8],[2,8],[44,43],[48,28],[50,55],[55,35],[9,6],[35,30],[20,17],[6,15],[1,15],[-4,27]],[[11601,43387],[8,-8],[18,-18],[5,-20],[-54,-64],[-115,-94],[-106,-86],[-27,-29],[-106,-125],[-183,-218],[-141,-167],[-4,-4],[-87,-95],[-198,-188],[14,-21],[57,-49],[200,-156]],[[9752,41156],[-432,-327],[-657,-498],[-357,-270],[-275,-211],[-101,-58],[-443,-234],[-191,-100],[-169,-82],[-299,-128]],[[7052,39981],[98,49],[24,17],[15,19],[15,41],[20,23],[63,52],[28,26],[9,13],[12,42],[23,42],[0,4],[-3,3],[-3,2],[-8,1],[-10,-3],[-6,-6],[-4,-5],[-11,-7],[-6,-7],[-1,-6],[-3,-4],[-4,-4],[-6,-4],[-4,-13],[-4,-18],[-5,-17],[0,-8],[-5,-3],[-8,0],[-7,4],[-8,1],[-6,-1],[-6,-7],[-4,-5],[-20,-24],[-7,-8],[-4,-9],[-4,-1],[-6,1],[-5,3],[-6,2],[-7,-2],[-8,-5],[-2,-4],[-1,-12],[-4,-2],[-10,-1],[-8,1],[-7,1],[-3,-1],[-1,-2],[1,-3],[3,-5],[2,-6],[-2,-3],[-14,-3],[-14,-3],[-12,-1],[-8,-2],[-6,-2],[-12,-13],[-5,-7],[-12,-7],[-8,-8],[-31,-23],[-9,-13],[-7,-5],[-10,-11],[-5,-3],[-18,-9],[-34,-22],[-31,-32],[-2,-12],[5,-9],[16,-4],[10,2],[30,10],[38,7],[21,12],[32,17]],[[4807,31994],[-19,22],[-37,9],[-20,13],[-29,49],[-33,16],[-23,37],[-15,42],[3,24],[26,56],[23,74],[30,101],[-15,30],[-43,31],[-24,22],[-25,17],[-39,58],[-21,43],[-23,36],[-20,35],[-28,43],[-13,31],[-34,50],[-79,38],[-25,0],[-27,-4],[-38,-22],[-15,-25],[-23,-22],[-60,6],[-35,25],[-16,35],[-3,82],[-6,35],[-39,81],[-54,32],[-91,77],[-52,41],[-101,70],[-65,60],[-34,49],[-8,29],[-31,24],[-56,7],[-26,19],[-34,48],[-31,75],[-2,57],[12,159],[-5,52],[16,80],[6,47],[-10,42],[-4,92],[-7,33],[34,34],[59,14],[19,12],[16,38],[-8,49],[-37,88],[-13,85],[-35,27],[-66,-7],[-42,-25],[-35,-26],[-56,6],[-60,14],[-28,2],[-27,-14],[-7,-10],[-34,2],[-39,16],[-34,28],[-44,38],[-43,12],[-63,-19],[-67,-60],[-43,-103],[-33,-44],[-35,-19],[-38,2],[-54,18],[-57,-2],[-57,-35],[-105,-86],[-85,-34],[-65,-26],[-99,-3],[-41,-12],[-30,-33],[-19,-42],[-42,-27],[-37,4],[-53,13],[-54,18],[-6,21],[-57,11],[-108,1],[-40,-5],[-69,2],[-106,22],[-47,45],[-21,72],[-10,44],[-8,68],[10,57]],[[7151,37392],[37,-28],[-65,-78],[-6,-123],[-13,-102],[157,-62],[186,-14],[91,10],[13,-23],[-9,-39],[-51,-64],[-27,-36],[-66,-34],[-7,-24],[32,-33],[161,-21],[151,-9],[115,2],[87,23],[20,50],[17,38],[25,35],[141,-10],[110,38],[77,27],[0,45],[-6,81],[7,11],[67,24],[88,-42],[98,-46],[70,-51],[84,3],[42,78],[107,186],[19,34],[20,31],[32,-33],[12,-20],[-45,-80],[-1,-20],[-10,-54],[77,-66],[10,11]],[[21315,52091],[146,-73],[76,71],[268,-117],[-84,-211],[-134,-155],[-215,-79],[-449,-431],[-331,200],[120,213],[324,417],[-68,50],[56,44],[44,87],[247,-16]],[[28826,46393],[1798,-210],[-224,-1150],[1121,-1031]],[[31521,44002],[1055,-1145],[196,-1251],[-1760,-1695],[573,-138],[579,288],[165,-241]],[[32329,39820],[298,-436],[355,-519],[309,-454],[250,-165],[489,-323],[553,22],[367,15],[412,-122],[372,-111],[95,-290],[73,-366]],[[35902,37071],[-16,-266],[-7,-177],[-73,-204],[-69,-111],[-12,-167],[-140,-44]],[[35585,36102],[-130,-207],[-95,-90],[-245,-39],[-472,-25],[-206,400],[-183,356],[-273,202],[-197,-197],[-251,-100],[113,-172],[-16,-141],[-154,-106],[2,-171],[-16,-320],[301,-310],[-140,-221],[-147,-221],[-114,-265],[-26,-392],[-309,-192],[-745,-220],[-356,24],[-246,238],[33,316],[-55,46],[-470,-277],[-384,-100],[-67,203],[-125,-35],[4,-222],[-339,-70],[-223,111]],[[30054,33905],[-42,23],[-100,89],[-96,97],[-55,46],[-28,34],[-60,111],[-26,81],[21,45],[63,63],[69,63],[25,37],[13,44],[-21,41],[-81,46],[-34,32],[11,39],[-11,75],[-25,35],[-33,29],[-51,2],[-71,-14],[-91,-18],[-80,12],[-13,42],[-68,49],[-44,62],[-51,59],[-51,53],[11,63],[83,116],[67,85],[20,70],[8,85],[-24,88],[-40,53],[-67,61],[-110,87],[-117,44],[-132,-20],[-111,-24],[-181,13],[-194,39],[-284,78],[-124,89],[-91,105],[2,133],[-1,92],[-90,36],[-91,16],[-211,-15],[-170,-37],[-104,13],[-192,92],[-69,19],[-171,74],[-94,50],[-55,74],[4,71],[100,68],[182,42],[43,27],[10,65],[-61,127],[-63,122],[-74,29],[-120,-18],[-121,-56],[-39,-100],[-9,-108],[6,-84],[-20,-105],[-114,-90],[-121,-26],[-64,13],[-19,92],[18,277],[-48,201],[-113,119],[-67,54],[-174,4],[-271,-92],[-227,-109],[-107,50],[-64,90],[-79,87],[-66,166],[-122,91],[-172,54],[-227,61],[-164,62],[-147,83],[-85,120],[-156,263],[-172,111],[-172,50],[-279,-23],[-186,-72],[-241,-125],[-135,1],[-153,47],[-98,47],[-92,171],[-197,163],[-189,52],[-512,181],[-191,34],[-270,-122],[-144,-83],[-99,-111]],[[20711,38732],[-349,192],[-24,479],[-159,96],[-269,94],[-52,146],[105,246],[226,75],[112,81],[8,147],[208,17],[96,-11],[77,38],[-24,209],[130,169],[3,150],[-3,67],[63,62],[-140,319],[-59,322],[-56,131],[-15,36],[-82,55],[-47,34],[-64,68],[-20,29],[-14,55]],[[20362,42038],[84,74],[155,-107],[158,68],[96,91],[23,166],[-21,55],[15,127],[37,6],[-86,106],[95,83],[95,72],[150,105],[95,86],[319,301],[111,213],[280,291],[-31,17],[9,29],[-173,86],[14,47],[482,339],[37,89],[585,490],[-579,99],[45,74],[-50,86],[19,30],[-15,41],[191,190],[141,142],[88,91],[43,51],[48,74],[36,75],[28,22],[101,99],[176,198],[123,133],[189,195],[197,213],[113,122],[59,57],[17,16],[3,5],[7,6]],[[23871,46891],[19,1],[232,-8],[298,-11],[295,-10],[168,-7],[226,-11],[168,-20],[22,35],[114,94],[315,182],[171,71],[31,57],[140,34],[209,127],[97,-132],[112,-52],[104,6],[64,118],[-50,163],[55,29],[194,-138],[74,-421],[71,-64],[82,-334],[1744,-207]],[[55893,92672],[-33,-14],[-73,-5],[-35,-29],[-2,-17],[67,-62],[-63,-145],[24,0],[-5,-41],[-9,-28],[3,-28],[-13,-30],[-14,-23],[-88,-83],[-8,-16],[-5,-43],[26,-24],[-6,-15]],[[55659,92069],[-138,8],[-33,-2],[-222,19],[-32,-178],[-447,45],[24,220],[-62,8],[-210,3],[69,79],[38,39],[-264,33],[-169,24],[-424,41],[-150,79],[-40,44],[-82,93],[-35,44],[-87,22],[-58,-17],[-47,40],[-189,134],[-188,112],[-144,219],[-158,164],[-402,153],[-46,48],[-222,34],[-514,85],[-214,69],[-24,26],[-16,42],[-143,37],[-228,58],[-45,-9],[-623,279],[-221,48],[11,138],[78,27],[25,24],[-17,11],[-31,90],[-16,24],[-40,-2],[5,173],[9,88],[-102,20],[5,80],[-52,20],[-39,47],[-55,33],[-8,26],[4,36],[-4,42],[31,81],[-56,-3],[-64,-33],[-37,10],[-8,37],[-5,57],[-20,46],[15,54],[-74,118],[33,155],[-337,86],[32,94],[-342,94],[-75,-165],[-849,242],[-218,35],[-139,-134],[-80,29],[-180,-238],[-294,37]],[[47019,95691],[34,79],[154,355],[35,114],[60,138],[31,66],[39,69],[16,54],[18,48],[17,37],[25,48],[24,64],[68,122],[89,166],[78,136],[1,15],[0,22],[6,12],[17,6],[7,9],[0,4],[-6,5],[-4,10],[4,11],[49,106],[20,49],[105,220],[30,40],[7,19],[28,63],[24,59],[25,49],[21,30],[22,41],[24,54],[48,87],[50,98],[52,118],[48,112],[96,218],[72,135],[48,88],[44,140],[76,138],[627,-184],[780,-234],[87,55],[106,28],[62,27],[-17,234],[91,-19],[21,22],[53,15],[20,-2],[197,-231],[75,34],[90,-131],[318,174],[50,-53],[19,11],[207,-258],[60,-18],[262,-45],[131,70],[182,-13],[58,-2],[33,-9],[-44,-88],[473,-69],[66,12],[275,-14],[56,9],[56,16],[117,-29],[202,120],[21,-8],[36,14],[394,209],[219,133],[58,-62],[309,171],[55,50],[82,39],[87,190],[183,-9],[125,431],[78,108],[57,47],[139,74],[220,10],[149,-169],[364,198],[212,-236],[196,103],[111,65],[57,29],[253,-303],[173,98],[178,-129],[472,-350],[62,-111],[3,-36],[-64,-248],[-53,-350],[-3,-83],[17,-51],[44,-28],[108,-6],[48,-64],[-8,-35],[60,-107],[40,-144],[29,-48],[8,-36],[30,-30],[36,-18],[36,-29],[-11,-48],[-14,-40],[-44,-30],[-49,-67],[-24,-58],[-10,-40],[-2,-60],[-12,-31],[-50,-17],[-33,-27],[-40,-54],[-24,-48],[8,-31],[-21,-90],[-3,-31],[-52,-28],[-53,-2],[-15,-39],[-15,-25],[24,-32]],[[57515,97054],[-9,-18],[-18,-21],[-27,-20],[-45,-12],[-20,-18],[-1,-63],[-17,-20],[-22,-16],[-22,6],[-38,35],[-78,8],[-3,-77],[-24,-11],[-48,-7],[-21,-40],[-44,-20],[5,-17],[31,-7],[55,9],[62,-63],[43,-29],[0,-17],[-27,-23],[-28,-8],[-21,-26],[-41,-3],[-15,-9],[40,-13],[-26,-30],[-6,-37],[-22,-9],[-27,-5],[-17,-22],[17,-43],[-6,-23],[13,-9],[-4,-35],[15,-32],[-3,-30],[-28,8],[-34,-2],[-1,13],[-27,-5],[5,-21],[-18,-7],[-11,9],[-12,-14],[-23,-9],[31,-5],[8,-21],[-9,-20],[-34,-3],[-15,-14],[-22,-21],[-60,22],[-20,36],[-50,-18],[8,-32],[-35,-12],[-27,-1],[26,-29],[-10,-22],[-89,-9],[24,-39],[-31,-29],[-1,-20],[14,-9],[20,-35],[-13,-15],[-26,13],[-50,5],[-13,7],[-10,14],[-18,-27],[8,-39],[-30,3],[-43,-49],[-7,-48],[11,-31],[-16,-50],[-21,-21],[-28,-11],[-39,27],[-21,-10],[63,-94],[-18,-9],[-20,10],[-23,1],[1,-30],[-28,-9],[4,-31],[-4,-27],[-59,-31],[-44,12],[-67,-46],[5,-23],[22,-46],[-18,-10],[-31,-6],[-27,-13],[-94,31],[-35,1],[1,-25],[-20,-61],[20,-46],[1,-19],[30,-24],[42,9],[18,-9],[-1,-35],[-34,-9],[-6,-29],[-38,-40],[-50,-6],[-26,4],[-11,-26],[-20,-10],[-15,-23],[8,-31],[-35,-21],[-32,-12],[-6,-46],[-28,-15],[-8,-31],[-43,-26],[-17,18],[-15,-15],[-14,-74],[84,-334],[-33,-77],[27,-33],[126,-22],[22,-28],[-15,-53],[-20,-31],[87,-41],[61,-67],[14,-79],[29,-56],[-94,-131],[17,-61],[-112,-139],[-23,-57],[61,-53],[-6,-48],[-30,-21],[-25,-37],[67,-42],[24,-33],[50,-88],[41,-42],[-21,-66],[-38,-52],[-15,-40],[-40,-14],[-60,-53],[3,-42],[8,-49],[-14,-20],[-50,-9],[-19,-39],[28,-31],[21,-13],[-8,-21],[-38,-49],[26,-24],[51,-15],[0,-34]],[[62420,76260],[48,257],[147,331],[1101,-53],[554,-71],[93,-1],[358,-3],[173,-14],[363,-28],[142,-232],[-14,-267],[-58,-102]],[[65327,76077],[-166,-46],[-293,-49],[-141,-69],[-65,-65],[-100,-215],[-54,-53],[-137,-2],[-144,53],[-91,87],[-111,85],[-88,121],[-200,195],[-149,35],[-391,-177],[-141,6],[-398,173],[-238,104]],[[65366,73341],[-185,-272],[-85,-62],[-102,228],[-172,-119],[-599,-270],[-395,-103],[-441,-180],[-308,-107],[-216,61],[-377,299],[-181,-68],[-163,-65],[-148,254],[-125,-49],[-195,27],[-166,21],[-26,196],[-112,-21],[-136,-60],[-121,-495],[-146,-586],[-755,199],[-832,498],[-859,14],[-247,-113],[-614,-232],[-315,-159],[-199,-170],[-108,-45],[-141,4]],[[56897,71966],[-121,-16],[-243,121],[-558,116]],[[55975,72187],[286,327],[199,215],[409,430],[75,157],[8,174],[-111,128],[-389,-21],[-183,53],[-263,248],[139,312],[59,99],[-130,364],[26,227],[5,386],[-53,502],[-99,83],[-123,89],[-126,179],[74,134],[-13,223],[19,153],[421,106],[0,203],[208,54],[-253,439],[-143,154]],[[56017,77605],[5,-1],[104,-15],[81,1],[53,11],[37,15],[34,22],[37,23],[59,33],[57,62],[53,46],[65,41],[60,32],[67,32],[53,21],[83,36],[63,7],[75,-7],[86,-27],[50,-31],[8,-15],[3,-15],[3,-27],[-2,-39],[-37,-58],[-45,-79],[-51,-113],[-20,-116],[4,-121],[21,-54],[38,-40],[59,-51],[85,-52],[55,-17],[145,37],[16,0],[55,23],[44,29],[95,57],[141,81],[21,86],[2,96],[51,61],[105,14],[125,3],[238,-55],[162,-5],[293,41],[117,49],[48,-2]],[[58918,77624],[82,-84],[48,-75],[29,-96],[10,-82],[32,-179],[63,-87],[80,-74],[116,-64],[118,-39],[314,-25],[134,17],[121,48],[69,82],[110,204],[84,77],[98,31],[170,29],[93,-10],[258,-86],[238,-137],[227,-213],[54,-191],[-74,-280],[-73,-283],[17,-203],[94,-188],[171,-63],[91,-19],[148,-22],[86,9],[99,218],[153,226],[119,156],[123,39]],[[65327,76077],[10,3],[176,56],[225,73],[188,11],[363,-14],[172,-14],[159,-60],[131,-151],[109,-106],[20,-78],[-84,-146],[-152,-70],[-107,-49],[-162,22],[-86,73],[-42,78],[28,75],[84,73],[37,79],[-40,58],[-129,80],[-98,25],[-182,6],[-146,-44],[-74,-99],[43,-345],[7,-201],[-88,-108],[-399,-257],[-170,-103],[-40,-73],[53,-173],[42,-21],[109,45],[116,118],[178,154],[169,100],[163,-9],[156,-75],[261,-226],[33,-109],[-21,-175],[-48,-67],[-179,-14],[-216,-18],[-165,-122],[-92,-222],[-197,-126],[-309,-288],[-31,-173],[69,-115],[101,-36],[94,22]],[[58918,77624],[6,135],[159,700],[-109,37],[211,578]],[[59185,79074],[-307,73],[139,104],[659,459],[-640,598],[-458,400],[228,151],[188,135],[137,92],[454,202],[-65,40],[287,401],[-1168,519],[-68,-75],[-67,34],[125,160],[-382,181],[35,46],[-72,0],[-63,49],[12,78],[-90,-4],[-71,41],[-61,12],[-318,-9],[-126,3],[-53,23],[-17,40],[16,36],[73,38],[30,52],[-24,51],[-56,65],[-40,68],[-40,102],[-91,76],[-47,7],[-53,-21],[-17,-22],[-3,-41],[-35,-26],[-42,3],[-82,31],[-45,78],[-57,18],[-111,-4],[-76,45],[-89,46],[-183,109],[-94,58],[-50,83],[6,33],[53,54],[-23,39],[-12,51],[79,185],[19,47],[-9,38],[-50,14],[-64,-9],[-63,30],[-73,1],[-45,34],[4,54],[-38,67],[-105,74],[-143,100],[-88,77],[-51,7],[-54,-26],[-6,-43],[-4,-43],[-63,-53],[-47,-105],[-86,-121],[-101,-150],[-32,-245],[-20,-48],[-57,-30],[-117,-63],[-59,-47],[-14,-57],[-73,-39],[-84,-176],[-57,-107],[-97,-95],[-52,-1],[-94,48],[-115,12],[-46,55],[-43,11],[-210,-53],[-71,16],[-149,70],[-63,98],[-109,37],[-81,-18],[-39,-2],[-80,67],[-81,21],[-121,26],[-93,19],[-94,60],[-109,71],[-83,43],[-46,7],[-40,-20],[-37,-42],[-9,-35],[16,-36],[29,-22],[-4,-25],[-50,-9],[-185,74]],[[52674,83599],[-30,-18],[-18,-24],[-68,-100],[-18,-113],[-236,-110],[23,-90],[-82,-67],[-20,-90],[-66,-38],[-76,-16],[-80,-10],[-120,50],[-59,-13],[-108,-110],[-30,-115],[-102,-227],[-611,-1378],[-1744,658],[-165,122],[-811,71],[-1145,102],[-875,69]],[[46233,82152],[-146,-732],[-161,-792],[-22,-203],[49,-276],[56,-207],[109,-383]],[[46118,79559],[58,-17],[1252,-285],[785,-191],[485,-102],[450,-108],[628,-146],[388,-94],[-122,-337],[-74,-219],[-81,30],[-137,-392],[79,-18],[-104,-267],[45,-21],[539,-600],[210,-228],[110,-117],[163,95],[68,-90],[265,-129],[96,-21],[49,-10]],[[51270,76292],[-14,65],[7,78],[12,82],[6,38],[14,21],[15,19],[12,15],[27,33],[39,35],[58,34],[91,16],[67,0],[73,-7],[53,-18],[45,-20],[56,-38],[55,-53],[23,-52],[31,-93],[68,-185],[115,-61],[75,51],[51,170],[20,160],[64,56],[90,92],[60,57],[40,69],[29,53],[12,79],[-19,97],[3,96],[9,51],[20,59],[39,53],[57,44],[62,21],[59,14],[72,3],[69,-16],[56,-19],[109,-40],[144,-69],[135,-60],[174,-90],[122,-59],[135,-52],[44,-17],[87,2],[80,12],[47,4],[72,68],[32,73],[30,57],[-4,57],[1,126],[-9,81],[-19,79],[-27,125],[-38,111],[-2,103],[13,65],[19,75],[43,56],[44,57],[59,57],[85,68],[136,81],[87,39],[84,29],[79,4],[67,5],[63,-15],[86,-25],[26,-32],[16,-35],[-7,-55],[-28,-88],[-132,-174],[-101,-180],[-67,-63],[-33,-85],[-1,-42],[42,-84],[33,-28],[48,-44],[28,-13],[45,6],[35,22],[36,27],[28,34],[50,51],[63,72],[103,117],[55,38],[56,33],[53,30],[51,6],[65,4],[65,-10],[49,-20],[111,-81],[166,-104],[127,-71],[66,-24]],[[44603,72295],[51,-14],[126,-26],[145,-10],[80,6],[32,5],[30,9],[27,35],[24,92],[8,81],[2,54],[-14,145],[-19,113],[-7,149],[-9,121],[45,131],[21,54],[61,70],[107,52],[91,37],[64,25],[69,7],[84,1],[91,-32],[105,-60],[41,-46],[41,-72],[7,-71],[-10,-99],[-146,-215],[-39,-103],[-11,-43],[11,-39],[26,-20],[47,-22],[61,-5],[87,16],[104,4],[131,-13],[108,-43],[93,-68],[79,-61],[46,-56],[30,-34],[39,-5],[31,11],[32,30],[45,52],[24,64],[9,57],[-23,82],[-57,99],[-60,97],[-87,136],[-84,116],[-113,158],[-16,76],[-7,67],[42,128],[24,60],[53,57],[62,45],[102,49],[78,35],[118,28],[52,9],[58,-3],[72,-21],[133,-73],[131,-155],[216,-212],[280,-233],[199,-159],[139,-87],[201,-130],[84,-38],[64,-26],[61,-8],[140,7],[46,13],[34,15],[22,24],[5,23],[-1,36],[-58,66],[-51,43],[-93,78],[-64,58],[-36,56],[-40,70],[-50,114],[-30,64],[-32,79],[-45,94],[-62,102],[-48,102],[-14,67],[-11,81],[17,89],[15,43],[32,44],[43,38],[71,35],[70,29],[86,19],[93,13],[136,17],[85,5],[75,11],[60,15],[61,25],[72,43],[81,59],[35,40],[19,30],[-1,28],[-33,61],[-45,55],[-99,96],[-64,81],[-35,56],[-19,44],[-20,84],[-11,87],[7,68],[18,76],[31,65],[35,38],[48,39],[42,30],[52,18],[63,0],[82,-16],[61,-23],[91,-41],[156,-72],[147,-68],[131,-72],[64,-37],[54,-60],[16,-76],[5,-72],[21,-132],[10,-63],[57,-126],[42,-54],[100,-88],[95,-65],[88,-27],[78,-13],[47,-2],[64,6],[69,26],[93,50],[104,64],[55,49],[55,71],[31,59],[23,62],[-3,47],[-13,36],[-33,24],[-50,7],[-121,-15],[-111,-1],[-56,-1],[-92,10],[-93,36],[-89,46],[-96,90],[-59,62],[-92,127],[-70,95],[-49,62],[-20,52],[-50,104],[-43,127],[-12,70],[-10,36],[12,71],[9,36],[32,88],[40,106],[50,39],[85,30],[74,25],[102,12],[69,-3],[91,-40],[58,-75],[26,-111],[34,-187],[45,-135],[48,-121],[55,-116],[49,-58],[42,-21],[49,-17],[52,4],[90,32],[64,49],[108,58],[163,121],[148,124],[66,70],[53,92],[12,41],[14,75],[0,39],[-34,62],[-44,82],[-37,80],[-45,110],[-34,75],[-10,32]],[[46118,79559],[9,-46],[88,-357],[-230,-600],[-142,-473],[21,-178],[-136,-234],[-497,-732],[-149,-232],[-32,-27],[773,-593],[32,-31],[-592,-504],[-936,-808],[-442,-381],[-208,-192],[4,-19]],[[43681,74152],[68,-31],[28,-27],[19,-36],[-6,-66],[-93,-119],[-125,-168],[-44,-67],[-63,-83],[-35,-71],[-9,-44],[17,-46],[53,-50],[112,-58],[169,-79],[202,-84],[77,-31],[59,-35],[90,-58],[91,-86],[78,-84],[18,-78],[21,-143],[10,-66],[6,-72],[52,-77],[44,-52],[83,-46]],[[53176,89288],[56,-16],[381,-134],[303,-174],[55,228],[99,22],[142,21],[94,-10],[98,16],[63,1],[112,-9],[116,0],[110,24],[68,16],[-5,53],[88,11],[60,-111],[30,-48],[-96,-41],[61,-139],[86,-359],[374,-14],[344,100],[213,156],[312,422],[275,205],[333,-510],[-99,-320],[-20,-54],[2,-21],[25,-43]],[[56856,88560],[174,-24],[75,-30],[79,4],[55,-23],[47,54],[27,50],[7,29],[23,39],[91,30],[66,2],[21,-13],[42,-51],[25,-20],[4,-47],[19,-30],[110,3],[54,20],[15,40],[23,20],[60,5],[30,-4],[212,-30],[-31,-209],[-65,-461],[-106,-782],[408,-40],[150,125],[370,-15],[115,-6],[126,-30],[36,-9],[17,4],[12,-10],[18,4],[49,-11],[31,-12],[34,-5],[18,-10],[33,-12],[40,-9],[36,-21],[35,-24],[33,-9],[37,-19],[51,-30],[9,-14],[44,-13],[23,1],[54,-9],[13,19],[0,23],[-7,20],[2,54],[-5,34],[-13,66],[4,21],[11,42],[20,42],[-1,64],[11,14],[47,38],[16,27],[6,33],[6,29],[0,26],[-11,30],[4,22],[-12,21],[29,26],[22,19],[13,12],[65,193],[28,83],[19,4],[16,-18],[19,-13],[14,-22],[27,-8],[0,-22],[16,-12],[2,-16],[15,-16],[22,-13],[34,-18],[25,6],[26,1],[79,-17],[10,-21],[40,10],[41,-10],[25,-33]],[[60370,87698],[20,38],[9,5],[22,4],[28,2],[25,-24],[28,-2],[21,-9],[24,-5],[34,-17],[24,2],[21,-3],[18,-10],[19,-11],[15,-7],[28,-3],[26,-9],[29,-3],[49,2],[18,8],[29,5],[19,-13],[18,-21],[14,-8],[21,-13],[17,-21],[25,1],[27,-10],[34,-8],[22,-14],[46,-18],[26,-11],[47,0],[33,9],[42,9],[26,-5],[27,8],[33,2],[34,29],[33,19],[19,13],[27,32],[27,20],[34,9],[68,-4],[34,1],[27,6],[8,28],[5,14],[16,30],[21,6],[39,5],[35,-1],[25,2],[26,12],[37,-1],[23,4],[23,13],[11,13],[19,17],[17,19],[-7,20],[-2,20],[9,11],[45,19],[17,0],[42,-1],[19,9],[44,29],[20,19],[101,36],[47,9],[19,9],[4,17],[21,31],[-10,22],[-10,8],[-20,17],[-19,26],[-2,19],[12,9],[11,16],[22,37],[-4,20],[10,21],[15,20],[27,29],[6,20],[25,-26],[23,0],[32,8],[21,-2],[19,-14],[14,14],[22,3],[16,20],[35,16],[25,-3],[21,9],[5,14],[3,19],[15,15],[18,7],[24,-4],[0,34],[-2,55],[4,23],[14,19],[22,75],[34,23],[27,23],[30,20],[23,31],[6,32],[6,21],[42,18],[21,13],[31,5],[49,-4],[42,-13],[943,-12],[-2,-65],[233,8],[30,47],[2,18],[5,18],[34,22],[2,11],[-8,37],[-26,16],[-43,17],[-34,25],[-3,12],[0,12],[22,15],[25,24],[29,3],[27,11],[14,13],[10,22],[-12,10],[-36,14],[-11,10],[4,27],[17,18],[26,12],[42,9],[57,13],[34,15],[4,17],[-1,18],[-12,12],[-39,23],[-34,22],[-32,27],[3,36],[9,12],[23,20],[38,14],[31,25],[39,0],[44,11],[13,10],[2,21],[-4,44],[-7,13],[-37,17],[-18,29],[29,42],[41,25],[2,12],[-11,32],[-26,17],[-21,23],[-66,-21],[-66,53],[-3,32],[20,18],[35,-14]],[[64363,89749],[-6,24],[-3,16],[22,12],[39,18],[13,30],[-29,30],[-11,43],[-51,29],[-30,50],[-39,16],[-91,83],[-58,18],[-10,18],[-23,3],[-8,13],[-20,7],[-19,0],[-19,11],[2,19],[-16,15],[-28,11],[-3,16],[-22,17],[-36,18],[-10,11],[-28,12],[-18,13],[-16,9],[17,12],[14,12],[-13,12],[-20,7],[-2,20],[2,19],[-34,2],[-19,18],[6,12],[-19,17],[-11,20],[6,28],[-9,16],[-21,14],[-27,9],[-21,-8],[-2,3],[-18,28],[-11,16],[10,16],[-29,30],[-22,32],[-26,2],[-45,8],[-50,25],[-23,-1],[-29,-9],[-28,6],[-32,28],[-14,23],[12,20],[22,14],[-16,14],[-14,5],[-41,25],[-54,9],[-25,-4],[-9,-8],[-25,7],[-4,22],[-28,13],[-23,4],[-23,-7],[-12,-23],[-18,4],[-24,3],[-19,-5],[-17,-16],[-30,5],[-35,15],[-52,14],[-91,-182],[-236,154],[-206,142],[-22,-47],[-18,-17],[-21,-2],[-30,-10],[-25,-1],[-1479,484],[-361,221]],[[60451,91581],[-146,106],[-85,62],[-300,274],[-138,86],[-14,27],[-100,58],[-69,9],[-141,34],[-143,34],[-47,27],[-314,180],[-229,117],[-339,168],[-12,-19],[1,-19],[-18,-52],[0,-26],[-24,-9],[-104,3],[-106,-24],[-91,-24],[-82,-11],[-281,7],[-132,11],[-51,-2],[-301,-60],[-338,-17],[-163,31],[-148,35],[-65,39],[-75,19],[-43,27],[-186,-3],[-274,3]],[[55659,92069],[-33,-58],[55,-58],[46,-14],[16,-12],[28,-69],[40,-37],[17,-35],[9,-39],[0,-50],[13,-32],[32,-14],[12,-64],[-9,-53],[70,-25],[17,-15],[15,-33],[17,-9],[28,9],[16,-13],[-33,-30],[-27,-40],[14,-19],[27,-29],[13,-21],[-2,-27],[-27,-25],[-38,-31],[-36,-22],[-13,-19],[-6,-24],[14,-20],[23,-19],[-922,34],[-568,22],[1,-93],[-35,-53],[-5,-34],[11,-17],[16,-21],[-41,-174],[-58,-96],[-217,-234],[-94,-83],[-222,-235],[-103,-144],[-81,-104],[-113,-19],[-229,-72],[-99,-9],[-156,-62],[-115,-26],[-219,-64]],[[52708,89638],[118,-90],[209,-158],[88,-63],[53,-39]],[[57515,97054],[99,-46],[70,5],[54,13],[37,21],[359,392],[47,40],[1053,511],[325,154],[77,12],[999,-57],[11,-54],[34,-50]],[[60680,97995],[74,-72],[11,-48],[-17,-50],[9,-15],[43,-8],[34,-51],[34,-13],[25,13],[18,8],[45,0],[23,-19],[42,-2],[40,-18],[36,-72],[71,-7],[22,-54],[16,-46],[46,-1],[22,-16],[44,25],[42,-12],[93,27],[73,-33],[-28,-33],[37,-39],[28,-13],[20,-34],[74,-14],[39,-16],[49,-34],[52,-31],[9,-22],[20,-18],[34,-26],[65,6],[6,-35],[-5,-72],[23,-54],[57,-8],[82,15],[71,24],[38,-54],[72,-76],[70,14],[65,-154],[72,30],[63,6],[46,32],[-2,-92],[34,-131],[107,-81],[16,-131],[21,-85],[66,-36],[45,-56],[1,-40],[-93,-3],[2,-32],[-22,-23],[-36,-1],[-14,-50],[-122,-73],[-21,-139],[-36,-15],[-46,14],[14,-80],[44,-24],[30,-34],[14,-125],[38,-19],[-3,-20],[-58,-28],[0,-35],[11,-18],[0,-18],[-16,-15],[-4,-41],[26,-22],[33,-92],[-45,-16],[-36,-120],[38,-32],[-20,-67],[-40,3],[-67,-17],[-55,-244],[-53,-215],[-48,-195],[-61,6],[-44,15],[-16,-17],[28,-30],[-40,-25],[-43,-9],[-40,8],[-14,-18],[-7,-29],[-11,-32],[-22,-12],[-12,-19],[10,-17],[0,-24],[-19,-8],[-35,-17],[5,-20],[23,-14],[27,-6],[22,1],[27,-15],[17,-44],[46,-30],[24,-25],[25,2],[3,-26],[16,-24],[23,32],[15,-16],[-1,-16],[-20,-19],[-2,-14],[-82,-67],[-41,-21],[-15,-16],[35,-91],[-5,-52],[7,-26],[-9,-22],[-13,-18],[-30,-20],[-35,-39],[0,-30],[-10,-29],[30,-42],[57,-5],[28,-40],[21,-6],[20,-10],[60,-29],[0,-17],[20,-15],[17,-1],[7,-27],[24,-25],[26,-14],[45,-4],[16,-12],[3,-17],[22,-10],[-9,-23],[55,-6],[38,-55],[61,-40],[-54,-80],[-50,-61],[-60,-49],[-70,-33],[-53,-28],[-64,-43],[-35,-36],[-24,-59],[7,-70],[29,-38],[-5,-39],[-18,-6],[-6,-68],[-23,-45],[-215,-78],[-493,-261],[-96,-53],[-20,-2],[-25,-10],[-180,-65],[-649,-481]],[[70194,91093],[115,-107],[36,-38],[68,-75],[137,-33],[58,-8],[84,-25],[71,-28],[73,-10],[26,6],[29,-2],[38,-10],[28,3],[25,8],[32,2],[37,-5],[71,0],[182,34],[113,3],[77,15],[27,17],[64,-35],[59,-2],[67,-33],[5,-37],[-18,-33],[-15,-12],[21,-32],[23,-63],[210,-224],[109,-164],[45,-45],[25,-50],[-14,-39],[4,-53],[18,-66],[99,-151],[31,55],[43,30],[80,40],[53,12],[30,5],[60,37],[35,38],[36,54],[52,41],[59,5],[104,8],[9,35],[79,82],[107,-1],[58,29],[30,18],[54,10],[50,25],[70,-3],[57,-17],[71,-1],[55,-25],[34,-13],[56,13],[0,17],[37,24],[7,20]],[[73580,90339],[36,34],[45,44],[86,36],[59,76],[31,25],[49,59],[28,58],[31,47],[48,46],[51,31],[42,37],[43,11],[55,20],[39,23],[8,21],[-63,64],[-17,30],[-23,89],[57,84],[123,212],[32,117],[23,92],[0,87],[-4,53],[-22,63],[11,114],[-31,66],[-121,188],[-67,101],[-97,53],[57,121],[41,113],[92,166],[94,148],[59,97],[51,107],[8,52],[22,145],[-3,55],[-30,41],[-32,125],[-16,321],[-27,101],[2,296],[15,51],[152,46],[80,47],[132,19],[17,37],[6,52],[63,37],[9,29],[55,64],[39,-3],[104,-50],[84,10],[224,28],[-160,69],[-138,69],[-249,248],[-29,70],[8,45],[-2,19],[-59,206],[-39,49],[-113,-3],[-200,-39],[-98,128],[-150,43],[-54,11],[-95,-56],[80,-293],[-116,-73],[-150,31],[-130,170],[-91,174],[-1,38],[9,66],[9,72],[-51,97],[-105,11],[-119,-92],[-10,-51],[7,-61],[-77,-107],[-50,85],[-157,93],[-98,58],[-135,23],[-119,14],[-40,-7],[-95,110],[-151,76],[-191,-13],[-390,-117],[-44,-85],[-309,23],[44,205],[-41,87],[-117,48],[-65,-17],[-392,-103],[-69,-34],[-155,-75],[-205,-43],[-208,-44],[-74,-22],[-56,23],[-46,59],[-304,-61],[-515,-65],[-55,6]],[[69170,95640],[4,-414],[-150,-44],[-185,-43],[-56,-20],[-66,-68],[-33,-64],[-107,-59],[70,-7],[173,-51],[134,0],[10,-17],[-3,-21],[-23,-44],[-62,-84],[31,-25],[41,-6],[33,4],[48,-16],[35,-29],[10,-27],[18,-26],[33,-22],[30,-9],[24,-4],[19,-9],[14,-16],[3,-19],[-9,-13],[-2,-21],[18,-14],[47,3],[17,12],[29,-17],[40,-4],[26,6],[23,-5],[24,1],[22,-3],[12,14],[25,-11],[76,-32],[-32,-47],[14,-21],[-19,-54],[-6,-58],[-12,-16],[6,-20],[-18,-23],[-20,-19],[-34,-17],[7,-78],[-19,-11],[-12,-41],[9,-24],[-37,-56],[-31,-19],[-26,7],[-22,-33],[-46,-33],[-15,-28],[-21,-31],[-3,-36],[8,-18],[-14,-13],[-29,-4],[6,-13],[-50,-62],[3,-51],[-4,-47],[44,-36],[56,-67],[26,-31],[8,-45],[25,-17],[-107,-251],[59,-120],[20,-67],[41,-52],[164,-62],[103,-20],[120,-16],[-50,-85],[47,-236],[124,-200],[89,-127],[50,-194],[26,-112],[-12,-14],[-260,0],[-4,-61],[29,-67],[58,-106],[31,-64],[48,-80],[6,-39],[43,-57],[49,-37],[30,9],[32,-5],[33,-19],[32,-3],[31,-12],[58,-1],[38,13],[40,1],[110,-7],[-25,-20],[-19,-1],[-25,-15],[-7,-15],[-29,-7],[-6,-26],[14,-28],[-40,-4],[-36,-19],[4,-24],[-20,-11]],[[64363,89749],[30,-8],[24,6],[44,8],[59,-8],[27,-1],[29,1],[29,9],[6,42],[-10,95],[3,87],[7,34],[-36,42],[-34,14],[-19,12],[-3,25],[-12,12],[-15,11],[-5,13],[15,14],[7,22],[4,18],[28,17],[29,18],[34,15],[7,12],[14,6],[26,5],[20,-10],[17,2],[12,9],[1,12],[-10,20],[1,13],[0,20],[9,3],[13,-5],[16,-9],[14,-4],[18,13],[18,8],[21,21],[13,23],[9,22],[7,32],[-2,29],[23,25],[14,23],[4,26],[-12,18],[-2,19],[17,13],[23,5],[22,-8],[38,-14],[12,-4],[19,9],[16,-9],[-8,-19],[15,-9],[12,3],[7,12],[12,2],[23,-10],[25,-1],[10,7],[19,9],[18,-4],[18,-3],[12,13],[1,17],[12,7],[4,15],[7,11],[9,8],[16,2],[2,-12],[7,-7],[12,-7],[13,-3],[9,6],[20,14],[8,13],[7,24],[-12,6],[-9,13],[-6,13],[14,16],[15,8],[26,4],[41,-2],[21,2],[29,-1],[41,-9],[8,-6],[13,2],[10,21],[-5,22],[11,4],[24,1],[18,3],[13,20],[7,8],[12,3],[23,-12],[6,-14],[13,-20],[20,-13],[9,-19],[9,-18],[38,-22],[-1,-10],[-17,-10],[-19,-6],[-5,-14],[-3,-12],[-14,-7],[-3,-25],[16,-22],[10,-10],[34,-2],[26,6],[20,2],[34,2],[15,-11],[9,-9],[17,-20],[19,-9],[12,-12],[27,1],[17,-3],[26,-1],[15,-9],[0,-19],[-11,-16],[-15,-12],[-23,-7],[-8,-24],[-31,-23],[7,-25],[39,-17],[20,1],[21,-10],[23,-16],[4,-27],[14,-19],[12,-12],[6,-17],[17,-12],[18,-18],[-32,-21],[-31,-15],[-20,-17],[-8,-20],[-5,-21],[8,-19],[11,-17],[20,-14],[15,8],[20,23],[19,15],[6,28],[23,14],[17,5],[18,-12],[23,7],[30,4],[35,0],[17,-8],[11,-23],[14,-16],[24,-5],[7,-10],[-15,-12],[-21,-10],[-40,2],[-23,-12],[-13,-19],[-6,-25],[0,-15],[17,-9],[24,3],[29,7],[28,-9],[33,-14],[22,4],[38,11],[22,19],[25,15],[24,12],[5,18],[-31,17],[-13,21],[-2,28],[21,17],[1,16],[-11,28],[42,-13],[29,-2],[30,5],[39,17],[11,7],[9,44],[-5,28],[7,21],[0,31],[4,27],[30,31],[28,15],[14,3],[15,-2],[27,-41],[27,-33],[29,8],[24,33],[38,5],[27,6],[8,7],[13,19],[24,31],[28,18],[32,13],[35,1],[11,-2],[58,-14],[21,5],[24,16],[19,8],[26,-8],[5,-16],[0,-26],[19,-16],[16,-17],[49,-12],[20,3],[10,-25],[11,-39],[28,-39],[63,-94],[1,-153],[24,-60],[7,-22]],[[67322,89963],[906,-52],[819,-251],[565,198],[116,383],[104,326],[84,104],[31,16],[11,24],[3,44],[7,58],[-7,25],[4,26],[41,-13],[37,5],[0,37],[18,4],[-8,20],[39,22],[28,-1],[17,41],[-1,34],[18,43],[40,37]],[[69170,95640],[-97,-34],[-136,-216],[-187,53],[-125,26],[-238,70],[-21,20],[-73,61],[-31,13],[-38,5],[-25,-2],[-80,21],[-22,20],[-24,16],[-42,4],[-35,-6],[-43,-11],[-69,7],[-56,-22],[-33,-3],[-31,9],[-51,-3],[-22,9],[-89,-4],[-10,15],[-39,12],[-42,25],[-41,24],[-31,59],[-43,50],[-54,59],[-12,26],[-2,51],[5,62],[-2,38],[-19,5],[7,32],[20,47],[-20,7],[-24,20],[-20,29],[-46,59],[-1,17],[-11,35],[-183,-34],[-93,-4],[-79,-48],[-81,13],[-31,0],[-42,-18],[-26,36],[-75,5],[-6,-22],[-81,21],[-40,31],[-37,16],[-20,32],[-23,-11],[-23,-34],[-59,18],[-9,-27],[-31,4],[-72,-4],[-86,-4],[-137,22],[-17,-23],[-20,-16],[-31,0],[-33,10],[-62,-14],[-18,-9],[-21,-1],[-15,14],[-9,23],[-35,21],[-8,59],[-8,36],[-40,42],[-182,9],[-55,-108],[-35,-56],[-8,-47],[-116,-26],[-93,-3],[-91,-6],[-123,-20],[-75,-31],[-39,-41],[-117,-59],[-48,-9],[-110,-30],[-29,-22],[-16,-41],[-31,-26],[-38,-49],[-35,-7],[-36,10],[-22,30],[21,18],[8,23],[20,89],[0,46],[15,43],[12,82],[39,60],[57,80],[76,57],[-11,22],[10,42],[27,17],[53,10],[-19,34],[13,99],[-31,11],[-40,89],[-60,66],[19,28],[91,32],[39,31],[36,42],[27,5],[38,-4],[89,77],[-54,0],[-50,11],[-37,30],[-51,25],[-84,11],[-24,-3],[-16,10],[-37,-11],[-67,19],[-32,34],[-242,114],[-50,45],[-35,40],[-64,46],[-28,17],[-35,5],[-30,38],[-13,42],[43,50],[35,21],[214,66],[-3,85],[223,85],[35,123],[-17,100],[-16,57],[-34,65],[-18,55],[9,38],[-59,22],[-63,98],[-72,-29],[-107,71],[-18,17],[-84,12],[-84,5],[-2,49],[-12,45],[-13,31],[-58,24],[-69,-22],[-36,-27],[-39,-71],[-37,-5],[-82,-12],[-59,-30],[-13,23],[38,18],[-20,36],[-39,-24],[-60,25],[-32,61],[97,79],[-1,15],[-20,26],[-17,73],[18,27],[-63,33],[-28,41],[5,12],[-20,9],[-43,-5],[-59,17],[-36,67],[-17,35],[-10,12],[-68,67],[-86,-24],[-72,-15],[-8,-19],[-51,-17],[-242,-127],[-38,-16],[-8,-25],[-24,-5],[-72,13],[-36,-3],[-72,-20],[-72,-37],[-51,-13],[-20,-19],[-102,-37],[-36,-27],[-52,-20],[-8,-16],[-122,-62],[-11,-24],[-35,-4],[-46,-50],[-28,-21],[-41,-44],[-6,-50],[-16,-30],[-25,-20],[-121,-37],[-41,1],[-131,-51],[-63,-65],[-32,-35],[-79,-13],[-145,-9],[-222,-101],[-50,-36],[-27,-33],[-81,-19],[-53,34],[-31,2]],[[47019,95691],[-14,-14],[-13,-23],[-15,-28],[-17,-30],[-56,-149],[-48,-105],[-40,-95],[-31,-85],[-52,-119],[-90,-166],[-86,-182],[-66,-135],[-36,-81],[-53,-117],[-38,-116],[-72,-166],[-69,-137],[-32,-114],[-105,-264],[-68,-138],[-65,-128],[-16,-48],[-91,-157],[-18,-15],[-23,-17],[-19,-38],[-8,-41],[-4,-15],[-6,-11],[-20,-29],[-20,-26],[-10,-15],[-7,-28],[-10,-32],[-16,-28],[-16,-31],[-9,-28],[-4,-25],[-7,-30],[-8,-21],[-14,-20],[-8,-12],[-2,-12],[-5,-25],[-7,-19],[-14,-27],[-15,-27],[-8,-19],[-11,-44],[-1,-34],[-3,-26],[-9,-28],[-9,-25],[-4,-16],[-17,-31],[-10,-31],[157,-38],[939,-205],[23,-15],[580,-345],[491,-291],[25,-15]],[[47719,91359],[338,-201],[337,-201],[264,-157],[194,-123],[136,-84],[115,-87],[270,-221],[-302,-297],[76,-34],[122,-27],[78,-31],[203,24],[591,112],[2,-116],[85,-281],[30,-130],[22,-153],[47,-51],[153,31],[245,15],[514,8],[100,23],[403,22],[596,137],[305,86],[65,15]],[[76353,78167],[-3,10],[0,10],[136,156],[214,246],[176,359],[42,39],[10,57],[86,18],[56,-28],[280,-30],[26,-83],[19,-34],[34,-29],[109,-63],[152,-158],[148,18]],[[77838,78655],[-24,-153],[13,-34],[-48,-57],[-33,-163],[-177,-159],[108,-234],[162,-105],[41,-66],[94,-38],[-13,-53],[-16,-69],[-51,-72],[-294,-325],[-218,61],[-187,-14],[-61,7],[-107,-80],[-310,58],[-106,49],[-157,179],[-46,483],[-45,74],[-10,223]],[[60370,87698],[24,-4],[22,0],[29,-5],[58,-11],[63,-40],[47,-40],[10,-62],[26,-63],[60,-246],[-57,-331],[-257,-95],[31,-261],[-88,-68],[-66,-117],[-26,-132],[16,-398],[622,-352],[108,-60],[137,-132],[59,-33],[50,-98],[73,-52],[81,-1],[32,-42],[214,-104],[10,-30],[-328,-345],[-2,-34],[207,-125],[494,-302],[105,-63],[79,-10],[346,-33],[52,-19],[10,-61],[93,-79],[140,-88],[92,-43],[138,76],[88,81],[-92,176],[27,64],[114,13],[506,186],[74,-126],[264,10],[397,-69],[231,-92],[394,-139],[496,-86],[405,-200],[814,-468],[596,94],[152,162],[156,21],[117,-22]],[[67813,83400],[80,-27],[102,-13],[31,72],[112,-36],[71,-37],[43,206],[875,663],[-334,773]],[[68793,85001],[-649,1500],[409,1417],[-1231,2045]],[[69573,81960],[-71,-409],[19,-298],[24,-352],[88,-70],[39,-54],[63,-24],[38,-43],[0,-32],[40,-26],[0,-29],[50,-27],[12,-28],[28,-34],[24,-29],[14,-56],[33,-66],[19,-40],[12,-68],[14,-46],[-28,-46],[33,-63],[-7,-88],[71,-251],[-73,-356],[28,-255],[-24,-107],[29,-15],[-24,-20],[18,-8],[42,-731],[5,-112],[-26,-54],[-25,-57]],[[70038,78066],[-56,-69],[-69,6],[-95,48],[-93,80],[-101,39],[-89,65],[-4,40],[-55,36],[-38,60],[-173,90],[-78,7],[-145,235],[26,64],[-24,54],[-43,57],[-382,181],[-673,64],[-98,16],[-90,-1],[-90,-32],[-44,-27],[-39,-26],[-112,16],[-299,-47],[-314,251],[-174,111],[-255,106],[6,-187],[-46,-62],[-121,40],[40,64],[-171,30],[-58,-37],[-33,49],[-55,19],[-149,209],[-25,48],[-229,147],[-135,39],[-237,41],[-78,0],[-67,37],[-80,59],[-158,211],[-43,22],[-285,21],[-141,7],[-89,49],[-63,-35],[-103,-59],[-30,0],[-55,8],[-36,-11],[-20,-24],[4,-46],[-26,-179],[-115,-170],[-186,-46],[-258,-113],[-95,-71],[-527,-180],[-452,-86],[-529,375],[-261,31],[-385,-319],[-491,-405],[-121,-90],[-213,-152],[-424,-273],[-540,579],[-73,19],[-93,25]],[[52674,83599],[20,10],[3,28],[-77,25],[-32,5],[-11,14],[25,36],[0,30],[-8,44],[20,68],[44,25],[16,22],[105,25],[19,35],[-18,52],[-9,21],[18,18],[79,11],[39,-17],[46,4],[34,7],[40,35],[8,56],[40,29],[31,54],[138,24],[67,20],[49,44],[3,112],[15,91],[-6,18],[-23,17],[-33,10],[-84,-31],[-38,2],[-14,11],[-2,24],[9,21],[11,11],[80,65],[-3,12],[-20,21],[-40,22],[7,24],[40,18],[14,89],[17,26],[110,7],[98,23],[84,34],[70,50],[68,23],[66,-27],[50,0],[38,19],[59,1],[66,44],[29,81],[4,42],[39,42],[50,40],[16,46],[41,25],[76,8],[28,16],[32,15],[42,-10],[33,13],[60,66],[6,24],[15,5],[216,84],[41,-3],[39,-36],[22,-9],[28,10],[-34,53],[137,592],[1033,-161],[101,414],[146,-23],[158,280],[-875,-53],[-25,100],[-33,151],[-14,36],[-42,99],[-32,66],[-24,13],[-28,21],[-19,32],[15,34],[-43,-5],[-47,-8],[-30,13],[-58,51],[-116,139],[-2,25],[22,61],[14,24],[69,99],[16,25],[28,112],[11,61],[23,42],[38,22],[35,40],[20,27],[53,71],[22,16],[28,36],[49,31],[11,19],[0,19],[-38,39],[-29,41],[270,318],[40,34],[39,-6],[242,-71],[86,45],[15,-23],[29,9],[19,-33],[118,29],[53,12],[252,-6],[1,-32],[16,-9],[43,0],[14,-38],[31,-1],[30,-17],[55,-10],[107,8],[44,-11],[-7,188]],[[67813,83400],[-41,-154],[107,-237],[154,62],[556,-263],[123,-75],[166,-35],[150,-126],[123,-322],[40,-96],[42,-26],[60,-57],[-14,-52],[105,-94],[49,58],[35,36],[27,9],[85,-7],[11,-26],[-18,-35]],[[62690,82753],[231,-122],[99,-49],[111,-85],[86,-66],[35,-2],[8,-37],[173,-151],[95,-71],[30,-190],[189,-103],[193,-94],[-151,-392],[-123,-258],[-73,-149],[-378,-434],[111,-84],[35,-40],[34,-138],[1,-42],[-23,-139],[-230,-142],[-492,51],[-334,134],[-210,124],[-73,273],[-13,89],[15,148],[-204,-23],[-167,-506],[-13,11],[-72,131],[-316,562],[-28,357],[-134,238],[-63,107],[-162,278],[-83,214],[-53,142],[-102,260],[-66,100],[63,31],[13,21],[-39,30],[-27,46],[-17,4],[-8,19],[-1,26],[-1,20],[-17,26],[14,25],[20,19],[63,-34],[147,-33],[43,11],[44,-2],[34,-18],[57,9],[31,35],[-5,53],[-22,31],[-8,24],[23,19],[241,24],[74,37],[260,66],[456,-7],[245,-155],[434,-229]],[[43529,84081],[261,56],[421,87],[16,19],[48,26],[48,-16],[92,23],[262,23],[17,22],[-26,26],[-31,43],[-30,93],[0,70],[23,87],[25,58],[178,-39],[364,-19],[118,-16],[131,-63],[272,-14],[153,1],[148,-10],[-46,256],[2,127],[43,852],[504,22],[582,20],[478,18],[200,-19],[114,-44],[54,-2],[134,-21],[104,-33],[344,174],[146,213],[91,90],[94,152],[189,209],[540,-31],[408,-116],[-136,269],[3,42],[22,4],[66,-15],[74,0],[61,-8],[112,-20],[59,16],[417,-27],[424,72],[682,56],[378,322],[494,89],[174,23],[81,3],[235,112],[93,187],[47,137],[48,79],[57,73],[7,25],[1,41],[27,32],[63,6],[17,8],[8,16],[-8,20],[-23,7],[17,122],[45,125],[13,55],[2,62],[13,42],[28,53],[4,35],[26,49],[35,31],[78,4],[4,23],[79,19],[1,35],[-23,-2],[1,86],[-574,-54],[-39,459],[-10,96],[-6,35],[-1,39]],[[46233,82152],[-75,30],[-33,52],[-12,65],[18,79],[-119,170],[-42,27],[-158,30],[-320,132],[-177,124],[-87,4],[-59,-49],[-45,3],[-78,36],[-65,-8],[-48,-13],[-171,-46],[-129,0],[-169,-33],[-70,38],[-87,161],[60,52],[2,36],[-204,252],[-636,787]],[[93573,74283],[153,-177],[1,-7],[82,0],[173,31],[453,238],[428,225],[166,-60],[331,-100],[18,-15],[34,-21],[180,-66],[212,-14],[466,-189],[619,-83],[185,3],[679,-255],[287,-134],[211,-72],[317,-233],[260,-139],[451,-186],[453,-114],[267,-199],[-88,-33],[-48,-35],[-45,33],[-53,6],[-21,-23],[-1,-33],[2,-23],[-106,2],[-38,-25],[-28,-18],[-61,-2],[-131,-5],[-21,-14],[-28,-18],[-36,-4],[-80,-10],[-44,-12],[-26,-21],[-40,-32],[-25,-20],[-48,-10],[-30,-33],[-33,-34],[4,-54],[-19,-26],[-3,-26],[-9,-3],[-33,-23],[-27,-9],[-23,-16],[-14,-9],[-18,-13],[-11,-12],[-5,-21],[4,-15],[5,-14],[0,-28],[11,-27],[-3,-56],[-26,-51],[-8,-30],[-31,-40],[-19,-32],[-11,-35],[-33,-21],[-2,-18],[-22,-8],[-37,-13],[-40,-14],[-17,-6],[-31,-36],[-51,-26],[-31,-26],[-8,-37],[-48,-58],[-26,-10],[-26,1],[-35,-9],[0,-25],[-38,-57],[-7,-51],[-2,-35],[-29,-15],[-82,-7],[-64,25],[-44,0],[-20,-16],[-4,-24],[12,-14],[264,-59],[163,-49],[30,-9],[123,-27],[151,-34],[78,0],[29,-17],[13,-24],[7,-44],[-14,-16],[-96,-88],[-60,-24],[-69,-27],[-160,-92],[-119,-113],[-16,-41],[-31,-80],[-16,-56],[-15,-54],[-10,-34],[-1,-19],[-3,-49],[20,-57],[19,-51],[12,-8],[42,-27],[67,-43],[17,-10],[-2,-14],[-4,-28],[-3,-23],[-5,-37],[-17,-125],[-6,-41],[-93,-109],[-60,-71],[-15,-18],[-23,-23],[-36,-37],[-42,-42],[-70,-71],[-123,-81],[-49,-52],[-73,-22],[-31,-9],[-69,-6],[-4,1],[-71,23],[-57,40],[-49,55],[-70,50],[-22,15],[-89,46],[-22,4],[-138,25],[-131,62],[-119,57],[-49,16],[-115,37],[-87,-44],[-179,-89],[-32,-16],[-67,5],[-68,-2],[-41,-1],[-48,-13],[-38,-10],[-15,-7],[0,-23],[29,-9],[18,-1],[22,-2],[2,-25],[1,-14],[13,-10],[23,-17],[62,-47],[26,-20],[26,-19],[36,-28],[12,-9],[-35,-23],[-17,-10],[-19,-12],[-91,-59],[-51,-32],[-53,-35],[-20,-35],[-23,-77],[-7,-64],[-1,-30],[0,-27],[1,-57],[0,-24],[15,-37],[20,-49],[7,-17],[-43,-58],[-29,-39],[-42,-57],[-14,-19],[-12,-21],[-43,-76],[-23,-41],[-25,-44],[-15,-26],[-21,-42],[-26,-50],[-7,-24],[-49,-168],[-14,-47],[-11,-35],[-20,-114],[-7,-43],[-3,-98],[-2,-63],[-5,-140],[-10,0],[-22,-2],[-22,-2],[-5,-1],[-18,-11],[-44,-27],[-47,-30],[-25,-15],[-23,-15],[-42,-26],[-3,-1],[-121,-58],[-90,-43],[-16,-8],[-32,-27],[-13,-11],[-6,-28],[-5,-28],[-14,-74],[-13,-69],[-10,-51],[-3,-19],[-20,-35],[-15,-27],[-28,-26],[-27,-25],[-38,-34],[-34,-16],[-40,14],[-32,32],[-20,19],[-23,24],[-20,13],[-39,14],[-30,9],[-60,5],[-23,15],[-22,-10],[-38,13],[-33,2],[-31,-1],[-25,21],[-28,0],[-31,0],[-48,-3],[-49,-31],[-59,-32],[32,-79],[5,-16],[-8,-30],[-4,-16],[23,-81],[-63,25],[-66,28],[-44,16],[-43,1],[-85,6],[-26,42],[-26,13],[-42,22],[-138,-41],[-112,-10],[-92,-13],[-107,-91],[42,-24],[10,-57],[-119,8],[-142,21],[-224,-43],[-157,-69],[-167,-31]],[[92877,66564],[33,50],[19,128],[19,130],[202,377],[-5,95],[73,427],[76,243],[-2,187],[-7,122],[-50,55],[-31,72],[-14,40],[33,65],[95,321],[-292,624],[-211,190],[-191,322],[-87,75],[-2,207],[-107,54],[-226,-66],[-189,98],[-187,19],[-310,-151],[-322,-95],[-277,-131],[-195,32],[-158,3],[-85,-118],[-87,-107],[-124,-10],[-108,-38],[-119,-56],[-134,51],[-59,104],[-4,119],[-129,66],[-141,40],[-142,33],[-133,2],[-174,72],[-301,83],[-242,136],[-128,169],[-304,170],[-434,-91],[-195,-109],[-87,-273],[-114,-152],[-126,30],[-55,220],[29,186],[-107,42],[-277,-38],[-105,-166],[81,-175],[185,-208],[-48,-187],[64,-200],[12,-128]],[[86973,69524],[-303,-72],[-131,84],[-81,116],[-28,172],[-25,113],[-132,45],[-413,67],[-208,156]],[[85652,70205],[197,322],[40,137],[21,170],[-28,139],[114,101],[61,78],[17,208],[-26,160],[-76,162],[-33,153],[28,274],[100,385],[21,310],[-21,330],[-71,185]],[[85996,73319],[346,-65],[323,156],[138,118],[327,29],[332,-34],[361,182],[228,-11],[363,90],[351,158],[277,111],[309,287],[128,-6],[71,-63],[-183,-343],[247,-68],[169,-54],[99,77],[333,322],[239,194],[252,150],[249,292],[180,127],[176,52],[249,-50],[242,-74],[304,-33],[232,-13],[207,-206],[90,-260],[85,-90],[140,-6],[249,-23],[209,-11],[255,29]],[[88962,72165],[351,-163],[384,-167],[216,-136],[41,-103],[-60,-53],[72,-185],[-221,-168],[-168,-47],[-174,46],[-225,0],[-235,-35],[-202,8],[-97,0],[-24,93],[2,84],[-77,119],[179,74],[131,143],[-83,88],[31,57],[-22,156],[35,138],[146,51]],[[85599,82607],[-44,-15],[-131,3],[-285,-32],[-149,-63],[-25,-152],[-83,-543],[-30,-183],[8,-175],[63,-262],[64,-153],[6,-86],[-59,-108],[-20,-50],[4,-165],[-106,-140],[-60,-51],[-72,-91],[-150,-88],[-526,-450],[-68,-151],[-26,-135],[-80,-93],[18,-178],[81,-282],[52,-317],[-73,-230],[-65,40],[-346,28],[-190,-197],[-778,-85],[-237,-117],[-242,-66],[-60,-21],[-95,0],[-132,43],[-269,132],[-111,72],[-209,126],[-305,202],[-210,255],[-16,26],[-133,47],[-69,-6],[-72,-29],[-56,-9],[-83,0],[-65,35],[-49,4],[-91,6],[-83,11],[-168,-6],[-139,-28],[-132,-13],[-132,-23],[-144,-34],[-171,-29],[-30,0],[-89,13],[-123,17],[-63,7],[-59,1],[-42,-15],[-48,-16],[-24,-7],[-41,-16]],[[78537,78765],[29,-51],[54,-104],[57,-356],[70,-330],[64,-175],[115,-88],[22,-61],[3,-70],[113,-171],[124,-108],[126,-49],[126,-45],[63,-46],[44,-7],[63,-10],[43,0],[56,-16],[36,-29],[37,-44],[39,-72],[-1,-27],[6,-22],[-6,-17],[21,-36],[5,-19],[-34,-46],[11,-20],[51,-38],[30,-5],[58,-19],[64,-71],[22,-14],[-11,-20],[17,-78],[73,-5],[38,6],[76,64],[24,7],[78,-15],[40,-16],[23,-16],[26,-32],[22,-7],[21,-1],[29,8],[-2,55],[15,28],[4,24],[38,13],[33,-13],[43,-32],[13,-18],[-3,-49],[11,-38],[3,-39],[27,-1],[23,5],[16,12],[33,-7],[26,-32],[35,-31],[8,-18],[16,-66],[27,-11],[57,14],[29,30],[0,22],[-8,36],[-30,21],[-19,59],[44,52],[-25,38],[-19,7],[-29,27],[0,17],[36,16],[33,3],[57,-16],[31,-10],[90,-10],[26,3],[32,10],[21,0],[18,-6],[-4,-24],[-38,-34],[22,-32],[26,-12],[35,3],[20,10],[42,30],[27,37],[33,13],[20,5],[67,1],[24,24],[-27,48],[12,15],[33,8],[43,-3],[56,-16],[44,-5],[19,-7],[40,-17],[29,-1],[18,11],[-1,48],[-36,28],[-78,87],[-8,20],[28,22],[13,15],[36,7],[37,16],[31,-14],[7,-26],[43,-42],[36,8],[13,36],[-28,29],[17,31],[58,35],[98,12],[18,9],[9,18],[26,13],[30,-17],[8,-17],[1,-25],[-8,-22],[-3,-19],[40,-75],[-1,-91],[-95,-41],[-18,-34],[31,-48],[74,-45],[53,-43],[16,-26],[-31,-65],[-31,-32],[-62,-54],[52,-56],[153,-13],[48,-5],[42,-15],[109,-73],[86,8],[1,-43],[-47,-51],[-3,-32],[13,-29],[24,-25],[38,-29],[23,5],[4,24],[-10,47],[-15,21],[-4,29],[6,15],[23,2],[29,-6],[81,-51],[37,-48],[87,4],[89,-41],[142,-126],[114,-100],[-95,-118],[5,-103],[209,-61],[5,-46],[-185,31],[0,-92],[61,-132],[138,-81],[142,-15],[34,156],[137,-18],[86,160],[170,-161],[247,89],[48,90],[370,-34],[199,-117],[147,-291],[252,-478],[-67,-356],[57,-277],[-38,-274],[214,-259],[71,-245]],[[85407,73121],[105,3],[251,16],[233,179]],[[93573,74283],[25,11],[58,29],[-113,85],[-62,62],[10,37],[8,13],[115,158],[1,132],[-33,53],[-150,65],[-102,158],[-279,166],[284,110],[209,86],[19,118],[-95,78],[61,158],[50,135],[33,126],[124,135],[187,67],[100,63],[171,163],[168,92],[217,454],[32,29],[-14,21],[6,94],[4,17],[25,23],[3,28],[-11,22],[-8,20],[6,12],[13,13],[23,16],[-9,19],[-33,-3],[-44,3],[-43,9],[-24,20],[-2,33],[40,5],[30,29],[28,19],[17,13],[-5,45],[-3,33],[-30,28],[-8,19],[-21,7],[-22,-10],[-30,-19],[-48,14],[-22,2],[-12,14],[-35,8],[-23,17],[-97,13],[-42,25],[-51,-28],[-64,-21],[-26,-31],[-41,-30],[-57,-15],[-22,-17],[-143,2],[-74,133],[-41,135],[-44,153],[-91,6],[-143,-21],[-73,-1],[-98,20],[38,85],[8,41],[-12,30],[-115,130],[-50,38],[-105,47],[-197,128],[-44,38],[-24,8],[-12,43],[-50,74],[-47,56],[-10,34],[0,40],[-13,20],[-35,36],[7,27],[27,31],[-18,22],[-41,-9],[-8,35],[-116,-11],[-5,50],[-50,25],[-10,21],[-20,9],[-49,6],[-91,89],[-44,8],[-33,36],[-43,49],[-22,36],[-34,11],[-87,9],[-82,-12],[-78,-6],[-50,-27],[-68,12],[-77,32],[-44,2],[-36,19],[-68,24],[-37,23],[-20,-3],[-90,-16],[-47,-36],[-10,-25],[-31,-52],[-5,-15],[-81,-50],[-56,-5],[-39,8],[-47,-10],[-60,41],[-63,39],[-54,5],[-20,-33],[-10,-13],[-24,2],[-24,28],[-47,-5],[-18,-5],[-13,44],[-24,11],[-26,3],[-26,-13],[-37,-24],[-27,3],[-29,11],[-31,2],[-27,-7],[-5,-19],[-17,-18],[-27,-3],[-16,-9],[-21,-4],[-33,-17],[-47,1],[-27,11],[-9,22],[-29,3],[-104,27],[-17,15],[-22,-12],[-40,-2],[-34,32],[-27,2],[-19,26],[-21,18],[10,29],[12,10],[-2,24],[-9,14],[2,15],[9,14],[3,16],[-12,22],[39,13],[23,27],[16,13],[4,14],[-8,17],[-8,19],[6,13],[-1,18],[8,18],[10,13],[21,16],[3,22],[-10,29],[-19,22],[-30,26],[-56,69],[-12,28],[-8,23],[-22,4],[-11,12],[-59,25],[-65,22],[-202,47],[-139,26],[-18,-3],[-22,-13],[-144,-69],[-36,-8],[-22,-10],[-45,-18],[-27,-4],[-22,0],[-22,-7],[-32,-2],[-26,9],[-27,-3],[-37,1],[-29,-9],[-57,-42],[-52,-22],[-21,-13],[-19,-18],[-20,-9],[-127,-66],[-59,20],[-122,39],[-48,-1],[-80,319],[-9,125],[16,70],[16,50],[22,115],[-5,55],[25,42],[-7,179],[56,41],[16,174],[-11,153],[-18,41],[-42,57],[-88,-1],[-232,-41],[-151,8],[-135,23],[-57,-45],[-32,-13],[-65,-8],[-67,-7],[-39,-18],[-40,-29],[-54,-9],[-72,2],[-7,38],[14,33],[-55,71],[-9,32],[-26,7],[-82,-20],[-40,14],[-37,76],[-64,37],[-20,-9],[-33,-1],[-31,-12],[-15,-15],[-17,-9],[-19,1],[-19,6],[-23,6],[-25,16],[8,20],[-2,16],[9,23],[20,11],[40,0],[29,-5],[26,23],[7,33],[-6,16],[22,8],[73,2],[15,16],[1,24],[-32,46],[5,15],[-39,54],[-27,38],[-73,150],[-122,353],[-21,259],[-82,4],[-58,-7],[-58,18],[-34,26],[-34,16],[-40,69],[-49,-4],[-26,-4],[-79,57],[-134,66],[-122,36],[-228,37],[-194,-72]],[[15869,45098],[9,15],[186,144],[90,69],[116,90],[37,32],[52,28],[5,19],[-10,14],[-91,73],[-5,5],[-31,26],[-10,8],[-8,8],[-48,54],[-36,49],[-28,43],[-47,61],[-36,11],[-17,5],[-9,5],[-4,-1],[-15,-11],[-3,-16],[17,-37],[-55,-15],[-15,35],[-12,33],[-16,33],[-123,-28],[11,-59],[73,-234],[-73,-20],[-199,-179],[6,-24],[-24,-14],[-8,-2],[-5,-2],[-24,-8],[-6,-2],[-4,-8],[-2,-3],[-3,-7],[-2,-6],[-3,-6],[-1,-2],[-5,-12],[-2,-5],[12,-14],[6,-8],[44,-52],[58,-69],[2,-3],[13,0],[25,-1],[8,0],[190,-8],[20,-4]],[[16391,39577],[128,74],[147,244],[409,294],[322,186],[119,137],[105,206],[-54,103],[-27,40],[-6,16],[-13,18],[-14,23],[-53,38],[-19,36],[-12,85],[26,90],[18,114],[21,59],[22,17],[154,44],[121,39],[25,11],[16,12],[26,37],[105,76],[95,67],[47,48],[48,26]],[[18147,41717],[-21,9],[-14,15],[-15,19],[-2,24],[28,25],[44,24],[56,47],[79,24],[45,19],[22,23],[-1,20],[18,24],[55,49],[34,71],[54,70],[60,31],[170,76],[47,37],[56,102],[100,161],[105,211],[40,200],[68,154],[63,62],[96,148],[41,26],[103,25],[149,133],[244,200],[41,65],[49,172],[-1,84],[-40,106],[-79,106],[-112,77],[-61,79],[-29,76],[1,55],[1,71],[-37,59],[-66,26],[-104,-4],[-96,26],[-80,63],[-72,81],[-50,119],[-44,62],[-63,43],[-50,14],[-60,-11],[-59,-34],[-184,-106],[-129,-143],[-46,-112],[-63,-72],[-60,-31],[-66,6],[-70,65],[-85,88],[-96,40],[-74,9],[-54,7],[-135,-9],[-93,-5],[-80,23],[-45,86],[-91,126],[-135,127],[-112,174],[-66,183],[-1,120],[37,102],[129,150],[95,152],[3,53],[3,22],[-12,160],[-78,148],[-87,72],[-42,30],[-53,21],[-178,58],[-78,13],[-245,-15],[-163,10]],[[16506,46633],[-9,-31],[-34,2],[-174,37],[-1,1],[-1,0],[0,1],[-62,12],[-3,0],[-3,1],[-62,8],[1,2],[-6,2],[-41,13],[1,2],[1,1],[-22,8],[-7,-5],[-33,22],[1,1],[-26,18],[3,2],[-49,47],[-49,39],[-3,4],[-1,3],[-16,89],[5,34],[-1,1],[0,1],[-10,13],[-2,2],[-2,1],[-11,4],[-2,1],[-2,1],[-13,13],[-1,0],[-1,0],[-5,-2],[-1,0],[-1,0],[-6,1],[4,16],[3,19],[1,10],[0,11],[-2,9],[-3,7],[-5,8],[-7,10],[-32,31],[-1,1],[-2,0],[-1,0],[-2,0],[-1,-1],[-2,-1],[0,-1],[0,-1],[1,-2],[34,-31],[5,-8],[4,-10],[2,-11],[0,-6],[-23,-10],[-14,-5],[-15,-3],[-18,-4],[-18,-2],[-19,0],[-19,2],[-21,1],[-15,2],[-15,3],[-16,4],[4,52],[-1,8],[-2,30],[-4,18],[-3,9],[-4,9],[-8,15],[-9,16],[-1,1],[-1,2],[-1,8],[-2,4],[-4,3],[-4,2],[-5,1],[-5,-1],[-4,-1],[-4,-3],[-3,-4],[-1,-4],[1,-4],[27,-39],[7,-13],[4,-11],[2,-13],[1,-41],[-1,-123],[-115,-49],[-16,-7],[-18,-6],[-19,-6],[-4,-2],[-8,-5],[-6,-2],[-5,-2],[-7,-1],[-6,1],[-5,1],[-6,3],[-13,8],[-8,7],[-5,6],[-6,2],[-5,1],[-3,-1],[-2,-1],[-2,-3],[-7,-5],[-8,-4],[-8,-3],[-6,-3],[-5,-3],[-4,-1],[-10,-2],[-4,-4],[-1,-3],[3,-3],[6,-2],[7,-4],[3,-2],[5,-3],[7,-6],[3,-6],[0,-6],[-4,-4],[-4,-1],[-9,2],[-2,0],[-3,-2],[-4,-14],[-1,-15],[-4,-2],[-5,0],[-9,2],[-12,2],[-5,1],[-3,0],[-5,2],[-5,1],[-7,3],[-7,3],[-3,-1],[-3,-2],[-4,-1],[-5,-2],[-4,-4],[-4,-5],[1,-5],[10,-20],[1,-11],[-6,-18],[-9,-10],[0,-9],[9,-22],[-4,-10],[-19,-9],[-14,-6],[-13,1],[-13,7],[-6,21],[-6,5],[-6,2],[-4,2],[-17,7],[-4,-1],[-9,-11],[3,-6],[8,-5],[4,-5],[-6,-4],[-7,-2],[-16,4],[-10,-6],[-1,-5],[11,-7],[2,-3],[-1,-4],[-3,-4],[-4,-1],[-10,3],[-16,1],[-7,-5],[0,-2],[12,-6],[2,-3],[-1,-5],[-5,-2],[-10,3],[-37,-1],[-8,-5],[-18,-14],[0,-7],[1,-14],[-2,-6],[-3,-1],[-9,-1],[-3,-2],[0,-9],[7,-18],[4,-10],[-2,-5],[-5,0],[-17,19],[-14,2],[-23,-1],[-25,-9],[-7,-14],[2,-10],[-2,-3],[-22,-3],[-4,-2],[-3,-27],[-1,-2],[-7,0],[-1,-1],[0,-8],[-2,-3],[-16,1],[-3,-2],[-1,-8],[2,-15],[-2,-16],[-6,-29],[1,-6],[-2,-2],[-20,0],[-4,-5],[0,-3],[12,-9],[1,-1],[-2,-1],[-8,-4],[-15,3],[-9,5],[-17,-3],[-9,-7],[-8,-7],[-7,-6],[-5,-14],[-7,-6],[-11,-14],[-3,-3],[-3,-8],[-2,-4],[-5,-5],[-25,-30],[-4,-2],[-14,3],[-4,-3],[2,-16],[-7,-5],[-13,0],[-7,0],[-5,-3],[-7,-13],[-23,-10],[-22,-20],[-4,-7],[-7,-9],[2,-15],[22,-26],[0,-5],[-3,-2],[-13,-5],[-5,-3],[-16,-19],[-19,-13],[-5,-5],[-4,0],[-5,1],[-16,15],[-6,1],[-8,-2],[-5,-5],[-9,-17],[-14,-12],[-32,-31],[-94,-103],[-27,-23],[-103,-94],[-27,-25],[-16,-51],[-13,-13],[-28,-15],[-2,-9],[-3,-6],[-6,-3],[-13,-1],[-35,-38],[-47,-37],[-22,-26],[-12,-11],[-14,-8],[-25,-24],[-32,-32],[-23,-27],[-33,-22],[-29,-24],[-16,-17],[-17,-24],[-7,-13],[-13,-23],[-18,-26],[-15,-14],[-12,-6],[-13,-13],[-9,-7],[-2,-6],[-23,-22],[-12,-13],[-11,-10],[-9,-10],[-6,-5],[-6,-3],[-8,-4],[-5,-2],[-4,-2],[-4,-1],[-2,-3],[-3,-3],[-3,-3],[-3,-4],[-4,-6],[-5,-5],[-6,-10],[-16,-15],[-56,-42],[-22,-11],[-16,-2],[-33,-7],[-4,-2],[0,-4],[3,-6],[5,-8],[-3,-12],[-11,-30],[-21,-21],[-29,-15],[-17,-7],[-8,-11],[-4,-15],[-29,-29],[-41,-17],[-18,-14],[-14,-14],[-9,-33],[-28,-53],[-55,-55],[-79,-51],[-42,-11],[-32,-2],[-34,12],[-6,5],[-2,8],[3,10],[-2,3],[-9,-1],[-28,-19],[-10,-18],[-1,-17],[9,-14],[6,-9],[1,-10],[-5,-19],[-5,-3],[-1,-2],[1,-3],[-2,-3],[-16,-18],[-18,-22],[-18,-22],[-13,-6],[-8,-8],[-13,-24],[-8,-5],[-27,-5],[-14,-7],[-70,-77],[-70,-71],[-56,-26],[-33,-5],[-9,-8],[-9,-8],[-8,-11],[-4,-13],[9,-18],[4,-11],[-1,-2],[-13,-4],[-9,-2],[-8,-2],[-8,-4],[-4,-3],[1,-8],[4,-10],[-3,-6],[-11,-5],[-29,-4],[-10,-4],[-40,-49],[-35,-17],[-45,-32],[-30,-36],[-34,-28],[-7,-18],[-7,-9],[-11,-3],[-5,-2],[-12,-26],[-11,-7],[-16,1],[-8,2],[-4,-1],[-2,-6],[0,-11],[-4,-10],[-5,-2],[-9,-4],[-9,-1],[-9,0],[-5,-2],[-12,-26],[-6,-7],[-42,-29],[-10,-6],[-1,-6],[4,-13],[-4,-8],[-8,-1],[-14,4],[-6,-1],[-78,-52],[-91,-75],[-51,-55],[-8,-8],[-3,-3],[1,-5],[8,-5],[5,-6],[1,-5],[-2,-4],[-9,-4],[-8,-2],[-8,0],[-10,4],[-5,-1],[-27,-24],[-8,-5],[-4,-4],[-7,-13],[-3,-13],[-8,-10],[-13,-1],[-3,-3],[0,-11],[-2,-9],[-8,-13],[-12,-11],[-16,-2],[-6,-3],[-10,-13],[-5,-24],[-5,-26],[-5,-17],[-10,-12],[-14,-11],[-18,-5],[-18,-1],[-10,-8],[-6,-21]],[[15320,46813],[4,3],[3,3],[-1,2],[-11,12],[-5,1],[-13,-10],[13,-7],[10,-4]],[[15239,46798],[4,4],[-5,7],[-12,-2],[1,-8],[12,-1]],[[15228,46682],[-5,6],[-7,-1],[-1,-5],[10,-2],[3,2]],[[18147,41717],[23,-3],[70,-17],[142,-31],[129,-7],[71,-16],[108,-14],[55,0],[57,23],[35,30],[23,46],[26,46],[52,23],[76,19],[57,0],[76,0],[75,-4],[101,-5],[46,-45],[29,-46],[5,-54],[47,-26],[62,-12],[57,-11],[57,7],[71,12],[71,57],[75,65],[101,81],[61,58],[53,46],[78,46],[69,42],[53,32],[30,-6],[17,-14],[57,-1]],[[20711,38732],[-340,-566],[441,-878],[527,-349],[147,-187],[-123,-276],[35,-106],[389,-28],[115,-80],[-308,-460],[-16,-143],[148,-152],[294,-7],[175,-59],[60,-80],[-212,-202],[-546,-252],[-46,-201],[86,-139],[336,-59],[196,-89],[-52,-303],[159,-301],[-30,-293],[46,-448],[-14,-82],[-72,-27],[-54,6],[-74,38],[-200,94],[-91,23],[-71,-12],[-25,4],[-31,-13],[-42,-51],[171,-333],[18,-129],[10,-198],[141,-83],[123,-75],[122,-252],[182,-84],[126,9],[-558,-931],[-205,-433],[-91,-172],[-2,-492],[127,-26],[109,-292],[-93,-156]],[[18958,50411],[-50,-62],[-13,-15],[-16,-13],[-59,-47],[-8,-5],[-8,1],[-21,7],[-9,2],[-3,-1],[1,-3],[27,-19],[7,-29],[5,-32],[-1,-5],[-8,-9],[-7,-1],[-8,1],[-13,2],[-13,-4],[-22,-11],[-17,-14],[-6,-12],[0,-16],[5,-16],[16,-10],[6,-6],[-2,-9],[-10,-3],[-29,7],[-12,-3],[-15,-14],[0,-4],[12,-13],[4,-9],[-1,-7],[-12,-9],[-12,-1],[-19,7],[-5,-2],[-1,-5],[10,-12],[5,-17],[-2,-12],[-37,-35],[-32,-31],[-35,-21],[-13,-5],[-18,0],[-4,-2],[-1,-6],[3,-6],[12,-8],[4,-16],[-2,-10],[-58,-66],[-19,-22],[-47,-32],[-28,0],[-7,-6],[-3,-18],[-13,-39],[-26,-21],[-26,-20],[-34,-1],[-71,-77],[-5,-5],[-5,-3],[-41,-25],[-6,-4],[-5,-4],[-22,-30],[-5,-4],[-5,-3],[-5,-2],[-23,-11],[-6,-4],[-4,-4],[-5,-4],[-4,-5],[-3,-5],[-10,-29],[-2,-5],[-3,-5],[-20,-24],[-3,-5],[-1,-5],[-1,-6],[1,-9],[-1,-4],[-1,-4],[-27,-30],[-6,-2],[-7,0],[-30,1],[-7,-4],[-6,-4],[-12,-27],[-3,-4],[-2,-2],[-3,-3],[-85,-44],[-5,-5],[-2,-4],[-1,-5],[-1,-7],[5,-33],[-2,-4],[-3,-4],[-3,-1],[-5,0],[-19,7],[-7,-1],[-5,-3],[-4,-4],[-4,-12],[-3,-3],[-3,-2],[-4,-2],[-6,-2],[-17,-3],[-6,-4],[-4,-5],[-2,-5],[1,-7],[2,-5],[10,-13],[0,-3],[-1,-1],[-2,-2],[-3,0],[-46,-7],[-3,-1],[-2,-2],[-1,-3],[0,-2],[8,-18],[0,-3],[0,-3],[0,-2],[-2,-2],[-26,-8],[-3,0],[-4,0],[-3,1],[-2,2],[-8,21],[-2,4],[-3,2],[-5,2],[-32,-8],[-3,-4],[-1,-4],[-1,-5],[3,-12],[1,-3],[2,-2],[29,-27],[2,-3],[0,-3],[-1,-4],[-2,-4],[-40,-40],[-5,-3],[-5,-1],[-6,1],[-3,1],[-4,3],[-34,40],[-4,2],[-3,0],[-2,-1],[-4,-4],[-1,-1],[-2,0],[-1,0],[-11,4],[-1,0],[-1,0],[0,-1],[15,-27],[-2,-2],[-2,-1],[-2,-1],[-4,0],[-24,23],[-4,2],[-2,1],[-3,0],[-35,-1],[-2,1],[-2,0],[-2,1],[-9,9],[-3,1],[-2,1],[-2,-1],[-3,-2],[-1,-1],[-1,1],[-4,2],[-2,1],[-1,2],[-1,2],[-1,4],[-1,1],[0,1],[-2,0],[-11,2],[-2,-1],[-2,-1],[0,-2],[12,-14],[1,-1],[0,-1],[1,-3],[1,-1],[1,-1],[1,-2],[2,0],[12,-4],[4,-3],[4,-3],[2,-3],[1,-4],[-1,-5],[-4,-7],[-1,-4],[0,-5],[14,-25],[0,-3],[-2,-4],[-4,-3],[-5,-3],[-24,-1],[-2,-1],[-1,-1],[-4,-7],[-1,-2],[0,-3],[15,-27],[1,0],[1,-1],[5,0],[1,0],[5,-3],[8,-8],[1,-3],[0,-2],[-1,-3],[-2,-2],[-3,-1],[-3,0],[-16,7],[-1,0],[-2,-1],[-1,-1],[0,-2],[1,-1],[18,-15],[0,-1],[1,0],[0,-1],[-4,-6],[-2,0],[-1,0],[-1,0],[-8,3],[-5,2],[-4,0],[-3,-1],[-4,-6],[-6,-1],[-6,1],[-5,3],[-5,15],[-2,4],[-7,3],[-6,0],[-5,-2],[-6,-10],[-8,-7],[-13,-9],[-12,-3],[-10,0],[-11,2],[-6,1],[-4,-2],[-3,-2],[-2,-4],[0,-4],[1,-2],[5,-4],[16,-6],[4,-3],[2,-4],[1,-4],[2,-22],[3,-2],[3,-3],[4,-2],[13,-4],[2,-2],[2,-2],[1,-2],[-5,-13],[1,-3],[3,-3],[4,-1],[29,-8],[3,-1],[2,-3],[0,-2],[0,-9],[-1,-5],[-2,-5],[-4,-4],[-7,-5],[-10,-4],[-7,-1],[-10,1],[-8,4],[-24,20],[-2,1],[-1,0],[-2,-1],[-1,-1],[0,-1],[-1,-1],[2,-34],[-2,-2],[-3,-1],[-3,0],[-3,1],[-11,18],[-3,4],[-3,3],[-3,3],[-4,1],[-26,4],[-4,0],[-2,-2],[-1,-1],[-11,-14],[-2,-5],[-1,-7],[4,-8],[17,-18],[-1,-4],[0,-3],[-2,-4],[-21,-11],[-4,-3],[-1,-4],[0,-3],[7,-20],[-1,-4],[-5,-2],[-6,1],[-21,8],[-4,-1],[-2,-1],[-2,-3],[-1,-7],[0,-1],[-1,-1],[-1,-1],[-15,-3],[-9,-1],[-9,1],[-8,3],[-29,26],[-19,15],[-2,0],[-1,1],[-26,3],[-2,-1],[-2,-2],[-1,-3],[1,-3],[7,-5],[1,-2],[0,-2],[-1,-1],[-13,-9],[-2,-3],[0,-3],[1,-2],[28,-20],[1,-1],[0,-1],[0,-1],[-13,-32],[-1,-2],[0,-2],[0,-1],[9,-13],[-3,-4],[-5,-3],[-5,0],[-6,1],[-6,3],[-42,46],[0,1],[1,2],[2,3],[0,1],[-1,0],[-38,16],[-3,1],[-2,-1],[-2,-1],[-22,-30],[-1,-1],[1,-1],[0,-1],[6,-4],[1,-4],[-1,-3],[-4,-3],[-4,-1],[-10,2],[-4,-1],[-3,-3],[-1,-3],[-13,-30],[-5,-15],[0,-15],[6,-14],[0,-1],[-1,-2],[-11,-5],[-1,0],[-2,0],[-9,11],[-2,0],[-1,0],[-23,-18],[-50,-66],[-1,-1],[0,-1],[1,-1],[24,-17],[0,-2],[-1,-1],[-1,-1],[-2,-1],[-5,2],[-2,0],[-2,-1],[-1,-1],[-1,-2],[1,-11],[-1,-1],[-1,0],[-1,0],[-1,0],[-37,14],[-1,0],[-1,0],[-1,0],[-47,-50],[-1,-4],[-1,-4],[9,-8],[0,-3],[-1,-2],[-2,-2],[-2,0],[-13,6],[-3,0],[-2,-1],[-28,-24],[-11,-12],[-10,-14],[-1,-2],[-1,-2],[-9,-26],[-2,-2],[-2,0],[-2,-1],[-2,0],[-8,0],[-3,-1],[-1,-2],[-1,-2],[1,-15],[0,-2],[-1,-2],[-1,-1],[-52,-48],[-75,-52],[-1,-2],[-1,-1],[-1,-2],[9,-17],[-1,-2],[-1,-1],[-1,-1],[-3,-1],[-9,-1],[-3,-1],[-2,-3],[-1,-2],[-10,-32],[-2,-4],[-3,-4],[-79,-82],[2,-6],[0,-1],[-5,-4],[-1,0],[-1,1],[-3,3],[-1,0],[-1,0],[-65,-47],[-2,-2],[-2,-3],[1,-31],[-3,-5],[-4,-2],[-4,-2],[-15,-3],[-1,-1],[-1,-1],[0,-1],[-1,-25],[-1,-1],[-1,-1],[-31,-14],[-1,-2],[-2,-2],[-6,-15],[-34,-34],[0,-1],[0,-1],[0,-1],[5,-6],[0,-2],[-1,-1],[-9,-13],[-10,-9],[-6,-1],[-6,-1],[-7,2],[-12,6],[-3,1],[-3,1],[-3,0],[-12,-3],[-5,-2],[-3,-2],[-2,-3],[13,-34],[0,-2],[0,-3],[-1,-2],[-108,-112],[-61,-67],[-12,-16],[-1,-3],[-1,-3],[-3,-22],[-3,-6],[-15,-29],[-6,-17],[-4,-13],[0,-7],[0,-7],[2,-7],[5,-9],[23,-27],[1,-4],[-2,-3],[-5,-2],[-195,20],[-2,0],[-2,1],[-7,4],[-5,2],[-5,1],[-3,0],[-5,0],[-4,-1],[-4,-3],[-2,-3],[0,-3],[-1,-4],[1,-3],[3,-3],[4,-2],[84,-7],[4,-1],[3,-1],[2,-3],[1,-8],[0,-8],[-2,-10],[-4,-11],[0,-2],[1,-2],[2,-2],[3,-1],[3,-1],[3,1],[2,1],[3,3],[18,41],[2,1],[2,1],[103,-11],[15,-1],[4,2],[4,3],[5,4],[2,4],[2,6],[1,7],[1,7],[-1,8],[-3,11],[-3,15],[-1,13],[2,11],[3,11],[4,8],[4,8],[2,-1],[0,-4],[1,-4],[1,-3],[2,-3],[4,-9],[3,-7],[2,-5],[2,-5],[4,-6],[1,-2],[1,-4],[7,-31],[0,-9],[-1,-10],[-4,-13],[-3,-6],[-5,-5],[-4,-4],[-4,-2],[-6,-2],[-7,0],[-120,9],[-2,0],[-1,-1],[-1,-1],[0,-1],[1,-2],[1,-1],[1,0],[111,-8],[9,-1],[4,0],[5,0],[5,2],[6,2],[2,-2],[1,-2],[1,-4],[1,-5],[2,-17],[1,-21],[1,-10],[0,-12],[-1,-28],[-6,-21],[-10,-16],[-10,-17],[-6,-7],[-7,-6],[-8,-5],[-16,-5],[-18,23],[-12,14],[-13,13],[-28,24],[-2,0],[-2,0],[0,-2],[0,-1],[33,-30],[17,-18],[13,-17],[17,-24],[9,-15],[10,-21],[9,-22],[5,-16],[4,-16],[5,-23],[3,-29],[1,-1],[1,0],[1,-1],[2,0],[2,1],[1,0],[0,1],[0,1],[0,2],[-3,27],[23,-1],[14,-2],[14,-4],[14,-8],[12,-8],[12,-8],[6,-7],[7,-7],[5,-6],[4,-14],[5,-17],[-10,-5],[-91,-16],[-2,0],[-2,-2],[-1,-2],[0,-1],[0,-2],[2,-2],[2,-1],[2,-1],[2,0],[75,15],[6,-26],[2,-5],[2,-4],[10,-11],[3,-6],[2,-6],[6,-41],[19,-6],[6,-2],[17,-10],[-1,-1],[-1,-1],[0,-1],[0,-1],[1,-1],[1,-1],[2,0],[1,0],[1,0],[13,12],[35,-13],[27,-8],[12,-2],[10,-1],[15,0],[0,-3],[24,-5],[7,-2],[0,-1],[0,-1],[1,-2],[1,-1],[2,-1],[2,0],[2,4],[3,4],[15,-1],[1,0],[5,6],[1,0],[1,0],[1,0],[1,-1],[3,-10],[1,-2],[1,-1],[2,-1],[38,-7],[36,-5],[58,-1],[24,4],[-1,-5],[1,-2],[2,-2],[2,-1],[2,-1],[2,0],[-9,-30]],[[23871,46891],[-10,-1],[-242,-55],[-198,-52],[-185,-52],[-248,-66],[-72,-19],[-170,-46],[-168,-44],[-169,-45],[-105,-19],[86,127],[138,137],[-27,153],[-121,69],[-130,-95],[-230,72],[-43,63],[-78,14],[294,199],[-20,53],[-35,-9],[-35,113],[-47,53],[-73,87],[101,118],[-155,94],[67,100],[-249,137],[-97,382],[-65,27],[-215,54],[-10,12],[14,38],[-19,22],[-7,25],[10,86],[-61,291],[-19,19],[-22,5],[-135,31],[-797,496],[-96,60],[-109,86],[-77,46],[-49,43],[-125,106],[-182,102],[-34,8],[-48,0],[-41,24],[73,85],[-37,12],[-369,226],[-49,-50],[-183,112],[-40,86]],[[43529,84081],[-117,154],[-169,190],[-35,60],[-3,65],[27,70],[78,82],[-59,18],[-30,-6],[-117,-178],[-768,-1128],[-5,-38],[-221,-1075],[-352,-429],[-416,-283],[-246,-935],[-87,-434],[8,-155],[-96,-56],[-113,-49],[-43,-49],[-69,-142],[-569,33],[-222,63],[-312,132],[-230,74],[-334,114],[-76,-11]],[[38953,80168],[5,22],[8,15],[9,17],[6,17],[7,23],[9,24],[12,26],[139,209],[55,99],[22,51],[41,60],[57,86],[21,43],[32,43],[17,27],[17,36],[18,33],[136,201],[29,66],[39,93],[31,49],[127,203],[30,54],[44,70],[40,64],[55,104],[78,127],[63,137],[68,99],[58,84],[56,96],[42,51],[39,70],[44,76],[33,45],[42,66],[4,18],[-3,23],[9,26],[86,142],[61,134],[-1,10],[-7,19],[2,11],[60,90],[83,142],[48,55],[58,124],[117,208],[47,69],[58,87],[69,136],[83,178],[157,269],[45,56],[37,99],[123,239],[54,101],[4,25],[6,20],[6,15],[93,148],[108,201],[58,121],[24,42],[79,133],[33,55],[30,53],[18,40],[45,106],[31,76],[113,240],[61,105],[24,56],[21,38],[61,173],[48,85],[68,127],[129,251],[26,85],[29,61],[44,49],[8,14],[1,14],[2,24],[20,67],[64,118],[12,23],[32,47],[45,82],[25,45],[44,85],[48,86],[178,303],[97,165],[93,174],[97,152],[64,108],[15,30],[10,21],[8,20],[8,17],[9,22],[24,47],[32,69],[58,102],[42,84],[162,292],[73,146],[76,146],[118,223],[51,95],[61,115],[50,76],[38,67],[25,54],[57,97],[15,31],[30,49],[31,53],[54,96],[156,307],[158,311],[94,162],[35,71],[31,81],[19,42],[31,44],[20,31],[31,39],[27,31],[21,29],[20,22],[18,17],[17,6],[14,0],[17,1],[13,3],[13,6],[16,8],[7,5],[9,3],[27,-8],[57,-10],[27,42],[20,18],[7,15],[-2,31],[-49,-6],[-36,17],[24,7],[-43,13],[17,19],[44,20],[24,8],[25,5],[54,11],[31,8],[28,10],[12,1],[3,-2],[-1,-7],[0,-10],[3,-8],[5,-8],[4,-3],[1,-1],[-2,0],[-4,1],[0,-2],[-2,-8],[-1,-14],[0,-11],[1,-11],[7,-14],[15,-2],[12,-1],[10,22],[-1,24],[-7,55],[44,30],[51,-6],[120,-130],[78,-72],[18,-14],[35,-21],[91,-58],[162,-23],[21,-12],[36,-20],[-1,-95],[-27,-21],[-81,0],[-68,-3],[-33,-27],[-18,-79],[47,-66],[37,-82],[-18,-64],[-22,-13],[-62,-59],[-20,-37],[-21,-60],[-4,-51],[4,-96],[13,-122],[-6,-52],[-6,-98],[27,-24],[16,-73],[1,-71],[-38,-134],[-21,-89],[16,-72],[-9,-60],[124,-72],[57,-106],[6,-30],[85,-76],[189,-93],[197,-97],[110,-20],[104,-5],[34,10],[107,40],[29,42],[74,65],[42,43],[11,10],[0,35],[170,180],[53,90],[89,102],[-10,61],[14,60],[37,57],[56,7],[15,-24],[29,-5],[33,-7],[31,-29],[-44,-50],[-41,-33],[11,-18],[-19,-18],[14,-24],[5,-16],[-44,-10],[-12,-20],[-32,-51],[27,-63],[-84,-65],[-75,-189],[-51,-38],[5,-94],[-34,-33],[-61,-20],[-53,-59],[-12,-143],[-71,-152],[-35,-18],[-55,-21],[-40,-16],[-9,-28],[-141,-96],[-111,24],[-82,-48],[-133,-34],[-155,-223],[72,-20],[-49,-38],[42,-40],[117,-43],[82,-8],[-30,101],[121,83],[74,150],[39,34],[17,2],[24,-14],[0,-17],[7,-10],[-6,-82],[56,-12],[85,62],[38,87],[17,0],[17,-11],[18,26],[36,52],[95,87],[213,152],[83,113],[80,80],[92,165],[7,62],[3,26],[6,53],[21,190],[43,21],[99,47],[41,61],[-35,172],[-119,52],[-48,19],[-172,69],[-22,60],[4,47],[-11,41],[-41,53],[-20,24],[-12,38],[28,80],[106,150],[11,92],[-15,69],[4,52]],[[46876,91580],[-21,53],[-18,91],[6,99],[-19,39],[-43,22],[-69,20],[-102,4],[-67,9],[9,-41],[1,-25],[38,-40],[25,-33],[-4,-19],[-25,1],[-18,41],[-26,8],[-44,-85],[81,7],[-90,-45],[-21,-37],[38,-57],[20,-65],[6,-20],[-16,-62],[5,-52],[100,35],[166,-111],[83,110],[14,101],[-9,52]],[[46475,91516],[-3,27],[-3,26],[-31,36],[-26,65],[-30,-14],[-83,52],[-30,-4],[-9,-54],[53,-58],[43,-101],[-1,-54],[25,-24],[95,103]],[[37886,70321],[-6,20],[-325,274],[-850,-377],[-413,108],[-318,2],[-220,-84],[-344,-219],[-204,-57],[-292,297],[-114,65],[-157,52],[-455,144],[-681,178],[-291,70]],[[33216,70794],[112,162],[64,88],[66,122],[53,81],[10,40],[12,52],[14,31],[17,20],[17,17],[23,28],[16,24],[2,17],[2,40],[12,22],[38,30],[59,80],[60,82],[39,63],[88,125],[43,67],[34,40],[36,47],[39,50],[24,49],[26,50],[30,53],[26,43],[72,108],[34,44],[4,15],[10,14],[10,13],[10,19],[28,49],[8,13],[15,22],[13,17],[34,51],[16,19],[5,9],[15,14],[13,16],[15,32],[22,40],[10,34],[6,19],[-2,25],[13,27],[17,20],[24,30],[23,43],[70,126],[53,66],[24,31],[56,96],[91,136],[35,90],[1,10],[-10,21],[-3,13],[4,6],[13,5],[19,-4],[15,3],[18,15],[21,51],[18,30],[55,76],[58,91],[40,60],[49,83],[34,51],[40,46],[31,53],[108,210],[93,155],[43,52],[98,188],[0,17],[-16,34],[4,11],[14,7],[18,3],[7,9],[0,4],[-5,7],[-8,12],[4,10],[6,8],[12,8],[28,1],[29,12],[47,55],[3,20],[-6,23],[3,8],[7,6],[31,11],[19,20],[30,51],[46,71],[53,91],[0,44],[3,14],[11,11],[48,67],[-1,4],[-7,38],[3,3],[11,0],[13,1],[12,7],[110,153],[203,347],[1,4],[-2,4],[-23,20],[1,6],[8,6],[17,3],[11,7],[76,89],[66,104],[43,98],[20,38],[18,25],[27,30],[23,35],[34,60],[229,338],[27,48],[139,265],[151,227],[17,28],[44,74],[31,47],[27,43],[43,79],[62,100],[69,99],[68,112],[25,50],[28,67],[138,211],[100,152],[22,30],[29,40],[22,37],[26,42],[46,85],[25,44],[46,65],[44,70],[64,104],[77,137],[40,76],[43,93],[56,90],[27,42],[13,24],[14,35],[0,12],[0,19],[5,10],[7,7],[12,7],[31,38],[36,54],[59,105],[23,32],[34,56],[68,111],[50,82],[44,73],[73,121]],[[43681,74152],[-48,14],[-87,15],[-98,8],[-90,1],[-245,-24],[-189,-29],[-77,-2],[-158,-15],[-232,-13],[-216,-1],[-144,-7],[-88,-16],[-26,-19],[-5,-24],[-4,-47],[0,-38],[-14,-92],[-27,-188],[-12,-218],[-31,-156],[7,-152],[35,-137],[19,-136],[34,-159],[3,-144],[1,-172],[-3,-121],[-62,-94],[-79,-60],[-104,-65],[-142,-62],[-160,-97],[-170,-92],[-298,-163],[-180,-88],[-283,-124],[-143,-27],[-48,-9],[-185,-4],[-130,0],[-135,10],[-177,28],[-131,18],[-96,8],[-114,9],[13,-39],[78,-253],[195,-447],[26,-183],[-76,-94],[-152,-32],[-190,82],[-114,272],[-31,294],[-126,396],[-100,-23],[-72,-19],[-126,-47],[-91,-47],[-81,-105],[-89,-109],[-119,-130],[-100,-119],[-92,-110],[-84,-135],[-6,-45],[-64,-103],[-46,-109],[-16,-42]],[[37229,66956],[135,-478],[221,-457],[904,94]],[[38489,66115],[842,278],[788,229],[149,-552],[132,-40],[1055,150],[602,491],[1034,-874],[900,-672],[345,-329],[269,-281]],[[44605,64515],[329,113],[457,246],[401,432],[133,294],[41,196],[-90,462],[0,259],[187,312],[549,302],[413,748],[512,561],[234,502],[87,358]],[[47858,69300],[-104,216],[239,1058],[-81,63],[-96,41],[-163,25],[-63,67],[29,197],[-199,75],[-103,19],[-41,65],[-87,49],[-55,73],[-90,20],[-242,18],[-62,78],[57,188]],[[46797,71552],[-246,68],[-55,-65],[-52,49],[-10,10],[-246,29],[-193,-15],[-214,-75],[-313,11],[-277,71],[-416,232],[-28,-117],[-195,-152],[-222,28],[-101,310],[88,160],[286,199]],[[37886,70321],[18,-110],[69,-105],[55,-64],[75,-54],[110,-77],[58,-44],[28,-47],[15,-56],[8,-54],[-24,-98],[-29,-104],[-58,-188],[-53,-103],[-30,-53],[-38,-52],[-95,-70],[-59,-33],[-66,-12],[-40,5],[-43,18],[-28,42],[-25,69],[-40,97],[-63,75],[-74,79],[-108,55],[-109,28],[-48,-8],[-77,-35],[-46,-24],[-95,-22],[-138,-46],[-144,-69],[-113,-77],[-81,-69],[-66,-103],[-44,-75],[-110,-156],[-43,-80],[-5,-40],[6,-84],[31,-66],[65,-47],[85,-67],[97,-91],[113,-105],[79,-96],[48,-60],[43,-68],[15,-104],[16,-86],[10,-97],[21,-69],[43,-44],[63,-28],[78,2],[83,35],[135,26],[142,76],[115,50],[91,25],[77,9],[54,-3],[67,-19],[59,-42],[61,-86],[53,-129],[18,-38],[34,-75],[-4,-97],[-29,-81],[-50,-81],[-101,-64],[-169,-83],[-121,-42],[-112,-29],[-164,16],[-153,37]],[[30921,61577],[-392,67],[-192,101],[-243,-35],[-199,123],[-557,76],[-679,-55],[-463,-109],[-331,-178],[-1007,-1186],[-360,-373]],[[26498,60008],[-195,-170],[-94,-63]],[[26209,59775],[-71,92],[-65,49],[-75,41],[-34,17],[-16,-2],[-17,-11],[-33,-27],[-4,-10],[-21,-20],[-33,-25],[-36,-23],[-100,-54],[-50,-31],[-33,-33],[-40,-44],[-44,-29],[-143,-65],[-193,-81],[-84,-25],[-70,-20],[-71,-15],[-80,-14],[-91,-9],[-73,-3],[-41,0],[-32,0],[-75,5],[-76,13],[-144,40],[-67,19],[-29,5],[-17,5],[-22,11],[-11,4],[-3,7],[2,10],[6,8],[5,0],[5,1],[10,-4],[24,-7],[5,1],[13,6],[12,1],[15,-4],[6,-7],[8,-17],[54,-21],[47,-17],[57,-16],[61,-14],[60,-10],[90,-4],[4,7],[17,34],[21,39],[32,41],[41,54],[55,55],[43,61],[26,33],[39,65],[42,50],[49,82],[57,72],[44,58],[43,70],[28,52],[24,37],[25,50],[33,55],[44,58],[63,81],[54,70],[46,74],[37,54],[50,65],[56,82],[48,71],[17,34],[27,33],[21,24],[16,21],[98,136],[29,56],[63,70],[31,30],[16,29],[30,43],[27,30],[22,30],[19,33],[30,35],[29,30],[26,29],[21,28],[26,37],[9,10],[5,11],[31,45],[38,25],[35,43],[7,8],[23,32],[33,48],[15,20],[17,20],[51,57],[37,41],[45,59],[16,27],[24,39],[17,28],[40,52],[50,69],[25,29],[30,38],[29,45],[36,53],[27,37],[40,49],[25,25],[53,74],[28,40],[23,34],[50,60],[88,114],[59,81],[70,100],[23,27],[34,49],[22,27],[28,33],[44,66],[51,65],[25,31],[22,29],[50,58],[152,195],[66,89],[248,313],[32,36],[56,58],[29,39],[25,30],[19,29],[28,47],[42,61],[61,64],[28,45],[52,83],[63,73],[171,198],[91,117],[234,300],[136,172],[40,53],[57,73],[50,64],[51,75],[165,217],[49,67],[32,43],[23,30],[44,57],[43,57],[47,54],[64,85],[46,58],[36,41],[25,28],[32,40],[24,29],[40,50],[36,46],[103,136],[32,46],[26,32],[21,28],[34,44],[78,104],[33,40],[36,48],[27,37],[23,34],[40,51],[46,56],[112,139],[24,28],[26,32],[19,27],[36,49],[40,52],[57,70],[47,63],[54,52],[41,50],[51,63],[38,53],[32,47],[31,42],[35,41],[23,33],[45,50],[72,86],[55,72],[40,58],[27,40],[60,76],[22,33],[32,42],[61,89],[42,64],[78,93],[42,47],[58,74],[68,82],[60,81],[26,33],[27,40],[18,22],[30,37],[73,95],[65,82],[59,75],[52,80],[33,48],[49,69],[23,32],[37,50],[28,40],[26,44],[22,29],[11,17],[33,47],[250,361],[46,67],[206,300],[4,9],[-3,11],[-12,13],[-5,15],[5,11],[17,12],[15,22],[7,9],[11,14],[13,10],[14,17],[14,17],[19,22]],[[37229,66956],[-112,43],[-207,84],[-296,119],[-178,86],[-277,131],[-100,71],[-178,127],[-67,39],[-92,30],[-69,9],[-115,1],[-50,-33],[-28,-27],[-16,-42],[-25,-108],[0,-109],[30,-75],[65,-132],[115,-201],[96,-208],[136,-157],[101,-114],[143,-194],[35,-119],[21,-65],[37,-65],[209,-207],[149,-133],[112,-160],[21,-145],[-78,-114],[-212,-233],[-172,-128],[-212,-118],[-205,-130],[-225,-111],[-201,-96],[-350,-116],[-289,-93],[-237,-87],[-125,-46],[-63,-52],[-21,-39],[-6,-49],[41,-146],[72,-93],[63,-60],[126,-21],[102,26],[139,44],[210,48],[129,-24],[71,-40],[27,-58],[-10,-44],[-39,-58],[-68,-76],[-97,-70],[-223,-98],[-185,-87],[-217,-63],[-207,6],[-284,27],[-172,38],[-361,140],[-414,236],[-177,103],[-201,4],[-97,-8],[-38,-37],[-38,-63],[-26,-85],[-68,-299],[-61,-309],[-63,-139],[-58,-47],[-38,-32],[-50,-14],[-46,-2],[-39,7],[-57,36],[-67,109],[-94,226],[-38,159],[-23,58],[-41,28],[-51,21],[-73,13],[-36,-16],[-40,-32],[-24,-74],[-20,-97],[-97,-276],[-128,-368],[-63,-335],[-88,-288],[-37,-118],[-98,-165]],[[38489,66115],[341,-1003],[-308,-741],[-124,-195],[-161,-446],[-220,-767],[-188,-1104],[-147,-444],[-432,-99],[-133,-313],[-228,-848]],[[36889,60155],[-428,-416],[-617,-145],[-674,130],[-549,110],[-357,157],[-228,103],[-57,127],[223,274],[-95,146],[-104,-53]],[[34003,60588],[254,217],[-314,753],[-959,-123],[-1582,43],[-481,99]],[[44958,60925],[-290,-37],[-232,-10],[-29,143],[53,130],[-5,179],[18,148],[-307,217],[-18,171],[-5,228],[345,9],[87,177],[174,254]],[[44749,62534],[1283,61],[3,-464],[1483,132],[-128,-1012],[-1206,285],[-257,-465],[-511,-134],[-255,-33],[-203,21]],[[29194,51868],[1052,-8],[-535,-591],[1470,-406],[63,-448]],[[31244,50415],[1142,1368],[3622,-59]],[[36008,51724],[2780,3129]],[[38788,54853],[24,875],[-168,930],[9,1862],[14,1701],[-261,3],[-886,-58],[-631,-11]],[[34003,60588],[-228,-872],[95,-623],[398,-313],[-156,-562],[-309,-222],[-425,-287],[-409,-345],[-379,-183],[-381,-72],[-399,16],[-288,33],[-361,-61],[-357,31],[-371,-139]],[[30433,56989],[-75,-297],[-254,-728],[-171,-517],[-64,-602],[104,-511],[5,-235],[-277,-308],[-302,-473],[-156,-461],[-17,-511],[-32,-478]],[[24154,58217],[-37,-100],[-93,-196],[-43,-109],[-77,-201],[-62,-137],[-67,-131],[-65,-135],[-61,-137],[-79,-210],[-81,-147],[-73,-152],[-57,-97],[-37,-88],[-33,-74],[-73,-137],[-41,-75],[-54,-105],[-28,-71],[-9,-33],[-16,-32],[-70,-129],[-78,-141],[-104,-175],[-31,-50],[-37,-56],[-36,-64],[-37,-70],[-42,-71],[-84,-131],[-118,-183],[-45,-68],[-52,-78],[-55,-89],[-105,-158],[-56,-81],[-82,-102],[-115,-147],[-105,-141],[-92,-119],[-12,-18],[-56,-70]],[[21656,53709],[1628,-771],[985,928],[575,-403],[874,-614],[891,-614],[526,-364],[755,6],[903,-16],[401,7]],[[30433,56989],[-1317,-405],[-1221,-209],[-812,-321],[-710,267],[-712,390],[-158,670],[229,507]],[[25732,57888],[-432,134],[-545,76],[-261,50],[-340,69]],[[26498,60008],[160,-277],[27,-364],[-9,-224],[490,-369],[-165,-296],[-145,-67],[-1124,-523]],[[24154,58217],[28,62],[55,134],[32,81],[29,65],[34,85],[31,91],[35,102],[25,54],[22,39],[24,33],[25,47],[10,22],[9,54],[3,64],[0,55],[-2,1],[-2,1],[-9,0],[-5,0],[-3,-1],[-3,0],[-3,2],[-4,1],[-23,4],[-63,15],[-91,21],[-37,9],[-31,11],[-22,5],[-9,-4],[-13,-4],[-6,2],[-8,4],[-7,7],[-1,8],[-28,6],[-20,11],[-23,8],[-7,5],[-1,6],[1,8],[5,5],[7,1],[8,0],[10,-2],[18,-7],[8,2],[8,-3],[19,-6],[21,-8],[9,-6],[12,-7],[31,-8],[21,-6],[13,-6],[24,-11],[33,-8],[21,-7],[37,-9],[31,-6],[52,-9],[32,-4],[28,-3],[56,-5],[56,-5],[53,1],[53,0],[44,0],[51,3],[40,3],[46,7],[31,2],[102,5],[69,9],[33,6],[43,8],[10,1],[6,-1],[9,-2],[15,5],[18,7],[11,9],[66,61],[10,11],[13,9],[10,5],[19,7],[34,14],[25,9],[21,12],[11,3],[26,14],[19,18],[21,16],[39,27],[25,14],[24,11],[15,6],[29,7],[12,5],[9,13],[-19,19],[2,4],[7,0],[32,-28],[14,8],[16,7],[2,2],[1,2],[2,2],[28,10],[42,14],[38,14],[2,-4],[-50,-17],[-15,-6],[3,0],[4,0],[2,-1],[2,-2],[4,-7],[1,-1],[3,0],[16,3],[71,13],[-2,5],[-3,10],[0,12],[3,15],[6,-2],[-5,-18],[1,-9],[5,-9],[3,-3],[5,6],[75,38],[43,21],[88,43],[59,29],[29,16],[0,1],[-7,9],[0,1],[0,1],[1,1],[1,1],[-19,37]],[[32513,44390],[-42,29],[-113,115],[-146,212],[-123,312],[-99,410],[165,29],[49,42],[5,50],[-34,97],[0,35],[-3,105],[18,81],[-14,35],[-11,44],[486,-31],[109,214],[310,-56],[144,-69],[196,-154],[219,-211],[225,-189]],[[33854,45490],[-497,-420],[0,-175],[52,-293],[-235,-151],[-308,122],[-271,-126],[-82,-57]],[[72313,18158],[1930,868],[-206,1130],[166,987],[-314,977],[-1006,1829],[693,245],[784,2221],[-435,815],[1232,1293],[1187,811],[342,1357],[179,1156],[655,896],[203,444],[121,425],[-442,307],[-299,390],[-336,318],[-527,216],[-532,199],[-561,143]],[[75147,35185],[-109,24],[-412,205],[-773,330],[-713,225],[-712,-62],[-622,-330],[-427,-15],[-261,-97],[-37,-13],[165,-701],[-128,-250],[-299,-1460],[-603,-796],[-764,-3],[-697,46],[-1334,138]],[[67421,32426],[-455,-388],[-712,-508],[-759,-592],[-152,-192],[-57,-239],[-38,-192],[-190,-231],[133,-184],[-266,-239],[-322,-7],[-361,-77],[57,-170],[28,-177],[617,-15],[-171,-162],[-303,-23],[-10,-84],[285,-77],[-85,-123],[-238,61],[86,-277],[-219,-154],[48,-123],[201,5],[406,-420],[209,-8],[38,-193],[370,24],[-19,-231],[370,-54],[48,-208],[360,-223],[335,104],[93,-258],[218,-116],[218,-169],[-38,-385],[-171,-162],[48,-457],[128,-363],[152,-531]],[[67303,24608],[403,-66],[911,12],[1096,-31],[320,4],[98,-88],[44,-29],[45,-18],[87,-32],[82,1],[67,4],[63,-9],[134,-62],[134,-83],[67,-2],[34,-6],[12,-22],[23,-33],[-2,-31],[-18,-53],[-27,-37],[-44,-30],[-41,-17],[-42,-10],[-30,-16],[-38,-5],[-37,10],[-28,9],[-28,-7],[-11,-33],[11,-62],[25,-36],[40,-10],[41,0],[30,2],[22,-9],[4,-20],[-12,-24],[-17,-20],[-16,-12],[-61,-4],[-58,13],[-36,3],[-89,-1],[-79,6],[-84,18],[-82,15],[-78,1],[-61,-2],[-70,-10],[-78,1],[-42,12],[-45,-12],[-23,-19],[-4,-53],[0,-44],[8,-83],[10,-48],[26,-39],[5,-15],[22,-38],[23,-17],[25,-4],[63,-19],[55,19],[67,29],[67,45],[54,13],[41,0],[37,-19],[31,-23],[34,-25],[15,-33],[6,-56],[4,-47],[-3,-81],[-29,-53],[11,-43],[-10,-58],[-17,-37],[-41,-57],[-22,-81],[-62,-130],[-16,-38],[-32,-40],[-47,-37],[-17,-35],[16,-21],[43,-19],[45,-4],[42,2],[34,-18],[24,-21],[29,-24],[9,-17],[2,-26],[58,-47],[27,-42],[26,-51],[27,-27],[23,-15],[37,-16],[55,4],[36,12],[24,40],[10,39],[-42,51],[-29,45],[17,28],[56,17],[104,14],[72,0],[92,-20],[62,-40],[21,-31],[-27,-46],[-35,-44],[-3,-78],[20,-104],[20,-60],[44,-37],[64,-18],[105,5],[79,-12],[54,-25],[120,-69],[96,-26],[76,38],[109,3],[-41,-93],[-87,-44],[-47,-42],[-62,-19],[-97,12],[-49,-9],[-23,-30],[5,-52],[8,-66],[-12,-33],[-7,-20],[-53,-31],[-25,-41],[27,-37],[74,-34],[68,-12],[77,16],[165,38],[117,-88],[-134,-106],[-45,-25],[-63,-19],[-151,-159],[-24,-50],[1,-1],[35,-44],[111,-61],[58,-24],[13,-68],[-19,-48],[-58,-53],[-36,-23],[14,-53],[54,-37],[49,-21],[64,12],[60,-38],[-6,-44],[-58,-52],[-57,-116],[10,-25],[36,-50],[108,-42],[54,-39],[-35,-56],[-65,-61],[-58,-50],[-37,-79],[1,-59],[2,-44],[30,-34],[47,-19],[77,-13],[74,-14],[45,-32],[28,-41],[-3,-43],[-65,-57],[-176,-158],[-93,-118],[-60,-108],[-24,-70],[4,-53],[44,-33],[41,-8],[58,-5],[-101,-173],[-73,-98],[-42,-65],[17,-37],[88,-18],[96,-10],[117,3],[54,-27],[53,-31],[127,-23],[5,-32],[-117,-76],[-67,-107],[4,-43],[95,-120],[49,-50],[41,-23],[121,27],[92,55],[100,-19]],[[67138,41407],[-299,-188],[-110,-253],[-156,-281],[-147,-103],[131,-201],[652,-544],[696,-393],[703,-142],[874,-183],[152,-253],[56,-378],[-86,-979],[774,-411],[403,-280],[626,-634],[244,-137],[668,172],[589,78],[32,359],[295,269],[850,317]],[[74085,37242],[417,31],[418,-153],[787,-719],[-122,-315],[-167,-430],[-271,-471]],[[67421,32426],[81,980],[-322,863],[-362,209],[-915,592]],[[65903,35070],[-165,-41],[-291,114],[-356,473],[-483,597],[-370,507],[-594,1273],[-341,981]],[[63303,38974],[194,98],[237,84],[180,177],[63,201],[70,252],[95,188],[157,372],[147,280],[208,161],[343,-59],[274,-14],[185,-3],[171,-27],[263,385],[411,643],[837,-305]],[[57148,42031],[478,429],[570,533],[186,163],[312,175],[238,293],[157,265],[4,216],[157,186],[333,211],[245,117],[318,173],[385,352],[888,554],[644,-247],[204,-149],[665,-161],[1139,-50],[1219,30],[1253,184],[675,155]],[[67218,45460],[109,-364],[19,-391],[-132,-207],[28,-648],[-62,-564],[-227,-579],[28,-322],[323,-192],[269,-151],[-52,-303],[-152,-196],[-231,-136]],[[63303,38974],[-324,324],[-283,-98],[-353,328],[-213,273],[-290,-19],[-435,48],[255,339],[-223,488],[-57,303],[-261,303],[-128,200],[-318,34],[-271,-169],[-454,21],[-295,45],[-806,132],[-332,-85],[-324,133]],[[58191,41574],[-445,-6],[-28,157],[-481,252],[-89,54]],[[56703,42265],[-296,42],[-309,191],[-155,-63],[-171,207],[-281,566],[199,138],[-147,134],[-176,112],[-108,300],[317,378],[346,326],[15,863],[531,337],[233,732],[-303,431],[1181,1175],[1276,1134],[148,945]],[[59003,50213],[434,102],[779,-243],[837,-260],[572,-109],[402,45],[822,22],[1280,221],[82,747],[342,23],[138,-30],[103,-4]],[[64794,50727],[17,-56],[4,-110],[-109,-117],[196,31],[1027,-212],[1260,-160],[1337,615]],[[68526,50718],[539,-602],[1057,-1484],[1232,-787],[1087,-226],[64,-117],[102,-186],[225,-304],[361,-548],[-637,-217],[-176,-361]],[[72380,45886],[-1229,-197],[-916,-23],[-726,126],[-688,-180],[-489,73],[-388,-156],[-726,-69]],[[57148,42031],[-370,224],[-75,10]],[[74085,37242],[-82,77],[-56,98],[-43,100],[-230,-135],[-181,133],[-263,250],[-240,161],[-153,205],[-129,288],[82,142],[197,238],[165,167],[81,108],[-159,249],[97,81],[175,65],[355,68],[638,11],[-41,194],[-112,182],[-44,65],[32,54],[8,77],[-4,132],[44,97],[39,94],[109,116],[-26,104],[234,72],[-4,210],[-15,372],[327,49],[285,-92],[211,225],[344,317],[-230,167],[95,73],[59,138],[93,68],[-839,999],[-464,878],[-782,540],[-344,178],[-245,399],[-392,282],[-297,348]],[[52668,39300],[265,275],[365,253],[432,295],[446,330],[234,209],[260,125],[214,263],[455,244],[403,230],[294,192],[494,422],[173,127]],[[58191,41574],[-441,-549],[181,-244],[51,-351],[6,-278],[-85,-238],[-119,-123],[227,-205],[-312,-156],[-206,-132],[38,-384],[128,-506],[-3,-494],[62,-246],[269,-604]],[[57987,37064],[-427,-50],[-361,-100],[-397,-306],[-391,-301],[-455,-396],[23,-311]],[[55979,35600],[-544,113],[8,329],[-402,-2],[-1287,60],[-356,-27],[-61,-279],[-618,-121]],[[52719,35673],[-1186,-46],[-883,27],[-397,163],[-541,373],[-234,282],[-109,553]],[[49369,37025],[19,592],[6,725],[-15,279]],[[49379,38621],[1567,-722],[221,182],[299,357],[285,234],[441,315],[323,154],[153,159]],[[57987,37064],[470,23],[265,-81],[527,-234],[324,-348],[307,-351],[239,-260],[370,-372]],[[60489,35441],[-190,-243],[-229,-182],[-9,-107],[-223,-306],[-581,-84],[-559,-8],[-998,-46],[-335,25],[-389,-104],[-195,-38]],[[56781,34348],[-242,288],[-507,384],[-138,196],[85,384]],[[60489,35441],[317,-41],[764,-34],[509,94],[986,-156],[370,-4],[118,89],[258,-164],[559,-1],[684,-425],[649,-371],[290,20],[80,188],[-170,434]],[[52719,35673],[147,-430],[-147,-607],[-47,-926],[-15,-907],[67,-500],[6,-379],[-224,-236],[-228,-239],[-180,-161],[-276,-107]],[[51822,31181],[86,-158],[66,-327],[280,-408],[509,-348],[398,-56],[351,112],[656,-310],[854,-158],[336,149],[104,-70],[375,-96],[438,221],[380,173],[284,-12],[644,153],[296,236],[555,111],[764,-242],[76,196],[-6,83]],[[59268,30430],[-379,197],[-313,243],[-284,193],[-622,330],[-219,126],[4,200],[-251,396],[-375,653],[-304,477],[-132,306],[264,314],[107,167],[46,227],[-29,89]],[[45900,33383],[-82,-293],[166,-166],[1131,-975],[1391,-525],[1229,231],[204,196],[346,110],[422,-131],[414,-168],[-101,-216],[30,-253],[242,-103]],[[51292,31090],[261,73],[269,18]],[[49369,37025],[-907,-161],[-564,-65],[-546,57],[-252,23],[-28,-223]],[[47072,36656],[-86,-268],[-23,-696],[-541,-23],[-551,-11],[-511,-48],[-333,-33],[-28,-140],[70,-160],[111,-132],[536,-8],[5,-400],[75,-411],[104,-943]],[[42676,39814],[-178,-226],[-153,-48],[-294,35],[-114,-334],[-90,-380],[-103,-371]],[[41744,38490],[203,21],[284,-176],[267,36],[303,-17],[229,51],[336,45],[531,54],[57,-173],[210,-144],[104,-269],[208,-340],[1,-344],[119,-330],[432,-196],[356,-184],[213,-177],[284,-17],[171,111],[431,108],[375,8],[214,99]],[[49379,38621],[-1087,597],[-655,855],[-944,378],[-556,102],[-370,27],[-640,-94],[-1017,-311]],[[44110,40175],[30,-242],[442,-30],[199,-112],[85,-50],[295,28],[93,9],[247,-161],[201,-152],[9,-81],[-28,-157],[-16,-44],[-180,-77],[-232,-86],[-266,-110],[-228,-157],[-181,-42],[-55,-29],[-147,80],[-277,156],[-397,44],[-37,31],[-344,305],[-583,120],[-64,396]],[[43645,40448],[465,-273]],[[42676,39814],[969,634]],[[50419,53871],[-25,-542],[224,-377],[190,-359],[203,-492],[-5,-356],[-266,-322],[-289,-294],[-185,126],[-48,-302],[49,-186],[-52,-215],[-190,-11],[-76,-165],[-52,-291],[207,-212],[62,-268],[-147,-364],[-364,-393],[-90,-188],[-172,-159],[-94,-124],[-5,-184],[-82,-155],[-123,-134],[-108,-251],[3,-148],[409,-222],[275,-103],[191,-255],[-258,-362],[58,-309],[57,-828],[328,-932],[550,-1016],[217,-354],[244,-1046],[324,-1035],[17,-54],[-152,-231],[105,-564],[626,-602],[693,-292]],[[43645,40448],[-142,301],[-38,146],[310,585],[127,336],[313,402],[195,380],[19,173],[437,170],[483,344],[954,-6],[817,1536],[251,641],[-974,113],[-917,677],[245,527],[304,453],[583,502],[344,567],[-667,1232],[-356,840],[138,496],[284,974],[242,605],[228,601],[310,878]],[[47135,53921],[425,-2],[2859,-48]],[[32329,39820],[494,86],[265,-100],[312,42],[392,-284],[360,-86],[531,-83],[330,-75],[252,-34],[312,40],[451,-47],[498,-43],[328,137],[322,258],[360,143],[322,81],[200,-33],[337,-11],[329,138],[413,286],[344,134],[271,171],[95,90],[181,276],[-20,159],[133,108],[12,82],[3,63],[42,19],[59,-11],[42,-3],[65,-13],[42,-57],[15,-93],[53,-70],[134,-11],[169,100],[95,159],[-33,142],[-36,171],[-69,98],[-156,84]],[[40578,41833],[-549,1120],[-19,219],[-144,32],[-323,392],[372,141],[439,203],[-176,455],[65,846],[-65,994],[190,517],[-1169,1328],[-1242,1806],[-96,1672],[-1853,166]],[[38788,54853],[-70,-1071],[1943,-273],[1366,796],[760,-878],[2092,-72],[1764,583]],[[46643,53938],[492,-17]],[[41744,38490],[-134,-36],[-455,1],[-343,-109],[-270,-23],[-503,-4],[-769,42],[-256,100],[-275,-23],[-257,-157],[-161,-327],[-309,-42],[-236,-44],[-542,-98],[-308,-173],[-346,-117],[-100,-159],[-203,-125],[-375,-125]],[[40578,41833],[-624,382],[-409,431],[-441,765],[-153,556],[-134,428],[-92,186],[-563,10],[-142,11],[-148,129],[-365,149],[-244,46],[-553,-61],[-252,-79],[-422,-2],[-247,44],[-223,110],[-394,375],[-346,361],[-446,-152],[-526,-32]],[[32513,44390],[-113,-73],[-609,-139],[-270,-176]],[[38999,33987],[616,-6],[815,-62],[570,-132],[1967,-471],[2933,67]],[[35585,36102],[67,-212],[81,-88],[9,-88],[46,-87],[46,-31],[250,79],[136,41],[233,4],[199,-12],[103,-108],[5,-45],[30,-71],[58,-46],[47,-62],[81,-98],[56,-54],[36,-58],[0,-47],[-14,-59],[-45,-64],[-31,-46],[-30,-40],[-46,-41],[-23,-36],[-28,-76],[24,-87],[36,-67],[75,-71],[109,-76],[34,-45],[40,-14],[27,-1],[32,7],[18,11],[15,23],[14,36],[2,16],[0,29],[0,43],[-7,75],[21,56],[2,50],[22,46],[27,35],[50,30],[36,13],[36,3],[42,-16],[23,-19],[-3,-37],[-15,-36],[-7,-34],[-33,-55],[-10,-41],[-19,-31],[7,-28],[29,-26],[70,-13],[86,-23],[98,0],[73,7],[58,2],[72,-16],[71,-1],[44,15],[45,20],[93,8],[50,-19],[50,3],[45,8],[56,-3],[47,-11],[44,-34],[36,-22],[54,-35],[67,-81],[87,-93],[48,-47],[47,-28],[69,-25],[110,-35],[65,-30],[0,-33],[-15,-33],[-16,-20],[-33,-20]],[[38999,33987],[-150,5],[-542,-109],[-513,-158],[-593,-234],[43,-392],[166,-535],[-71,-284],[-214,-254],[-275,-192],[-217,-452],[-424,-279],[-337,-176],[-427,-374],[-364,-256],[-347,-50],[-251,170],[-144,152],[-143,-93],[-393,-101],[-719,13],[-530,129],[-70,-44],[147,-681],[54,-302],[138,-191],[-207,-284],[256,-129],[321,33],[60,369],[85,112],[80,-5],[111,-786],[86,-157],[-44,-92],[-170,37],[-195,-75],[57,-233],[-2,-143],[-65,-292],[725,-392],[280,-354],[41,-512],[94,-84],[-24,-410],[-512,-727],[465,-663],[-373,-306],[-124,32],[-98,66],[-101,81],[-88,-26],[-37,-33],[-36,-57],[-139,-325],[56,-98],[24,-62],[-131,-112],[-121,-77]],[[33097,23595],[-190,107],[-123,75],[-586,319],[-329,181],[-161,155],[-81,90]],[[31627,24522],[58,125],[79,57],[110,2],[-91,472],[-134,77],[167,194],[104,254],[29,339],[-163,244],[-89,348],[-210,122],[-264,71],[61,146],[200,62],[-77,210],[-67,54],[-247,15],[164,262],[-28,361],[121,74],[16,109],[230,162],[-62,110],[-276,107],[-184,97],[-427,189],[-337,56],[-297,68],[-293,136],[54,412],[-193,704],[-136,419],[-186,269],[-60,304],[-177,592],[-56,394],[-165,310],[257,232],[233,205],[-27,118],[321,143],[-142,429],[103,155],[327,19],[145,112],[36,43]],[[21229,28035],[62,-49],[14,-55],[44,-65],[178,-138],[33,-70],[239,-251],[42,-118],[80,-69],[167,-13],[338,-72],[43,-44],[74,11],[-86,-125],[-32,-25],[51,-21],[164,-95],[37,10],[60,39],[89,45],[35,24],[71,32],[47,6],[69,21],[37,-14],[180,-392],[142,-290],[72,-85],[7,-98],[120,-92],[87,-125],[66,-24],[69,-125],[358,-441],[-47,-483],[70,-445],[212,47],[265,2],[319,-128],[321,79],[351,-10],[57,-425],[252,-491],[616,196],[434,-12],[222,-99],[319,-337],[578,-723],[564,-1024],[219,-421],[937,-24],[314,276],[179,-29],[251,-376],[308,-26],[62,-38],[83,-113],[80,24]],[[31152,20747],[-119,190],[-223,109],[133,153],[159,34],[-5,142],[316,-53],[130,148],[257,-4],[116,171],[-80,115],[-358,59],[-177,152],[-240,172],[-187,314],[-304,281],[16,355],[399,248],[164,296],[332,699],[83,161],[63,33]],[[29788,15662],[-61,177],[-143,131],[-212,-2],[-390,45],[-371,-51],[-360,255],[-180,-42],[-257,-16],[-218,-88],[-180,-35],[-176,-97],[-161,-58],[-222,-87],[-119,-139],[-214,-105],[-185,55],[-47,-166],[-180,101],[-182,-152],[-123,119],[-460,-239]],[[25347,15268],[99,235],[-265,60],[-15,195],[90,66],[95,108],[72,443],[-15,178],[-47,243],[133,142],[-62,490],[77,114],[-159,361],[-30,742],[-354,18],[-461,-98],[-86,158],[-295,400],[-140,78],[-42,95],[-62,79],[-118,36],[-59,24],[-66,23],[-86,0],[-40,38],[-77,-17],[-191,133],[-94,184],[-195,113],[-233,113],[-108,33],[-114,16],[-186,51],[-234,38],[-360,26],[-264,55],[-496,57],[-426,48],[-189,455]],[[31152,20747],[236,-577],[227,-351],[185,-455],[500,-665],[541,-679],[388,-700],[234,-457],[621,-108],[15,-232],[-527,-181],[-499,-174],[-901,-285],[-656,-63],[-512,140],[-490,-13],[-127,-207],[-599,-78]],[[28901,20343],[77,-461],[369,-163],[-85,-139],[-251,-450],[-152,-254],[-409,45],[-128,412],[-100,293],[-270,-8],[119,320],[57,306],[521,130],[252,-31]],[[33097,23595],[626,-413],[223,270],[1105,798],[556,-609],[195,-509],[194,-504],[285,-794],[176,-212],[199,-270],[180,-362],[213,-293],[242,-142],[389,-424],[280,-243],[1078,-46],[503,-35],[726,-38],[693,15],[503,4],[526,4]],[[41989,19792],[10,-432],[-38,-567],[-219,-520],[38,-401],[242,-496],[-207,-63]],[[41815,17313],[-240,-227],[-40,-267],[113,-147],[-125,-346],[137,-318],[128,-66],[7,-128],[-117,-262],[23,-266],[30,-239],[63,-1275],[-52,-171],[-506,-294],[38,-735],[-144,-147],[-188,-101],[-78,-118],[-119,-38],[-126,-108],[-124,-45],[-87,-99],[-84,-38],[-232,122],[-113,75],[-70,-17],[-3,-194],[45,-92],[101,-140],[-133,-151],[-138,-77],[-102,-39],[-92,28],[-53,-23],[17,-77],[134,-35],[66,-57]],[[39751,11201],[-95,-66],[-565,101],[-538,-110],[-403,19],[-213,-108],[-271,-100],[-416,102],[-736,305],[-708,191],[-478,141],[-613,255],[-697,289],[-290,-92],[-509,427],[-541,61],[-887,47],[-593,158],[-18,179],[-53,389],[-271,274],[-574,328],[-431,349],[-251,424],[-81,386],[132,241],[137,271]],[[39003,31482],[-8,60],[-1,59],[7,98],[-4,37],[-2,36],[-12,25],[-21,16],[-39,9],[-31,15],[-45,26],[-36,29],[-20,19],[-19,29],[-9,23],[16,30],[13,17],[19,20],[10,10],[23,8],[27,6],[17,14],[9,20],[0,42],[-15,50],[-24,48],[-21,37],[-40,59],[-7,30],[-9,39],[-29,21],[-35,9],[-35,-4],[-44,-22],[-23,-23],[-29,-37],[-41,-25],[-63,-45],[-57,-21],[-68,-12],[-82,0],[-57,24],[-20,29],[-1,24],[-1,38],[-24,24],[-7,37],[29,22],[46,66],[23,31],[58,103],[20,34],[30,43],[39,32],[29,20],[30,17],[38,19],[58,5],[38,-23],[17,-29],[43,-44],[97,-17],[109,-14],[128,-42],[72,-6],[30,0],[59,26],[27,77],[18,24],[8,62],[-55,68],[-60,31],[-45,33],[-61,46],[-70,59],[-55,49],[-40,55],[-4,38],[-9,71],[-47,51],[0,63],[10,83],[-1,98],[4,74],[-18,67],[-61,28],[-29,13],[-19,23],[-17,27],[8,28],[35,28],[26,15],[26,30],[34,24],[37,13],[26,3],[33,6],[91,31],[49,16]],[[41989,19792],[-27,439],[-357,786],[-270,609],[-485,1164],[-90,491],[-18,254],[-81,349],[-174,408],[-4,410],[-193,191],[-194,333],[-239,296],[-93,154],[-38,187],[-18,127],[-69,138],[-188,208],[-160,116],[38,85],[46,98],[86,125],[-214,240],[-185,198],[-266,214],[-359,44],[-383,43],[-205,131],[-121,125],[-95,167],[-76,227],[126,139],[-106,142],[-39,65],[-192,66],[-151,88],[35,106],[66,291],[31,90],[57,69],[-2,117],[-45,31],[-81,68],[11,77],[48,55],[116,64],[113,52],[113,42],[194,27],[141,31],[192,86],[106,33]],[[38290,29888],[-59,59],[-58,53],[-5,44],[3,56],[36,34],[67,34],[38,23],[34,28],[68,18],[45,45],[42,32],[18,24],[33,19],[61,4],[43,14],[43,16],[47,-13],[37,-28],[86,-73],[10,-30],[13,-36],[20,-20],[26,-11],[39,6],[19,13],[27,47],[6,34],[12,35],[22,33],[30,53],[33,59],[22,110],[5,36],[1,14],[-5,20],[-20,17],[-40,17],[-40,20],[-30,23],[-42,38],[-66,2],[-40,-18],[-43,-15],[-47,5],[-25,4],[-35,21],[-45,35],[-32,32],[-17,62],[-10,83],[28,39],[20,21],[22,46],[18,67],[27,26],[14,20],[21,24],[19,14],[27,13],[18,4],[41,4],[26,5],[18,10],[29,34],[34,15],[17,13],[9,14],[5,16],[-5,26],[-2,35],[0,70]],[[25347,15268],[-143,-178],[39,-187],[157,-239],[66,-162],[-91,-83],[253,-238],[184,-214],[303,-119],[-137,-232],[361,-210],[148,-221],[74,-379],[162,-20],[14,-262],[313,-174],[19,-405],[310,-184],[101,-253],[869,-396],[-119,-188],[480,-206],[-498,-331],[-53,-219],[518,-194],[410,-434],[657,28],[641,-271],[-184,-280],[-297,-334],[-15,-275],[-245,-62],[-158,12],[-159,-125],[-155,-22],[-147,-11],[-105,8],[-179,113],[-114,-7],[-92,-195],[-68,-73],[-129,-81],[-131,-146],[-105,-83],[-121,-14],[-129,-29],[-137,-133],[-169,-139],[-112,-11],[-65,41],[-110,129],[-143,57],[-198,18],[-70,34],[-61,58],[6,50],[-59,85],[-54,-55],[-101,-77],[-156,-93],[-189,-137],[-57,-8],[-94,4],[-66,-67],[-31,-111],[-179,-41],[-65,-36],[-67,-53],[-70,-49],[-100,-46],[-125,-51],[-124,-33],[-106,-43],[-103,-140],[-89,-138],[-43,-163],[-32,-212],[-141,-135],[-43,-53],[-36,-25],[-42,-9],[-142,-4],[-125,-93],[-55,-55],[-63,-48],[-53,-20],[-152,-15],[-59,-64],[-11,-52],[2,-51],[15,-61],[-4,-52],[26,-2],[147,-30],[177,-25],[35,7],[-57,-66],[-21,-104],[-18,-138],[-13,-229],[123,-8],[241,37],[101,50],[134,145],[125,-1],[137,-57],[157,-52],[-97,-153],[95,-60],[711,-157],[477,-107],[182,-95],[198,-97],[42,-74],[-14,-101],[-228,-159],[10,-45],[202,-157],[-82,-121],[-10,-46],[-70,-140],[-55,-177],[27,-120],[-23,-74],[-164,54],[-133,-48],[-35,-107],[69,-152],[97,-94]],[[26467,2893],[60,-18],[147,-45],[71,-41],[103,-47],[137,-71],[100,-54],[132,-39],[57,-14],[176,-34],[35,-8],[81,-30],[96,-35],[63,-21],[62,-25],[-59,-129],[-31,-85],[13,-152],[113,-87],[155,-56],[91,-21],[61,-120],[116,-30],[241,24],[105,11],[151,2],[177,-164],[135,-78],[175,-70],[49,-70],[250,-201],[55,-30],[105,-22],[71,-49],[126,-128],[167,-48],[175,5],[105,14],[88,1],[122,-55],[46,-131],[108,-61],[118,12],[102,-31],[257,-275],[311,-299],[242,-17],[243,6],[313,-65],[240,-12],[265,2],[60,3],[30,5],[29,2],[274,19],[57,1],[59,100],[77,111],[104,32],[150,28],[354,47],[228,-58],[298,103],[74,78],[77,95],[53,84],[22,69],[28,63],[63,101],[38,30],[223,9],[90,-15],[42,-36],[42,-83],[2,-56],[14,-51],[109,-22],[80,3],[39,29],[45,7],[225,169],[78,57],[204,221],[160,175],[112,69],[192,43],[145,8],[310,189],[47,121],[17,66],[19,186],[16,187],[48,46],[92,9],[112,-10],[107,-104],[59,-17],[283,22],[198,11],[160,35],[30,50],[-29,70],[-77,42],[-147,24],[-107,53],[1,104],[-15,90],[-51,28],[-17,109],[36,94],[9,112],[17,90],[45,57],[104,27],[40,12],[14,23],[-6,77],[3,30],[29,61],[100,62],[53,30],[52,24],[37,70],[33,39],[101,45],[44,1],[69,-13],[111,-86],[60,-42],[129,-101],[127,-20],[110,-16],[35,-5],[126,54],[88,93],[45,106],[5,101],[-70,128],[138,163],[112,162],[101,55],[256,-54],[254,-6],[126,63],[32,116],[-93,185],[86,170],[278,109],[263,38],[90,99],[-32,128],[163,283],[-145,101],[8,70],[168,59],[-101,545],[-352,37],[-272,-52],[-43,200],[-208,77],[154,251],[-64,265],[219,207],[6,59],[-96,15],[-337,-176],[-112,-57],[-122,124],[177,179],[-36,84],[-176,69],[0,185],[-7,114],[-80,39],[-136,76],[-21,200],[152,136],[-13,52],[-173,123],[-112,249],[-302,110],[64,94],[127,23],[366,207],[150,186],[-65,103],[65,223],[157,118],[84,139],[103,60],[227,15],[143,123],[-20,104],[-329,293],[-425,168],[-238,91],[-76,41],[-59,101],[17,117],[49,44],[206,-29],[158,53],[30,269]],[[26467,2893],[-126,41],[-435,189],[-183,102],[-361,-75],[-393,-142],[-220,-85],[-231,-97],[-172,-88],[-159,-56],[-123,-91],[-88,38],[-253,-37],[-184,-42],[-240,-104],[-226,-81],[-107,-49],[-278,-7],[-199,64],[-159,-76],[-112,-3],[-58,-40],[-52,-55],[-286,90],[-313,11],[-27,5],[-225,-33],[-258,155],[-105,101],[-24,242],[-85,77],[-46,40],[-6,80],[-68,2],[-115,-3],[-156,58],[-507,-8],[-257,55],[-144,-53],[-253,-7],[-145,-5],[-99,-2],[-56,6],[-45,-2],[-101,5],[-64,5],[-58,-24],[-54,-4],[-23,-4],[-25,34],[-37,35],[-49,48],[-40,56],[-85,102],[-84,88],[-37,34],[-31,32],[-79,76],[-35,34],[-25,30],[-21,33],[-25,69],[-15,73],[-9,60],[-10,40],[39,31],[25,9],[-44,5],[-74,17],[-19,9],[-66,45],[-41,33],[-40,18],[-51,0],[-81,28],[-90,37],[-47,18],[-39,12],[-32,29],[-101,9],[-86,-7],[-303,13],[-177,-45],[-44,-66],[-159,-37],[-79,34],[-102,72],[-132,-66],[-109,-2],[-38,-58],[-45,-40],[-21,-33],[-117,-72],[-30,-38],[-44,-2],[-116,-90],[32,203],[190,275],[47,197],[41,367],[90,268],[-43,201],[172,223],[101,293],[47,164],[91,332],[-23,513],[-100,139],[26,99],[-53,81],[-114,34],[-23,53],[29,39],[-4,82],[-88,60],[-77,0],[-53,-50],[-105,8],[-167,117],[-89,0],[-35,41],[58,50],[53,9],[203,210],[42,79],[85,27],[92,91],[103,52],[34,44],[-31,147],[2,568],[-28,676],[60,138],[206,185],[150,112],[96,177],[205,228],[247,325],[-54,188],[95,192],[-24,109],[-67,67],[-173,108],[-8,83],[75,81],[64,31],[43,50],[56,75],[136,205],[98,130],[-10,42],[-182,210],[-35,81],[-85,144],[-22,101],[-31,27],[-85,90],[-21,75],[-56,73],[-17,143],[-29,63],[-87,67],[4,98],[56,118],[-12,83],[-22,58],[-22,70],[-62,86],[40,85],[-5,61],[10,131],[-44,56],[-151,-66],[-97,-58],[-330,-246],[-257,-118],[-70,25],[-199,15],[-190,41],[-109,81],[-89,217],[-235,46],[-103,63],[-59,110],[-21,52],[-8,10],[-58,107],[14,52],[-214,206],[-112,171],[-118,285],[17,150],[74,138],[33,31],[194,203],[220,170],[-18,39],[213,160],[121,124],[77,92],[15,55],[21,13],[43,56],[-7,34],[78,118],[-23,74],[-17,93],[18,87],[21,81],[126,89],[63,46],[84,31],[163,31],[162,-31],[113,-67],[95,-42],[115,56],[106,117],[11,223],[35,192],[198,186],[297,320],[307,281],[330,171],[295,126],[199,128],[254,36],[110,35],[106,60],[65,-16],[19,-16],[2,-33],[-65,-32],[-14,-29],[29,-40],[138,10],[80,-7],[54,7],[-5,128],[85,87],[-25,63],[-75,42],[-31,12],[-3,26],[28,7],[38,-12],[357,-131],[46,2],[20,13],[-24,55],[-86,154],[8,121],[65,31],[137,17],[139,67],[24,36],[-20,44],[-13,56],[29,26],[75,17],[133,-19],[50,18],[-15,42],[-48,29],[2,41],[37,14],[160,-14],[20,30],[-157,80],[-104,28],[-67,4],[-107,-46],[-59,-14],[-10,47],[25,39],[26,38],[49,37],[0,39],[-29,18],[-69,-16],[-50,17],[34,72],[92,52],[18,89],[48,82],[-43,0],[-152,-41],[-45,41],[-25,281],[16,100],[72,37],[61,-14],[99,-47],[55,194],[75,53],[42,7],[31,-12],[11,-26],[-27,-40],[-4,-26],[14,-29],[17,-15],[57,1],[60,27],[14,39],[0,39],[-51,103],[-81,139]],[[39003,31482],[428,48],[343,-25],[611,60],[595,101],[493,12],[540,-109],[514,-37],[758,-148],[556,-148],[660,-216],[416,-167],[24,-119],[185,-381],[-32,-186],[-110,-187],[-274,10],[103,-413],[199,-381],[381,-130],[361,-119],[226,145],[490,-103],[204,93],[251,175],[114,-15],[237,-85],[-14,-200],[-9,-398],[110,-27],[302,-52],[299,-4],[-380,-500],[219,-535],[242,-362],[204,-165]],[[48249,26914],[-1688,-168],[-883,-262],[-362,-182],[-293,-22],[-199,131],[-514,307],[-421,-184],[-655,543],[37,260],[39,629],[-524,59],[-315,26],[-1,56],[25,48],[2,33],[-6,30],[-15,36],[-29,62],[-25,101],[-41,63],[-28,30],[-110,45],[-59,44],[-31,80],[-12,67],[-97,71],[-30,8],[-34,4],[-76,57],[-26,22],[-31,16],[-103,20],[-28,33],[-14,25],[-28,36],[-43,25],[-61,42],[-23,17],[-41,19],[-38,47],[-25,34],[-20,38],[4,39],[34,51],[25,38],[17,26],[2,41],[-8,27],[-31,22],[-32,27],[-31,22],[-29,35],[-7,30],[-54,20],[-34,20],[-33,7],[-74,5],[-64,-2],[-38,9],[-36,20],[-88,41],[-80,37],[-55,10],[-37,0],[-39,-11],[-28,-28],[4,-48],[0,-26],[-20,-18],[-34,-41],[-18,-70],[-1,-41],[7,-42],[2,-42],[8,-61],[15,-52],[18,-63],[-5,-84],[2,-81],[9,-99],[20,-53],[2,-33],[3,-19],[-8,-37],[-67,-54],[-71,-29],[-58,-8],[-73,26],[-121,4],[-91,13],[-67,-6],[-28,-10],[-72,-31],[-33,14],[-19,28],[-54,13],[-80,27],[-79,3],[-38,-3],[-60,-10],[-38,3],[-40,13],[-30,15],[-32,39],[-10,32],[-19,39],[7,54],[38,49],[10,17],[30,18],[25,16],[48,20],[45,54],[25,35],[29,35],[11,28],[8,39],[9,93],[0,65],[-21,61],[-15,34],[-8,48],[-17,62],[-2,43],[-1,35],[-46,47],[-31,34],[-22,28],[-16,18],[-23,16],[-38,16],[-13,0],[-42,-5],[-28,-22],[-23,-8],[-63,-7],[-65,-13],[-46,-7],[-28,-5],[-45,-27],[-23,-44],[-15,-48],[-8,-18],[3,-33],[5,-32],[1,-24],[-17,-32],[-11,-35],[-6,-57],[-5,-33],[-25,-50],[-17,-26],[-22,-24],[-32,-14],[-34,-18],[-32,-3],[-59,6],[-145,21],[-45,15],[-34,1],[-28,0],[-39,4],[-28,7],[-29,22],[-22,20],[-76,30],[-41,25],[-54,34],[-19,17],[-27,27],[-39,8],[-59,-10],[-56,-9],[-67,29],[-18,43],[-1,33],[4,19],[31,25],[22,16],[19,15],[73,-1],[36,-8],[38,-4],[22,7],[15,14],[8,18],[6,18],[-8,22],[-27,23],[-18,35],[-30,32]],[[51292,31090],[-171,-331],[-139,-382],[-540,-368],[-637,-594],[-621,-473],[-43,-81],[237,-192],[58,-133],[-189,-320],[-106,-294],[346,-319],[614,-310],[474,-139],[185,-308],[-531,-242],[-479,-328]],[[49750,26276],[-619,-259],[-882,235],[0,662]],[[49750,26276],[155,-194],[234,-318],[198,-363],[115,-349],[350,-117],[476,240],[279,134],[403,-89],[432,-127],[152,100],[371,-122],[365,-277],[331,-583],[372,-329],[887,-513],[684,-346],[297,-137],[313,-216],[228,-315],[133,-208],[243,-249]],[[56768,21898],[-811,-648],[-76,-316],[27,-283],[-18,-210],[-39,-260],[36,-105],[43,-31],[65,-58],[6,-108],[-21,-50],[-30,-53],[10,-68],[-26,-43],[-76,-63],[-31,-7],[-61,23],[-26,-33],[-6,-48],[-32,-55],[-99,-31],[-29,-77],[23,-48],[35,-22],[80,38],[41,22],[44,-31],[41,-41],[44,-50],[1,-23],[-41,-37],[-64,-1],[-85,20],[-55,2],[-26,-30],[10,-79],[10,-61],[1,-24],[85,9],[141,8],[44,-12],[38,-75],[27,-4],[4,23],[-18,39],[11,29],[80,33],[53,24],[22,-3],[8,-46],[12,-70],[4,-29],[-6,-36],[15,-44],[45,10],[106,65],[43,12],[24,-39],[21,-63],[44,-32],[72,-42],[24,-60],[29,-77],[52,-67],[36,-26],[111,-25],[34,-39],[4,-52],[20,-64]],[[56818,18356],[-757,-82],[-979,-128],[-497,-431],[-474,-405],[-432,-385],[-1268,-797],[-669,-374],[-274,-334],[-166,-349],[-247,-305],[-255,-220],[-150,-197]],[[50650,14349],[-124,-85],[-76,-21],[-137,-70],[-98,3],[-163,69],[-67,-8],[-95,32],[-76,28],[-156,61],[-56,-19],[11,-37],[-22,-85],[-685,-228],[-679,-170],[-1142,567],[-511,-192],[-620,74],[581,1659],[-287,93],[-90,96],[-453,245],[-275,65],[-306,62],[-396,-78],[-114,22],[-126,73],[19,150],[-177,34],[-555,408],[-663,173],[-412,-69],[-516,18],[-369,94]],[[72362,10489],[279,-137],[274,-158],[209,-228],[232,-228],[76,-344],[588,107],[529,-220],[-771,-342],[-445,-302],[-448,-296],[-435,-407],[-791,-200],[-193,72],[-48,54],[-40,155],[-42,19],[-105,-7],[-207,-45],[-271,61],[-129,-9],[-197,13],[-154,-51],[-183,59],[-70,-71],[-165,0],[-70,41],[-115,151],[-89,3],[-95,-150],[-80,1],[-79,103],[-238,-35],[-67,-13],[-67,-41],[-104,14],[-71,-9],[-60,-39],[-296,228],[-110,31],[-240,-71],[-365,-16],[-216,52],[-191,-18],[-93,10],[-75,18],[-133,-46],[-73,172],[-188,-8],[-82,96],[318,559],[-116,38],[-224,-57],[-260,-231],[-8,-175],[0,-134],[-92,-56],[-86,29],[-38,412],[-109,105],[-237,31],[-69,180],[-108,15],[-116,-66],[-56,-159],[-50,-44],[-182,-152],[-173,-244],[-101,-29],[-162,77],[-106,104],[-169,102],[-260,171],[-36,135],[-48,73],[-79,29],[-68,-20],[-75,-78],[-67,-94],[-193,-273],[-279,-199],[-225,35],[106,-63],[-310,-18],[-361,15],[-210,132],[-203,434],[-348,-14],[-285,-367],[-23,-601],[-200,-178],[-27,-47],[-73,-67],[-2630,-1489],[-55,19],[-80,35],[-55,31],[-14,29],[14,42],[50,37],[40,73],[7,47],[-23,46],[-45,25],[-72,8],[-143,0],[-30,40],[-78,41],[-81,29],[-80,72],[-74,19],[-44,-4],[-72,1],[21,34],[93,39],[95,61],[18,89],[-147,114],[-170,-21],[-114,14],[-43,63],[0,51],[19,67],[52,124],[-59,44],[-147,35],[-318,-102],[-71,-47],[-50,-40],[-107,-95],[-107,-141],[-21,35],[-26,23],[-60,4],[-19,10],[-42,1],[-45,28],[2,21],[-59,36],[-17,57],[-26,9],[-12,14],[-31,4],[-33,42],[-31,16],[-76,2],[-59,-24],[-133,-63],[-123,30],[-100,-48],[-76,-37],[-157,-69],[-28,-29],[-64,-45],[-112,-13],[-64,48],[-68,47],[-107,15],[-86,54],[-64,-21],[-80,-10],[-45,31],[-67,4],[-78,44],[-19,20],[9,40],[15,22],[47,17],[-24,14],[-33,5],[-50,-21],[-19,-19],[-54,19],[-15,16],[5,34],[19,27],[48,39],[61,2],[17,17],[-31,68],[-71,44],[-100,2],[-64,16],[7,29],[105,52],[31,29],[0,19],[-112,-15],[-26,66],[-95,34],[-17,54],[-59,10],[-17,37],[136,56],[59,91],[-21,56],[9,52],[-90,42],[-26,49],[9,177],[62,116],[-81,33],[55,66],[107,66],[2,84],[-261,27],[-109,69],[-166,102],[-69,188],[-44,39],[-124,66],[-57,124],[-32,97],[74,103],[3,167],[-37,159],[-61,21],[-46,55],[3,42],[33,142],[-26,141],[1,121],[89,290],[2,88],[51,34],[179,10],[67,6],[-23,107],[-73,100],[39,71],[5,119],[-62,60],[-51,77],[105,84],[-37,23],[-206,22],[-128,-40],[-89,-63],[-48,-34],[-50,-15],[-41,-13],[-47,-30],[-51,-19],[-42,15],[-21,24],[-42,54],[-16,57],[-19,82],[-59,55],[-61,-12],[-71,-4],[8,28],[65,51],[142,132],[9,15],[26,27],[82,78],[40,73],[66,82],[12,60],[-8,58],[-22,79],[-54,60],[-62,-26],[42,-59],[-34,-21],[-77,47],[-65,-41],[-105,9],[-44,-29],[-34,-7],[-75,-12],[1,-30],[-38,-47],[-25,-22],[35,-53],[-96,-19],[-38,41],[-58,32],[-16,-38],[-20,3],[0,17],[-58,-23],[-5,21],[-17,13],[-27,1],[-18,17],[-51,22],[-13,28],[-15,21],[-27,6],[-10,-20],[-20,3],[-7,23],[-17,5],[-26,-8],[-19,15],[-1,14],[-13,11],[-19,4],[-30,-8],[-10,-25],[-19,-4],[-16,8],[-10,18],[-34,31],[-8,18],[4,16],[-32,13],[-24,23],[-26,16],[-5,19],[13,31],[14,27],[39,16],[17,14],[-25,42],[-22,14],[-17,-11],[-5,-20],[-9,-22],[-13,-10],[-21,0],[-27,16],[-57,-10],[-26,15],[-21,2],[-13,17],[1,17],[9,16],[-13,33],[-26,30],[-18,8],[-9,-7],[-8,-10],[-17,-37],[-14,-13],[-16,42],[-55,49],[-18,1],[-24,15],[1,48],[-14,10],[-19,-15],[-43,65],[-22,21],[-19,1],[-20,-4],[3,-36],[-39,-63],[-20,0],[-59,53],[2,13],[23,12],[1,15],[-23,10],[-18,-10],[-28,-2],[-30,-19],[-18,13],[-22,11],[-8,13],[-21,3],[-15,-9],[-18,5],[0,15],[16,38],[-10,10],[-19,-11],[-38,-17],[-14,18],[-23,1],[-11,8],[-21,2],[-17,6],[-15,-11],[-27,-9],[-12,-14],[-50,12],[-12,16],[-3,19],[-10,17],[-21,19],[-12,17],[-20,4],[-41,-7],[-42,-14],[-17,7],[-7,20],[54,9],[16,7],[6,13],[1,20],[-9,20],[-7,9],[-18,13],[-24,10],[-26,4],[-18,13],[-7,26],[16,19],[15,-12],[14,-4],[26,-4],[2,18],[-12,19],[-35,26],[-2,11],[15,11],[12,14],[-1,15],[-18,11],[-2,13],[14,15],[0,16],[-24,6],[-15,8],[-6,22],[-14,16],[-18,10],[-28,25],[-41,18],[-22,1],[-22,1],[-21,3],[-15,23],[0,18],[14,20],[26,16],[2,22],[0,21],[10,31],[-20,12],[-29,10],[-27,-6],[-20,-3],[-24,17],[2,25],[9,35],[19,57],[41,28],[160,305],[29,66],[0,57],[-49,66],[-34,45]],[[56818,18356],[22,-52],[250,36],[81,-63],[-19,115],[114,23],[130,0],[31,-162],[114,31],[104,116],[133,-93],[35,-139],[-82,-84],[114,-131],[133,38],[-48,-200],[152,38],[19,-123],[-85,-77],[-276,-93],[152,-123],[285,85],[-12,-210],[126,32],[199,93],[67,-178],[85,-31],[66,93],[152,15],[-38,-115],[219,-47],[152,85],[66,-108],[133,8],[44,99],[117,94],[121,-1],[97,63],[95,-70],[124,-8],[142,8],[124,39],[85,108],[218,-47],[162,70],[168,-101],[145,78],[-98,207],[164,32],[200,-16],[132,-61],[140,-129],[92,-89],[27,-141],[145,-102],[87,-130],[-92,-155],[88,-101],[191,37],[41,-56],[163,-6],[15,-123],[204,-18],[157,6],[-71,164],[64,35],[201,-185],[188,-52],[128,38]],[[63200,16622],[107,-54],[133,-131],[178,-48],[173,-58],[156,11],[223,-25],[86,81],[229,14],[112,-106],[228,38],[256,39],[145,-116],[45,-106],[24,-56],[-52,-65],[12,-87],[104,-52],[147,-25],[114,4],[78,-20],[34,-44],[-43,-62],[59,-92],[57,-93],[133,46],[48,-92],[111,-143],[61,-141],[179,-125],[-5,-101],[-116,-187],[-71,-85],[11,-71],[79,-44],[130,-20],[90,73],[202,68],[147,-129],[147,-14],[112,101],[68,-80],[58,-96],[147,-81],[144,-91],[60,-185],[116,-66],[216,-29],[168,-27],[88,24],[124,-153],[26,-129],[192,-21],[-83,-124],[-31,-137],[45,-141],[2,-210],[-23,-174],[-268,-197],[-190,-89],[-43,-46],[0,-71],[185,-3],[199,90],[93,24],[12,-84],[14,-126],[45,-162],[90,-191],[147,-158],[226,-132],[62,-110],[-22,-276],[90,-152],[60,-122],[106,-4],[164,151],[79,-87],[45,-174],[80,-156],[90,-163],[321,-5],[410,-70],[439,-87],[202,-54],[195,-52],[230,-58],[66,-4],[102,27],[152,243],[54,215],[46,66],[83,2],[12,-248],[59,-150],[294,-91],[53,8]],[[67303,24608],[-703,308],[-944,624],[-517,307],[-512,326],[-522,331]],[[64105,26504],[179,-1265],[660,-785],[664,-1036],[-23,-189],[-337,-54],[-839,75],[-433,83],[-816,4],[-471,-6],[-344,-5],[-168,-2],[-88,-1]],[[62089,23323],[91,-194],[258,-214],[603,-264],[507,-250],[368,-208],[223,-90],[-299,-797],[-81,-470],[-23,-137],[-173,-645],[-135,-455],[21,-543],[109,-137],[-166,-272],[-190,-280],[-163,-434],[56,-266],[76,-142],[-8,-114],[-15,-208],[31,-434],[21,-147]],[[72362,10489],[-184,243],[55,99],[128,94],[161,240],[52,189],[130,136],[62,574],[17,710],[-198,601],[-360,509],[0,403],[526,301],[346,606],[313,491],[33,301],[268,345],[142,284],[-63,42],[15,87],[94,74],[28,64],[-132,58],[21,110],[-42,8],[-153,-21],[-30,18],[-8,77],[-27,33],[-52,-2],[-108,-105],[-126,12],[-61,-20],[-134,-97],[-27,21],[-75,54],[-90,36],[-122,38],[-223,102],[-132,72],[-18,83],[-50,93],[-99,10],[-35,31],[51,56],[29,39],[-69,42],[-33,14],[-90,9],[-96,-24],[-62,-28],[-49,16],[-53,44],[-37,51],[18,90],[104,44],[80,14],[65,-42],[38,-2],[91,52],[42,116],[86,136],[-6,38]],[[62089,23323],[-206,-9],[-102,-119],[-287,21],[-201,107],[-245,-82],[-564,-113],[-797,-113],[-878,-293],[-607,-397],[-950,-250],[-32,-12],[-452,-165]],[[59268,30430],[304,16],[319,-287],[284,-286],[631,-50],[132,4],[380,11],[457,-371],[269,-387],[257,-392],[156,-408],[1007,-1126],[641,-650]],[[67389,72879],[-28,13],[-31,12],[-45,20],[-82,28],[-93,11],[-69,6],[-150,-11],[-87,6],[-42,13],[-26,25],[-30,55],[-13,57],[-3,121],[-57,213],[-87,139],[-240,17],[-193,-1],[-139,0],[-171,-39],[-167,-100],[-270,-123]],[[56897,71966],[748,-283],[1010,-372],[1053,-382],[170,-85],[110,-430],[268,-234],[58,-112],[91,-219],[226,-162],[148,-168],[154,-176],[262,-104],[476,-37],[-493,-265],[-462,-114],[-492,-159],[-194,-118],[-290,-67],[-136,-90],[-8,-86]],[[59596,68303],[866,-160],[1122,-205],[638,-115],[908,-171],[510,-94],[1190,-367],[613,-278],[519,-226],[378,-173],[610,289],[483,215],[189,88]],[[67622,67106],[-122,859],[623,287],[-963,843],[320,202],[97,64],[14,10]],[[67591,69371],[-634,539],[35,89],[4,471]],[[66996,70470],[11,6],[-212,-3],[-248,-12],[-47,40],[-19,89],[3,118],[26,101],[57,79],[20,35],[89,47],[107,40],[108,0],[166,-31],[200,-55],[138,-10],[113,20],[67,48],[42,86],[37,157],[-10,57],[-34,46],[-114,36],[-158,69],[-183,5],[-228,-26],[-121,2],[-78,38],[-44,137],[77,255],[104,439],[51,144],[86,96],[115,-69],[75,-8],[361,23],[90,16],[77,27],[37,19],[20,27],[4,22],[-8,16],[-49,40],[-57,41],[-92,74],[-186,128]],[[56901,67406],[759,-51],[544,-38],[416,53],[235,21]],[[58855,67391],[151,426],[-303,52],[49,150]],[[58752,68019],[123,262],[-698,-11],[-1064,-144],[-1010,-123],[-140,-63],[-90,-40]],[[55873,67900],[140,-42],[103,-94],[53,-77],[128,-15],[78,9],[63,64],[53,28],[42,-13],[49,-36],[52,-43],[49,-57],[84,-74],[41,-37],[44,13],[55,29],[32,-17],[9,-36],[-47,-96]],[[73580,90339],[8,-61],[14,-33],[44,-44],[22,-11],[39,-71],[28,-46],[-1,-29],[-22,-25],[5,-30],[-15,-42],[-36,-15],[-9,-26],[-33,-58],[-19,-2],[-22,-13],[-14,-35],[-33,-42],[-42,-29],[-33,2],[-39,-14],[-17,-4],[-71,-20],[-9,-13],[-25,-4],[-32,-8],[-22,-21],[5,-31],[39,-35],[56,-51],[45,-66],[32,-52],[82,-140],[39,-59],[38,-16],[31,-5],[21,22],[19,5],[-2,-38],[19,-37],[50,0],[27,12],[19,-9],[55,-65],[-25,-43],[25,-9],[20,-22],[7,-29],[-6,-21],[18,-19],[39,-1],[-4,-30],[13,-11],[14,10],[20,35],[36,-10],[40,-44],[-17,-28],[-14,-42],[12,-40],[-29,-16],[-15,-24],[-9,-58],[23,-49],[-26,-28],[-2,-49],[-55,-69],[-59,-43],[116,-45],[123,-72],[157,-100],[-110,-131],[-49,-71],[-30,-67],[9,-75],[144,-373],[57,-92],[87,-71],[179,-49],[129,-43],[57,-19],[36,-21]],[[74732,87211],[-55,-17],[-21,-21],[-32,-13],[-28,-20],[-3,-30],[4,-23],[8,-27],[2,-34],[-13,-19],[-13,-19],[-21,-15],[-34,-18],[-26,-22],[-33,-33],[-51,-21],[-70,-2],[-14,-17],[0,-18],[-45,-6],[-25,9],[-13,-10],[-44,-13],[-27,2],[-32,6],[-30,-4],[-21,12],[-29,-14],[-34,5],[-33,29],[-23,-8],[-26,15],[-62,23],[-13,25],[-20,14],[-21,-7],[0,23],[-31,27],[-48,53],[-28,3],[-15,18],[-23,5],[-11,17],[-25,-5],[-1275,-387],[-432,-340],[-667,-439],[-1176,-492],[-876,-317],[-434,-85]],[[74732,87211],[37,-5],[224,-96],[46,-21],[81,-56],[72,-79],[89,-76],[249,-154],[1,-54],[-14,-76],[-55,-122],[17,-41],[-6,-36],[-14,-39],[2,-47],[-19,-78],[-55,-39],[-21,-57],[-15,-15],[-38,-29],[-35,-25],[-89,-108],[-21,-23],[-33,-53],[-15,-18],[-83,-36],[-33,-42],[-6,-38],[5,-65],[-38,-52],[-47,-35],[-51,-28],[-22,-27],[-41,-90],[-10,-49],[-36,-50],[7,-47],[0,-35],[-7,-42],[-12,-39],[-17,-59],[-42,-97],[-16,-14],[-17,-48],[-29,-46],[-69,-67],[24,-62],[315,-140],[248,-106],[243,-91],[-32,-89],[-58,-70]],[[75296,84300],[-39,-68],[-178,-244],[-1,-45],[14,-55],[-14,-89],[-16,-21],[-4,-34],[-76,-82],[1,-188],[-31,-341],[-40,-266],[-196,-198],[-230,-179],[-121,-67],[-231,-166],[-159,-75],[-87,-30],[-225,-101],[-45,-30],[-79,-34],[-37,-15],[-22,-20],[-52,-21],[-32,-9],[-338,57],[-23,-21],[-35,-22],[-24,-36],[-1,-16],[-55,-18],[-29,-22],[-56,-57],[-26,-53],[-18,-28],[1,-26],[-5,-78],[9,-20],[-86,-9],[-28,-1],[-42,-11],[-20,-17],[-43,-17],[-84,-64],[-32,-40],[-11,-29],[-34,-22],[-15,-33],[-35,-25],[-51,-14],[-51,-20],[-44,5],[-21,-3],[-17,-32],[-62,-78],[-41,-13],[-30,-2],[-39,-28],[-28,-12],[-51,-49],[-29,-20],[-33,-57],[-48,-90],[-75,-86],[-70,-10],[16,34],[-10,19],[-28,6],[-26,6],[-12,19],[14,32],[66,23],[-24,25],[-41,16],[-72,38],[-49,35],[-30,17],[-32,37],[-1,29],[-42,-4],[-38,-55],[-72,3],[-51,14],[47,18],[26,-2],[6,25],[2,53],[-60,34],[-29,-21],[-49,-8],[-25,-1],[-2,-25],[46,-30],[11,-28],[-18,-16],[-45,8],[-55,39],[-8,43],[28,58],[-19,19],[-82,-37],[-16,-30],[13,-32],[-12,-13],[-9,-35],[-46,-15],[-42,16],[0,-23],[-39,-33],[-20,20],[-16,26],[19,21],[-30,33],[1,29],[26,12],[33,-4],[-5,28],[28,25],[-3,40],[-23,3],[-22,-4],[-26,-13],[-5,-57],[-23,-1],[-1,19],[-19,17],[-19,-5],[-25,35],[5,32],[28,4],[27,31],[-19,23],[-47,-7],[-29,14],[-30,-11],[5,-30],[28,-42],[-8,-28],[-26,21],[-25,31],[11,25],[-47,-9],[-23,10],[-13,38],[32,1],[30,13],[-1,53],[-37,41],[10,11],[-62,16],[-50,-19],[-19,-37],[-23,15],[16,34],[-13,20],[-4,26],[35,21],[2,20],[-20,14],[-54,21],[-51,9],[-29,-12],[-7,-15],[-22,13],[11,18],[-5,19],[-31,21],[-28,-20],[-8,-14],[-32,3],[-23,48],[-34,-2],[-26,21],[-2,19],[-35,-2],[-24,54],[14,11],[6,20],[14,13],[11,23],[-32,12],[-30,14],[-49,14],[-54,-32],[-41,21],[-1,32],[-32,31],[-56,42],[-34,-4],[-53,11],[-62,7],[-98,-54]],[[78537,78765],[-1,23],[1,44],[-25,159],[22,28],[52,26],[-8,59],[-1,28],[22,76],[1,22],[15,36],[-12,113],[31,14],[-3,38],[-11,37],[-29,28],[-55,40],[-48,15],[-54,20],[-42,31],[-82,43],[-50,38],[-101,34],[-63,-4],[-79,7],[-45,46],[-145,66],[-82,-6],[-39,-36],[-101,-2],[-178,49],[-201,-6],[-59,24],[-52,2],[-21,69],[22,55],[-7,38],[38,79],[1,81],[-19,63],[-10,28],[-16,32],[-14,61],[15,73],[0,77],[5,15],[27,47],[16,33],[17,40],[56,148],[52,112],[20,74],[-3,62],[22,121],[53,402],[34,49],[28,68],[-2,12],[19,7],[14,14],[-20,10],[-28,4],[-9,11],[1,16],[14,36],[-17,24],[5,44],[-62,43],[1,33],[35,5],[22,1],[14,7],[25,3],[9,17],[-2,17],[-29,26],[-28,1],[-5,12],[25,4],[3,15],[30,5],[9,29],[3,22],[-3,23],[-2,33],[-39,10],[-17,17],[13,20],[32,3],[22,9],[32,1],[14,9],[3,20],[16,13],[7,19],[-22,7],[-21,-6],[-25,4],[-23,-4],[-10,10],[1,17],[-1,19],[4,18],[10,18],[23,2],[27,0],[26,14],[14,15],[13,25],[-22,19],[-30,36],[-8,20],[-17,24],[-1,17],[20,19],[25,33],[29,19],[22,1],[21,23],[20,38],[18,10],[25,7],[23,17],[9,34]],[[77686,82735],[-24,24],[-74,46],[-105,55],[-26,16],[-19,38],[-2,81],[-35,32],[-54,38],[-9,8],[-41,115],[3,142],[-28,80],[-23,7],[-61,19],[-218,64],[-191,69],[-19,13],[-125,45],[77,39],[70,47],[138,94],[-1,27],[9,20],[23,36],[-13,48],[-18,51],[18,73],[-546,38],[-100,74],[-4,51],[-68,35],[-81,23],[-67,26],[-178,40],[-111,9],[-74,2],[-151,-7],[-176,-61],[-35,-8],[-51,16]],[[70038,78066],[38,-57],[250,-246],[182,-351],[31,-197],[-60,-395],[-18,-39],[5,-53],[4,-22],[178,-113],[-14,-34],[-61,-30],[-32,-15],[-33,-33],[-33,-61],[0,-56],[22,-42],[42,-53],[101,-70],[61,-32],[30,-7],[45,-52],[-5,-36],[-19,-24],[-73,-67],[21,-38],[30,-11],[86,-10],[59,-29],[79,-15],[-4,-56],[-8,-56],[80,-88],[12,-47],[-28,-36],[-13,-111],[19,-18],[68,21],[45,-62]],[[71125,75425],[348,114],[72,-4],[615,-158],[574,-151],[121,-28],[70,-3],[355,130],[393,59],[62,-9],[139,-104],[25,-14],[46,-8],[24,4],[13,19],[-9,34],[-41,8],[4,52],[47,50],[3,20],[-9,23],[-28,16],[-43,0],[-16,12],[-1,32],[33,28],[64,1],[60,-8],[103,-5],[28,-14],[29,1],[16,12],[9,19],[-27,61],[-19,35],[3,23],[60,49],[3,57],[27,35],[1,31],[-22,24],[5,36],[20,14],[29,-2],[60,-28],[42,3],[21,12],[9,21],[-4,31],[15,12],[24,10],[5,13],[-27,14],[-36,-3],[-32,-8],[-23,-18],[-20,-13],[-26,1],[-17,12],[0,20],[14,15],[19,13],[3,19],[-14,56],[-22,29],[28,61],[-21,27],[-20,22],[-5,46],[-22,40],[97,63],[62,24],[49,14],[0,27],[-34,68],[31,84],[39,369],[59,339],[53,91],[69,78],[81,34],[230,60],[227,30],[158,55],[209,67],[148,74],[251,116],[227,134],[135,117]],[[77838,78655],[239,32],[288,38],[146,35],[26,5]],[[77686,82735],[10,13],[56,-34],[48,-44],[44,-34],[54,-56],[143,-148],[153,-123],[234,-58],[148,22],[148,33],[211,89],[143,61],[118,55],[114,29],[179,100],[38,31],[65,34],[38,83],[556,616],[8,165],[-7,62],[136,6],[70,24],[-5,54],[0,141],[-24,186],[-60,382],[-27,264],[92,22],[202,151],[689,137],[257,53],[298,-41],[37,6],[98,-57],[62,-50],[182,-133],[31,-25],[38,-14],[80,-48],[142,-91],[38,-36],[-10,-43],[-5,-61],[-81,-176],[16,-16],[22,-7],[47,22],[56,-3],[32,13],[42,-15],[20,4],[20,-11],[107,14],[16,15],[18,18],[51,12],[68,-14],[57,-25],[32,-5],[46,10],[114,5],[34,-1],[-5,54],[4,52],[45,50],[71,24],[35,-28],[18,-21],[24,-73],[101,-70],[47,-50],[36,-77],[43,-42],[34,-23],[12,-43],[26,-19],[35,3],[31,32],[54,69],[2,22],[28,39],[25,9],[53,9],[24,3],[43,-56],[56,-46],[1,-76],[-12,-55],[-13,-37],[-31,-36],[27,-111],[50,4],[19,36],[22,43],[99,45],[6,23],[19,10],[-15,14],[-1,16],[15,7],[-16,12],[19,7],[-2,19],[21,15],[48,-1],[-5,18],[25,19],[31,2],[-12,30],[-8,42],[-3,22],[-32,25],[12,33],[43,10],[35,27],[-13,43],[49,95],[22,4],[80,6],[125,-55],[111,-87],[27,-31],[64,-44],[30,-61],[65,-22],[0,-185],[252,-133],[181,-78],[146,-83],[44,-7],[-7,-115],[-35,-32],[-27,-15],[-19,-24],[-24,-44],[-11,-73],[9,-27],[63,-29],[1,-26],[-22,-34],[-12,-42],[11,-26],[81,-61],[3,-26],[-19,-8],[-38,-45],[-20,-10],[23,-9],[8,-19],[-4,-31],[18,-13],[17,-26],[20,-36],[16,-54],[-11,-19],[7,-22],[15,-25],[2,-40],[-16,-18],[-11,-42],[-11,-43]],[[60038,64556],[40,-65],[38,-5],[79,-15],[47,-24],[49,-80],[46,-22],[67,10],[47,15],[14,35],[18,78],[32,18],[70,-4],[103,-15],[83,36],[61,10],[43,-36],[25,-32],[40,5],[64,46],[69,21],[128,5],[91,-20],[84,-1],[43,28],[66,76],[51,0],[99,-67],[54,-18],[77,70],[36,11],[220,-53],[93,16],[-12,152],[89,169],[139,49],[182,-84],[153,51],[67,-74],[38,-11],[72,66],[98,-36],[115,48],[156,-8],[75,-59],[90,-5],[-25,-103],[13,-82],[2,-59],[61,-44],[244,-64],[133,-12],[169,104],[60,16],[66,133],[-143,42],[17,63],[111,17],[112,83],[104,-64],[94,-85],[-9,-89],[-32,-119],[22,-100],[99,29],[89,-41],[7,-69],[-20,-75],[189,-72],[101,-93],[-18,-76],[-50,-10],[-47,125],[-54,-7],[-64,-57],[-8,-115],[88,-262],[120,-291],[20,-171],[40,-53],[48,-92],[128,-41],[137,-77],[134,28]],[[65315,63054],[41,98],[679,137],[362,78],[390,79],[186,-4]],[[66973,63442],[75,438],[108,296],[25,96],[326,-11],[71,561],[90,-8],[195,-196],[99,-119],[120,-47],[114,-16],[183,6],[86,-99],[136,-25],[210,-92],[28,14],[27,19],[2,-25],[5,-32],[21,-11],[11,40],[46,-2],[13,10],[-9,13],[-7,23],[33,-9],[50,-11],[18,-21],[-20,-21],[29,-33],[24,22],[46,-6],[39,12],[27,-27],[-7,-46],[28,-6],[16,28],[41,-6],[7,-32],[45,-25],[-10,-17],[-38,5],[-13,-18],[13,-37],[33,3],[31,18],[12,-25],[5,-20],[-36,-15],[6,-19],[26,-8],[-16,-16],[-48,7],[-20,-10],[11,-25],[15,-25],[5,-8],[3,-31],[24,-8],[115,-57],[100,-56],[35,-21],[30,31],[16,50],[54,247],[70,272],[14,126],[134,329],[301,755],[-523,101],[-1306,220],[-56,136],[-66,358],[-238,402],[-66,44],[-319,324]],[[59596,68303],[-105,-157],[-357,-121],[-382,-6]],[[58855,67391],[-19,-92],[304,-332],[947,-944],[-33,-321],[-143,-409]],[[59911,65293],[11,-40],[32,-61],[27,-53],[-40,-55],[-13,-26],[18,-22],[55,-22],[36,-14],[8,-22],[-67,-40],[-12,-19],[10,-31],[48,-33],[24,-30],[5,-83],[-66,-50],[-17,-24],[31,-74],[37,-38]],[[55975,72187],[-534,-68],[-1457,-147],[-674,-65],[-420,-36],[-916,-95],[-401,-44],[-897,-78],[-216,-25],[-280,131],[-462,-184],[-145,40],[-152,123],[-192,-118],[-349,-82],[-225,46],[-188,126],[-254,42],[-149,-57],[-238,113],[-351,-81],[-477,-151],[-201,-25]],[[47858,69300],[813,461],[462,259],[553,100],[884,152],[131,23],[248,-69],[333,-111],[68,-16],[58,1],[47,-65],[82,-62],[30,-23],[49,-5],[37,-19],[77,-4],[88,-4],[66,-10],[96,-31],[52,-6],[45,18],[44,8],[34,52],[70,15],[43,39],[41,-14],[1,-41],[45,-32],[57,-5],[77,-36],[20,-35],[49,-18],[30,-71],[31,-65],[38,-42],[37,-39],[-18,-103],[44,-124],[17,-69],[47,-69],[3,-30],[56,-42],[11,-37],[-24,-68],[-3,-62],[-20,-70],[-19,-97],[70,-70],[44,-39],[190,-53],[60,-3],[133,-70],[62,-46],[73,10],[107,-75],[35,-66],[57,-4],[97,69],[76,-28],[94,10],[48,40],[159,18],[106,81],[172,49],[48,12],[65,17],[51,33],[-25,111],[23,29],[145,-22],[72,-8],[60,-76],[94,-63],[78,14],[117,55],[80,-68],[-50,-182],[61,-51],[68,-22],[17,-70],[65,-89],[154,-33],[48,-18],[73,-72],[111,-45],[13,-73],[91,-68],[43,-68]],[[59911,65293],[-48,-7],[-40,-49],[-32,2],[-34,37],[17,72],[-8,30],[-98,36],[-81,-18],[-33,-2],[-12,23],[10,60],[63,40],[-10,47],[-61,69],[-75,35],[-96,-9],[-78,15],[-51,64],[-106,21],[-81,46],[-68,30],[-126,56],[-45,45],[-33,72],[-45,11],[-91,-25],[-41,13],[-12,49],[8,29],[53,10],[61,17],[16,53],[-38,50],[-105,10],[-72,55],[-90,-17],[-83,72],[-27,80],[-120,50],[-121,41],[-163,57],[-79,-10],[-36,-52],[-133,65],[-102,-38],[-98,30],[-90,61],[-66,33],[-69,-13],[-68,30],[-77,18],[-81,65],[-52,99],[-63,61],[1,70],[-29,80],[-25,94],[-8,20],[-35,13],[-31,-3],[-30,-10],[-28,-6],[-20,3],[-19,16]],[[56677,67189],[7,29],[10,17],[26,24],[93,16],[78,-43],[48,29],[6,55],[-44,90]],[[56677,67189],[-34,-19],[-113,-27],[-209,7],[-43,138],[-223,206],[-251,168],[-345,212],[-305,-659],[-214,-267],[337,-351],[-80,-374],[-200,-294],[-312,-8],[-1036,-980],[-667,-291],[-883,-302],[-1287,-419],[-252,271],[-669,871],[-413,404],[-275,416],[-228,138],[-222,-1],[-215,-221],[73,-172],[95,-233],[247,-252],[-206,-278],[-228,-202],[-431,-183],[-24,-229],[356,-470],[199,-816],[-256,-539],[11,-452],[96,-175],[-219,-90],[211,-300],[79,-254],[-17,-82],[-81,-290],[48,-382]],[[48491,60408],[0,-312],[-25,-216],[-141,-204],[18,-221],[-202,-109],[-127,-205],[-148,-311],[-249,-200],[1,-177],[-79,-130],[-66,-239],[-100,-174],[35,-278],[-125,-364],[-142,-256],[-169,-285],[24,-421],[-17,-191],[-186,-284],[-167,-236],[-89,-248],[-107,-176],[87,-198],[122,-213],[-156,-105],[-152,-65],[-89,-154],[78,-129],[323,-369]],[[50419,53871],[441,2]],[[50860,53873],[103,260],[148,199],[85,169],[294,333],[29,286],[175,123],[204,359],[265,203],[266,341],[266,263],[304,73],[251,241],[67,233],[394,211],[423,252],[217,294],[289,222],[53,306],[246,355],[87,203],[-190,382],[-114,275],[892,206],[1285,134],[723,100]],[[57622,59896],[208,978],[864,-237],[579,542],[99,207],[201,67]],[[59573,61453],[80,215],[35,281],[17,334],[-188,236],[-48,255],[-30,260],[-26,162],[-26,151],[-86,58],[-111,68],[144,320],[84,204],[129,120],[383,365],[108,74]],[[90090,53571],[-72,69],[-150,88],[-159,80],[43,59],[137,63],[102,87],[20,105],[54,231],[33,157],[7,140],[-87,241],[-121,132],[-271,80],[-429,-13],[-200,-2],[-273,-2],[-263,2],[-187,262],[-55,258],[-71,119],[-41,414],[-52,544],[-95,390],[-106,351],[-74,260],[7,268],[12,354]],[[87799,58308],[-337,300],[-161,324],[-228,352],[-119,191],[29,519]],[[86983,59994],[337,582],[66,355],[-104,214],[213,153],[86,240],[337,308],[161,414],[399,50],[465,-122],[152,-182],[-5,-298],[38,-265],[261,42],[128,249],[138,175],[176,359]],[[89831,62268],[167,-31],[118,-46],[43,-39],[23,-82],[26,-26],[50,-18],[77,3],[56,12],[39,38],[22,39],[-30,49],[-86,124],[5,103],[28,109],[33,69],[177,109],[105,35],[102,-47],[102,-115],[110,-78],[178,-308],[87,-113],[37,-3],[90,37],[48,40],[58,74],[6,73],[32,57],[57,31],[93,22],[78,-35],[44,-90],[58,-90],[25,-89],[-30,-99],[87,-101],[465,-200],[194,-145],[195,-104],[57,-66],[-15,-53],[-78,-48],[-112,-9],[-33,-51],[12,-46],[40,-118],[20,-83],[40,-30],[29,22],[67,61],[133,-80],[24,-184],[27,-198],[83,-149],[2,-170],[111,-9],[64,-10],[67,-118],[23,-108],[37,-25],[52,-59],[32,-71],[-31,-84],[140,-186],[17,-145],[-23,-159],[179,-128],[227,-138],[89,-188],[-11,-177],[-89,-102],[-202,41],[-179,77],[-173,-447],[-190,-456],[-813,65],[-724,-459],[-537,-761],[218,-449],[313,-668],[1161,-366],[-738,-1049],[-426,2],[-261,-486],[-7,-466],[-339,148],[-456,198],[-415,180],[-122,-57]],[[90090,53571],[-269,-126],[-307,-143],[-502,153],[-503,167],[-171,112],[-370,39],[-159,-660],[-12,-565],[-418,-428],[-899,-462],[-1304,-690],[-408,-37],[-284,14],[-424,387],[-128,300]],[[83932,51632],[-148,180],[-43,138],[-94,266],[-385,161],[-299,80],[-285,109],[-189,214],[-38,372],[9,413],[-166,278],[-156,409],[-20,224],[124,293],[280,225],[152,425],[251,401],[190,318],[423,352],[-290,279],[-470,311],[-280,262],[67,375],[85,359],[19,298],[-104,226],[-176,229],[555,-241],[333,-80],[303,-69],[408,23],[646,-3],[607,57],[-19,124],[-38,321],[128,77],[494,-67],[636,-241],[493,-142],[295,-7],[275,-145],[294,-128]],[[77994,55447],[-260,71],[-266,124],[-62,159],[29,159],[142,231],[-194,264],[-96,224],[-113,292],[-195,222],[-157,216],[-61,149],[-100,37],[-31,65],[-51,179],[-64,165],[38,117],[-105,241],[-241,403],[193,57],[185,-245],[350,-92]],[[76935,58485],[343,-90],[863,-81],[48,-5],[90,-520],[356,-258],[333,-100],[441,-525],[-256,-267],[-461,-188],[-133,-137],[110,-467],[33,-161],[-252,-111],[-223,-114],[-104,48],[-86,55],[-43,-117]],[[78576,54531],[-358,-15],[-1249,-600],[-754,-178],[-408,24],[25,398],[-405,50],[-237,-46],[-62,-222],[-236,-7],[-104,193],[-1301,2400]],[[73487,56528],[146,2378],[-549,88],[36,251]],[[73120,59245],[248,43],[190,-8],[522,8],[227,-8],[105,71],[612,260],[47,136],[91,168],[118,137],[195,4],[280,50],[95,34],[137,-160],[389,193],[16,-22],[307,-435],[133,-319],[308,-390],[-83,-162],[-41,-119],[-30,-115],[-51,-126]],[[77994,55447],[-89,-246],[52,-209],[284,-174],[309,-54]],[[78550,54764],[26,-233]],[[73796,63573],[177,351],[97,89],[51,12],[252,52],[727,134],[245,102],[460,134],[100,81],[141,-120],[400,-230],[389,-192],[273,-36],[827,-238],[187,-147],[539,178]],[[78661,63743],[140,-517],[0,-152],[24,-199],[71,-206],[62,-168],[-76,-134],[62,-382],[-33,-130],[-53,-171],[19,-92],[-170,-64],[-24,-9],[-95,-49],[-29,-241],[38,-176],[138,-122],[180,-31],[48,-164],[123,-111],[166,-57],[152,-187],[43,-115],[-180,-34],[-29,-100],[138,-57],[85,99],[91,-47]],[[79552,60127],[-504,-996],[-303,-672],[137,-289],[95,-252],[427,-359],[422,-234],[314,-266],[280,-145],[90,-142],[-171,-370],[-171,-303],[-237,-206],[-361,-172],[-351,-230],[-493,-478],[-129,-172],[-47,-77]],[[73120,59245],[-236,166],[237,443],[42,337],[56,451],[1,151],[36,294],[102,367],[6,14],[89,630]],[[73453,62098],[4,56],[6,33],[69,423],[124,29],[40,-10],[44,43],[10,15],[-65,22],[-14,17],[29,35],[8,34],[-28,28],[-1,28],[29,47],[74,335],[-15,140],[0,31],[38,134],[-9,35]],[[73453,62098],[-107,-6],[-242,-8],[-1357,387],[-632,171],[-681,210],[-618,182]],[[69816,63034],[-438,280],[-141,161],[-837,28],[-426,12],[-121,-45],[-119,-58],[-279,44],[-482,-14]],[[67591,69371],[173,-150],[565,-491],[293,-255],[682,-573],[507,-458],[329,-301],[607,-527],[544,-519],[812,-733],[493,-377],[519,-445],[86,-132],[154,-85],[210,-314],[231,-438]],[[71231,71429],[-94,33],[-161,38],[-165,-33],[-171,-63],[-217,-155],[-372,-196],[-302,-150],[-279,-123],[-123,-79],[-34,-100],[95,-106],[166,-61],[229,-69],[84,-60],[-101,-113],[-151,-141],[-180,-92],[-285,-55],[-202,-34],[-143,-42],[-219,-59],[-139,16],[-87,62],[-5,119],[108,332],[111,159],[136,194],[207,442],[-74,235],[-272,-84],[-13,-135],[-16,-255],[-19,-197],[-31,-100],[-102,-86],[-199,13],[-204,20],[-291,24],[-720,-58]],[[78661,63743],[-106,257],[47,34],[152,49],[-93,325],[-42,245],[-43,79],[-52,148],[50,141],[55,103],[125,114],[19,284],[116,2],[-71,233],[5,52],[33,8],[14,54],[-164,-9],[8,265],[55,34],[-13,55]],[[78756,66216],[-12,-1],[-105,-11],[-66,76],[-57,122],[-74,38],[-69,-53],[-20,-59],[-72,-101],[-90,-74],[-148,-219],[-68,3],[-133,61],[-196,86],[-51,-63],[55,-64],[87,-96],[38,-107],[-31,-36],[-106,4],[-153,34],[-184,5],[-35,91],[35,115],[-22,60],[-93,103],[14,87],[49,84],[-6,53],[-57,11],[-98,-61],[-269,-293],[-50,-62],[-65,4],[20,148],[-47,75],[-84,22],[-53,-37],[-82,-79],[-125,-69],[-105,9],[-108,62],[-76,197],[-47,36],[-55,-6],[-33,-142],[-18,-19],[-86,34],[-80,81],[-25,121],[-125,165],[-102,49],[-82,-112],[-55,-47],[-97,14],[-28,90],[79,218],[-54,50],[-196,58],[-6,64],[99,79],[157,13],[212,-29],[60,-45],[-36,-180],[47,-104],[114,-7],[123,54],[179,62],[171,-70],[97,7],[66,69],[76,122],[72,39],[39,-3],[49,-30],[11,-52],[46,-57],[54,2],[124,84],[32,55],[3,62],[-7,54],[-49,68],[-89,54],[-125,10],[-282,-126],[-156,-30],[-145,-4],[-70,38],[-114,95],[-61,71],[-21,94],[36,95],[26,85],[-13,31],[-84,31],[-230,41],[-216,76],[-149,128],[-136,92]],[[74944,67909],[-196,-103],[-279,-79],[-285,-111],[-338,23],[-342,38],[-268,15],[-41,74],[101,206],[99,219],[-81,149],[-218,275],[86,564],[-370,73],[-248,35],[-108,94],[177,150],[482,68],[305,32],[103,67],[-17,213],[-315,138],[-198,50],[-278,-25],[-426,-124],[-327,-46],[-382,101],[-94,72],[139,277],[139,269],[190,236],[60,128],[-142,137],[-266,152],[-375,153]],[[78756,66216],[171,137],[0,178],[74,91],[151,-21],[205,-82],[281,-9],[147,-175],[126,-46],[306,-86],[104,-7],[116,13],[28,52],[-10,71],[-29,43],[-41,35],[4,52],[159,141],[37,89],[-17,34],[-15,31],[-47,-14],[-44,-13],[-171,-144],[-127,-13],[-102,93],[-56,118],[10,74],[57,48],[91,15],[101,2],[85,-21],[168,-42],[176,102],[81,-18],[99,-150],[98,-138],[100,-26],[128,106],[52,127],[93,151],[99,60],[267,-163],[-6,-74],[-131,-62],[-133,-133],[21,-226],[22,-105],[67,-20],[149,100],[244,-84],[187,5],[297,-51],[146,142],[-26,181],[79,90],[138,-3],[-33,-195],[53,-183],[97,-150],[87,-46]],[[82969,66097],[-91,-160],[-123,-248],[-91,-325],[-28,-164],[24,-294],[180,-194],[147,-249],[19,-240],[33,-347],[-52,-325],[-156,-214],[-200,-313],[-85,-183],[389,-103],[356,-8],[275,-170],[-62,-300],[-161,-263],[-569,34],[-280,-130],[23,-143],[171,-208]],[[82688,61550],[-123,-116],[-513,-400],[-593,-569],[-698,-480],[-299,-273],[-303,98],[-57,152],[-280,239],[-195,75],[-75,-149]],[[86983,59994],[-285,322],[-365,340],[-309,210],[-626,340],[-57,181],[-109,102],[-181,-138],[-80,-126],[-361,141],[-318,161],[-128,118],[-270,-11],[-43,195],[-147,7],[-133,-183],[-114,-122],[-123,-107],[-162,103],[-247,57],[-237,-34]],[[78576,54531],[-290,-1567],[113,-1289],[1134,-130],[1789,52],[185,-5],[355,332],[831,-200],[864,49],[375,-141]],[[89831,62268],[-140,53],[-60,85],[-97,105],[-62,43],[-27,50],[-4,137],[-3,99],[25,266],[123,183],[84,78],[405,99],[52,35],[16,72],[-53,127],[-273,117],[-268,133],[-212,70],[-77,151],[-319,187],[-180,7],[-51,60],[4,24],[-28,35],[-86,56],[30,35],[48,27],[15,127],[-20,73],[-85,26],[-380,4],[-203,-101]],[[88005,64731],[-325,-183],[-227,-101],[-105,-255],[-24,-20],[-53,-20],[-84,28],[-62,40],[6,38],[11,157],[-108,87],[3,32],[81,109],[185,186],[14,70],[-81,62],[-133,15],[-187,-173],[-19,-52],[-63,-27],[-100,45],[-8,28],[-7,39],[-64,92],[-61,56],[-71,73],[-146,56],[-126,63],[-151,226],[-105,176],[-87,158],[84,206],[-47,21],[-23,29],[-87,19],[-83,-4],[-117,-73],[-85,-89],[-195,-251],[-80,-63],[-70,-7],[-72,54],[-103,222],[-218,122],[7,98],[202,79],[109,57],[-12,163],[-131,102],[-181,60],[59,250],[10,175],[9,176],[162,30],[136,-95],[160,-114],[140,34],[21,148],[-238,214],[-235,81],[-109,116],[45,198]],[[84966,67694],[-44,51],[-190,46],[-197,-33],[-107,-179],[80,-138],[5,-187],[-156,-80],[-254,-35],[-189,77],[-120,39],[-94,-73],[-12,-123],[57,-206],[-72,-113],[-266,-9],[-158,-115],[17,-99],[191,-44],[54,-34],[14,-42],[-178,-101],[-76,-130],[-118,-97],[-184,28]],[[84966,67694],[460,101],[437,220],[57,306],[133,190],[403,119],[409,255],[251,351],[-33,202],[-110,86]],[[92877,66564],[-200,-107],[-111,-113],[-26,-15],[-469,-107],[6,37],[29,16],[-15,25],[5,30],[-263,54],[-91,-20],[-116,-39],[-100,8],[-106,-20],[-36,-110],[15,-128],[-2,-10],[-11,-58],[-69,-103],[-45,-68],[-43,-65],[-401,-84],[-356,-4],[-384,-62],[-126,-98],[-61,-86],[-106,-154],[-110,-165],[-87,-25],[-19,124],[-143,-9],[-99,-42],[-179,206],[-132,9],[-623,281],[-125,-160],[-116,-196],[-107,-156],[-60,-154],[-7,-49],[-35,-99],[-28,-43],[80,-74]],[[85652,70205],[-12,376],[-127,113],[-266,37],[-211,70],[-146,-92],[-232,-73],[-112,-109],[-36,-192],[135,-263],[247,-169],[61,-165],[-81,-101],[-112,-29],[-153,-13],[-296,172],[-332,332],[-259,53],[-173,-164],[-9,-176],[117,-113],[174,-117],[44,-176],[-99,-117],[-157,-47],[-161,37],[-132,109],[-197,617],[43,225],[294,315],[123,201],[-85,91],[-162,-31],[-457,-190],[-497,-424],[-334,-278],[-330,23],[-283,-75],[-58,-79],[55,-133],[120,-159],[-3,-120],[-12,-116],[-85,-39],[-196,9],[-361,280],[-207,140],[-141,17],[-298,-150],[-114,-49],[-129,21],[-91,31],[-57,140],[85,171],[71,137],[-24,119],[-78,18],[-87,-8],[-129,35],[-143,-38],[-280,-47],[-144,-44],[-67,-102],[24,-125],[76,-66],[100,-120],[280,-408],[136,-181],[-22,-54],[-48,-8],[-93,14],[-134,18],[-165,13],[-194,-18],[-213,-47],[-233,-103],[-155,-56],[-199,-21],[-142,39],[-162,194],[-92,62],[-149,24],[-147,-16],[-159,-87],[-123,-47],[-98,20]],[[77154,68923],[-110,108],[-77,5],[-116,-49],[-238,-224],[-72,-21],[-79,16],[-363,197],[-401,-10],[-416,-43],[-145,-62],[-49,-92],[31,-206],[159,-243],[54,-237],[-54,-75],[-334,-78]],[[59573,61453],[450,150],[455,-110],[1067,-287],[665,-133],[327,-12],[309,202],[930,115],[570,168],[783,130],[170,38],[361,65],[99,61],[20,8],[67,-3],[57,5],[34,45],[13,33],[88,49],[1,59],[-85,114],[100,73],[103,-120],[80,-8],[178,115],[16,94],[-158,44],[-18,45],[68,119],[206,39],[9,95],[-91,163],[-70,-22],[-218,-127],[-254,1],[-10,40],[130,127],[68,39],[-53,68],[-89,6],[-33,-36],[-68,-75],[-61,-59],[-81,26],[-67,102],[-196,53],[-71,49],[-31,51],[-28,2]],[[69105,59055],[414,-27],[4,413],[48,145],[75,195],[62,226],[0,202],[15,290],[0,440],[23,386],[-86,473],[-85,433],[2,346],[239,457]],[[57622,59896],[786,-130],[1059,-214],[289,-35],[1728,0],[1253,8],[1552,0],[143,-73],[468,-210]],[[64900,59242],[11,255],[18,11],[-6,229],[282,-25],[217,-48],[21,33],[140,42],[188,-5],[87,49],[110,74],[163,12],[183,-9],[159,266],[1,7],[1,11],[0,16],[1,15],[0,60],[6,35],[0,25],[-11,20],[25,13],[75,-22],[193,12],[91,-25],[43,-10],[42,-6],[41,-10],[32,226],[95,-18],[142,-26],[43,-6],[107,-12],[74,-9],[45,-6],[11,-2],[14,-2],[15,-3],[25,-5],[14,-3],[9,-2],[138,-31],[98,-16],[35,-7],[-3,-24],[-7,-59],[-10,-83],[-8,-66],[-5,-41],[-5,-42],[-7,-57],[-4,-32],[-2,-38],[3,-168],[3,-97],[33,-3],[-6,-363],[65,-22],[1,-118]],[[67926,59132],[1179,-77]],[[65515,58601],[-185,66],[10,-41],[18,-48],[-10,-23],[-133,58],[-175,-259],[-59,99],[-28,63],[-160,102],[48,63],[-8,26],[82,101],[-82,55],[10,57],[52,220],[5,102]],[[50860,53873],[455,-221],[574,-19],[1514,-475],[1144,-364],[1461,-788],[1582,-804],[360,-183],[614,-353],[221,-17],[218,-436]],[[64794,50727],[-8,24],[12,32],[10,39],[13,13],[9,25],[4,30],[3,46],[-6,15],[17,20],[14,12],[25,19],[14,14],[18,14],[6,12],[5,26],[8,14],[7,20],[-2,19],[7,10],[0,15],[20,23],[20,13],[20,14],[18,8],[7,14],[14,12],[3,11],[-13,13],[-19,18],[-6,11],[11,15],[20,15],[3,12],[-4,10],[-10,12],[-17,14],[-17,17],[-19,29],[-26,40],[-12,21],[-7,19],[2,21],[0,19],[4,10],[14,7],[21,5],[22,9],[20,13],[13,6],[8,11],[3,23],[8,14],[4,9],[11,14],[2,9],[13,12],[8,19],[0,62],[-8,19],[-9,23],[-24,19],[-20,9],[-30,15],[-41,0],[-41,-1],[-19,-7],[-18,-12],[-10,-13],[-26,-7],[-16,-4],[-27,1],[-25,-5],[-37,0],[-38,3],[-33,5],[-5,6],[-7,17],[-8,19],[-12,19],[-10,10],[-7,27],[-19,25],[-2,41],[-14,18],[-38,40],[-30,14],[-27,13],[-15,21],[-13,26],[-21,9],[-21,0],[-13,1],[-16,6],[-24,13],[-23,17],[-14,7],[-25,2],[-11,-4],[-11,-11],[-12,-4],[-9,2],[-21,12],[-25,7],[-16,6],[-39,16],[-18,28],[-4,18],[14,24],[11,30],[19,29],[16,31],[22,36],[14,8],[13,11],[11,30],[33,25],[23,16],[27,18],[24,29],[5,15],[7,15],[16,3],[13,8],[8,26],[18,25],[6,21],[3,17],[-5,30],[-11,23],[-9,21],[4,18],[-11,7],[-22,12],[-29,9],[-55,22],[-27,5],[-17,22],[-5,29],[5,11],[4,9],[12,12],[8,8],[5,9],[2,9],[4,9],[15,11],[4,8],[-1,16],[-10,30],[-17,25],[-18,17],[-13,10],[-27,19],[-39,26],[-31,32],[-4,17],[-3,10],[-4,32],[5,22],[0,19],[13,43],[6,21],[14,19],[27,8],[29,19],[40,15],[26,15],[16,26],[19,14],[31,13],[22,18],[8,22],[-11,14],[0,13],[10,17],[15,22],[20,26],[40,25],[25,5],[17,4],[27,21],[23,6],[26,5],[20,8],[13,12],[1,9],[-16,40],[-18,32],[-15,12],[-12,13],[-14,2],[-33,3],[-17,-3],[-35,-20],[-11,-9],[-31,-10],[-40,-2],[-32,0],[-24,3],[-23,9],[-37,18],[-24,14],[-38,2],[-36,-2],[-67,-4],[-71,-1],[-25,-3],[-33,1],[-14,1],[-43,10],[-47,33],[1,11],[2,20],[3,24],[-7,15],[6,13],[12,26],[15,15],[34,13],[29,6],[30,9],[16,10],[23,2],[3,6],[1,18],[0,16],[12,12],[14,10],[29,15],[0,26],[5,20],[-7,10],[-17,14],[-18,22],[-47,22],[-41,17],[-35,19],[-25,14],[-39,30],[-11,7],[-21,10],[-17,12],[-1,20],[6,20],[11,16],[11,7],[15,3],[33,5],[58,18],[26,5],[20,0],[17,-3],[15,12],[25,18],[15,26],[14,25],[25,18],[33,11],[37,18],[42,15],[60,17],[50,16],[19,17],[18,13],[6,25],[-3,21],[-1,20],[-10,17],[-21,14],[-26,11],[-31,3],[-20,9],[-35,19],[-37,15],[-39,25],[-43,14],[-31,5],[-54,0],[-17,-6],[-27,-12],[-13,-11],[-23,-13],[-18,-6],[-15,3],[-3,7],[5,13],[6,22],[-3,17],[-2,22],[3,23],[7,43],[-15,35],[-20,27],[-37,38],[-41,22],[-30,15],[-11,10],[3,14],[10,11],[14,23],[17,26],[31,27],[29,19],[28,7],[17,8],[12,26],[6,24],[163,-12],[210,495],[275,125],[28,130],[60,755],[97,298],[54,360],[46,237],[45,133],[47,159],[365,432],[187,345]],[[69105,59055],[147,-482],[120,-684],[127,-535],[300,-903],[284,-979],[133,-375],[61,-382],[86,-237],[128,-306],[119,-306],[104,-284],[115,-453]],[[70829,53129],[-804,-284],[-1320,-1209],[-24,-571],[-155,-347]],[[65515,58601],[255,-47],[673,-61],[20,-217],[474,-10],[69,190],[44,-12],[21,57],[-42,12],[115,287],[54,-3],[28,26],[188,-100],[185,-39],[69,-14],[234,-42],[3,209],[7,295],[14,0]],[[70829,53129],[1496,529],[-554,757],[-280,904],[1897,109],[99,1100]],[[77154,68923],[24,188],[-23,152],[-102,117],[-162,160],[-23,173],[42,76],[-92,113],[-91,147],[-208,105],[-195,198],[43,238],[-50,236],[-169,180],[-71,253],[-113,238],[-77,414],[-246,484],[-100,307],[-76,413],[-23,238],[22,169]],[[75464,73522],[-108,71],[-137,80],[-304,72],[19,-152],[-86,12],[-99,-58],[-67,-38],[-38,-57],[-80,-30],[-223,179],[-337,404],[-143,-42],[-28,-237],[-105,-38],[-175,176],[-181,68],[-175,-30],[-48,-137],[-23,-191],[175,-324],[-9,-202],[-190,-104],[62,-143],[-100,-75],[-81,-131],[-42,-103],[28,-72],[-119,-134],[-47,-103],[-76,-232],[-152,-69],[-180,-26],[-128,186],[-76,-167],[-156,-34],[12,-81],[-24,-20],[-36,19],[-60,-3],[-34,-34],[8,-32],[34,-33],[66,-24],[116,84],[56,6],[60,-27],[25,-90],[-43,-102],[-64,-48],[-72,-30],[-121,14],[-66,40],[-83,181],[-54,22],[-135,-181],[-89,64],[-170,-4],[-130,-133]],[[75464,73522],[63,90],[-43,141],[-9,164],[147,108],[9,90],[19,137],[67,59],[-34,107],[76,110],[186,25],[128,124],[57,146],[142,63],[76,120],[47,149],[133,106],[114,35],[138,-50],[-10,-84],[95,-80],[62,-49],[209,36],[185,78],[166,12],[123,-143],[95,-90],[133,36],[62,-112],[118,29],[124,83],[90,109],[52,-74],[104,-42],[157,44],[342,116],[270,6],[447,-141],[37,-141],[-61,-225],[-275,-221],[-257,-232],[-85,-223],[199,-229],[380,-402],[289,-127],[413,-17],[356,-31],[337,0],[266,318],[318,-17],[-76,-228],[180,-88],[304,38],[332,-34],[128,-160],[157,-195],[180,-7],[337,55],[242,-116],[232,44],[551,101],[508,87],[228,31],[374,154],[209,6]],[[67389,72879],[21,14],[60,64],[160,95],[240,-142],[489,332],[266,225],[439,378],[59,94],[60,49],[109,49],[62,45],[377,154],[127,112],[214,141],[-55,43],[266,180],[321,106],[195,207],[155,202],[171,198]],[[44749,62534],[-7,47],[128,486],[-53,477],[55,485],[-152,364],[-115,122]],[[48491,60408],[-1595,53],[-1946,115],[8,349]],[[28826,46393],[47,40],[369,316],[1180,983],[863,709],[269,226],[-193,1121],[-117,627]],[[21656,53709],[-78,-105],[-57,-74],[-91,-129],[-60,-83],[-50,-70],[-26,-33],[-37,-45],[-46,-54],[-21,-25],[-21,-23],[-46,-54],[-62,-75],[-61,-84],[-72,-93],[-39,-45],[-32,-41],[-32,-49],[-87,-115],[-50,-65],[-58,-63],[-51,-58],[-57,-76],[-56,-70],[-21,-41],[-63,-94],[-68,-74],[-107,-122],[-43,-36],[-22,-20],[-19,-18],[-32,-22],[-2,-3],[-4,-18],[-5,-5],[-9,-5],[-15,-9],[-7,-13],[0,-17],[-2,-7],[-5,-4],[-20,-5],[-6,-6],[-8,-22],[-5,-40],[-1,-19],[-8,-18],[-150,-151],[-24,-33],[-17,-29],[-46,-62],[-39,-41],[-21,-24],[-4,-7],[-3,-9],[-20,-35],[-16,-20],[-27,-20],[-23,-14],[-52,-40],[-59,-28],[-13,-2],[-28,12],[-9,-2],[-4,-6],[1,-5],[19,-9],[1,-7],[-2,-8],[-5,-5],[-14,1],[-15,-10],[-3,-13],[19,-81],[-14,-31],[-27,-25],[-31,-38],[-51,-24],[-50,-12],[-75,-8],[-24,6],[-25,3],[-9,-3],[-3,-10],[1,-6],[-5,-6],[-7,-3],[-2,-3],[-1,-16],[3,-15],[11,-13],[1,-6],[-6,-32],[2,-7],[14,-18],[4,-26],[1,-34],[-3,-4],[-16,-1],[-7,-4],[0,-16],[-5,-7],[-5,-1],[-31,7],[-5,-3],[-50,-66],[-21,-27],[-2,-4],[12,-31],[0,-3],[-5,-3],[-28,-1],[-11,-3],[-12,-9]]],"bbox":[-7.122488,33.1618038,-5.313882,35.0178928],"transform":{"scale":[0.000018086240862408617,0.00001856107561075608],"translate":[-7.122488,33.1618038]}}
