{"type":"Topology","objects":{"communes":{"type":"GeometryCollection","geometries":[{"type":"Polygon","arcs":[[0,1,2,3]],"properties":{"code":"061170103","name":"Berrechid"}},{"type":"Polygon","arcs":[[4,5,6,7,8]],"properties":{"code":"061170105","name":"Deroua"}},{"type":"Polygon","arcs":[[9,10,11,12]],"properties":{"code":"063850105","name":"Ouled Salah"}},{"type":"Polygon","arcs":[[13,11,14,15,16,17]],"properties":{"code":"063850101","name":"Bouskoura"}},{"type":"Polygon","arcs":[[18,19,20,21]],"properties":{"code":"063850102","name":"Dar Bouazza"}},{"type":"Polygon","arcs":[[22,23,24,25,26,27]],"properties":{"code":"063710305","name":"Sidi Moussa Ben Ali"}},{"type":"Polygon","arcs":[[27,28,29,30,31,32,33]],"properties":{"code":"063710107","name":"Ech-challalate"}},{"type":"Polygon","arcs":[[34,35,-23,28,36,37,38,39]],"properties":{"code":"063550109","name":"Sidi Hajjaj Oued Hassar"}},{"type":"Polygon","arcs":[[40]],"properties":{"code":"063550103","name":"Mediouna"}},{"type":"Polygon","arcs":[[-16,41,-7,42,-40,43,44],[40]],"properties":{"code":"063550107","name":"Almajjatia Oulad Taleb"}},{"type":"Polygon","arcs":[[45,46,47,48,49,24]],"properties":{"code":"061110305","name":"Fdalate"}},{"type":"Polygon","arcs":[[50,51,52,53]],"properties":{"code":"061110504","name":"Sidi Bettache"}},{"type":"Polygon","arcs":[[54,55,56,50,57,58,59]],"properties":{"code":"061110501","name":"Bir Ennasr"}},{"type":"Polygon","arcs":[[25,60,-33,61,62,-46]],"properties":{"code":"063710105","name":"Bni Yakhlef"}},{"type":"Polygon","arcs":[[-34,-61,26]],"properties":{"code":"063710307","name":"Sidi Moussa El Majdoub"}},{"type":"Polygon","arcs":[[63,35,23,-50,64,65,66,67,68]],"properties":{"code":"061110311","name":"Moualine El Oued"}},{"type":"Polygon","arcs":[[69,70,66,71,72,73,74]],"properties":{"code":"061110317","name":"Rdadna Oulad Malek"}},{"type":"Polygon","arcs":[[75,73,76]],"properties":{"code":"061170107","name":"El Gara"}},{"type":"Polygon","arcs":[[59,77,78,79,-77,74,80]],"properties":{"code":"061110301","name":"Ahlaf"}},{"type":"Polygon","arcs":[[81,82,65,-71]],"properties":{"code":"061110313","name":"Oulad Ali Toualaa"}},{"type":"Polygon","arcs":[[83,84,85]],"properties":{"code":"061110101","name":"Benslimane"}},{"type":"Polygon","arcs":[[-83,86,87,-86,88,48,64]],"properties":{"code":"061110315","name":"Oulad Yahya Louta"}},{"type":"Polygon","arcs":[[87,83,89,-52,57,90]],"properties":{"code":"061110319","name":"Ziaida"}},{"type":"Polygon","arcs":[[81,86,-91,58,-81,69]],"properties":{"code":"061110307","name":"Mellila"}},{"type":"Polygon","arcs":[[91,92,93,62,46,94]],"properties":{"code":"061110105","name":"El Mansouria"}},{"type":"Polygon","arcs":[[95,96,-92,97]],"properties":{"code":"061110103","name":"Bouznika"}},{"type":"Polygon","arcs":[[98,95,99]],"properties":{"code":"061110505","name":"Charrate"}},{"type":"Polygon","arcs":[[-95,47,-89,-85,89,52,100,98,-98]],"properties":{"code":"061110503","name":"Ain Tizgha"}},{"type":"Polygon","arcs":[[12,1,101,-8,-42,-15]],"properties":{"code":"063850103","name":"Nouaceur"}},{"type":"Polygon","arcs":[[-32,102,103,93,-62]],"properties":{"code":"063710101","name":"Mohammadia"}},{"type":"Polygon","arcs":[[30,102,104,105]],"properties":{"code":"063710103","name":"Ain Harrouda"}},{"type":"Polygon","arcs":[[37,106,107]],"properties":{"code":"063550105","name":"Tit Mellil"}},{"type":"Polygon","arcs":[[106,108,-44,-39]],"properties":{"code":"063550101","name":"Lahraouyine"}},{"type":"Polygon","arcs":[[109,110,111]],"properties":{"code":"061810103","name":"El Jadida"}},{"type":"Polygon","arcs":[[112,113,114,115,116]],"properties":{"code":"061810909","name":"Oulad Hamdane"}},{"type":"Polygon","arcs":[[117,118,119,120,110,121,122]],"properties":{"code":"061810703","name":"Haouzia"}},{"type":"Polygon","arcs":[[113,123,124,-119,125,126]],"properties":{"code":"061810709","name":"Oulad Rahmoune"}},{"type":"Polygon","arcs":[[117,125,127]],"properties":{"code":"061810101","name":"Azemmour"}},{"type":"Polygon","arcs":[[128,129,130,131,132,115,133]],"properties":{"code":"061810917","name":"Si Hsaien Ben Abderrahmane"}},{"type":"Polygon","arcs":[[134,135,136,109,-121]],"properties":{"code":"061810501","name":"My Abdellah"}},{"type":"Polygon","arcs":[[137,138,139,135]],"properties":{"code":"061810509","name":"Sidi Abed"}},{"type":"Polygon","arcs":[[-125,140,141,142,143,144,139,-135,-120]],"properties":{"code":"061810507","name":"Ouled Hcine"}},{"type":"MultiPolygon","arcs":[[[-139,145,146,147,148,149,144]],[[150]]],"properties":{"code":"061810503","name":"Oulad Aissa"}},{"type":"Polygon","arcs":[[151,152]],"properties":{"code":"061170109","name":"Had Soualem"}},{"type":"Polygon","arcs":[[153,154,155,156]],"properties":{"code":"061170113","name":"Sidi Rahal Chatai"}},{"type":"Polygon","arcs":[[157,158]],"properties":{"code":"061810105","name":"Lbir Jdid"}},{"type":"Polygon","arcs":[[159,160,161,157,162,-154]],"properties":{"code":"061810307","name":"Lamharza Essahel"}},{"type":"Polygon","arcs":[[163,164,-161,165,166,-117,133]],"properties":{"code":"061810301","name":"Chtouka"}},{"type":"Polygon","arcs":[[167,168,169,170,171,0,9,172]],"properties":{"code":"061170529","name":"Sidi El Mekki"}},{"type":"Polygon","arcs":[[173,174,175,68,176,-5]],"properties":{"code":"061170809","name":"Kasbat Ben Mchich"}},{"type":"Polygon","arcs":[[101,8,173,177,178,179,-3]],"properties":{"code":"061170807","name":"Jaqma"}},{"type":"Polygon","arcs":[[-68,71,180,175]],"properties":{"code":"061170821","name":"Ouled Zidane"}},{"type":"Polygon","arcs":[[75,-73,180,-175,177,181,182,79]],"properties":{"code":"061170819","name":"Ouled Cebbah"}},{"type":"Polygon","arcs":[[168,183,184]],"properties":{"code":"061170513","name":"Lahsasna"}},{"type":"Polygon","arcs":[[185,186,187,188,189,190,-170,183,191]],"properties":{"code":"064611525","name":"Sidi El Aidi"}},{"type":"Polygon","arcs":[[192,193,194,195,-171,-191,196]],"properties":{"code":"061170805","name":"Foqra Oulad Aameur"}},{"type":"Polygon","arcs":[[-172,-196,197,179,3]],"properties":{"code":"061170817","name":"Lambarkiyne"}},{"type":"Polygon","arcs":[[198,199,200,201,202]],"properties":{"code":"064611103","name":"Bouguargouh"}},{"type":"Polygon","arcs":[[181,203,-199,204,194,197,-179]],"properties":{"code":"061170823","name":"Riah"}},{"type":"Polygon","arcs":[[205,78,-183,203,199,206]],"properties":{"code":"064611129","name":"Sidi Abdelkrim"}},{"type":"Polygon","arcs":[[205,-78,54,207,208,209]],"properties":{"code":"064611113","name":"M'garto"}},{"type":"Polygon","arcs":[[210,211,-56,207,212]],"properties":{"code":"064611123","name":"Ouled M'hamed"}},{"type":"Polygon","arcs":[[213,214,-209,212,215,216]],"properties":{"code":"064611131","name":"Sidi Dahbi"}},{"type":"Polygon","arcs":[[210,217,218,219,220,-216]],"properties":{"code":"064611107","name":"Lakhzazra"}},{"type":"Polygon","arcs":[[114,-133,221,222,-141,-124]],"properties":{"code":"061810903","name":"Chaibate"}},{"type":"Polygon","arcs":[[222,141,223,224,225,226,227]],"properties":{"code":"061810923","name":"Zaouiat Lakouacem"}},{"type":"Polygon","arcs":[[228,229,131,221,-228]],"properties":{"code":"061810913","name":"Ouled Frej"}},{"type":"Polygon","arcs":[[230,130,-230,231,232,233]],"properties":{"code":"061810911","name":"Oulad Sidi Ali Ben Youssef"}},{"type":"Polygon","arcs":[[234,235,236,237,129,-231]],"properties":{"code":"061170527","name":"Sidi Abdelkhaleq"}},{"type":"Polygon","arcs":[[232,238,239,240,241,242]],"properties":{"code":"061810901","name":"Boulaouane"}},{"type":"Polygon","arcs":[[-243,243,226,228,231]],"properties":{"code":"061810905","name":"Mettouh"}},{"type":"Polygon","arcs":[[244,245,246,225,-244,247]],"properties":{"code":"064670317","name":"Laamria"}},{"type":"Polygon","arcs":[[248,241,247,249]],"properties":{"code":"064670303","name":"Bni Tsiriss"}},{"type":"Polygon","arcs":[[250,251,252,-245,249,253]],"properties":{"code":"064670319","name":"Laaounate"}},{"type":"Polygon","arcs":[[-224,142,254,255]],"properties":{"code":"061810907","name":"Mogress"}},{"type":"Polygon","arcs":[[256,257,258,259,149,-144,254,260]],"properties":{"code":"061810919","name":"Sidi Smail"}},{"type":"Polygon","arcs":[[148,-260,261,262]],"properties":{"code":"061810921","name":"Zaouiat Saiss"}},{"type":"Polygon","arcs":[[246,-225,-256,260,263,264]],"properties":{"code":"064670301","name":"Bni Hilal"}},{"type":"Polygon","arcs":[[-253,265,266,267,268,269,264,-246]],"properties":{"code":"064670733","name":"Oulad Si Bouhya"}},{"type":"Polygon","arcs":[[270,267,271]],"properties":{"code":"064670107","name":"Sidi Bennour"}},{"type":"Polygon","arcs":[[272,273,266,-271,274,275]],"properties":{"code":"064670721","name":"Laatatra"}},{"type":"Polygon","arcs":[[276,277,278,279,280,281,-269,271,274,282]],"properties":{"code":"064670705","name":"Bouhmame"}},{"type":"Polygon","arcs":[[283,284,285,147,-263,286]],"properties":{"code":"061810511","name":"Sidi M'hamed Akhdim"}},{"type":"Polygon","arcs":[[146,-286,287,288,289]],"properties":{"code":"061810505","name":"Ouled Ghanem"}},{"type":"MultiPolygon","arcs":[[[-289,290,291,292]],[[293]],[[294]]],"properties":{"code":"064670105","name":"Loualidia"}},{"type":"Polygon","arcs":[[-291,-288,-285,295,296,297,298,299]],"properties":{"code":"064671107","name":"Oulad Sbaita"}},{"type":"Polygon","arcs":[[299,291,300,301,302]],"properties":{"code":"064671103","name":"Lgharbia"}},{"type":"Polygon","arcs":[[303,258,261,286]],"properties":{"code":"061810915","name":"Sebt Saiss"}},{"type":"Polygon","arcs":[[304,-281,305,-296,-284,303,-258]],"properties":{"code":"064671109","name":"Saniat Berguig"}},{"type":"Polygon","arcs":[[306,307,308,309,310]],"properties":{"code":"064670535","name":"Tamda"}},{"type":"Polygon","arcs":[[-311,311,312,313,-277,314]],"properties":{"code":"064670511","name":"Koudiat Bni Dghough"}},{"type":"Polygon","arcs":[[315,312,316]],"properties":{"code":"064670529","name":"Oulad Amrane"}},{"type":"Polygon","arcs":[[317,318,-278,-314,316]],"properties":{"code":"064670513","name":"Kridid"}},{"type":"Polygon","arcs":[[319,301,320,-279,-319]],"properties":{"code":"064670515","name":"Laagagcha"}},{"type":"Polygon","arcs":[[321,-298]],"properties":{"code":"064670109","name":"Zmamra"}},{"type":"Polygon","arcs":[[321,298,-303,320,279,305,296]],"properties":{"code":"064671101","name":"Laghnadra"}},{"type":"Polygon","arcs":[[-276,282,314,306,322]],"properties":{"code":"064670727","name":"M'tal"}},{"type":"Polygon","arcs":[[-251,323,324,325]],"properties":{"code":"064670331","name":"Oulad Boussaken"}},{"type":"Polygon","arcs":[[-326,326,327,273,-266,-252]],"properties":{"code":"064670325","name":"Metrane"}},{"type":"Polygon","arcs":[[-327,-325,328,-309,329]],"properties":{"code":"064670309","name":"Khmis Ksiba"}},{"type":"Polygon","arcs":[[272,-328,-330,-308,322]],"properties":{"code":"064670707","name":"Jabria"}},{"type":"Polygon","arcs":[[330,-155,331,332,-173,10,-14,333,334,151]],"properties":{"code":"061170925","name":"Sahel Oulad H'riz"}},{"type":"Polygon","arcs":[[164,161,-159,162,331,335,336]],"properties":{"code":"061810305","name":"Laghdira"}},{"type":"Polygon","arcs":[[-336,332,167,-185,191,337,338,339]],"properties":{"code":"061170511","name":"Laghnimyine"}},{"type":"Polygon","arcs":[[-238,340,339,336,-164,128]],"properties":{"code":"061170501","name":"Ben Maachou"}},{"type":"Polygon","arcs":[[341,338,-341,-237]],"properties":{"code":"061170111","name":"Oulad Abbou"}},{"type":"Polygon","arcs":[[-236,342,343,-186,337,-342]],"properties":{"code":"061170535","name":"Zaouiat Sidi Ben Hamdoun"}},{"type":"Polygon","arcs":[[344,345,-343,-235,-234,238]],"properties":{"code":"064611505","name":"Gdana"}},{"type":"Polygon","arcs":[[-346,346,347,348,-187,-344]],"properties":{"code":"064611519","name":"Oulad Said"}},{"type":"Polygon","arcs":[[349,350,351,-240,344,346,352]],"properties":{"code":"064611515","name":"Mzoura"}},{"type":"Polygon","arcs":[[353,214,209,-207,200,354,355,356,357,358,220,216]],"properties":{"code":"064611102","name":"Ain Dorbane-Lahlaf"}},{"type":"Polygon","arcs":[[354,359,360,361,-202]],"properties":{"code":"064611317","name":"Oued Naanaa"}},{"type":"Polygon","arcs":[[-193,362,363,364,360,365]],"properties":{"code":"064611325","name":"Ras El Ain Chaouia"}},{"type":"Polygon","arcs":[[-189,366,367]],"properties":{"code":"064610115","name":"Settat"}},{"type":"Polygon","arcs":[[-366,361,202,204,-194]],"properties":{"code":"064611319","name":"Oulad Chbana"}},{"type":"Polygon","arcs":[[368,348,187,366,369,370]],"properties":{"code":"064611511","name":"Lahouaza"}},{"type":"Polygon","arcs":[[371,372,373,374,375,376,377,378]],"properties":{"code":"064610717","name":"Oulad Freiha"}},{"type":"Polygon","arcs":[[368,-348,352,379,380,381]],"properties":{"code":"064611509","name":"Khemisset Chaouia"}},{"type":"Polygon","arcs":[[-373,382,350,383]],"properties":{"code":"064611713","name":"Machraa Ben Abbou"}},{"type":"Polygon","arcs":[[-383,-372,384,-380,349]],"properties":{"code":"064611727","name":"Sidi Mohammed Ben Rahal"}},{"type":"Polygon","arcs":[[385,386,-375]],"properties":{"code":"064610701","name":"Ain Blal"}},{"type":"Polygon","arcs":[[387,388,389,386,375]],"properties":{"code":"064610705","name":"Dar Chaffai"}},{"type":"Polygon","arcs":[[-389,390,391,392,393]],"properties":{"code":"064610719","name":"Sidi Ahmed El Khadir"}},{"type":"Polygon","arcs":[[392,394,395,396,397,398]],"properties":{"code":"064610711","name":"Oulad Amer"}},{"type":"Polygon","arcs":[[395,399,400]],"properties":{"code":"064610707","name":"Laqraqra"}},{"type":"Polygon","arcs":[[391,-399,401,402,403,404,405,406]],"properties":{"code":"064610709","name":"Meskoura"}},{"type":"Polygon","arcs":[[407,-397,399,408,409,-403]],"properties":{"code":"064610715","name":"Oulad Fares El Halla"}},{"type":"Polygon","arcs":[[397,401,407]],"properties":{"code":"064610105","name":"El Borouj"}},{"type":"Polygon","arcs":[[410,411,412,377,413]],"properties":{"code":"064611703","name":"Bni Yagrine"}},{"type":"Polygon","arcs":[[376,-413,414,415,416,406,-391,-388]],"properties":{"code":"064610703","name":"Bni Khloug"}},{"type":"Polygon","arcs":[[413,417,-381,-385,-379]],"properties":{"code":"064611731","name":"Toualet"}},{"type":"Polygon","arcs":[[417,381,-371,418,363,419,420,421,-411]],"properties":{"code":"064611721","name":"Oulad Sghir"}},{"type":"Polygon","arcs":[[421,411,414,422]],"properties":{"code":"064611707","name":"Guisser"}},{"type":"Polygon","arcs":[[423,424,425,426,-416,422,-421]],"properties":{"code":"064611723","name":"Rima"}},{"type":"Polygon","arcs":[[427,405,-417,-427]],"properties":{"code":"064610721","name":"Sidi Boumehdi"}},{"type":"Polygon","arcs":[[428,429,430,404,-428,-426,431]],"properties":{"code":"064611327","name":"Sgamna"}},{"type":"Polygon","arcs":[[432,433,428,434]],"properties":{"code":"064611321","name":"Oulad Fares"}},{"type":"Polygon","arcs":[[-357,435,436,-433,437,438]],"properties":{"code":"064611311","name":"Mrizigue"}},{"type":"Polygon","arcs":[[364,-360,355,435,439,-424,-420],[440]],"properties":{"code":"064611333","name":"Sidi Hajjaj"}},{"type":"Polygon","arcs":[[439,424,431,-434,-437]],"properties":{"code":"064611309","name":"Mniaa"}},{"type":"Polygon","arcs":[[440]],"properties":{"code":"064610113","name":"Oulad M'rah"}},{"type":"Polygon","arcs":[[441,358,-220]],"properties":{"code":"064610109","name":"Loulad"}},{"type":"Polygon","arcs":[[441,-358,-439,442,218]],"properties":{"code":"064611115","name":"N'khila"}},{"type":"Polygon","arcs":[[409,403,-431,443]],"properties":{"code":"064610713","name":"Oulad Bouali Nouaja"}},{"type":"Polygon","arcs":[[-257,263,-270,-282,-305]],"properties":{"code":"064670723","name":"Lmechrek"}},{"type":"Polygon","arcs":[[-127,127,-123,444,166,112]],"properties":{"code":"061810311","name":"Sidi Ali Ben Hamdouche"}},{"type":"Polygon","arcs":[[-30,36,-108,108,44,16,445,21,446,105],[447]],"properties":{"code":"006141010","name":"Casablanca"}},{"type":"Polygon","arcs":[[447]],"properties":{"code":"061410181","name":"Méchouar de Casablanca"}},{"type":"Polygon","arcs":[[-334,-18,445,-21,448]],"properties":{"code":"063850107","name":"Oulad Azzouz"}},{"type":"Polygon","arcs":[[152,-335,-449,-20,449,-156,-331]],"properties":{"code":"061170933","name":"Soualem Trifiya"}},{"type":"Polygon","arcs":[[-43,-6,-177,63,-35]],"properties":{"code":"061170820","name":"Oulad Ziyane"}},{"type":"Polygon","arcs":[[369,418,-363,-197,-190,-368]],"properties":{"code":"064611514","name":"Mzamza Janoubia"}},{"type":"Polygon","arcs":[[353,-214]],"properties":{"code":"064610101","name":"Ben Ahmed"}}]}},"arcs":[[[64517,60766],[-430,-2],[-312,213],[-198,226],[-186,232],[-118,234],[-250,180],[-112,162],[78,449],[88,543],[169,540],[37,402],[160,280],[234,390]],[[63677,64615],[422,-4],[422,391]],[[64521,65002],[361,207],[404,-388],[377,-544],[205,-175],[-48,-590],[-226,-551],[-263,-370],[-280,-627]],[[65051,61964],[-534,-1198]],[[66199,68202],[34,153],[179,190],[227,144]],[[66639,68689],[123,321],[146,484],[53,386],[179,386],[-43,291],[30,488],[-94,400],[6,260],[54,302],[-69,355],[-194,172]],[[66830,72534],[-421,118]],[[66409,72652],[-49,-519],[-37,-430],[-49,-521],[-45,-145],[-151,-516],[-47,-339],[-40,-227],[-34,-162],[-12,-50],[-17,-65],[-82,-315],[-17,-45],[-51,-78],[-165,-177],[-214,-227]],[[65399,68836],[467,-152],[-35,-450],[368,-32]],[[63677,64615],[-181,170],[-1111,-1548],[-1547,1275],[-1809,1671]],[[59029,66183],[-960,723],[-787,1222],[-243,595],[-100,187],[-128,301],[-39,146],[-70,226],[22,326],[7,236],[-39,419],[20,359],[41,549],[35,579],[-52,623],[-4,487],[-51,501],[-33,429],[16,191]],[[56664,74282],[2752,143],[375,-128],[527,411],[116,-439],[317,-141],[152,232],[419,-220],[830,-158],[48,-504]],[[62200,73478],[34,-198],[44,-374],[31,-438],[156,-556],[55,-471],[17,-465],[-6,-647],[105,-980],[109,-562],[113,-461],[157,-649],[75,-295],[124,-786],[311,-1330],[152,-651]],[[56777,75917],[-54,-95],[3,-193],[50,-227],[-46,-260],[-19,-252],[-14,-313],[-33,-295]],[[62200,73478],[866,97],[836,327],[318,14],[228,135],[283,-33],[341,48]],[[65072,74066],[164,85],[59,168],[-193,268],[-178,-33],[-433,293],[-200,213],[-105,234],[-276,-65],[-68,186],[-155,56],[107,150],[289,308],[-164,240],[-213,279],[-199,210],[157,72],[408,354],[97,87],[148,154],[228,103],[158,-93],[169,140],[440,434],[357,278],[118,119],[173,177],[24,10],[-134,417],[-12,37],[-51,107],[-145,158],[-223,267],[-120,199]],[[65299,79678],[-73,130],[-73,131],[-30,55],[-67,115],[-51,66],[-17,22],[-12,13],[-29,-25],[-35,-33],[-57,-59],[-71,-76],[-62,-64],[-70,-72],[-46,-41],[-7,-6],[-43,-37],[-66,-56],[-72,-55],[-67,-49],[-74,-49],[-67,-39],[-27,-17],[-79,-41],[-34,-16],[-51,-25],[-80,-35],[-75,-32],[-56,-24],[-72,-31],[-65,-28],[-52,-22],[-11,-5],[-37,-16],[-51,-21],[-80,-34],[-48,-22],[-84,-36],[-28,-12],[-37,-16],[-73,-33],[-83,-44],[-51,-31],[-16,-10],[-41,-30],[-48,-35],[-27,-21],[-80,-72],[-24,-22],[-69,-70],[-30,-30],[-55,-55],[-65,-66],[-44,-43],[-45,-41],[-57,-45],[-10,-6],[-26,-19],[-34,-23],[-25,-15],[-45,-26],[-57,-29],[-60,-26],[-82,-28],[-78,-21],[-107,-15],[-98,-6],[-109,-9],[-44,-6],[-66,-17],[-69,-21],[-71,-30],[-81,-37],[-105,-46],[-93,-43],[-109,-49],[-67,-29],[-66,-22],[-29,-7],[-50,-10],[-42,-5],[-52,-3],[-55,2],[-58,7],[-49,8],[-64,19],[-39,15],[-35,15],[-18,7],[-95,52]],[[60347,78045],[-160,133],[-392,196],[-65,-178],[-185,-402],[-130,-280],[-165,-264],[-302,-291],[-421,-369],[-336,-309],[-282,-309],[-92,-110],[-1040,55]],[[56920,81832],[-20,-14],[-38,-31],[-29,-58],[-16,-32],[-52,-52],[-106,-114],[-90,-62],[-104,-56],[-92,-45],[-28,-18],[-47,-30],[-44,-27],[-27,-13],[-50,-30],[-76,-64],[-44,-35],[-24,-14],[-34,-23],[-26,-16],[-33,-12],[-40,-19],[-37,-24],[-51,-44],[-55,-41],[-51,-35],[-33,-14],[-38,-18],[-41,-21],[-25,-19],[-21,-12],[-66,-50],[-26,-15],[-30,-15],[-23,-8],[-54,-8],[-18,0],[-11,-2],[-11,-4],[-10,-5],[-59,-17],[-86,-8],[-20,8],[-13,7],[-19,15],[-7,5],[-6,11],[-1,13],[-4,12],[-2,15],[-3,11],[-2,12],[-3,9],[-2,0],[-3,-1],[0,-7],[0,-11],[0,-1],[-2,-2],[-2,0],[-1,1],[-3,3],[-8,5],[-7,0],[-5,-8],[-2,-9],[-5,-29],[-10,-22],[-1,-5],[0,-5],[4,-8],[1,-8],[0,-16],[0,-8],[-3,-4],[-1,-20],[0,-12],[-1,-34],[1,-104],[-6,-8],[-6,-7],[-6,-4],[-4,-1],[-1,-3],[0,-6],[-2,-5],[-8,-6],[-11,-3],[-8,-1],[-10,-4],[-8,-8],[-5,-10],[-19,-15],[-28,-28],[-26,-15],[-26,-33],[-26,-29],[-38,-31],[-24,-16],[-23,-9],[-26,-13],[-34,-14],[-4,0],[-2,3],[-5,3],[-4,-1],[-12,-8],[-31,-15],[-16,-5],[-14,-1],[-34,-13],[-17,-7],[-13,-7],[-18,-7],[-34,-15],[-24,-14],[-20,-6],[-11,-4],[-4,1],[-4,-1],[-2,-4],[-11,-11],[-24,-11],[-45,-1],[-30,-2],[-31,-5],[-18,4],[-27,6],[-12,1],[-9,-3],[-37,-9],[-18,0],[-17,2],[-33,2],[-23,4],[-20,16],[-10,12],[-4,8],[-1,5],[1,3],[4,6],[4,9],[2,26],[-4,45],[-1,9],[-2,9],[-12,39],[-9,34],[-1,7],[0,4],[3,4],[28,12],[10,2],[8,0],[2,1],[0,4],[-1,3],[-5,3],[-4,2],[-4,-1],[-32,-12],[-7,-2],[-5,2],[-22,22],[-6,10],[-1,3],[0,5],[-1,20],[-2,31],[1,22],[-1,20],[-1,5],[0,2],[1,1],[2,1],[0,2],[-8,21],[-2,9],[-5,25],[-3,23],[-5,10],[-11,11],[-27,16],[-29,34],[-13,20],[-11,32],[-24,47],[-16,19],[-15,17],[-24,3],[-21,-11],[-9,-6],[-38,-42],[-18,-38],[-55,-84],[-24,-25],[-61,-39],[-17,-12],[-19,-15],[-26,-16],[-26,-13],[-12,-9],[-6,-9],[0,-10],[1,-15],[0,-23],[-7,-25],[-6,-25],[-11,-41],[-12,-29],[-19,-31],[-25,-23],[-30,-21],[-38,-18],[-53,-36],[-94,-78],[-17,-12],[-55,-50],[-70,-46],[-56,-39],[-23,-20],[-16,-11],[-9,-1],[-11,-1],[-15,-7],[-14,-11],[-11,-10],[-10,-12],[-5,-18],[-6,-12],[-16,-9],[-17,-3],[-27,-1],[-40,-5],[-36,5],[-15,-9],[-13,-21],[-17,-62],[-16,-33],[-18,-31],[-32,-36],[-104,-96],[-16,-12],[-11,2],[-7,11],[-6,4],[-5,-2],[-6,-10],[-71,-61],[-56,-47],[-37,-28],[-42,-17],[-65,-10],[-81,-28],[-62,-21],[-60,-12],[-38,4],[-35,11],[-19,7],[-5,22],[0,13],[-3,46],[-4,9],[-4,4],[-25,9],[-34,5],[-6,0],[-7,-7],[-6,-10],[-11,-11],[-11,-7],[-12,-11],[-7,0],[-17,-1],[-10,-7],[-14,-24],[-2,-10],[1,-5],[9,-3],[40,-5],[22,-7],[8,-14],[4,-19],[0,-21],[-1,-38],[-10,-52],[-12,-23],[-24,-37],[-25,-28],[-37,-25],[-17,10],[-21,9],[-13,-1],[-10,-9],[-9,-5],[-6,-3],[-5,0],[-5,9],[-14,7],[-18,-6],[-11,-12],[-9,-40],[-2,-23],[-3,-16],[-8,-11],[-25,-18],[-18,-16],[-12,-13],[-16,-20],[-19,-19],[-55,-56],[-61,-51],[-46,-41]],[[51274,78772],[345,-201],[119,-71],[219,-224]],[[51957,78276],[15,4],[146,32],[125,36],[82,23],[127,19],[131,39],[170,91],[71,63],[95,59],[164,101],[148,76],[149,44],[150,77],[147,92],[140,111],[69,39],[60,34],[56,25],[38,18],[32,13],[96,41],[88,43],[50,24],[107,27],[147,35],[23,6],[33,10],[42,15],[30,11],[76,22],[43,13],[52,15],[47,17],[76,37],[19,14],[27,17],[39,27],[66,45],[81,57],[83,55],[104,73],[129,90],[61,50],[54,46],[59,51],[43,36],[67,58],[62,55],[26,23],[52,50],[76,62],[10,-17],[27,-56],[12,-21],[13,-19],[14,-15],[18,-15],[33,-26],[18,-15],[36,-28],[21,-18],[99,-80],[21,-16],[12,-8],[33,-17],[32,-14],[25,-13],[18,-17],[13,-15],[14,-21],[11,-24],[18,-45],[15,-36],[13,-31],[13,-31],[19,-46],[9,-27],[3,-15],[3,-22],[1,-42],[1,-35],[1,-8],[1,-11],[2,-8],[2,-8],[3,-10],[5,-14],[6,-12],[18,-35],[30,-57],[23,-45],[18,-34],[13,-19],[39,-49],[26,-33],[37,-47],[25,-33],[29,-37],[22,-30],[17,-24],[27,-42],[20,-36],[23,-38],[16,-27],[24,-40],[31,-52],[30,-52],[37,-62],[18,-29],[43,-59],[38,-55],[58,-85],[39,-57],[12,-17],[12,-15],[4,-3],[6,-5],[23,-14],[41,-19],[57,-29],[31,-16],[22,-12],[5,-3],[5,-4],[26,-27],[17,-20],[33,-38],[17,-17],[27,-27],[16,-16],[12,-10],[34,-23],[18,-14],[32,-27],[49,-38],[33,-28],[23,-19],[40,-39],[29,48],[36,54],[13,19],[40,38],[134,120],[49,44],[74,89],[89,106],[77,94],[34,48],[38,30],[80,49],[134,84],[56,42],[42,37],[20,19],[5,4],[31,28],[61,54],[45,48],[57,74],[49,68],[54,75],[31,40],[45,65],[12,16],[21,32]],[[59277,79409],[-4,10],[-7,30],[-5,22],[-2,18],[-1,34],[1,36],[1,29],[3,61],[1,44],[1,35],[0,33],[-1,16],[-2,37],[-3,27],[-5,31],[-7,30],[-9,34],[-4,14],[-30,88],[-12,38],[-11,37],[-18,55],[-6,17],[-10,33],[-8,24],[-11,34],[-7,20],[-12,24],[-14,27],[-15,24],[-12,14],[-20,19],[-25,22],[-33,20],[-72,37],[-44,24],[-46,24],[-41,25],[-15,13],[-17,15],[-20,25],[-18,26],[-56,114],[-22,45],[-11,21],[-21,43],[-20,40],[-24,38],[-22,26],[-48,60],[-103,130],[-62,75],[-57,70],[-41,49],[-7,8],[-42,50],[-46,52],[-17,20],[-15,17],[-47,52],[-50,51],[-90,96],[-17,18],[-41,54],[-39,53],[-19,25],[-18,25],[-6,9],[-9,-11],[-52,-52],[-42,-42],[-43,-42],[-13,-12],[-41,-39],[-30,-29],[-71,-49],[-61,-40],[-75,-48],[-153,-93],[-121,-74],[-73,239],[-72,248]],[[71474,82380],[52,-352],[111,70],[182,-408],[138,-146],[80,-134],[125,-187],[-85,-67],[110,-102],[151,-104],[186,-167],[-122,-177],[308,-268],[177,-182],[239,-253],[-269,-391],[29,-143],[80,-159],[103,-207]],[[73069,79003],[602,-655],[188,11],[307,-122],[991,296]],[[75157,78533],[-61,86],[-65,149],[-151,40],[-68,6],[-59,-23],[-36,-50],[-78,-131],[-61,-63],[-48,-10],[-14,21],[4,46],[-6,41],[-18,47],[-21,34],[-29,41],[-13,33],[3,24],[29,61],[17,87],[14,34],[80,77],[17,49],[-10,67],[-12,68],[-36,58],[-26,42],[-3,26],[16,27],[21,14],[59,-4],[33,-8],[48,16],[105,126],[23,21],[101,9],[49,50],[70,63],[20,36],[5,52],[-27,50],[-27,61],[11,22],[29,43],[44,36],[64,46],[37,37],[24,29],[2,34],[-29,83],[-46,100],[-18,65],[-25,87],[-49,79],[-84,95],[-30,77],[-27,72],[-29,20],[-46,76],[-14,37],[-96,31],[46,1013],[11,903],[1320,1678]],[[76097,84569],[-359,755]],[[75738,85324],[-944,-636],[-370,-147],[-301,124],[-296,83],[-72,-240],[-261,-74],[-207,116],[-97,63],[-43,68],[-65,67],[-143,133],[-74,63],[-39,126],[-54,179],[-64,80],[15,-175],[-36,-9],[-70,74],[-90,72],[-114,-86],[-137,-64]],[[72276,85141],[34,-124],[136,-393],[-40,-93],[-192,-206],[39,-99],[66,-213],[-263,-110],[-276,-209],[189,-650],[82,-98],[-261,-160],[-316,-406]],[[71474,82380],[-144,-111],[-427,-317],[-213,-42],[18,275],[-105,-92],[-310,71],[-385,-114],[-142,87],[-225,457],[-73,301],[-213,199],[-118,140],[-331,389]],[[68806,83623],[62,149],[43,171],[79,223],[79,260],[125,369],[49,173],[64,311],[54,155],[164,311],[166,308]],[[69691,86053],[83,-14],[229,-36],[302,-46],[306,-169],[108,222],[118,322],[166,398],[51,395],[81,157],[217,312],[147,184],[31,91],[-16,104],[-39,107],[-30,60]],[[71445,88140],[394,544],[211,286],[134,157]],[[72184,89127],[13,-57],[20,-107],[-19,-172],[37,-113],[-3,-117],[2,-16]],[[72234,88545],[34,-94],[18,-28],[14,-20],[21,-23],[25,-32],[24,-31],[45,-30],[37,-26],[12,-25],[36,-95],[-42,-207],[20,-178],[41,-258],[3,-99],[-161,-162],[-83,-89],[-82,-87],[-49,-121],[-97,-102],[-58,-185],[-52,-102],[-57,-152],[103,-188],[116,-23],[81,16],[77,14],[85,-2],[-11,-73],[-187,-379],[-4,-244],[85,-203],[48,-176]],[[69716,75169],[929,19],[3587,1073]],[[74232,76261],[-851,322],[-209,552],[-88,958],[-15,910]],[[68806,83623],[-67,-146],[-56,-202],[-46,-231],[-72,-341],[-18,-96]],[[68547,82607],[94,-55],[220,-100],[78,-53],[274,-171],[-233,-66],[-139,-128],[-48,-108],[24,-18],[702,-321],[-75,-19],[12,-735],[-375,-54],[-156,-245],[-258,370],[-386,-669],[-214,16]],[[68067,80251],[8,-84],[-11,-444],[-30,-126],[-60,-315]],[[67974,79282],[-34,-196],[-163,-486],[-128,-321],[128,-151],[944,-1085],[691,-1190],[304,-684]],[[66932,74654],[-50,309],[-67,402],[-11,202],[-108,426],[231,116],[91,-230],[70,38],[286,1092],[336,-445],[-377,-894],[46,-103],[124,-360],[9,-115],[-179,-354],[65,-190],[-452,-131],[-14,237]],[[65072,74066],[113,-196],[321,-402],[527,-485],[376,-331]],[[66830,72534],[157,328],[98,156],[155,38],[216,-52],[942,518],[1318,1647]],[[67974,79282],[-233,154],[-350,-98],[-359,122],[-110,64],[-218,202],[-152,281],[-132,300],[-10,84]],[[66410,80391],[-57,-43],[-56,-15],[-80,-9],[-79,-12],[-62,1],[-58,3],[-9,-2],[-10,-4],[-12,-6],[-13,-8],[-29,-24],[-49,-55],[-24,-39],[-78,-122],[-76,-90],[-92,-121],[-42,-46],[-63,-44],[-52,-18],[-59,-17],[-56,-13],[-9,-2],[-46,-27]],[[76097,84569],[928,945],[568,3040]],[[77593,88554],[92,-23],[149,82],[142,279],[256,179],[236,588]],[[78468,89659],[21,-89],[59,-114],[123,-228],[3,-227],[-11,-443],[118,-344],[173,-489],[121,-384],[209,-232],[523,-296]],[[79807,86813],[-98,-45],[257,-471],[217,-211],[-168,9],[-112,101],[-143,-81],[-151,-45],[-213,-208],[-132,-306],[-107,-136],[-30,-252],[-56,-207],[-129,-252],[125,-205],[198,46],[-194,-233],[153,-158],[112,42],[-43,-236],[114,-110],[271,-4],[97,90],[43,-102],[155,-14],[181,-443],[117,-207],[-127,-124],[53,-140],[341,-301],[-489,-1094],[-444,-79],[239,-306],[215,-291],[-30,-283],[-96,-338],[-166,-511],[-325,-579],[-106,-273],[573,-415],[-125,-119],[80,-411],[-390,-72]],[[79474,77839],[-191,382],[-302,94],[-209,481],[-254,387],[-131,112],[-91,-84],[-129,0],[-51,70],[25,77],[0,76],[-73,-18],[-71,3],[-4,74],[-92,-2],[-35,74],[17,74],[-107,95],[-205,63],[-26,-79],[-77,-103],[-48,-16],[-63,-19],[-59,-62],[-82,-106],[-94,-88],[-131,-91],[-58,-92],[-83,-59],[-66,-97],[-91,-77],[-47,-85],[-49,-3],[-12,-53],[-62,-18],[-33,-48],[-53,13],[-52,-89],[-66,-23],[-21,-72],[-59,-10],[8,-83],[-89,-24],[-40,-10],[-24,-30],[-51,18],[-102,28],[-38,1],[-68,-5],[-26,41],[-30,12],[-16,35],[-49,24],[-30,39],[-98,45],[-60,59],[-129,-69],[-110,12],[-66,-85],[-64,5]],[[95930,73236],[-44,-6],[-121,-48],[-429,-8],[-417,-40],[-274,37],[-357,80],[-274,75],[-246,12],[-84,-5],[-113,76],[-433,7],[-178,-17],[-93,-33],[-76,-28],[-29,-25],[-51,-14],[-92,-13],[-63,-117],[-13,-9],[-88,-23],[-20,-16],[-79,22],[-125,345],[-103,193],[-156,234],[-173,259],[-306,405],[-49,71]],[[91444,74650],[-21,39],[1,69],[13,53],[43,57],[60,42],[53,89],[60,208],[79,89],[70,63],[31,377],[7,54],[8,30],[-2,56],[-44,169],[9,157],[5,114],[-13,108],[-16,153],[-12,262],[-12,144],[-1,147],[-8,144],[-11,184],[-16,85],[10,113],[-5,95],[-4,47],[1,108],[-4,125],[5,57],[-3,85],[-10,95],[-15,201],[-7,132],[-1,84],[-13,86],[3,169],[3,172],[-1,126],[-41,98],[-3,53],[6,51],[26,79],[11,28],[13,61],[7,141],[-19,66],[-31,70],[-31,59],[-25,51],[-17,84],[-66,276],[-24,92],[56,92],[93,69],[78,87],[37,79],[9,121],[-11,58],[-11,21]],[[91743,80974],[11,73],[9,44],[-52,66],[-292,64],[-74,355],[-81,166],[-217,369],[-316,252],[-79,278],[-240,173],[-8,178],[236,19],[78,109],[2,67],[-123,7],[-31,215],[-62,19],[-142,56],[-83,178],[45,63],[83,-5],[20,33],[-13,63],[-58,39],[-177,20],[-25,40],[0,92],[20,88],[12,148]],[[90186,84243],[40,4],[63,55],[5,38],[37,44],[23,30],[64,36],[31,42],[41,13],[63,-103],[66,-75],[160,-124],[83,-11],[51,41],[52,210],[1,96],[11,38],[-20,37],[-1,39],[-37,18],[-23,71],[247,236],[721,-23],[286,-147],[150,-58],[498,-425],[160,-64],[4,-119],[75,-195],[108,-154],[105,-178],[239,252],[7,46],[43,68],[96,27],[56,-1],[33,-63],[-4,-91],[-24,-91],[2,-187],[65,-182],[-3,-73],[-17,-80],[-42,-84],[-15,-49],[-13,-61],[18,-116],[42,-53],[48,-30],[57,-30],[24,-32],[6,-42],[30,-56],[33,7],[38,61],[69,150],[39,68],[80,57],[30,18],[53,33],[32,39],[28,60],[-4,123],[19,80],[69,59],[128,-11],[111,-73],[185,-176],[-29,-370],[305,-29],[67,8],[70,29],[31,-61],[47,-120],[61,-245],[102,-327],[66,-260],[50,-237],[74,-114],[42,-48],[72,-50],[121,-13],[315,0],[389,28],[52,23],[45,43],[13,45],[30,51],[63,23],[177,4],[17,-20],[81,-2],[48,9],[112,-33],[105,-53],[58,-18],[35,-16],[41,-10],[104,9],[59,21],[81,50],[43,-5],[104,-66],[55,33],[88,53],[94,1],[103,-19],[49,3],[64,36],[53,76],[108,32],[79,19],[125,-30],[53,-34],[42,-12],[36,18],[23,38],[19,32],[19,2],[49,-63],[13,-30],[22,-7],[28,17],[48,47],[19,9],[8,24],[25,15],[25,38],[44,33],[47,31],[30,-35],[2,-44],[10,-54],[19,-14],[29,44],[9,21],[21,23],[12,-9],[51,-109],[10,-31],[0,-23],[33,-82],[-5,-23],[42,-119],[32,16],[16,35],[10,32],[44,57],[42,9],[30,-3],[53,-64],[24,-12],[29,16],[50,11],[51,-11],[28,-1],[65,-168],[39,-125],[0,-47],[-11,-47],[-47,-32],[-45,-3],[-13,20],[-11,34],[3,31],[21,49],[-8,31],[-24,15],[-34,-8],[-59,-65],[-43,-235],[-78,57],[-48,18],[-57,-46],[-12,-121],[19,-339],[36,-51],[119,51],[34,-1],[-37,-100],[-15,-107],[-72,-63],[-27,-86],[39,-22],[55,20],[22,-22],[1,-47],[-39,-44],[-20,-47],[-20,-47],[8,-57],[46,17],[84,56],[53,-5],[82,-35],[124,-96],[-16,-36],[-126,17],[-29,-18],[-2,-48],[38,-37],[12,-50],[-40,-22],[-105,23],[-58,-20],[-23,-32],[10,-67],[16,-54],[-19,-43],[-109,-82],[-108,-20],[-51,-38],[-7,-147],[68,-186],[19,-66],[-16,-16],[-36,-2],[-281,159],[-30,14],[-22,-8],[3,-32],[24,-15],[59,-50],[20,-76],[-67,-106],[4,-155],[-43,-8],[-63,8],[-109,-12],[-22,48],[11,36],[51,38],[-2,40],[-15,20],[-51,18],[-83,-72],[-87,-43],[-200,-42],[-156,-155],[-232,-153],[-260,-207],[-242,-341],[-234,-386],[-156,-225],[-27,-234],[-9,-270],[-83,-141],[-91,-68],[-74,51],[-89,81],[-128,38],[-128,-38],[-67,-37],[-49,-57],[-99,-106],[-17,-99],[-14,-106],[14,-112],[18,-89],[-62,-143],[6,-41],[-34,-68],[-17,-17],[-11,-66],[-61,-111],[-95,-149],[-168,-194],[14,-48],[-173,-206],[-153,-245],[-25,-38],[-59,-168],[-13,-181],[92,-345],[89,-207],[168,-249],[-11,-63],[46,-130],[6,-12]],[[92416,60735],[229,-22],[194,53],[213,16],[256,24],[318,-70],[346,-50],[263,-99],[258,-5],[140,-48]],[[94633,60534],[206,-70],[511,39],[197,-26],[43,-2],[25,-12],[71,40],[14,-131],[43,-89],[10,-40],[5,-89],[15,-23]],[[95773,60131],[75,51],[54,27],[161,149],[61,29],[81,173],[10,49],[54,19],[15,38],[64,22],[53,-31],[113,102],[60,-80],[51,69],[27,19],[25,245],[150,334],[36,238],[33,444],[71,324],[-34,244],[136,270],[79,355],[37,198],[72,402],[-19,621],[-79,169],[21,119],[-41,99],[-90,41],[-18,64],[22,47],[-3,100],[-69,72],[-60,0],[-42,-60],[-83,10],[-131,140],[-71,1],[-27,50],[45,60],[43,11],[159,254],[33,96],[67,33],[72,109],[82,63],[26,54],[-24,178],[2,687],[-23,819],[48,167],[162,224],[118,135],[76,214],[161,277],[195,393],[-44,228],[76,232],[-19,132],[-53,81],[-136,131],[-7,101],[60,98],[50,37],[34,61],[44,90],[107,248],[77,157],[-8,51],[-143,255],[-28,98],[-66,174],[-18,123],[-24,32],[-67,109],[-16,91],[-45,89],[-13,173],[-23,76],[-68,81],[2,118],[45,143],[-10,101],[-17,70],[-18,85],[-48,104],[32,103],[-4,74],[7,159],[-35,68],[-118,-81],[-77,-70],[-259,-298],[-202,-143],[-55,30],[-158,19],[-149,49],[-86,99],[-70,263],[-185,55],[-81,76],[-46,134],[-17,62]],[[91444,74650],[18,-75],[14,-64],[-17,-47],[-37,-23],[-60,1],[-66,18],[-46,-93],[-51,-111],[-31,-101],[-24,-152],[11,-96],[20,-46],[21,-113],[-6,-99],[-30,-107],[-37,-160],[14,-148],[-7,-96],[-38,-261],[44,-237],[23,-137],[23,-118],[1,-21],[16,-70],[-12,-250],[-22,-102],[-2,-70],[-43,-383],[-44,-200],[-57,-176],[-37,-67],[-55,-97],[-92,-101],[-111,-98],[-43,-32],[-39,-9],[-64,18],[-69,37],[-105,211],[-64,118],[-36,27],[-128,-81],[-182,-86],[-121,-68],[-139,-43],[-444,-48],[-407,-28],[-329,-10]],[[88554,70756],[47,-367],[-103,-362],[441,-299],[-159,-190],[95,-156],[247,-248],[224,-126],[276,-215],[473,-396],[351,-229],[445,-290],[143,-273]],[[91034,67605],[545,-98],[-192,-205],[-175,-837],[95,-221],[347,112],[146,-529],[164,-421],[93,-290],[23,-220],[122,-382],[107,-249],[72,-168],[161,-430],[-126,-2932]],[[75738,85324],[-227,400],[-115,303],[-48,120],[-138,345],[-197,689],[-136,488],[-119,471],[-295,442],[-208,328],[-133,128],[-52,51],[-1063,-290],[-416,-318],[-29,-22],[-117,-25],[-211,111]],[[72184,89127],[165,160],[99,79],[86,66],[493,325],[133,101],[189,167],[192,180],[207,193],[92,87],[96,108],[102,124],[55,73],[77,109],[78,122],[67,120],[67,124],[53,117],[52,117],[55,145],[36,105],[46,115],[34,67],[70,114],[22,33],[143,163]],[[74893,92241],[9,-7],[6,-5],[12,-15],[19,-38],[62,-83],[32,-23],[50,-13],[31,-2],[15,-10],[15,-26],[5,-30],[-2,-68],[-10,-58],[21,-108],[83,-121],[35,-131],[40,-100],[-54,-143],[151,-214],[141,-45],[57,-57],[67,-95],[52,38],[60,132],[47,12],[30,-30],[45,-219],[24,-119],[-23,-125],[12,-83],[41,-35],[48,84],[59,20],[53,-42],[53,-170],[-11,-83],[27,-96],[12,-21],[2,-3],[18,-32],[59,-49],[155,-60],[63,-6],[57,-194],[-36,-159],[68,-190],[126,-33],[155,28],[158,15],[-6,-66],[67,-74],[12,-225],[7,-113],[95,-78],[386,-319]],[[74678,72907],[264,1984],[-710,1370]],[[79474,77839],[26,-261],[112,-224],[209,-308],[142,-271],[112,-345],[60,-290],[-38,-346],[-34,-195]],[[80063,75599],[-406,-254],[-512,-304],[-97,-313],[82,42],[26,-65],[251,-308],[-79,-467],[187,-257],[198,-71],[-108,-140],[11,-247],[-22,-234],[70,-121]],[[79664,72860],[-986,-776],[-444,-963],[-739,-247],[-57,-19],[-721,-479]],[[76717,70376],[240,1068],[-408,411],[109,173],[-236,163],[-179,-458],[-366,-434],[-890,576],[-359,64],[-411,324]],[[74217,72263],[461,644]],[[79747,65023],[-139,83],[-653,1629],[579,706],[609,360],[381,239],[526,313],[8,225],[-53,346],[-142,425],[-3,440],[-127,159],[-165,131],[27,144],[78,323],[26,477],[-41,318]],[[80658,71341],[-157,322],[-90,192],[-324,107],[-124,440],[-119,210],[-180,248]],[[76717,70376],[278,-922],[30,-413],[105,-343],[74,-302],[8,-326],[135,-164],[81,-246],[68,-234],[112,-207]],[[77608,67219],[52,-200],[112,-339],[172,-607],[336,-675],[430,-849],[541,69]],[[79251,64618],[427,101]],[[79678,64719],[69,304]],[[80162,62432],[-148,37],[-484,251],[-269,206],[-233,193],[-338,125],[11,347],[99,361],[121,219],[218,354],[112,93]],[[79678,64719],[599,-590],[-115,-1697]],[[92416,60735],[-757,116],[-411,2],[-284,-43],[-724,-124],[-620,-57],[-1764,-883],[-1167,-11],[-1021,7],[-590,-340],[-228,-125],[-186,-177],[-895,-549],[-589,-71],[-437,-23],[-480,101],[-425,-102],[-451,30],[-372,-29],[-41,2]],[[80974,58459],[-244,42],[-209,140],[-224,152],[-194,306],[-60,213],[-194,163],[-75,299],[110,331]],[[79884,60105],[84,492],[194,1835]],[[79747,65023],[138,538],[75,304],[405,27],[452,30],[439,97],[425,229],[780,353],[511,276],[349,73],[353,-87],[820,-35],[701,138],[657,112],[468,246],[165,281],[216,627],[314,640],[235,477],[105,-70],[114,-312],[69,-300],[134,-155],[40,-265],[43,-114],[-38,-299],[74,-125],[188,-43],[256,39],[273,-29],[109,-62],[165,-154],[99,-251],[99,-123],[67,-323],[159,-106],[121,-105],[93,-149],[182,-55],[164,-61],[132,-118],[205,-125],[87,-62],[89,407],[160,230],[291,417],[217,290],[87,279]],[[80658,71341],[220,-234],[292,-290],[302,154],[191,290],[314,145],[347,257],[168,168],[258,631],[228,715],[414,496],[314,-19],[235,-117],[448,-145],[101,229],[86,640],[52,878],[-116,299],[-216,38],[-97,406],[158,1009]],[[84357,76891],[-350,-246],[-493,-579],[-402,-165],[-493,-38],[-1942,-46],[-181,-232],[-247,-150],[-186,164]],[[83336,82680],[38,-10],[39,-27],[178,44],[163,192],[171,28],[223,-23],[155,77],[324,160],[117,-70],[248,-111],[170,79],[68,-107],[316,78],[226,-66],[201,87],[-60,569],[-131,398],[146,435],[-102,102]],[[85826,84515],[-276,230],[-330,51],[200,110],[0,102],[-78,513],[-47,327],[-34,379],[-76,284],[-63,318],[-99,482],[-117,412],[-111,463],[-61,315],[-212,34],[-633,-106],[-727,-155],[-97,-9],[-64,-12],[124,-710],[118,-278],[-36,-23],[24,-270],[-183,-319],[-130,-277],[-62,144],[-70,-80],[-489,128],[-285,-36],[-704,-1]],[[81308,86531],[18,-6],[203,-50],[21,-118],[-66,-162],[-235,-144],[254,-771],[-80,-428],[40,-228],[59,-281],[324,141],[247,-10],[110,154],[139,-103],[38,-179],[67,-19],[75,65],[85,-49],[212,-78],[171,258],[17,-23],[-59,-270],[24,-515],[-111,-265],[-62,-193],[20,-102],[114,-193],[312,-156],[91,-126]],[[84357,76891],[159,112],[362,387]],[[84878,77390],[-229,254],[-178,171],[-205,327],[-191,285],[-168,457],[-38,263],[-126,167],[-314,331],[-194,425],[-254,368],[-93,280],[-153,280],[-71,178],[272,455],[110,276],[182,272],[46,193],[10,79],[30,138],[22,91]],[[81308,86531],[-184,120],[-286,197],[-386,235],[-392,-146],[-67,-37],[-186,-87]],[[85826,84515],[39,27],[64,4],[138,82],[195,-57],[286,-91],[556,-274],[41,-428],[-3,-364],[-31,-132],[1074,-1275],[367,-58],[463,-519],[412,-320],[389,-285],[368,-187],[172,-118],[174,25],[159,199],[71,34],[90,-203],[109,91],[125,83],[133,-266],[136,2],[9,30],[-10,182],[113,-79],[242,310],[31,14],[5,32]],[[88554,70756],[37,332],[-37,426],[-364,347],[-172,378],[-219,335],[-448,131],[-665,70],[-496,-46],[-133,-106],[-127,84],[-159,260],[23,308],[163,301],[-27,261],[-69,247],[26,154],[-209,318],[104,284],[41,201],[-141,154],[-53,309],[145,272],[-101,318],[-82,331],[-242,368],[-101,289],[-370,308]],[[79184,92016],[-999,-598],[-364,-218],[-218,442],[-60,270],[-7,143],[94,251],[367,179],[-112,328],[-107,184],[62,77],[138,123],[135,145],[352,320],[225,131],[-61,113],[96,180],[-469,382],[-8,148],[-56,197],[-38,166],[-46,127],[-57,141],[852,620],[413,457],[383,365],[403,254],[718,327],[328,153],[20,217],[-46,225],[52,273],[24,88]],[[81198,98226],[-44,-6],[-18,-2],[-43,-3],[-24,-3],[-9,0],[-8,1],[-5,0],[-3,0],[-7,-4],[0,-2],[-2,-3],[-1,-3],[-3,-4],[-2,-3],[-17,-21],[-29,-30],[-10,-9],[-14,-6],[-22,-4],[-18,-6],[-19,-1],[-30,-5],[-22,4],[-21,-1],[-18,-17],[-30,-36],[-38,-29],[-16,-4],[-17,4],[-24,2],[-32,3],[-12,9],[-15,14],[-22,22],[-24,3],[-11,-3],[-13,-14],[-9,-23],[-4,-7],[-9,-4],[-8,2],[-12,14],[-17,51],[-4,4],[-6,0],[-18,-12],[-25,-17],[-17,-13],[-41,-23],[-50,-34],[-8,-2],[-24,3],[-22,15],[-16,4],[-48,-17],[-43,-11],[-25,-13],[-31,-12],[-24,-4],[-32,5],[-70,11],[-46,14],[-41,26],[-57,10],[-40,8],[-49,12],[-26,20],[-7,8],[-7,4],[-9,-3],[-6,-9],[-3,-13],[-3,-18],[-9,-25],[-2,-37],[-1,-37],[-5,-41],[-13,-45],[-4,-33],[5,-10],[4,-22],[-3,-34],[-11,-28],[-23,-31],[-13,-11],[-8,-4],[-14,-4],[-8,-8],[-5,-4],[-2,-10],[-1,-6],[-4,-4],[-19,-15],[-19,-21],[-35,-26],[-12,-4],[-25,3],[-23,2],[-32,13],[-18,2],[-7,3],[-4,-1],[-1,-3],[0,-2],[0,-2],[-3,-2],[-10,-4],[-8,-4],[-11,-9],[-30,-24],[-12,-7],[-14,-2],[-19,4],[-10,3],[-9,3],[-16,2],[-20,-12],[-8,-13],[-21,-50],[-10,-13],[-6,-7],[-21,-20],[-8,-6],[-4,-6],[-1,-4],[-2,-6],[-3,-8],[-5,-8],[-19,-26],[-10,-4],[-10,-3],[-10,-6],[-6,-9],[-6,-13],[-6,-32],[-8,-9],[-17,-20],[-12,-4],[-10,-10],[-24,-28],[-20,-14],[-45,-47],[-23,-32],[-31,-47],[-15,-19],[-23,-29],[-17,-20],[-7,-10],[-10,-5],[-17,-6],[-29,-11],[-14,-1],[-11,0],[-18,3],[-10,-1],[-12,-5],[-4,-6],[-2,-7],[-11,-11],[-18,-11],[-30,-30],[-32,-23],[-28,-25],[-30,-53],[-8,-3],[-11,1],[-11,-4],[-9,-9],[-5,-14],[-6,-10],[-23,-16],[-25,-9],[-8,1],[-7,9],[-9,23],[-3,9],[-4,9],[-9,-1],[-5,-5],[-11,-47],[-4,-13],[-4,-7],[-23,-14],[-45,-35],[-47,-23],[-52,-17],[-71,-20],[-41,2],[-5,-4],[-2,-3],[-4,-14],[-9,-21],[-32,-35],[-26,-40],[-13,-16],[-8,-11],[-5,-3],[-5,-1],[-10,5],[-6,1],[-5,-2],[-5,-4],[-4,-6],[-2,-12],[-1,-4],[-2,-2],[-6,-1],[-27,4],[-78,-17],[-15,-4],[-23,-23],[-13,-37],[-3,-50],[-9,-49],[-16,-32],[-24,-36],[-53,-36],[-64,-26],[-32,-10],[-18,-3],[-25,4],[-15,3],[-15,-6],[-16,-26],[-13,-33],[-10,-35],[-17,-29],[-15,-22],[-16,-18],[-20,-7],[-42,-9],[-8,-3],[-4,-8],[-4,-18],[-1,-36],[-5,-17],[-16,-26],[-19,-22],[-49,-31],[-36,-42],[-27,-55],[-29,-34],[-54,-61],[-15,-10],[-22,-7],[-19,-13],[-11,-16],[-8,-17],[-7,-23],[-6,-23],[-15,-28],[-25,-29],[-43,-45],[-30,-39],[-19,-26],[-19,-31],[-37,-63],[-25,-32],[-31,-26],[-57,-19],[-45,2],[-25,0],[-21,6],[-17,-2],[-24,-17],[-19,-25],[-5,-11],[2,-16],[38,-138],[25,-60],[8,-19],[4,-12],[-1,-13],[-2,-7],[-3,-5],[-13,-15],[-8,-5],[-9,-3],[-15,-3],[-20,-1],[-30,-1],[-16,-3],[-13,-1],[-20,-2],[-26,6],[-16,7],[-18,11],[-12,19],[-2,16],[13,43],[-2,13],[-11,8],[-9,-5],[-42,-50],[-42,-82],[-45,-55],[-9,-5],[-9,1],[-5,0],[-5,-3],[1,-8],[3,-12],[1,-15],[-7,-15],[-12,-7],[-30,-5],[-13,-2],[-8,-6],[-12,-24],[-5,-20],[-5,-30],[-11,-14],[-29,-13],[-78,-44],[-52,-42],[-26,-24],[-28,-27],[-13,-34],[-23,-38],[-15,-30],[-20,-81],[-6,-51],[-6,-34],[-4,-14],[-7,-13],[-20,-20],[-15,-9],[-5,-2],[-5,1],[-11,12],[-4,12],[-2,8],[-5,3],[-4,2],[-4,-2],[-3,-4],[1,-6],[8,-12],[11,-13],[6,-9],[0,-4],[-3,-7],[-6,-7],[-44,-39],[-18,-16],[-30,-21],[-53,-7],[-27,12],[-11,11],[-4,15],[2,14],[-4,13],[-6,1],[-7,0],[-6,-4],[-22,-29],[-26,-30],[-25,-17],[-19,-22],[-19,-16],[-15,-16],[-17,-14],[-11,-11],[-18,-23],[-13,-5],[-10,-3],[-9,3],[-6,-2],[-7,-8],[-6,-6],[-25,-24],[-37,-37],[-55,-38],[-24,-16],[-17,-21],[-26,-36],[-27,-46],[-8,-34],[0,-29],[6,-17],[2,-23],[-1,-14],[-7,-27],[-16,-34],[-18,-25],[-76,-51],[-32,-21],[-23,-1],[-8,2],[-7,7],[-4,2],[-3,-2],[-2,-3],[-6,-5],[-5,0],[-12,10],[-11,5],[-17,-3],[-9,7],[-13,17],[-11,17],[-16,7],[-18,3],[-24,-12],[-26,-17],[-27,-19],[-23,-21],[-42,-48],[-31,-54],[-41,-77],[-34,-76],[-6,-18],[2,-16],[6,-14],[16,-23],[8,-16],[7,-4],[17,1],[6,-2],[7,-4],[9,-16],[7,-9],[9,-5],[5,-6],[6,-26],[-2,-7],[-7,-4],[-36,3],[-10,2],[-12,0],[-4,-3],[1,-6],[5,-4],[6,0],[8,2],[17,-2],[14,-9],[11,-13],[6,-14],[12,-24],[10,-39],[-2,-41],[-3,-22],[-4,-24]],[[74698,92746],[16,-13],[13,-11],[1,-6],[-2,-5],[-3,-4],[-1,-7],[2,-7],[10,-16],[-1,-10],[-4,-11],[-3,-11],[2,-14],[16,-28],[39,-47],[10,-21],[5,-14],[6,-51],[9,-57],[10,-44],[18,-34],[10,-9],[20,-5],[9,-2],[4,-7],[8,-13],[-11,-24],[-1,-8],[1,-6],[12,-20]],[[78468,89659],[92,171],[-1,59],[77,-6],[58,42],[98,78],[202,209],[-234,437],[29,245],[187,146],[175,166],[100,70],[-105,335],[22,262],[16,143]],[[84185,92087],[-88,168],[-151,127],[-99,123],[65,157],[-119,142],[-92,60],[-167,15],[-38,299],[56,236],[29,219],[76,163],[-23,131],[153,284],[206,390],[-49,60],[88,201],[-82,93],[0,221],[-72,40],[98,228],[58,302],[-98,187],[98,236],[-41,199],[-183,99],[-144,125],[-161,126],[-89,140],[-64,195],[-87,107],[-67,61],[27,82],[-51,79],[-41,-2],[-79,96],[-59,-32],[-19,130],[-122,-85],[-40,263],[15,97],[-37,102],[-9,68],[46,31],[63,185],[60,126],[59,137],[16,90],[19,83],[11,48],[-17,107],[-1,200],[-9,40],[-31,142]],[[82999,99208],[-50,-30],[-22,-11],[-32,-7],[-16,-1],[-38,7],[-23,9],[-30,15],[-13,0],[-10,-7],[-9,-15],[-6,-14],[-12,-22],[-21,-29],[-36,-37],[-47,-37],[-29,-17],[-31,-14],[-42,-21],[-49,-16],[-50,-11],[-27,0],[-37,10],[-22,10],[-35,20],[-28,29],[-25,25],[-11,12],[-17,20],[-6,4],[-8,0],[-5,-2],[-5,-3],[-5,-5],[-7,-5],[-8,-9],[-7,-7],[-8,-4],[-6,1],[-6,6],[-4,4],[-2,7],[-3,11],[-3,2],[-6,-2],[-3,-6],[-1,-9],[4,-25],[0,-4],[-1,-3],[-10,-5],[-10,-8],[-7,-4],[-12,1],[-4,1],[-2,0],[-2,-2],[-3,-9],[-1,-3],[-4,0],[-3,2],[-2,5],[-6,17],[-2,0],[-3,-1],[-1,-7],[-1,-9],[-3,-7],[-5,-2],[-6,-1],[-4,-5],[-3,-4],[-3,-8],[-3,-6],[-5,-3],[-7,-1],[-4,6],[-2,6],[-6,11],[-4,5],[-5,4],[-4,1],[-3,-2],[-4,-5],[-4,-9],[-3,-8],[-4,-14],[-1,-3],[-2,-2],[-7,2],[-2,-1],[-1,-5],[1,-3],[12,-12],[5,-6],[1,-5],[-1,-12],[-7,-12],[-12,-8],[-24,6],[-7,1],[-8,-5],[-8,-19],[-12,-14],[-8,-6],[-6,-9],[-7,-50],[4,-17],[-1,-23],[-12,-33],[-9,-21],[-13,-24],[-28,-34],[-46,-51],[-49,-30],[-36,-17],[-32,-3],[-14,2],[-14,7],[-10,11],[-5,7],[0,4],[6,24],[3,12],[-1,2],[-6,-1],[-6,-5],[-15,-26],[-6,-10],[-8,-17],[-5,-11],[-8,-12],[-14,-22],[-8,-8],[-29,-29],[-4,-11],[-2,-8],[-1,-14],[-5,-15],[-7,-15],[-17,-37],[-5,-13],[-20,-25],[-44,-36],[-31,-26],[-35,-36],[-12,-21],[-8,-11],[-15,-8],[-18,-5],[-18,-5],[-15,0],[-13,5],[-24,3],[-8,2],[-6,5],[-3,4],[-1,5],[-3,4],[-4,4],[-6,3],[-7,2]],[[79184,92016],[74,26],[26,12],[209,80],[387,167],[166,128],[839,458],[231,114],[12,5],[132,66],[160,-30],[151,-19],[197,-119],[71,-112],[1,-158],[-64,-183],[-126,-177],[128,-93],[-102,-121],[41,-113],[48,-129],[24,-68],[20,-62],[0,-56],[-23,-69],[34,-186],[374,-37],[327,-60],[455,28],[66,50],[403,105],[201,13],[157,304],[119,115],[173,-35],[146,73],[-56,154]],[[87603,96002],[-3,-28],[5,-32],[11,-21],[9,-33],[3,-55],[3,-52],[-6,-96],[2,-32],[5,-45],[-3,-24],[-11,-56],[-11,-75],[-8,-72],[1,-56],[-7,-35],[-15,-36],[-92,-151],[-28,-62],[-19,-7],[-20,-8],[-21,2],[-111,89],[-19,6],[-38,-8],[-20,9],[-15,-6],[-18,-39],[-8,-28],[1,-27],[-8,-37],[20,-50],[-6,-29],[-7,-16],[-84,-107],[-21,-26],[-34,-57],[-39,-58],[-45,-58],[-55,-90],[-65,-131],[-157,-270],[-72,-112],[-69,-109],[-29,-46],[-40,-52],[-43,-67],[-54,-74],[-10,-25],[5,-137],[12,-39],[22,-123],[11,-195],[-26,-45],[-24,-55],[-20,-57],[-13,-21],[-23,-13],[-15,8],[-100,-1],[-47,3],[-48,8],[-40,13],[-24,-3],[-27,10],[-19,23],[-33,99],[-18,27],[-18,7],[-20,-6],[-57,-35],[-17,-18],[-122,-215],[-141,-62],[-430,-11],[-397,-262],[-352,-295],[-81,-58],[-105,-70]],[[82999,99208],[13,9],[46,28],[28,27],[20,28],[31,50],[32,62],[10,42],[-1,20],[-2,23],[-6,10],[-13,11],[-33,8],[-14,5],[-6,14],[-7,23],[-1,29],[-7,15],[-18,11],[-8,0],[-8,-4],[-5,-3],[-5,-2],[-5,0],[-7,11],[-3,11],[1,8],[3,7],[1,8],[-2,23],[2,6],[3,4],[12,2],[18,-1],[7,-10],[2,-16],[3,-5],[14,-1],[18,5],[20,12],[28,25],[39,56],[8,2],[14,-9],[9,-3],[15,-4],[9,-9],[7,-8],[7,-3],[14,0],[5,-1],[4,-2],[8,-11],[2,-4],[-1,-7],[-11,-17],[-26,-29],[-16,-25],[-9,-23],[-5,-19],[-4,-26],[-1,-24],[4,-25],[6,-17],[27,-63],[5,-18],[1,-5],[1,-10],[0,-8],[13,-3],[9,-2],[1,0],[2,0],[0,-2],[-2,-14],[-3,-26],[0,-3],[1,-2],[16,-11],[1,-8],[-9,-19],[-1,-1],[-3,2],[-1,0],[-21,-23],[-10,-17],[-2,0],[-4,2],[-2,-1],[-10,-24],[-6,-3],[-2,0],[-3,0],[-1,0],[-20,-19],[0,-2],[14,-22],[2,0],[9,2],[1,1],[1,6],[-1,2],[-13,2],[-1,2],[-1,12],[0,2],[8,4],[18,7],[2,3],[4,10],[1,1],[16,13],[1,0],[7,-6],[7,-19],[9,-8],[0,-1],[-3,-2],[-1,-1],[6,-9],[0,-1],[-10,-10],[-1,1],[-4,7],[-5,2],[-24,-3],[-5,-3],[-6,-5],[-2,-3],[1,-3],[9,-11],[2,0],[16,7],[0,1],[-1,2],[-1,0],[-7,-3],[-6,-1],[-1,1],[-5,4],[0,1],[6,8],[1,1],[15,2],[2,-2],[0,-1],[-2,-5],[1,-1],[1,-2],[5,2],[2,-1],[8,-4],[8,-1],[7,3],[4,8],[0,8],[1,4],[17,10],[0,2],[-1,7],[-2,0],[-20,-9],[-1,1],[-13,18],[-5,14],[-3,10],[21,16],[9,-9],[9,3],[0,7],[5,5],[4,0],[4,-3],[3,-4],[2,1],[0,4],[8,3],[2,-9],[3,1],[4,-17],[-2,-2],[2,-5],[4,-1],[1,-5],[-3,-4],[-4,2],[-18,-13],[-5,-2],[0,-1],[0,-7],[1,0],[22,2],[2,0],[13,12],[1,1],[1,4],[12,39],[1,1],[6,2],[1,1],[1,3],[-1,15],[0,2],[15,19],[0,3],[-2,6],[-2,1],[-10,0],[-1,1],[-9,17],[-1,1],[-31,2],[-1,0],[-1,-1],[0,-8],[1,-1],[12,-1],[1,-1],[2,-27],[-2,0],[-20,0],[-1,2],[-1,26],[0,1],[3,0],[0,1],[0,8],[-1,1],[-33,1],[-4,2],[-4,7],[0,16],[0,14],[0,8],[-1,8],[-5,41],[-3,15],[-3,18],[-4,19],[-4,30],[3,24],[10,27],[11,21],[14,23],[16,21],[4,3],[4,-1],[4,-3],[2,-6],[-1,-5],[-21,-24],[-25,-32],[-8,-23],[-2,-19],[-1,-28],[8,-43],[4,-2],[3,-2],[17,-6],[34,-13],[28,-2],[57,-5],[39,6],[53,29],[35,25],[14,16],[67,59],[68,76],[25,26],[19,29],[0,5],[1,4],[-5,40],[0,9],[2,7],[3,4],[3,2],[2,0],[6,0],[9,-4],[7,-7],[8,-13],[12,-10],[8,-4],[14,-7],[27,-5],[37,3],[30,0],[34,4],[34,11],[27,11],[10,9],[28,25],[34,44],[24,42],[13,24],[18,31],[30,30],[23,14],[20,6],[60,13],[92,-172],[106,-226],[60,-218],[54,-145],[96,-91],[51,-17],[23,-5],[-25,-62],[-11,-36],[10,-43],[63,-80],[39,-38],[39,-12],[14,-36],[-10,-114],[18,-82],[133,-51],[33,-44],[-7,-175],[7,-44],[81,-191],[54,-57],[96,-52],[76,-19],[62,-65],[-8,-69],[6,-82],[8,-53],[17,-87],[37,-55],[83,-26],[54,-3],[32,7],[85,-2],[45,-14],[4,-25],[43,-21],[42,-17],[29,-4],[33,33],[15,51],[23,39],[32,14],[78,4],[52,32],[67,41],[83,104],[44,43],[45,2],[43,-21],[29,-3],[28,23],[26,53],[34,124],[52,73],[50,23],[34,-14],[35,-46],[27,-35],[30,-18],[26,-3],[6,13],[22,16],[21,-2],[48,-17],[44,-8],[27,32],[33,30],[53,9],[27,-33],[10,-102],[30,-107],[6,-60],[-13,-46],[-15,-14],[-46,-17],[-27,-41],[5,-40],[3,-112],[8,-51],[-4,-57],[-12,-97],[3,-63],[-9,-191],[1,-69],[25,-91],[26,-58],[21,-24],[44,-8],[24,-29],[6,-35],[28,-59],[50,-74],[80,-83],[41,-51],[72,-92],[42,-40],[31,-97],[4,-43],[3,-100],[12,-42],[28,-30],[47,-7]],[[90186,84243],[-19,2],[-18,1],[-27,-1],[-17,17],[-22,-11],[-30,-18],[-24,4],[-58,79],[-15,67],[9,62],[19,39],[32,48],[10,52],[-13,84],[-10,33],[-31,101],[-12,42],[25,62],[39,26],[60,67],[0,75],[2,51],[-70,130],[-38,94],[-3,78],[-15,57],[-13,48],[-20,37],[-91,-3],[-107,-29],[-75,-51],[-18,17],[-18,70],[-21,91],[-56,146],[-16,19],[-53,48],[-32,58],[-2,39],[11,79],[20,53],[2,91],[-3,113],[-11,192],[10,81],[18,41],[58,42],[37,42],[9,49],[23,32],[33,13],[68,20],[77,2],[51,57],[6,86],[-49,64],[-25,45],[-14,70],[0,63],[-10,45],[-33,129],[-36,86],[-104,133],[-53,65],[-41,81],[-36,105],[-10,52],[9,99],[34,108],[-16,122],[-25,105],[-31,113],[-43,64],[-65,26],[-47,-39],[-28,-10],[-29,17],[0,46],[-13,72],[-25,54],[-12,101],[-32,119],[-18,140],[-69,295],[-50,252],[-10,171],[-34,125],[-104,174],[-30,37],[-45,47],[-16,49],[-40,26],[-13,-11],[-39,2],[-31,8],[-42,45],[-40,21],[-49,-6],[-18,40],[-5,32],[12,44],[25,25],[52,5],[41,-3],[29,19],[20,27],[11,72],[-2,58],[-18,33],[-19,27],[-15,16],[-17,28],[-47,35],[-19,87],[-12,91],[14,44],[22,58],[4,36],[3,59],[-1,56],[5,42],[54,130],[29,46],[48,88],[9,90],[-4,95],[-9,94],[18,102],[-18,50],[-44,34],[-6,26],[-1,25],[-6,18],[-26,67],[-23,96],[-8,80],[-21,99],[-59,243],[38,96],[21,44],[2,44],[-9,34],[-57,64],[-47,97],[-52,99],[-46,167],[-1,86],[24,204],[-18,93],[-23,66],[-30,52],[-85,167],[-62,142],[-20,62],[-11,39],[-17,96],[-10,130],[9,145],[14,37],[-2,27],[-21,107],[-52,109],[-16,74],[-3,90],[31,48],[27,18],[-16,27],[-29,11],[-16,15],[-22,60],[-26,20],[-18,45],[-12,50],[2,30],[21,67],[18,90],[23,122],[-12,36],[-33,37],[-19,28],[-20,20],[-30,71],[-17,51],[-18,43],[-16,44],[-22,52],[-10,36],[-27,61],[-62,46],[-20,0],[-21,-5],[-30,-26],[-12,-30],[-18,-27]],[[64521,65002],[66,147],[29,187],[21,323],[-1,604],[-28,273],[73,316],[30,295],[52,290],[207,524],[240,617],[27,45],[162,213]],[[71445,88140],[-405,767],[-295,384],[-108,-257],[-82,102],[-152,267],[-406,346]],[[69997,89749],[44,61],[25,57],[7,8],[34,19],[31,40],[37,38],[38,42],[20,15],[36,28],[17,20],[9,20],[2,26],[1,5],[5,4],[14,7],[10,15],[6,28],[29,41],[115,100],[26,37],[-13,36],[-11,32],[-5,45],[2,44],[4,28],[10,30],[31,51],[28,43],[41,61],[4,4],[9,1],[5,-5],[3,-5],[0,-5],[-3,-7],[-5,-4],[-7,0],[-21,-34],[-53,-82],[-12,-21],[-11,-26],[-6,-29],[-2,-30],[0,-31],[5,-28],[22,-61],[52,35],[18,13],[-3,5],[8,10],[5,-5],[11,13],[-21,25],[1,1],[1,1],[6,2],[2,8],[-2,9],[-11,16],[-1,4],[1,5],[15,15],[27,25],[9,12],[6,14],[4,13],[1,12],[-12,18],[-6,1],[-6,3],[-3,6],[0,10],[4,7],[7,2],[7,-4],[51,-80],[11,5],[19,14],[58,76],[43,46],[5,25],[4,9],[-1,13],[-11,15],[1,2],[1,1],[15,-20],[2,1],[0,1],[-15,18],[1,3],[1,1],[15,-17],[13,-6],[7,-1],[3,4],[2,24],[16,22],[19,31],[4,3],[12,-1],[5,-2],[3,2],[1,4],[4,15],[19,30],[6,2],[10,-1],[4,4],[27,44],[7,2],[21,-2],[3,1],[12,15],[5,22],[6,9],[12,9],[26,9],[18,6],[32,38],[31,24],[55,61],[124,123],[122,109],[46,42],[46,69],[6,36],[-6,30],[-15,21],[-11,26],[1,33],[4,11],[7,10],[24,0],[20,1],[20,-1],[6,-5],[7,-23],[6,-14],[6,-8],[21,-1],[16,6],[8,13],[1,14],[-1,6],[-3,5],[-3,6],[0,9],[14,3],[14,4],[65,31],[41,66],[90,57],[38,48],[46,26],[34,-5],[20,-14],[17,-10],[4,11],[-34,33],[-40,21],[-35,-7],[-31,-33],[-57,-51],[-57,-63],[-20,-28],[-40,-54],[-10,-7],[-11,-5],[-30,-13],[-14,7],[-2,8],[-1,21],[5,18],[8,8],[17,14],[22,19],[13,11],[11,9],[3,10],[3,12],[3,9],[9,11],[37,38],[41,42],[17,23],[18,32],[12,21],[29,38],[20,19],[18,6],[9,10],[4,14],[4,28],[5,45],[5,16],[7,12],[13,8],[14,3],[11,1],[11,1],[17,9],[6,8],[6,24],[4,8],[11,19],[11,11],[7,10],[4,17],[8,46],[18,60],[13,59],[28,100],[29,117],[21,89],[5,20],[8,15],[55,92],[49,80],[29,43],[37,61],[92,147],[42,68],[46,76],[83,134],[60,103],[15,17],[13,3],[15,-4],[19,-22],[6,-24],[-3,-14],[-6,-8],[-8,1],[-30,17],[-4,0],[-4,-4],[-345,-557],[-16,-27],[-4,-9],[0,-3],[1,-4],[8,-15],[9,-11],[11,-12],[55,46],[38,32],[23,8],[24,6],[15,2],[13,1],[17,-2],[2,-1],[3,-3],[3,-3],[0,-7],[-3,-6],[-45,-6],[-40,-14],[-15,-13],[-14,-12],[-2,-7],[-1,-7],[-2,-6],[-4,-8],[-57,-49],[-28,-28],[-21,-10],[-10,-9],[-13,-23],[-5,-10],[1,-8],[24,-31],[10,-19],[1,-10],[-3,-17],[2,-11],[13,-16],[9,-5],[13,4],[14,11],[13,10],[10,6],[15,3],[10,-6],[5,-18],[-4,-24],[-4,-20],[8,-30],[13,-12],[7,-14],[5,-42],[-5,-34],[-3,-21],[1,-9],[6,-10],[25,-38],[34,-51],[-1,-1],[-3,-3],[-40,52],[-5,-7],[-5,-10],[1,-2],[-7,-12],[-4,-2],[-20,8],[-8,6],[-10,2],[-5,-1],[-17,-23],[-1,-5],[3,-4],[25,-8],[2,-2],[1,-2],[1,-15],[0,-4],[-40,-4],[-3,-2],[-4,6],[3,4],[-1,27],[-33,-4],[1,-11],[-34,-3],[0,10],[-32,0],[0,-5],[-1,0],[-3,1],[-62,-62],[-3,3],[-11,-9],[-1,-1],[-17,-13],[-1,-1],[-27,-25],[0,-3],[-1,-19],[1,-3],[32,-32],[-1,-5],[3,-1],[1,3],[2,-1],[2,-1],[-1,-2],[4,-2],[1,4],[2,-1],[10,-5],[5,18],[-2,1],[11,33],[10,-5],[-5,-16],[4,-2],[5,16],[2,-1],[-2,-6],[20,-11],[-15,-44],[47,-19],[11,29],[4,14],[14,35],[17,0],[-2,-6],[-11,-26],[9,-10],[9,-11],[22,-17],[41,58],[11,16],[34,50],[4,4],[5,1],[1,-1],[1,-3],[-2,-3],[-46,-68],[16,-38],[19,-32],[56,-53],[60,-39],[96,-54],[91,-25],[79,-12],[55,-7],[65,0],[69,-6],[51,-5],[32,-3],[14,0],[13,3],[39,18],[40,30],[27,23],[31,27],[26,22],[21,17],[20,16],[14,15],[4,2],[3,-1],[1,-14],[1,-16],[-8,-27],[-5,-15],[0,-9],[6,-8],[27,-15],[23,1],[30,23],[20,26],[13,45],[6,10],[15,7],[30,-2],[40,19],[15,19],[10,21],[21,23],[5,2],[7,-1],[17,-24],[22,-25],[28,-14],[23,-9],[43,-10],[4,-1],[3,0],[9,1],[18,2],[37,8],[58,21],[51,29],[32,21],[65,32],[34,21],[12,10],[13,18],[17,12],[29,21],[39,25],[37,36],[34,40],[6,12],[3,12],[0,8],[-2,10],[-1,14],[3,13],[5,15],[10,30],[5,28],[3,13],[-5,19],[-7,18],[-5,13],[1,13],[6,8],[8,4],[20,12],[10,14],[0,12],[-6,19],[-1,6],[3,7],[7,2],[16,-3],[34,-4],[22,-15],[11,-13],[5,-29],[10,-17],[15,-10],[19,-8],[27,0],[12,5],[12,8],[37,17],[39,11],[55,18],[11,10],[7,9],[12,21],[6,22],[3,10],[2,10]],[[69997,89749],[-62,-69],[-21,-22],[-24,-21],[-38,-29],[-63,-62],[-12,-21],[-31,-39],[-38,-44],[-59,-56],[-64,-56],[-91,-62],[-29,-3],[-29,6],[-23,14],[-25,16],[-7,1],[-3,-7],[6,-13],[4,-18],[1,-22],[-1,-9],[-1,-2],[-7,-11],[-17,-25],[-18,-28],[-28,-33],[-20,-35],[-34,-83],[-11,-41],[-39,-61],[-145,-146],[-54,-49],[-52,-37],[-46,-78],[-31,-32],[-47,-25],[-38,-51],[-40,-25],[-53,-26],[-39,7],[-33,-2],[-40,-53],[7,-29],[5,-37],[-3,-21],[-15,-17],[-26,3],[-8,15],[-23,-4],[-33,-49],[0,-27],[-10,-35],[-14,-65],[-42,-27],[-59,-33],[-18,-7],[-21,-41],[-23,-23],[-20,-27],[-32,-27],[-50,-47],[-41,-38],[-45,-38],[-43,-42],[-51,-33],[-26,-24],[-23,1],[-43,-35],[-39,-37],[-105,-84],[-19,-24]],[[67775,87545],[157,-176],[630,-858],[177,149],[88,-187],[25,-37],[41,-65],[-30,-24],[-4,-76],[102,13],[22,-39],[42,-73],[289,311],[392,-310],[-15,-120]],[[68067,80251],[-167,-4],[-90,77],[-79,275],[-7,224],[-133,47],[-105,565],[83,321],[298,159],[-67,268],[99,81],[95,140]],[[67994,82404],[106,108],[181,63],[266,32]],[[67994,82404],[-156,74],[-276,166],[-359,173],[13,-218],[-159,-51],[-69,3],[-338,-348],[-242,-248],[-171,-177],[-31,-8],[-198,-49],[-35,-16],[16,-56],[-55,-41],[-123,-148],[46,-51],[40,-50],[10,-19],[18,-54],[40,-96],[1,6],[3,-2],[12,-29],[33,-94],[46,-107],[13,-33],[18,-43],[19,-45],[23,-51],[8,-17],[28,-61],[66,-88],[87,-94],[88,-141]],[[22491,61685],[21,-328],[61,-243],[48,-286],[15,-15],[45,-41],[36,-30],[38,-36],[68,-65],[41,-37],[-25,-41],[-35,-44],[-67,-80],[21,-22],[51,-52],[24,-24],[223,-217],[149,164],[107,-108],[29,-43],[87,-72],[196,-44],[159,-43],[84,-17],[4,-1],[2,-1],[3,0],[65,-13],[112,-18],[162,-22],[66,-16],[107,-22],[22,-5],[105,-23],[148,-34],[3,0],[-26,-118],[-14,-72],[-2,-17],[1,-17],[5,-66],[17,-179],[0,-148],[5,-140],[-1,-44],[-2,-43],[-12,-70],[-8,-77],[-9,-69],[-5,-58],[1,-83],[8,-47],[30,-155]],[[24654,58403],[12,4],[203,82],[366,62],[-67,522],[-4,471],[-26,151],[-4,22],[95,3],[164,49],[254,123],[201,123],[68,54],[155,164],[-33,17],[-23,13],[-82,44],[-27,44],[-37,82],[14,65],[5,106],[-1,13],[74,77],[16,20],[27,35],[-1,31],[10,6],[-1,30],[41,3],[19,26],[18,57],[7,14],[11,24],[55,23],[12,15],[18,37],[27,14],[-28,47],[-15,11],[13,63],[-13,38],[-15,14],[-47,38],[-60,95],[-10,41],[-4,8],[-9,15],[-4,11],[6,2],[-9,30],[11,7],[-2,5],[-3,12],[1,4],[5,5],[8,10],[1,9],[2,8],[3,1],[6,-2],[4,1],[4,1],[3,0],[3,-2],[14,-2],[15,-1],[12,1],[5,2],[15,7],[19,7],[-1,3],[-11,38],[-9,-5],[-19,-4],[-18,43],[-14,34],[2,13],[-3,11],[-30,65],[-1,12],[-2,14],[1,0],[11,5],[33,13],[30,13],[-17,52],[-6,60]],[[26097,61882],[-107,-19],[-13,-2],[-104,-39],[-46,-18],[-115,-37],[-24,-8],[-57,-3],[-58,-2],[-76,-18],[-35,4],[-5,1],[-36,-5],[-24,-10],[-37,6],[-11,14],[-5,3],[-11,8],[-8,1],[-7,-2],[-6,-9],[-1,-10],[-28,3],[-25,17],[-43,0],[-24,1],[-5,-1],[-6,0],[-26,2],[-33,-2],[-66,6],[-3,0],[-51,-6],[-36,-5],[-18,-1],[-16,1],[-4,-1],[-16,-2],[-28,14],[-57,33],[-21,3],[-17,13],[-2,2],[-18,14],[-5,4],[-15,12],[-1,1],[-15,10],[-7,9],[-10,12],[-10,10],[-22,21],[-10,5],[-14,9],[-18,9],[-14,17],[-20,19],[-27,21],[-22,23],[-19,21],[-15,7],[-19,23],[-9,16],[4,5],[4,3],[2,2],[-1,4],[-3,1],[-6,-1],[-3,-2],[-4,0],[-2,3],[-1,6],[-3,4],[-1,7],[0,7],[2,4],[7,5],[0,4],[-4,0],[-4,0],[-1,-6],[-1,-2],[-4,-4],[-6,-8],[2,-2],[2,0],[1,-5],[-2,-5],[-3,-2],[-3,0],[-1,5],[-16,12],[-15,21],[-11,13],[-10,17],[-18,27],[-6,2],[-1,2],[1,7],[3,4],[2,3],[-2,8],[-5,0],[-5,2],[-5,7],[-10,13],[-1,2],[-9,17],[-7,8],[-15,22],[37,56],[4,0],[2,1],[44,69],[7,19],[6,17],[2,8],[1,9],[0,4],[-4,3],[-4,-1],[-2,-4],[-1,-18],[-4,-13],[-8,-20],[-15,9],[-23,-34],[-10,8],[-50,-99],[-23,18],[50,97],[-6,5],[-5,4],[-7,0],[1,-2],[-4,0],[-13,-1],[-16,-1],[-9,-1],[-37,-5],[-13,-4],[-10,-5],[-4,13],[-1,4],[3,1],[13,7],[9,4],[3,1],[9,0],[13,1],[13,1],[21,1],[0,-3],[0,-3],[0,-2],[-1,0],[0,-1],[0,-1],[1,-1],[1,1],[0,1],[2,0],[6,1],[3,0],[1,0],[4,0],[1,2],[-1,4],[-1,3],[-2,3],[-6,9],[-3,5],[-11,2],[-11,12],[-7,8],[0,1],[0,1],[0,1],[1,2],[0,2],[0,1],[6,3],[1,1],[0,-1],[2,0],[0,-1],[0,-1],[0,-2],[1,0],[1,0],[0,1],[0,1],[0,1],[0,4],[-2,8],[-5,28],[-4,15],[-5,24],[0,10],[0,3],[-1,14],[1,2],[1,1],[18,4],[4,1],[3,1],[2,-2],[26,-21],[6,-6],[7,-6],[0,-2],[1,-2],[62,-53],[12,-5],[7,0],[12,-2],[88,-17],[1,-3],[1,-3],[2,-2],[3,-1],[3,0],[3,1],[2,2],[2,4],[0,4],[0,4],[-1,3],[-1,2],[-3,3],[-109,24],[-38,15],[-71,61],[-17,11],[-10,6],[-8,2],[-4,3],[-4,4],[-25,35],[-12,22],[-15,37],[-3,14],[-7,23],[-7,42],[-12,22],[-16,22],[-23,23],[-34,18],[-25,13],[-17,10],[-16,6],[-29,3],[-5,1],[-17,4],[-11,5],[-39,32],[-37,31],[-8,5],[-8,2],[-21,-5],[-23,-6],[-22,-14],[-40,-20],[-9,-5],[-15,-17],[-14,-20],[-27,-39],[-7,-15],[-1,-1],[-29,-47],[-30,-62],[-2,-4],[-18,-27],[-18,-35],[-3,-7],[-3,-6],[-15,-46],[-24,-39],[-38,-66],[-26,-31],[-34,-55],[-35,-14],[-36,1],[-11,24],[-33,45],[-18,11],[-28,-13],[-15,-17],[-15,0],[-67,122],[-33,59],[-6,2],[-7,-4],[-7,-13],[0,-6],[48,-85],[14,10],[2,0],[20,-35],[26,-43],[-1,-5],[-57,-74],[-141,-149],[-30,-45],[-30,-33],[-48,-20],[-14,9],[-15,12],[-20,0],[-20,-6],[-14,-18],[-27,-37],[-17,-19],[-41,-66],[-32,-51],[-37,-52],[-54,-75],[-41,-30],[-4,-11],[-19,-36],[-51,-39],[-68,-32],[-20,-13]],[[36655,60024],[-42,13],[-60,14],[-50,19],[-37,29],[-25,49],[-9,23],[-7,36],[-24,44],[-17,17],[-27,51],[-41,60],[-30,57],[-17,28],[-61,77],[-35,28],[-37,44],[-27,26],[-41,23],[-30,1],[-63,40],[-70,48],[-49,21],[-60,28],[-48,12],[-28,7],[-19,-11],[-48,-49],[-44,-46],[-27,-48],[-31,-96],[-18,-65],[-26,-32],[-25,-13],[-35,10],[-34,18],[-34,34],[-48,101],[-24,49],[-24,73],[-31,109],[-4,17],[-29,86],[-9,31],[-29,32]],[[35181,61019],[-59,-276],[-129,-303],[-116,-478],[-8,-375],[-56,-482],[-173,-437],[-186,-258],[-105,-333],[98,-438],[68,-497],[-105,-333],[-448,-304],[-392,-520],[119,-160],[205,-333],[11,-428],[-309,-308],[-151,-409],[-1,-57],[-5,-321],[-35,-372],[-377,-244],[-335,-303],[-345,509],[-346,-425],[-397,-480],[-407,-675],[-617,-544],[-175,-385],[-724,51]],[[29681,51101],[564,-649],[725,-446],[485,-450],[643,464],[366,9],[586,-201],[561,-202],[365,-410],[546,-317],[127,-338],[239,-826],[306,413],[449,253],[354,-408]],[[35997,47993],[-55,2147],[-60,596],[-90,429],[177,302],[-23,444],[-105,297],[-14,269],[-253,189],[-47,729],[805,514],[422,231],[509,441],[258,351],[124,179],[414,304],[304,572],[102,118],[21,180],[54,117],[98,180],[82,223],[123,173],[240,116],[337,103],[41,29]],[[39461,57226],[-19,40],[-7,37],[-3,40],[4,56],[2,49],[5,54],[6,38],[18,39],[30,40],[33,37],[19,14],[24,6],[63,7],[31,14],[17,9],[20,16],[18,14],[65,50],[60,51],[64,57],[24,25],[19,25],[24,32],[3,12],[1,11],[-14,62],[-5,25],[-4,24],[-15,72],[-8,51],[-15,62],[-6,29],[-1,35],[0,23],[5,91],[2,22],[5,53],[-3,41],[-8,37],[-14,37],[-18,54],[-16,71],[-10,125],[-11,86],[-14,102],[-10,43],[-9,25],[-7,16],[-3,39],[-8,61],[-3,17],[-6,14],[-25,47],[-34,46],[-46,49],[-11,17],[-48,102],[-25,54],[-23,24],[-30,20],[-15,10],[-18,9],[-17,9],[-20,10],[-16,-1],[-16,-10],[-22,-37],[-11,-30],[-9,-30],[-7,-29],[-22,-54],[-18,-26],[-10,-12],[-16,-7],[-27,0],[-54,10],[-41,10],[-29,9],[-44,26],[-44,15],[-57,11],[-53,17],[-39,10],[-20,6],[-17,10],[-50,42],[-8,7],[-14,5],[-48,5],[-75,-1],[-21,-3],[-18,-10],[-55,-47],[-46,-29],[-10,-3],[-14,5],[-18,11],[-22,9],[-17,1],[-17,-6],[-68,-35],[-23,-10],[-25,-16],[-50,-41],[-20,-22],[-16,-23],[-24,-39],[-12,-20],[-5,-6],[-67,-44],[-25,-17],[-23,-22],[-39,-40],[-26,-19],[-21,-9],[-28,0],[-27,10],[-22,18],[-14,18],[-47,52],[-17,22],[-13,23],[-17,45],[-15,35],[-24,38],[-11,10],[-31,-2],[-38,11],[-64,39],[-88,38],[-99,27],[-49,13],[-56,7],[-54,13],[-60,29],[-77,29],[-57,48],[-35,44],[-25,24],[-42,23],[-39,36],[-20,14],[-11,13],[-12,18],[-16,11],[-16,5],[-66,21],[-49,16],[-61,27],[-44,18],[-26,7]],[[31290,65178],[-73,-6],[-91,3],[-176,-65],[-102,-121],[-47,-32],[-79,-51],[-17,-154],[-124,-143],[-126,-117],[-131,-206],[-127,-202],[155,-224],[84,-114],[136,1],[246,4],[181,-12],[58,-9],[9,-2]],[[31066,63728],[-61,-173],[-34,-96],[-27,-74],[-216,-641],[-14,-116],[-34,-292],[-11,-58],[-109,-562],[-210,-859],[-235,-693],[-185,-370],[-501,-1097],[-302,-931],[-133,-256],[-59,-77],[-272,-961],[-63,-220],[-456,-867],[-173,-344],[-54,-258]],[[27917,54783],[-75,-197],[-106,-230],[-167,-183],[-221,-164],[-275,-471],[-204,-237],[-130,-208],[-221,-132],[-308,-213],[-333,-183],[-248,-265],[-280,-218],[-49,-35]],[[25300,52047],[-33,211],[-59,411],[-42,136],[-87,251],[-47,290],[-6,237],[0,234],[70,526],[1,224],[45,232],[51,279],[37,218],[-2,195],[-2,143],[-15,244],[0,215],[-17,141],[-50,136],[-162,234],[-60,162],[-23,168],[-29,204],[-28,174],[-55,238],[-44,279],[-28,228],[-51,304],[-10,42]],[[26097,61882],[70,60],[94,48],[135,85],[44,16],[31,-2],[29,9],[48,35],[62,26],[39,34],[34,40],[82,51],[105,55],[146,92],[83,62],[63,43],[72,61],[151,90],[117,70],[132,92],[67,59],[44,24],[42,16],[74,79],[154,130],[106,99],[84,75],[96,80],[156,128],[106,93],[105,83],[100,91],[63,65],[100,100],[58,61],[33,13],[13,34],[46,57],[67,64],[95,109],[105,126],[98,106],[82,98],[58,56],[63,42],[37,81],[41,60],[25,29],[4,18],[-3,26],[2,23],[14,20],[60,33],[68,77],[92,87],[71,79],[68,79],[60,56],[85,90],[74,93],[41,47],[43,37],[35,40],[137,130],[167,174],[101,95],[85,98],[68,68],[59,53],[181,170],[35,21],[52,33],[14,17]],[[31365,66571],[22,-27],[33,-37],[13,-20],[8,-27],[9,-51],[-5,-36],[-37,-129],[-45,-202],[-42,-398],[-31,-466]],[[29681,51101],[-317,519],[-280,412]],[[29084,52032],[-366,694],[-142,329],[-187,351],[-206,347],[-179,441],[-63,253],[-24,336]],[[31066,63728],[40,113],[575,157]],[[31681,63998],[43,-137],[40,-194],[15,-98],[-17,-168],[-50,-214],[-39,-260],[-33,-186],[3,-151],[45,-94],[88,-94],[138,-108],[106,-74],[57,-37],[117,-61],[110,-26],[68,-2],[30,5],[70,38],[50,71],[5,100],[-38,71],[-241,165],[-83,97],[-25,96],[18,102],[61,105],[107,87],[86,16],[88,-26],[136,-144],[64,-76],[75,-33],[110,-8],[67,56],[98,211],[97,204],[111,109],[120,35],[80,-5],[64,-34],[24,-52],[-8,-65],[-51,-87],[-70,-126],[-80,-116],[-16,-86],[9,-90],[23,-113],[31,-127],[15,-136],[-22,-285],[-10,-168],[14,-155],[35,-122],[41,-85],[47,-46],[69,-6],[62,43],[70,113],[80,180],[74,190],[38,100],[46,73],[41,35],[40,23],[64,-8],[60,-48],[33,-67],[52,-112],[31,-79],[51,-88],[74,-96],[79,-69],[57,-40],[78,0],[49,27],[52,70],[46,80],[49,95],[58,74],[67,61],[64,37],[67,7],[41,-15],[47,-52],[18,-69],[-5,-80],[-16,-59],[-37,-65],[-41,-41],[-68,-71],[-77,-106],[-22,-65],[-5,-39],[19,-87],[22,-41],[57,-68],[32,-32],[53,-42],[49,-55],[59,-66]],[[31681,63998],[-59,87],[-74,104],[-120,193],[-68,81],[-42,129],[-19,389],[-9,197]],[[41108,56578],[10,-46],[0,-30],[-2,-20],[-6,-23],[-3,-21],[-1,-25],[1,-50],[-2,-40],[2,-30],[4,-16],[13,-27],[7,-29],[3,-21],[-9,-96],[-7,-56],[-14,-61],[-16,-45],[-27,-55],[-5,-12],[0,-16],[3,-17],[-1,-16],[-12,-40],[-15,-41],[-23,-29],[-44,-60],[-27,-32],[-13,-13],[-17,-8],[-15,1],[-12,6],[-11,7],[-13,14],[-10,6],[-38,19],[-19,10],[-16,24],[-12,45],[-9,33],[-7,52],[-2,28],[-1,50],[0,8],[1,34],[0,75],[-6,57],[-1,29],[-1,52],[-1,46],[-1,51],[-12,53],[-5,24],[-5,30],[-1,22],[-3,18],[-12,14],[-17,16],[-42,18],[-34,10],[-34,4],[-35,-3],[-35,-3],[-52,-22],[-34,-21],[-20,-26],[-8,-19],[-9,-17],[-6,-13],[-3,-15],[1,-18],[3,-14],[9,-25],[14,-26],[34,-49],[19,-30],[6,-18],[3,-26],[1,-19],[-3,-16],[-4,-14],[-22,-37],[-12,-18],[-10,-8],[-17,-12],[-18,-4],[-33,-9],[-49,-12],[-32,-7],[-31,-4],[-23,-1],[-9,-4],[-7,-7],[-6,-13],[-6,-14],[-5,-8],[-8,-7],[-13,-7],[-16,-6],[-16,-4],[-16,-2],[-40,-13],[-44,-14],[-39,-2],[-32,-13],[-27,-23],[-25,-34],[-34,-62],[-10,-10],[-34,-29],[-16,-12],[-14,-16],[-15,-33],[-5,-26],[-6,-55],[2,-41],[5,-27],[10,-38],[14,-32],[6,-41],[4,-46],[6,-26],[15,-38],[33,-31],[38,-7],[48,19],[48,33],[33,20],[35,19],[38,26],[21,11],[36,16],[25,8],[37,5],[39,6],[42,-5],[27,-4],[51,-20],[33,-23],[23,-23],[13,-18],[23,-32],[29,-45],[10,-33],[4,-20],[2,-41],[-5,-25],[-22,-56],[-25,-39],[-23,-44],[-15,-24],[-11,-15],[-23,-18],[-14,-15],[-10,-14],[-23,-31],[-33,-54],[-12,-39],[-12,-33],[-11,-27],[-29,-43],[-28,-27],[-36,-53],[-7,-14],[-10,-37],[-3,-51],[9,-50],[11,-26],[13,-30],[30,-37],[51,-58],[35,-23],[23,-22],[46,-32],[52,-25],[41,-20],[26,-15],[58,-48],[17,-15],[11,-2],[9,1],[13,10],[6,11],[10,26],[2,5],[20,75],[3,56],[5,47],[8,40],[24,60],[8,38],[10,57],[16,49],[4,16],[0,16],[-4,36],[1,15],[4,14],[9,23],[23,66],[9,57],[16,55],[20,27],[61,78],[49,41],[17,16],[26,15],[20,13],[24,17],[33,16],[78,23],[31,5],[30,1],[77,-6],[51,1],[56,-3],[72,-10],[19,-6],[6,-1],[9,-1],[35,-8],[17,-14],[21,-25],[11,-29],[9,-51],[3,-35],[-3,-46],[-14,-81],[-4,-32],[-3,-59],[5,-60],[6,-32],[24,-50],[37,-73],[21,-48],[31,-71],[12,-58],[12,-89],[7,-88],[-4,-69],[-22,-87],[-11,-37],[-19,-81],[-16,-74],[-13,-75],[-12,-71],[-13,-44],[-18,-62],[-16,-46],[-27,-71],[-10,-46],[-9,-29],[1,-54],[-8,-39],[-8,-39],[-12,-45],[-12,-77],[-10,-102],[4,-51],[9,-55],[18,-59],[15,-25],[19,-17],[37,-11],[12,2],[25,4],[18,10],[55,33],[28,25],[23,21],[56,35],[17,19],[13,19],[17,38],[17,31],[13,8],[14,2],[15,-5],[11,-9],[22,-23],[12,-16],[10,-24],[15,-52],[8,-46],[14,-60],[7,-33],[6,-40],[3,-34],[11,-46],[17,-59],[10,-29],[14,-22],[17,-25],[21,-36],[15,-31],[20,-24],[18,-15],[19,-2],[32,6],[26,15],[19,18],[28,25],[32,22],[30,17],[12,2],[38,-4],[17,-5],[22,-5],[33,-2]],[[42427,52438],[24,0],[28,-3],[35,-9],[27,1],[33,6],[24,2],[22,0],[32,-11],[44,-17],[34,-13],[25,-11],[26,-24],[14,-28],[8,-32],[-3,-44],[-8,-40],[-18,-28],[-13,-17],[-18,-6],[-20,5],[-24,6],[-13,6],[-8,1],[-39,2],[-28,6],[-28,6],[-23,0],[-25,-8],[-19,-6],[-15,-7],[-28,-14],[-21,-11],[-25,-24],[-10,-15],[-10,-40],[-26,-69],[-15,-30],[-17,-31],[-13,-39],[-3,-30],[3,-26],[9,-23],[10,-19],[11,-22],[7,-28],[4,-21],[2,-21],[5,-22],[13,-33],[19,-32],[13,-24],[3,-12],[1,-12],[-2,-34],[2,-19],[4,-15],[13,-25],[11,-34],[3,-16],[1,-21],[-5,-32],[-16,-50],[-11,-32],[-2,-14],[2,-23],[-4,-11],[-5,-5],[-15,-12],[-15,-9],[-18,-10],[-18,-12],[-14,-12],[-31,-16],[-54,-37],[-53,-25],[-65,-52],[-30,-38],[-22,-22],[-12,-17],[-7,-23],[-2,-34],[6,-31],[22,-49],[50,-72]],[[42146,50775],[-23,-12],[-265,31],[-203,134],[-264,-39],[-50,-7],[-44,-163],[-123,-183],[-512,-235]],[[40662,50301],[-414,-56],[-385,-89],[-429,-80],[-366,-234],[-292,-94],[-243,-225],[-384,-376],[-643,-441],[-403,-244],[-452,-375],[-344,-324],[-149,-300],[-121,-251]],[[36037,47212],[-10,147],[-30,634]],[[39461,57226],[18,-27],[2,-7],[0,-9],[-1,-17],[1,-11],[4,-16],[10,-14],[13,-12],[15,-6],[29,-2],[33,-2],[63,0],[66,7],[61,-6],[62,5],[45,4],[49,-4],[67,3],[17,-2],[10,-7],[7,-8],[5,-7],[7,-3],[7,4],[12,18],[11,9],[13,3],[21,0],[68,-3],[48,3],[37,0],[81,-9],[29,1],[40,3],[31,9],[27,4],[30,1],[23,-10],[28,-24],[24,-16],[20,-7],[36,-19],[33,-27],[17,-14],[11,-12],[6,-15],[6,-32],[5,-27],[4,-65],[3,-22],[14,-30],[28,-41],[27,-38],[23,-25],[18,-19],[10,-9],[14,-6],[19,-1],[23,4],[24,16],[38,27],[35,25],[24,19],[20,11],[14,3],[12,-4],[12,-9],[7,-15],[7,-30],[2,-24],[5,-32],[10,-37],[3,-19],[4,-26]],[[25300,52047],[-54,-38],[-494,-243],[-283,-168],[-338,-68],[-460,-63],[-384,103],[-192,264],[-238,498],[-66,115],[-101,177],[-536,713],[-248,302],[-358,253],[-226,-507],[-222,-375],[-156,-358],[-83,-505],[136,-436],[181,-612],[165,-363],[196,-341],[262,-485],[110,-218],[14,-268],[-146,-147]],[[21779,49277],[-180,77],[-370,58],[-213,31],[-373,36],[-225,69],[-292,87],[-378,281],[-511,634],[-182,422],[-352,560],[-317,-30],[-237,289],[-184,208]],[[17965,51999],[-15,47],[-11,21],[-11,12],[-4,4],[-4,1],[-23,-10],[-3,2],[-2,3],[-1,4],[1,5],[18,21],[6,5],[11,11],[9,9],[4,3],[10,10],[4,10],[5,5],[8,2],[14,5],[8,8],[11,19],[11,19],[13,55],[28,31],[19,16],[23,32],[9,28],[13,27],[31,31],[42,50],[11,16],[10,22],[26,37],[25,46],[4,4],[3,4],[4,7],[9,17],[31,55],[11,25],[5,7],[8,7],[15,9],[16,4],[23,11],[16,5],[7,7],[4,7],[6,25],[-7,19],[0,7],[4,6],[7,1],[6,-5],[9,-2],[34,25],[39,38],[25,24],[30,50],[21,40],[10,37],[3,15],[3,19],[2,12],[4,6],[6,9],[9,11],[14,17],[16,24],[9,11],[5,13],[10,42],[-2,20],[-11,7],[0,9],[3,27],[13,13],[7,1],[9,-5],[8,4],[17,42],[7,22],[4,20],[1,52],[-2,45],[-2,81],[-3,28],[-7,23],[-374,293],[5,8],[5,7],[15,-15],[29,-23],[17,34],[114,-94],[25,-16],[159,-127],[-4,-9],[52,-39],[11,1],[11,17],[18,26],[26,46],[-25,21],[-142,111],[-11,10],[-97,75],[7,11],[10,20],[5,10],[88,-70],[19,-14],[163,-123],[42,83],[-58,52],[-185,145],[5,8],[12,22],[15,-12],[69,-53],[46,-43],[18,107],[-17,14],[-1,9],[2,3],[4,-3],[19,-15],[-17,-121],[81,-67],[62,112],[41,79],[-73,58],[-10,1],[-16,-5],[-82,65],[-9,17],[-3,17],[31,57],[142,-107],[30,59],[88,-68],[26,45],[11,1],[13,2],[6,2],[2,26],[-1,26],[-6,7],[-9,11],[-20,6],[-18,7],[-5,9],[7,23],[23,26],[2,1],[3,-1],[29,-20],[2,1],[1,6],[2,64],[0,5],[-3,1],[-7,2],[-2,6],[2,29],[-1,5],[-14,12],[-16,17],[-29,-59],[-12,-51],[-7,-15],[-9,-10],[-6,-2],[-5,0],[-12,9],[-7,-12],[-121,99],[61,65],[31,32],[29,34],[-47,37],[-20,15],[-23,8],[-29,3],[-22,-9],[3,-15],[-1,-2],[-7,-3],[-4,-1],[-5,17],[-40,-16],[-119,-47],[-68,-27],[-64,-34],[-13,-8],[-15,-11],[-7,-6],[-48,-40],[3,-5],[-4,-4],[-4,4],[-14,-13],[-41,-46],[-42,-57],[-187,-294],[-33,-47],[9,-13],[0,-6],[-5,-4],[-6,3],[-7,6],[-124,-206],[-16,18],[276,438],[86,132],[47,63],[51,54],[61,51],[49,30],[150,66],[122,48],[26,10],[40,2],[28,-10],[26,-16],[56,-46],[7,-6],[80,-65],[23,-22],[9,-6],[8,5],[15,20],[10,6],[13,-6],[25,-17],[6,-3],[12,1],[6,1],[14,-7],[1,-3],[2,-2],[61,-48],[50,-50],[8,-5],[2,1],[1,3],[2,8],[30,21],[1,9],[-4,10],[-7,6],[-9,1],[-35,1],[-29,16],[-60,45],[-4,1],[-5,0],[-13,11],[-2,8],[-7,16],[-26,22],[-9,9],[-4,11],[1,4],[4,6],[8,-2],[9,0],[6,3],[14,15],[9,18],[25,58],[6,49],[2,10],[2,7],[7,12],[29,12],[16,9],[8,11],[10,10],[19,2],[16,6],[16,12],[7,11],[4,15],[-7,87],[-15,68],[-18,73],[-16,35],[-32,52],[-26,55],[-12,41],[-28,54],[-33,59],[-27,41],[-40,54],[-19,29],[-42,66],[-30,49],[-18,37],[-33,50],[-36,59],[-18,41],[-2,26],[-4,38],[-12,31],[-2,13],[-11,29],[-11,22],[0,15],[3,17],[6,36],[-8,26],[-15,23],[-33,39],[-13,21],[-15,15],[-29,15],[-12,2],[-16,10],[-32,36],[-7,1],[-7,-5],[-23,-6],[-22,7],[-15,28],[-3,19],[2,13],[8,6],[20,10],[1,8],[-2,11],[-6,13],[-18,16],[-12,11],[0,7],[2,5],[11,5],[17,5],[20,10],[24,14],[12,9],[14,17],[19,19],[9,20],[1,24],[-2,22],[-3,18],[3,12],[6,13],[13,27],[10,21],[25,38],[29,29],[11,21],[15,58],[0,10],[-2,7],[-12,11],[-7,7],[-3,11],[0,4],[2,4],[8,5],[3,5],[0,11],[-3,12],[2,7],[3,4],[8,2],[13,-4],[18,0],[20,5],[26,24],[14,28],[2,20],[2,22],[3,5],[6,4],[4,1],[3,-4],[3,-10],[1,-2],[3,0],[3,2],[3,0],[5,-5],[14,-20],[6,-5],[6,-4],[5,0],[4,3],[8,6],[10,10],[5,9],[0,8],[0,13],[2,3],[3,1],[7,-1],[11,-2],[10,5],[5,2],[17,10],[22,5],[5,3],[3,5],[3,23],[0,13],[3,27],[-2,8],[-4,6],[-13,14],[-7,18],[-3,46],[1,3],[3,2],[34,19],[23,21],[8,12],[25,56],[21,29],[17,35],[17,46],[21,27],[23,16],[20,18],[8,15],[5,22],[8,53],[9,17],[13,14],[40,22],[27,21],[14,19],[45,112],[13,26],[4,16],[0,12],[-4,23],[-21,151],[9,31],[32,51],[10,9],[12,2],[36,0],[18,5],[13,11],[32,34],[13,27],[12,8],[18,3],[21,-7],[12,2],[12,12],[29,27],[36,16],[15,0],[23,-16],[24,-31],[24,-12],[8,-1],[8,1],[18,17],[11,10],[21,38],[41,76],[10,14],[10,12],[7,4],[10,5],[10,14],[1,9],[-7,14],[-16,43],[-1,7],[5,17],[-4,20],[2,4],[4,1],[13,-5],[21,1],[21,4],[4,2],[9,10],[45,22],[11,10],[13,20],[26,34],[22,51],[21,47],[15,36],[7,20],[6,11],[6,11],[11,15],[10,6],[10,4],[19,10],[19,19],[15,23],[15,18],[12,17],[12,26],[6,20],[0,41],[1,29],[6,62],[2,4],[6,5],[16,12],[10,11],[4,6],[31,58],[28,46],[2,3],[25,40],[28,44],[5,12],[5,30],[6,10],[21,24],[18,26],[8,27],[8,35],[3,4],[8,4],[21,5],[9,6],[7,12],[2,18],[2,24],[-2,20],[2,9],[10,15],[12,10],[18,12],[10,6],[14,7],[10,9],[22,36],[12,24],[9,16],[11,22],[16,19],[25,45],[23,40],[32,35],[28,16],[25,20],[22,33],[29,70],[11,11],[66,27],[44,7],[35,-4],[35,-9],[37,-2],[44,-2],[42,-6],[20,1],[5,-1],[37,-16],[50,-13],[34,-7],[7,2],[9,3],[24,24],[27,34],[19,31],[12,17],[15,18],[8,9],[19,27],[31,31],[13,18],[3,5],[2,8],[-1,14],[-2,30],[3,12],[8,12],[18,4],[23,1],[19,-7],[16,8],[10,11],[27,37],[23,36],[20,39],[43,84],[22,58],[21,103],[5,76],[-5,76],[-10,58],[-20,50],[-23,46],[-1,8],[6,14],[13,9],[20,9],[32,11],[36,27],[32,24],[58,54],[54,38],[15,14],[13,15],[16,43],[17,44],[26,39],[18,40],[14,56],[31,57],[5,19],[-2,15],[-3,35],[-6,40],[1,12],[22,34],[20,15],[8,31],[12,20],[13,16],[54,20],[51,35]],[[17965,51999],[4,-67],[-2,-14],[-3,-9],[-19,-32],[-8,-9],[-8,-3],[-11,3],[-11,0],[-10,-5],[-8,-7],[-7,-8],[-8,-20],[-2,-15],[-3,-11],[-9,-10],[-21,-13],[-21,-6],[-20,-21],[-15,-27],[-3,-18],[2,-48],[-4,-14],[-5,-11],[-13,-21],[-25,-40],[-10,-15],[-12,-22],[-28,-26],[-6,-8],[-3,-9],[-4,-14],[-9,-20],[-16,-17],[-10,-10],[-4,-4],[-24,-17],[-11,-6],[-13,-3],[-20,-4],[-4,0],[-4,2],[-4,5],[-1,1],[-11,21],[-6,13],[-4,9],[-5,7],[-5,4],[-4,2],[-9,2],[-9,-2],[-27,-14],[-16,-12],[-14,-13],[-71,-78],[-10,-20],[-1,-10],[1,-10],[9,-37],[4,-33],[4,-15],[6,-14],[10,-10],[9,-23],[10,-30],[0,-34],[-5,-27],[-19,-58],[-12,-10],[-10,-2],[-18,1],[-18,9],[-5,-1],[-3,-6],[-2,-13],[-1,-9],[-5,-8],[-14,-7],[-20,-12],[-7,-15],[1,-20],[6,-31],[-2,-23],[-5,-11],[-14,-9],[-13,1],[-13,3],[-13,3],[-16,3],[-10,1],[-12,-3],[-14,-5],[-6,-5],[-3,-7],[-2,-16],[-26,-82],[-2,-19],[0,-23],[-1,-16],[-18,-48],[-28,-73],[-31,-45],[-10,-12],[-7,-3],[-19,2],[-13,-1],[-14,-7],[-37,-46],[-42,-39],[-9,-14],[-7,-16],[-7,-46],[-17,-29],[-36,-24],[-12,-9],[-9,-10],[-23,-37],[-12,-21],[-24,-35],[-23,-23],[-7,-13],[-19,-32],[-21,-40],[-20,-35],[-20,-14],[-22,-11],[-45,-7],[-7,-4],[-5,-7],[-2,-9],[-4,-54],[-8,-25],[-12,-23],[-23,-20],[-2,0],[-5,2],[-23,24],[-4,0],[-4,-3],[-2,-5],[0,-4],[8,-23],[2,-8],[-4,-7],[-14,-13],[-6,-15],[-2,-16],[-5,-16],[-9,-18],[-10,-14],[-51,-31],[-24,-32],[-14,-34],[-11,-50],[-17,-43],[-36,-76],[-40,-59],[-37,-41],[-17,-21],[-19,-63],[-15,-34],[-6,-33],[0,-20],[3,-18],[-1,-16],[-11,-33],[-24,-31],[-32,-19],[-9,-1],[-8,1],[-8,-1],[-5,-2],[-5,-4],[-5,-8],[2,-10],[-1,-14],[-7,-20],[-2,-25],[-7,-28],[-6,-19],[-9,-16],[-9,-30],[-9,-17],[-10,-28],[-5,-5],[-5,-3],[-8,-23],[-8,-20],[-4,-13],[-18,-28],[-29,-40],[-13,-15],[-9,-5],[-28,-29],[-15,-14],[-13,-7],[-11,-5],[-32,-7],[-21,-3],[-32,3],[-22,8],[-10,7],[-8,8],[-21,28],[2,45],[-2,5],[-4,0],[-29,-49],[-11,-44],[-2,-39],[9,-14],[12,0],[7,23],[15,6],[10,1],[8,-4],[8,-8],[12,-18],[1,-24],[4,-38],[0,-28],[-11,-37],[-32,-56],[-10,-19],[-7,-24],[-31,-53],[-33,-33],[-7,-4],[-7,-3],[-21,3],[-14,10],[-26,25],[-12,2],[-10,-8],[-37,-45],[-9,-14],[-12,-44],[-1,-4],[1,-4],[29,-30],[2,-5],[3,-52],[-13,-39],[-12,-19],[-15,-15],[-4,-3],[-5,0],[-6,5],[-6,3],[-4,-7],[-10,-39],[-3,-11],[1,-7],[-1,-10],[-2,-9],[-4,-7],[-10,-7],[-10,0],[-12,-2],[-7,-2],[-2,-6],[1,-4],[5,-3],[4,-6],[3,-5],[7,-1],[7,3],[5,4],[12,8],[8,6],[9,2],[7,-2],[7,-8],[17,-31],[5,-38],[-1,-31],[-6,-35],[-10,-30],[-46,-80],[-29,-55],[-27,-44],[-17,-29],[-34,-55],[-79,-163],[-67,-100],[-164,-165],[-22,-25],[-97,-115],[-30,-41],[-36,-41],[-13,-4],[-11,0],[-10,9],[-3,0],[-3,-2],[-32,-43],[-22,-30],[-12,-25],[-7,-18],[0,-5],[2,-3],[5,0],[7,-2],[7,-6],[4,-6],[3,-11],[1,-15],[-2,-24],[-27,-58],[-20,-29],[-36,-63],[-43,-69],[-44,-63],[-25,-34],[-25,-31],[-27,-40],[-54,-82],[-10,-15],[-47,-78],[-31,-47],[-23,-22],[-30,-25],[-12,-14],[-22,-32],[-17,-17],[-19,-8],[-9,-7],[-17,-23],[-13,-16],[-35,-32]],[[14104,45877],[122,-108],[202,-181],[104,-142],[1,-96],[-16,-196],[-41,-410],[169,-537],[234,-324],[237,-456],[420,28],[310,52],[306,59],[339,127],[439,80],[280,246],[405,303],[312,239],[201,258],[247,78],[830,334],[236,225],[297,338],[348,213],[467,306]],[[20553,46313],[149,335],[-164,167],[141,200],[156,235],[302,320],[-285,478],[310,567],[364,381],[253,281]],[[29084,52032],[-53,-84],[-146,-161],[-284,-286],[-287,-416],[-381,-526],[-244,-512],[-93,-826],[-197,-426],[-108,-431],[116,-221],[392,-145],[441,42],[268,-183],[223,-509],[2,-458],[183,-150],[310,-226],[149,-253],[235,-380],[-482,-418],[306,-584],[-757,-717]],[[28677,44162],[-54,-81],[-56,-80],[-82,-85],[-149,-329],[-136,-27]],[[28200,43560],[-194,251],[-136,548],[-359,269],[-187,-296],[-187,-298],[-119,-119],[-213,407],[-222,32],[-241,472],[-288,-92],[-229,-67],[-182,-95],[-90,-174],[-141,-346],[-92,35],[105,176],[-139,39],[-98,-171],[-109,19],[-188,-197],[-120,410],[-164,-288]],[[24607,44075],[-353,141],[-291,211],[-172,118],[-292,70],[-330,-42],[-77,30],[-157,44],[-104,-84],[-198,-167],[-103,-263],[-129,-276],[-185,-129],[-191,-143]],[[22025,43585],[-212,358],[-95,172],[-144,123],[-45,263],[-366,536],[-228,432],[-211,435],[-171,409]],[[14104,45877],[-50,-45],[-11,-7],[-14,1],[-9,5],[-3,9],[-5,3],[-6,0],[-8,-3],[-71,-67],[-4,-8],[-1,-9],[3,-7],[9,-12],[7,-9],[0,-10],[-3,-14],[-9,-18],[-11,-11],[-11,-3],[-6,-7],[-6,-15],[-6,-49],[-13,-34],[-13,-20],[-18,-17],[-21,-9],[-16,-2],[-12,2],[-16,8],[-5,7],[-1,5],[1,5],[12,20],[2,13],[-1,11],[-4,9],[-12,15],[-8,5],[-16,1],[-9,2],[-5,0],[0,-1],[-1,-1],[0,-4],[-1,-9],[-1,-4],[-4,-9],[-3,-16],[3,-27],[6,-18],[0,-6],[-8,-25],[-8,-27],[-6,-10],[-21,-32],[-1,-8],[2,-7],[12,-11],[4,-18],[-3,-12],[-5,-13],[-7,-4],[-17,-4],[-15,2],[-3,0],[-2,-3],[-31,-141],[-6,-40],[-6,-34],[-3,-29],[-13,-30],[-16,-21],[-28,-34],[-24,-45],[-26,-40],[-35,-55],[-22,-31],[-10,-24],[-12,-41],[-20,-33],[-30,-32],[-34,-34],[-38,-36],[-21,-30],[-20,-26],[-19,-17],[-11,-5],[-12,-11],[-7,-12],[-8,-27],[-12,-25],[-13,-30],[51,17],[33,25],[23,25],[18,8],[18,0],[80,-30],[38,-15],[14,-16],[11,-16],[14,-11],[53,-18],[-14,33],[-17,53],[-15,40],[-18,35],[-6,17],[0,18],[9,7],[15,-4],[11,-5],[14,3],[17,10],[7,19],[-3,19],[-21,35],[-24,60],[-4,40],[11,25],[16,12],[30,5],[28,10],[26,21],[23,55],[20,45],[9,62],[12,56],[23,39],[13,10],[23,-3],[17,-2],[20,4],[11,13],[10,21],[36,24],[60,7],[-20,67],[20,50],[113,67],[40,134],[26,-37],[108,47],[98,-19],[125,-27],[-6,-55],[-39,-61],[-15,-15],[-25,-35],[-19,-19],[-8,-31],[-43,-24],[-18,-64],[-19,-83],[-21,-69],[-13,-29],[-36,-47],[-59,-49],[-17,-7],[-14,2],[-16,8],[-24,8],[-22,-2],[-24,0],[-26,9],[-21,-1],[-31,-27],[-29,-51],[-12,-56],[-3,-67],[6,-121],[-6,-51],[-13,-20],[-33,-18],[-19,-13],[-10,-10],[-13,-39],[-10,-33],[-15,-39],[-14,-62],[-14,-39],[-14,-21],[-18,-26],[-24,-26],[-30,-29],[-21,-31],[-10,-22],[-10,-7],[-15,-4],[-9,-5],[-14,-26],[-17,-22],[-19,-11],[-40,-12],[-60,-13],[-15,-14],[-19,-18],[-9,-11],[-12,-13],[-10,-7],[-25,3],[-26,-3],[-19,-16],[-23,-20],[-13,-17],[-4,-15],[-7,-38],[-12,-12],[-16,-13],[-17,-8],[-9,3],[-7,14],[1,9],[13,10],[10,15],[-1,13],[-10,13],[-21,13],[-43,14],[-18,11],[-10,9],[-1,14],[4,22],[9,29],[9,25],[13,8],[25,5],[18,6],[10,6],[4,10],[1,29],[-2,21],[5,23],[10,22],[6,14],[6,13],[0,13],[-5,13],[-1,10],[3,9],[5,10],[2,16],[1,12],[13,11],[12,15],[54,60],[25,37],[-2,23],[-6,5],[-16,0],[-45,-7],[-50,-10],[-45,-68],[-14,-38],[-8,-35],[-8,-32],[-18,-42],[-25,-39],[-50,-63],[-48,-59],[-54,-66],[-37,-45],[-18,-26],[-23,-31],[-24,-37],[-18,-28],[-22,-25],[-16,-22],[-28,-31],[-25,-34],[-34,-48],[-41,-46],[-8,-15],[-9,-18],[-3,-17],[-5,-12],[-6,-10],[-11,-18],[-14,-21],[-38,-51],[-25,-41],[-16,-26],[-52,-82],[-14,-14],[-24,-19],[-7,-7],[-12,-12],[-11,-20],[-24,-63],[-11,-22],[-23,-23],[-25,-21],[-36,-25],[-11,-8],[-6,-6],[-11,-14],[-17,-36],[-15,-48],[-3,-8],[-6,-13],[-18,-21],[-16,-13],[-13,-14],[-11,-19],[-13,-27],[-37,-59],[-1,-12],[3,-11],[6,-10],[6,-8],[4,-5],[0,-7],[-2,-16],[-9,-38],[-10,-30],[-15,-41],[-24,-36],[-21,-23],[-14,-19],[-26,-49],[-19,-54],[-20,-41],[-11,-19],[-21,-32],[-45,-50],[-35,-52],[-31,-51],[-23,-37],[-35,-61],[-22,-26],[-18,-22],[-26,-27],[-60,-66],[-38,-50],[-35,-38],[-17,-18],[-35,-50],[-58,-78],[-18,-20],[-19,-19],[-19,-31],[-30,-45],[-24,-35],[-77,-91],[-55,-64],[-66,-99],[-14,-33],[-9,-20],[-6,-15],[-53,-70],[-23,-41],[-12,-21],[-23,-41],[-6,-16],[-4,-8],[-12,-12],[-17,-18],[-39,-40]],[[10878,40974],[191,-345],[341,-595],[342,-522]],[[11752,39512],[318,-485],[803,-818],[427,-600],[309,-435],[366,-366],[493,-386],[549,-306]],[[15017,36116],[482,-329],[367,-159],[60,85],[85,225],[162,24],[200,-85],[26,-160],[-15,-372],[643,837],[610,1055],[316,647],[355,738],[-284,301],[83,335],[101,231],[51,205],[501,-653],[276,395]],[[19036,39436],[-144,161],[-128,144],[68,171],[103,229],[187,258],[162,279],[-34,164],[-46,83],[41,235],[222,349],[297,220],[220,283],[294,190],[588,189],[262,221],[236,-126],[240,508],[166,360],[255,231]],[[13250,44298],[5,-42],[13,-22],[108,-44],[62,-29],[28,-7],[33,8],[46,35],[44,51],[8,35],[1,35],[-8,27],[-16,24],[-59,15],[-60,24],[-74,52],[-30,17],[-24,-5],[-12,-23],[-21,-33],[-15,-26],[-19,-44],[-10,-48]],[[53801,74298],[906,-586],[206,-133],[-911,-539],[-10,-6],[-11,-6],[-9,-6],[-10,-6],[-21,-12],[-603,-752],[-753,100],[-587,-3],[-537,233]],[[51461,72582],[-146,455],[127,369],[198,243],[441,183],[410,257],[396,303],[381,122],[381,-80],[152,-136]],[[45461,75427],[203,-120],[423,-1956],[868,-1166],[478,-1166]],[[47433,71019],[173,76],[161,40],[143,-16],[574,-239],[54,0],[469,229],[648,332],[222,276],[84,51],[512,241]],[[50473,72009],[-55,290],[-168,519],[144,198],[-50,187],[-218,291],[-268,-155],[-181,-12],[-34,439],[-128,498],[-107,130],[-131,176],[-209,481],[577,817],[83,314],[87,329],[111,248],[63,27],[55,21],[55,31],[94,71],[112,93],[-2,19],[-3,115],[-35,218],[-64,181],[-76,210],[-111,225]],[[50014,77970],[-28,-11],[-16,-16],[-6,-14],[-10,-7],[-11,-1],[-16,7],[-34,-7],[-60,-29],[-13,-15],[-7,-21],[4,-48],[-5,-15],[-25,-28],[-45,-32],[-105,-59],[-56,-34],[-49,-30],[-18,-2],[-9,13],[-22,33],[-21,3],[-22,-8],[-30,-37],[-22,-39],[-26,-67],[-26,-11],[-15,2],[-17,6],[-28,-9],[-56,-62],[-18,-21],[-23,-38],[-5,-13],[-19,-19],[-85,-44],[-17,-11],[-18,-1],[-16,2],[-18,-2],[-45,-41],[-6,-4],[-6,1],[-13,12],[-18,-3],[-9,-18],[-8,-27],[-22,-20],[-37,-12],[-184,-75],[-133,-27],[-227,9],[-141,7],[-21,-5],[-24,5],[-23,14],[-42,23],[-62,56],[-23,8],[-13,4],[-13,-2],[-8,-7],[-1,-12],[17,-38],[-9,-10],[-10,-5],[-41,-21],[-131,-46],[-103,-36],[-176,-99],[-101,-75],[-76,-54],[-29,-17],[-44,-31],[-58,-48],[-34,-30],[-42,-35],[-29,-13],[-31,-11],[-31,-12],[-47,-30],[-28,-19],[-32,-27],[-61,-56],[-27,-32],[-30,-38],[-19,-19],[-22,-18],[-54,-21],[-54,-18],[-54,-20],[-56,-31],[-39,-29],[-77,-72],[-34,-30],[-55,-52],[-60,-55],[-24,-13],[-29,-9],[-25,-10],[-35,-28],[-50,-60],[-24,-31],[-26,-25],[-60,-47],[-95,-81],[-23,-18],[-23,-15],[-12,-5],[-12,-1],[-10,3],[-11,6],[-5,-1],[-5,-2],[-12,-8],[-4,-3],[-2,-4],[-1,-9],[-2,-3],[-3,-2],[-9,1],[-3,-2],[-1,-5],[-2,-7],[-4,-8],[-7,-8],[-61,-51],[-24,-22],[-21,-22],[-19,-21],[-20,-18],[-29,-19],[-27,-16],[-33,-17],[-31,-15]],[[45713,69673],[5,304],[-144,303],[45,181],[285,245],[427,292],[177,-127],[130,-193],[99,-221]],[[46737,70457],[56,-191],[-11,-176],[194,-416],[-137,-162],[-271,-187],[-414,-37],[-264,79],[-177,306]],[[45461,75427],[-59,-30],[-57,-28],[-25,-11],[-32,-11],[-34,-15],[-44,-20],[-24,-8],[-23,-7],[-26,-6],[-27,-4],[-52,-11],[-34,-10],[-34,-12],[-23,-10],[-22,-10],[-39,-18],[-23,-9],[-21,-11],[-17,-11],[-27,-16],[-58,-26],[-57,-24],[-28,-11],[-18,-6],[-16,-3],[-35,-2],[-27,-6],[-19,-5],[-19,-9],[-31,-18],[-30,-15],[-46,-20],[-20,-6],[-28,-9],[-34,-13],[-27,-12],[-23,-12],[-22,-15],[-29,-19],[-37,-27],[-27,-17],[-16,-12],[-15,-12],[-21,-9],[-18,-10],[-22,-16],[-26,-21],[-33,-20],[-33,-19],[-39,-15],[-20,-8],[-21,-10],[-31,-19],[-15,-16],[-12,-17],[-9,-14],[-10,-12],[-23,-22],[-25,-20],[-32,-16],[-32,-14],[-22,-14],[-17,-10],[-15,-10],[-19,-11],[-22,-9],[-20,-5],[-29,-3],[-16,0],[-13,1],[-22,7],[-14,5],[-14,3],[-13,0],[-16,-2],[-67,-6],[-18,-7],[-42,-24],[-21,-14],[-17,-12],[-19,-10],[-14,-12],[-13,-16],[-11,-16],[-8,-11],[-16,-21],[-16,-20],[-22,-19],[-29,-24],[-22,-16],[-19,-15],[-21,-17],[-20,-14],[-22,-15],[-18,-10],[-18,-9],[-19,-8],[-21,-8],[-30,-4],[-22,0],[-30,1],[-16,-2],[-15,-6],[-13,-12],[-30,-26],[-18,-12],[-20,-10],[-32,-10],[-13,-5],[-28,-13],[-14,-7],[-25,-7],[-11,-1],[-8,1],[-19,2],[-15,6],[-3,-1],[-2,-2],[-5,-8],[-6,-10],[-7,-9],[-20,-20],[-24,-18],[-22,-13],[-44,-20],[-62,-38],[-33,-25],[-30,-26],[-64,-43],[-31,-12],[-15,-9],[-21,-14],[-53,-28],[-33,-10],[-34,0],[-23,-9],[-19,-14],[-30,-41],[-23,-30],[-24,-24],[-39,-28],[-32,-13],[-28,-8],[-24,-10],[-56,-31],[-14,-10],[-10,-9],[-22,-20],[-75,-48],[-75,-42],[-113,-50],[-107,-57],[-57,-29],[-50,-29],[-25,-16],[-87,-55],[-25,-16],[-27,-23],[-36,-32],[-68,-50],[-68,-53],[-94,-85],[-184,-143],[-144,-81],[-322,-172],[-144,-56],[-142,-41],[-112,-18],[-153,-41],[-74,-34],[-45,-38]],[[39550,72353],[82,-303],[116,-370],[141,-416],[123,-131],[213,-288],[88,-364],[24,-248],[-76,-311],[-75,-220],[-93,-147],[-32,-173],[136,-164],[248,-132],[-35,-204],[10,-348],[197,-206],[86,-106],[-50,-175],[-56,-260],[-48,-382],[11,-308],[5,-100],[24,-119]],[[40589,66878],[144,140],[536,157],[720,159],[830,736],[193,314],[201,105],[154,138],[227,210],[247,180],[123,12],[325,5],[349,124],[105,72],[494,164],[44,28],[218,138],[181,108],[12,-12],[21,17]],[[46737,70457],[307,269],[216,189],[173,104]],[[41108,56578],[148,250],[97,150],[246,303],[235,289],[192,236],[-64,330],[-71,373],[-201,457],[181,214],[179,338],[214,302]],[[42264,59820],[-26,101],[-163,262],[-106,290],[-224,222],[-98,176],[-129,154],[-314,124],[-314,59],[-153,606],[-166,777],[1,537],[-191,292],[130,264],[177,289],[255,465],[149,341],[230,234],[20,223],[24,257],[-132,-94],[-170,-37],[-181,2],[-359,0],[65,197],[85,283],[227,573],[-86,-24],[-453,0],[-170,3],[397,482]],[[39550,72353],[-47,-39],[-11,-10],[-39,-13],[-40,-3],[-52,8],[-46,12],[-13,1],[-13,-4],[-11,-8],[-31,-17],[-33,-5],[-51,-13],[-34,-8],[-36,-2],[-12,6],[-16,29],[-36,24],[-37,7],[-67,-19],[-48,-42],[-90,-85],[-25,-21],[-30,-15],[-41,-14],[-44,-12],[-27,2],[-34,-3],[-62,-18],[-32,-13],[-42,1],[-18,6],[-49,50],[-38,18],[-13,4],[-102,-23],[-58,-44],[-48,-43],[-28,-32],[-66,-73],[-71,-90],[-62,-110],[-17,-34],[-26,-28],[-39,-41],[-43,-39],[-92,-69],[-44,-39],[-46,-39],[-56,-40],[-103,-92],[-74,-60],[-38,-31],[-23,-21],[-29,-21],[-88,-45],[-95,-52],[-88,-46],[-44,-27],[-46,-27],[-93,-48],[-85,-43],[-110,-52],[-65,-30],[-98,-46],[-62,-25],[-53,-20],[-57,-20],[-64,-25],[-30,-7],[-44,-4],[-54,-5],[-77,-18],[-84,-11],[-89,-14],[-46,-3],[-47,3],[-43,4],[-42,6],[-50,4],[-42,-4],[-47,-12],[-47,-25],[-32,-23],[-40,-26],[-55,-42],[-48,-46],[-42,-33],[-50,-41],[-42,-32],[-44,-28],[-28,-13],[-26,-13],[-22,-10]],[[35048,70289],[164,-121],[34,-188],[84,12],[0,-131],[114,19],[-5,-229],[48,-197],[36,-128],[129,-227],[61,-187],[-353,-264],[25,-82],[122,-200],[152,-336],[156,-263],[-232,-188],[-183,-105],[-189,-110],[84,-292],[112,-323],[147,-486],[118,-265],[163,-94],[18,-110],[-80,-175],[170,-604],[153,-491],[125,-250],[344,11],[338,-7],[-93,-430],[255,-187],[307,-178],[-191,-721],[-28,-459],[-33,-468],[388,84],[-215,-385],[-229,-378],[-86,-302],[-128,-421],[-114,-248],[-81,-161]],[[56611,62341],[280,-127],[404,-28],[220,19],[123,-192],[-26,-585],[8,-314],[160,-445],[60,-243],[-36,-332],[-9,-85],[-52,-305],[-15,-337],[-56,-311]],[[57672,59056],[117,-320],[172,-96],[149,-58],[404,327],[549,94],[60,520],[201,-85],[100,281],[224,239],[315,-122],[648,-263],[827,-348],[-95,-633],[635,-350],[501,-218],[287,-37],[315,720],[1030,-38],[45,-299],[-41,-1022],[16,-763],[277,-187],[88,-165]],[[64496,56233],[147,1],[414,68]],[[65057,56302],[-31,598],[-89,564],[45,437],[109,216],[92,271],[263,-163]],[[65446,58225],[51,323],[15,271],[-224,19],[-212,20],[-123,351],[-56,145],[85,238],[-130,212],[-168,-38],[-190,61],[-263,65],[-55,183],[-9,173],[146,51],[164,94],[3,104],[-1,138],[38,131]],[[59029,66183],[-55,-178],[-276,-532],[-305,-636],[-501,-1029],[-261,-533],[-613,-365],[-407,-569]],[[66199,68202],[161,-569],[180,-748],[164,-510],[430,-154],[535,7],[656,-1354],[147,-431],[34,-201],[220,92],[1583,416],[77,319],[-18,527],[106,56],[194,-7],[127,-63],[89,64],[29,544],[57,207],[67,350],[10,342],[6,153]],[[71053,67242],[-189,35],[-166,98]],[[70698,67375],[82,454],[60,481],[-251,257],[-208,424],[117,57],[198,51],[504,408],[350,328],[190,363],[189,339],[56,289],[123,222],[180,57],[117,77],[90,173],[78,240],[122,82],[132,78],[292,-49],[232,241],[187,133],[149,180],[530,3]],[[74678,72907],[-968,246],[-367,-110],[-306,-215],[-617,-849],[-138,-169],[-185,-147],[-359,318],[-564,550],[-160,-200],[-47,-355],[-381,-398],[-364,-81],[-217,-44],[-24,-220],[-12,-319],[-85,41],[-118,-278],[-132,-161],[-260,-186],[-304,-55],[-200,-110],[35,-262],[-33,-313],[-25,-372],[-61,-154],[-92,-30],[-218,-66],[-51,-89],[-90,-88],[-157,68],[-104,-22],[-101,-98],[-9,-274],[-413,57],[-912,167]],[[71053,67242],[92,-37],[104,-54],[131,-194],[97,-152],[52,-86],[122,-185],[114,-117],[112,-80],[211,-117],[119,3],[101,-42],[47,-66],[-30,-117],[-82,-103],[-4,-164],[19,-98],[11,-86],[39,-94],[-13,-208],[52,-108],[8,-63],[-2,-42],[41,-44],[41,-29],[30,-49],[35,-28],[4,-70],[51,-77],[31,-82],[36,-82],[56,-84],[69,-26],[23,-79],[166,-136],[44,-54],[96,-56],[30,-68],[48,-47],[52,-79],[83,-40],[89,-122],[77,-23],[54,-21],[37,-38],[36,-16],[2,-45],[22,-51],[52,-42],[41,-10],[27,-51],[29,-56],[8,-68],[35,-59],[70,-58],[22,-45],[54,-53],[-13,-43],[39,-30],[8,-42],[11,-49],[48,-47],[19,-59],[-28,-58],[13,-63],[-9,-49],[-9,-120],[16,-40],[-13,-100],[30,-77],[82,-132],[-22,-72],[56,-84],[-22,-57],[65,-51],[19,-70],[48,-78],[24,-89],[10,-63],[65,-25],[32,-52],[52,-112]],[[74465,61482],[-164,-172]],[[74301,61310],[-323,238],[-267,189],[-415,164],[-456,-80],[-530,-51],[76,370],[-598,202],[-511,56],[-551,163],[-678,366],[-457,317],[-325,57],[-269,-94],[-306,-145],[-149,-173],[-135,-670],[-10,-355],[-99,-352],[-346,-341],[-463,-412],[-341,-357],[-710,712],[-1128,721],[-259,129]],[[77608,67219],[-1601,-1250],[-268,-99],[-314,-197],[-404,-103],[-171,84],[-254,234],[-105,272],[-224,-103],[-307,-125],[-216,-62],[-90,346],[-291,655],[-231,215],[-531,318],[-456,37],[-329,-12],[-542,-64],[-317,69],[-163,-18],[-96,-41]],[[74465,61482],[166,171],[174,304],[112,220],[209,-501],[280,-787],[327,-898],[148,-399]],[[75881,59592],[306,89],[355,244],[317,304],[359,253],[190,-108],[153,-176],[195,-189],[272,-61],[224,-36],[407,-33],[1225,226]],[[64496,56233],[-66,-252],[-53,-85],[-234,-126],[-502,-174],[-626,-112],[-461,-1],[-343,202],[-251,-155],[-332,14],[-635,197],[-385,61],[-157,581],[-310,37],[-324,-168],[-221,-267],[-380,-229],[-452,300],[-695,412],[-543,266]],[[57526,56734],[-190,178],[-340,235],[-306,234],[-150,173],[-18,136],[29,220],[34,235],[49,379],[86,272],[44,421],[576,-87],[332,-74]],[[58531,52074],[71,-576],[329,-840],[-295,-239],[-299,-57],[-381,-272],[-370,-286],[-164,-202],[-102,-79],[-77,-122],[-41,-124],[-55,-151],[-35,-171],[-24,-204],[-22,-129],[31,-213],[10,-209],[-13,-171],[29,-151],[86,-101],[120,-157],[149,-94],[185,-110],[120,-68],[180,-87]],[[57963,47261],[88,2],[157,7],[162,-9]],[[58370,47261],[269,-35],[280,709],[41,220],[1106,-876],[1106,-638]],[[61172,46641],[164,671],[314,249],[321,178],[430,52],[-45,237],[0,2],[385,61],[46,-33]],[[62787,48058],[101,83],[165,133],[196,284],[132,122],[116,125],[-2,141],[-99,602],[-118,553],[-268,191],[356,160],[247,110],[110,265],[170,490],[169,529],[176,808],[139,86],[323,277],[381,333],[177,190]],[[65258,53540],[-196,284],[-81,296],[-116,199],[-182,287],[-38,256],[60,354],[75,274],[181,216],[52,270],[44,326]],[[57526,56734],[262,-370],[130,-208],[57,-846],[-262,-193],[19,-473],[104,-591],[478,-698],[287,7],[412,-21],[228,-272],[257,-394],[27,-216],[-79,-80],[-332,-150],[-310,-98],[-273,-57]],[[68818,50179],[123,64],[108,44],[150,-30],[48,223],[21,166],[69,111],[73,79],[145,64],[116,138],[84,112]],[[69755,51150],[77,122],[20,205],[36,135],[24,160],[4,89],[90,105],[87,99],[86,-96],[146,-83],[78,45],[92,-12],[46,-13],[107,9]],[[70648,51915],[-445,216],[-467,281],[-407,136],[-392,450],[-320,329],[-165,323],[254,188],[378,296],[339,205],[356,231],[-106,280],[-295,732],[-395,722],[-259,402]],[[68724,56706],[-880,709],[-121,172],[-178,85],[-80,-188],[-177,512],[-71,346],[-127,244],[-521,-301],[-213,-538],[-182,-93],[-124,369],[-224,52],[-380,150]],[[65258,53540],[771,831],[225,-1017],[249,-1062],[144,73],[165,85],[177,146],[334,229],[172,-211],[400,-418],[280,-379],[37,-249],[41,-178],[303,-432],[262,-779]],[[68724,56706],[832,452],[5,3],[515,365],[565,507],[40,37],[464,464],[513,370],[540,393],[810,703],[902,914],[391,396]],[[72360,53360],[387,572],[601,131],[562,-46],[533,97],[281,198],[82,291],[193,224],[616,136],[454,197],[265,193],[78,189]],[[76412,55542],[84,-114],[162,-259],[145,-258],[295,-211],[337,-286],[560,-201],[280,9],[336,14]],[[78611,54236],[123,5],[363,-732],[-228,-168],[-228,-197],[-362,112],[-139,216],[-59,-455],[-101,-352],[-157,-267],[-123,-685],[-45,-309],[-239,-385],[-168,-286],[-292,-492],[-146,-421],[-33,-269],[41,-122],[105,-150],[231,-272],[139,-174],[-60,-146],[-165,-284],[-141,-424],[-244,-276],[-145,-147]],[[76538,47556],[-86,38],[-127,-47],[-108,-89],[-87,180],[-111,153],[-203,152],[-88,87],[-76,110],[-85,167],[-102,77],[-137,78],[-199,86],[-134,-19],[-209,-132],[-190,-198]],[[74596,48199],[-90,146],[-179,211],[153,61],[191,86],[7,139],[-168,61],[-198,80],[-138,192],[-49,179],[30,211],[19,249],[105,170],[-75,102],[-135,65],[-97,146],[-56,211],[-86,330],[-138,313],[-104,400],[-172,359],[-281,329],[-141,339],[-251,416],[-383,366]],[[75881,59592],[153,-229],[45,-361],[138,-651],[-49,-459],[-306,-70],[-224,-291],[382,-299],[-198,-291],[-221,-155],[-23,-248],[57,-421],[227,-39],[456,-234],[145,-178],[-51,-124]],[[72360,53360],[-396,305],[-517,360],[-269,-84],[-134,-174],[-187,-417],[-183,-192],[-65,44],[-180,121],[-237,238],[-101,-244],[170,-177],[170,-550],[213,-445],[4,-230]],[[79997,55344],[-121,848],[685,1194],[340,576],[78,-5],[-4,197],[-1,305]],[[78611,54236],[11,230],[-27,193],[233,187],[145,76],[262,170],[186,112],[272,82],[304,58]],[[94633,60534],[-179,-311],[-217,-540],[-140,-311],[-151,-336],[-300,-163],[-263,-141],[-393,-136],[-286,22],[-454,-243],[-486,-172],[-461,-183],[-494,-168],[-213,-205],[-74,-308],[-86,-256],[-194,-321],[-261,-215],[-319,-261],[-283,-300],[-251,70],[-86,258],[-26,432],[-75,282],[-100,152],[-194,52],[-186,55],[-577,109],[-241,163],[-434,23],[-123,207],[-205,187],[-254,-145],[-221,-272],[-303,-167],[-238,-161],[-12,-183],[-18,-239],[-23,-126],[-145,-305],[-34,-248],[-127,-183],[-142,-262],[94,-169],[-56,-225],[-23,-328],[-7,-272],[-75,-164],[-101,-230],[-97,-267],[-11,-338],[-53,-319],[-89,-229],[-82,-291]],[[84864,52853],[-180,23],[-340,35],[-826,98],[-519,122],[-137,-301],[-360,-440],[-432,-320],[-523,-286],[-344,-174],[-206,419],[-179,310],[-164,-53],[-268,-97]],[[80386,52189],[-46,234],[-60,370],[-44,323],[93,351],[146,392],[142,459],[20,211],[-114,178],[-156,108],[-66,202],[-188,143],[-116,184]],[[85303,49914],[409,-133],[295,-52],[287,-51],[168,-89],[393,-240],[209,-42],[358,-66],[318,-136],[187,-159],[410,-305],[254,-301],[176,24],[134,-113],[19,-244],[254,-225],[168,-385],[206,-179],[248,-188],[762,-211],[605,-343],[224,-269],[232,-61],[209,-28],[202,206]],[[92030,46324],[1415,2241],[138,51],[55,-16],[61,-68],[37,159],[136,257],[34,291],[476,248],[615,951],[100,511],[-194,441],[155,360],[489,971],[17,38],[-373,-16],[-512,307],[-137,1025],[-9,97],[-7,124],[-21,84],[-105,350],[30,78],[-7,49],[-1,82],[41,361],[42,172],[118,318],[90,282],[62,150],[86,160],[56,145],[29,107],[124,379],[129,341],[102,242],[22,123],[60,150],[98,151],[296,331],[65,48],[90,145],[59,158],[8,103],[-30,86],[-66,124],[-41,52],[-76,148],[-4,563],[-7,280],[-92,85],[90,-12]],[[84864,52853],[17,-92],[-7,-150],[-18,-241],[-22,-145],[-49,-169],[30,-178],[64,-282],[67,-319],[56,-187],[35,-151],[68,-91],[-4,-108],[15,-120],[28,-93],[50,-54],[28,-92],[75,-277],[6,-190]],[[79922,48988],[19,338],[33,614],[56,254],[139,192],[153,47],[160,-85],[135,310],[-31,190]],[[80586,50848],[-74,453],[-89,708],[-37,180]],[[85303,49914],[-72,37],[-128,27],[-107,-49],[-30,-76],[-86,-51],[-158,-68],[-146,-176],[-88,-87],[-56,141],[-59,33],[-120,-5],[-207,-122],[-140,-223],[-53,-164],[-39,-230],[24,-162],[77,-218],[-114,-136],[-153,-21],[-123,-14],[-101,-113],[-73,-232],[-43,-301],[6,-305]],[[83314,47399],[-354,-93],[-335,-45],[-247,-30],[-199,-30],[-212,-24],[-122,-7],[-332,-155],[-389,-328],[-296,-574],[-359,38],[-301,73],[-254,66],[-474,154],[37,175],[48,282],[-276,112],[23,267],[-83,217],[-100,238],[-60,169],[38,216],[112,51],[93,52],[183,42],[63,-186],[75,-189],[68,-202],[119,-169],[66,128],[-70,390],[82,502],[64,449]],[[92030,46324],[68,-1119],[-341,-736],[-199,-541],[-212,-435],[-110,-404],[-267,-437],[-544,-185],[-924,414],[-47,-105]],[[89454,42776],[-325,446],[-412,192],[-531,410],[-482,513],[-657,696],[-357,240],[-209,241],[-138,327],[-110,-186],[-211,-157],[-831,174],[-83,-129],[-429,220],[-118,-206],[-557,62]],[[84004,45619],[-149,64],[-160,-183],[-27,-27]],[[83668,45473],[-64,409],[-71,310],[-52,352],[-124,502],[-43,353]],[[36037,47212],[28,-435],[11,-291],[-4,-310],[-52,-333],[99,-462],[20,-585],[-104,-352],[-228,-216],[-34,-390],[-95,-390],[231,-144],[-101,-250]],[[35808,43054],[-412,211],[-243,-329],[-340,-80],[-444,-136],[-321,230],[-363,244],[-482,-281],[-470,-475],[-321,611],[-445,-583],[-710,545],[-332,259],[-504,-785],[-714,634],[-795,644],[-235,399]],[[28200,43560],[181,-333],[129,-108],[54,-176],[-28,-150],[-129,-259],[-160,-131],[-67,-122],[-10,-153],[73,-134],[22,-181],[-76,-157],[-176,77],[-43,-213],[13,-221],[40,-268],[82,-310],[-40,-481],[-48,-541],[-28,-510],[-26,-268],[108,-207],[275,-134],[101,-87],[63,-167],[138,-272],[107,-268],[173,-280],[99,-162]],[[29027,37344],[221,-250],[228,306],[233,355],[112,195],[592,-367],[437,543],[140,186],[473,-204],[259,-130],[-145,-211],[713,-219],[562,-47]],[[32852,37501],[148,-12],[112,-355],[80,-444],[137,-433],[276,-352],[545,757],[361,-264],[328,593],[188,73],[216,-365],[392,-277]],[[35635,36422],[47,785],[659,139],[78,-447],[251,-40],[-10,760],[-340,23],[-5,466],[-290,-31],[-7,183],[22,214],[-80,278],[11,401],[49,205],[-51,216],[-106,256],[50,245],[34,213],[-198,280],[-75,275],[114,186],[54,345],[-65,141],[-51,47],[55,188],[-25,197],[13,129],[111,101],[-112,207],[-103,162],[61,47],[183,82],[26,11]],[[35935,42686],[-22,143],[131,126],[-236,99]],[[35935,42686],[380,-191],[84,-128],[113,-30],[253,171],[229,270],[131,339],[2,309],[-331,224],[41,133],[202,-184],[109,-17],[275,252],[85,-367]],[[37508,43467],[252,70],[202,90],[197,176],[235,240],[292,277],[283,254],[385,155],[407,239],[321,319],[200,354],[189,440],[76,476],[43,242],[198,178],[284,259],[258,323],[124,302],[-231,521],[-333,273],[-291,380],[-437,220],[227,261],[169,377],[104,408]],[[43437,47244],[8,35],[6,30],[4,38],[0,46],[-11,52],[-10,28],[-8,20],[-22,34],[-18,22],[-23,29],[-12,22],[-4,31],[-7,42],[-4,56],[-2,69],[-2,73],[1,50],[2,34],[-7,52],[-1,32],[-8,36],[-5,20],[-9,17],[-17,23],[-5,18],[-1,22],[0,29],[2,35],[-1,8],[-8,25],[-3,18],[-7,15],[-9,20],[-10,21],[-2,17],[2,14],[0,25],[3,21],[7,39],[4,51],[-3,66],[-5,52],[3,36],[13,37],[13,26],[5,26],[7,25],[3,35],[-1,53],[0,40],[-3,47],[-8,46],[-4,43],[-2,36],[3,45],[5,49],[6,48],[16,43],[11,21],[8,28],[10,29],[9,48],[15,43],[25,49],[21,28],[18,38],[32,60],[5,38],[-7,44],[-7,45],[-14,59],[-26,38],[-12,10],[-15,5],[-42,-14],[-37,-22],[-36,-9],[-34,1],[-38,0],[-37,13],[-55,12],[-38,12],[-27,6],[-32,6],[-39,18],[-52,26],[-31,34],[-9,35],[-9,29],[1,20],[12,40],[33,59],[42,38],[34,26],[39,30],[29,14],[28,14],[24,8],[66,-7],[90,17],[131,31],[33,26],[26,39],[9,25],[1,17],[-6,32],[-8,34],[-35,43],[-25,26],[-32,17],[-37,24],[-22,15],[-25,15],[-11,13],[-8,17],[-5,28],[-10,84],[-1,30],[3,49],[2,45],[0,34],[0,37],[5,23],[20,28],[31,26],[36,40],[12,15],[10,27],[8,30],[0,38],[-11,59],[-24,97],[-8,32],[-5,29],[-14,54],[-13,39],[-6,13],[-11,12],[-27,11],[-17,1],[-24,-5],[-20,-10],[-8,-3],[-18,1],[-11,1],[-32,-1],[-29,-9],[-46,-23],[-39,-27],[-32,-11],[-31,-13],[-29,-7],[-20,-7],[-72,-26],[-19,-11],[-23,-23],[-36,-33],[-14,-18],[-19,-30],[-13,-28],[-3,-30],[0,-24],[-4,-26],[-8,-32],[-15,-35],[-29,-46],[-16,-38],[-7,-27],[-8,-28],[-19,-47],[-7,-41],[-11,-40],[-24,-54],[-43,-107],[-29,-64],[-22,-33],[-21,-17],[-21,-9],[-20,-4],[-17,5],[-14,9],[-49,45],[-46,33],[-44,35],[-27,52],[-19,37],[-25,34]],[[37508,43467],[98,-580],[404,-7],[536,-12],[-85,-416],[233,-171],[180,-75],[71,40],[141,-76],[207,-61],[309,-162],[576,-173],[703,-26],[-1,-325]],[[40880,41423],[659,32],[475,15],[198,85],[397,87],[32,14]],[[42641,41656],[31,37],[40,34],[97,40],[52,14],[75,10],[82,-2],[89,-18],[73,-37],[56,-70],[22,-61],[24,-39],[49,3],[5,0],[25,2],[25,12],[21,23],[21,43],[21,20],[36,4],[38,-11],[42,-15],[47,-4],[43,5],[21,8],[18,10],[9,9],[13,17],[12,28],[9,26],[11,20],[11,17],[6,15],[2,14],[-1,39],[-2,17],[1,24],[2,44],[2,36],[9,40],[2,14],[1,10],[10,64],[7,42],[2,35],[1,43],[-6,55],[-13,49],[-9,30],[-20,73],[-5,53],[-7,36],[-6,35],[-9,50],[-21,61],[-16,49],[-15,54],[-24,58],[-29,85],[-11,45],[1,58],[2,16],[4,18],[-1,15],[-6,44],[-26,76],[-20,25],[-22,46],[-13,41],[-3,8],[-3,6],[-9,7],[-11,9],[-8,12],[-25,41],[-12,12],[-13,12],[-25,31],[-35,40],[-30,44],[-40,37],[-27,18],[-17,-2],[-15,-8],[-15,-17],[-42,-46],[-39,-47],[-12,-15],[-11,-15],[-21,-9],[-30,8],[-32,17],[-28,23],[-42,45],[-18,18],[-21,13],[-31,20],[-10,15],[-5,21],[-3,29],[-7,39],[-7,55],[-6,48],[-21,47],[-34,99],[-20,52],[-16,37],[-6,22],[-2,33],[3,22],[11,23],[18,9],[25,12],[41,9],[30,7],[33,-9],[29,-17],[26,-27],[31,-35],[22,-26],[16,-26],[11,-25],[12,-32],[8,-16],[15,-12],[25,-9],[8,2],[8,5],[11,4],[18,1],[16,-4],[23,-13],[14,-10],[16,-9],[35,-14],[29,-8],[30,-9],[26,-5],[28,-6],[19,-4],[34,-3],[14,5],[12,7],[30,31],[19,66],[4,28],[7,39],[12,71],[8,33],[2,32],[0,51],[0,67],[-4,33],[-8,14],[-10,10],[-7,18],[2,19],[8,43],[0,40],[-1,29],[-1,100],[-12,102],[-18,83],[-13,92],[-21,61],[-10,38],[-24,89],[-17,70],[-9,44],[-2,19],[0,21],[0,20],[-6,23],[-10,21],[-9,20],[-3,30],[-2,22],[-3,32],[1,25],[10,30],[13,41],[17,58],[7,17],[15,20],[25,22],[19,31],[19,39],[16,48],[11,13],[18,12],[28,4],[22,12],[15,19],[23,22],[12,27],[-1,26],[-4,34],[-7,23],[-9,12],[-31,32],[-47,48],[-33,51],[-34,47],[-15,11],[-38,14],[-40,10],[-78,16],[-25,6],[-18,11],[-9,20],[-5,18],[-14,50],[-5,27],[-2,35],[10,66],[8,41],[7,19],[22,27],[26,15],[38,25],[35,24],[35,9],[18,3],[41,2],[133,1],[85,-9],[42,-6],[40,-14],[39,-21],[54,-58],[57,-37],[23,-10],[17,-6],[41,-12],[28,2],[22,13],[29,18],[17,10],[17,25],[15,21],[5,22],[2,28],[-2,32],[-7,41],[-10,38],[-12,44],[-19,25],[-30,33],[-29,21],[-27,9],[-42,2],[-38,5],[-22,4],[-46,9],[-26,0],[-62,-4],[-40,-7],[-56,0],[-44,16],[-58,34],[-50,17],[-41,11],[-37,12],[-13,20],[-5,28],[-1,22],[8,50],[6,47],[1,39],[-1,39],[-1,46],[4,35],[1,58],[-2,42]],[[43437,47244],[78,9],[106,53],[157,106],[150,70],[186,5],[145,55],[108,23],[115,-10],[20,-94],[64,-96],[83,55],[59,-62],[34,52],[121,-66],[62,11],[77,-20],[106,7],[98,1],[156,-20],[106,19],[213,29],[185,-60],[187,-47],[164,-49],[183,-34]],[[46400,47181],[267,394],[128,211],[582,379],[261,894],[529,2280]],[[48167,51339],[-113,207],[-174,72],[-364,335],[-283,206],[-247,455],[-187,469],[-276,492],[7,370]],[[46530,53945],[-231,47],[-202,42],[-202,94],[-115,19],[-142,-211],[-168,-164],[-90,-108],[-135,-84],[-44,112],[-161,103],[-93,-122],[-139,15],[-171,665],[-109,355],[-112,325],[-101,42],[-246,-286],[-415,-525],[-239,-300],[-293,-320],[-73,-78],[-243,-338],[-156,-417],[-136,-228],[-87,-145]],[[42641,41656],[17,-90],[8,-26],[18,-30],[28,-26],[31,-27],[41,-23],[63,-34],[82,-38],[47,-14],[50,-17],[30,-15],[19,-17],[26,-32],[18,-29],[40,-55],[43,-36],[31,-27],[17,-38],[31,-93],[40,-57],[57,-49],[47,-18],[49,-5],[41,6],[21,3],[23,2],[57,-1],[73,-4],[34,-4],[53,-10],[45,-21],[62,-46],[63,-48],[48,-43],[36,-12],[57,-9],[55,-4],[62,-8],[45,-13],[35,-25],[39,-49],[22,-67]],[[44345,40507],[20,-65],[18,-77],[1,-78],[0,-41],[1,-19],[-3,-108],[-4,-36],[-26,-37],[-24,-30],[-41,-46],[-39,-42],[-37,-43],[-44,-47],[-31,-38],[-46,-52],[-57,-51],[-34,-20],[-32,-13],[-41,-6],[-44,15],[-16,12],[-22,25],[-40,47],[-34,35],[-22,20],[-26,21],[-42,23],[-26,10],[-34,1],[-38,-7],[-51,-22],[-36,-27],[-45,-51],[-26,-36],[-30,-62],[-11,-42],[-14,-88],[-1,-51],[-5,-68],[-4,-47],[-1,-34],[13,-65],[18,-31],[23,-45],[23,-24],[26,-18],[28,-18],[51,-21],[30,-8],[38,-5],[21,-5],[54,-31],[43,-28],[26,-26],[28,-31],[26,-60],[18,-49],[26,-75],[15,-47],[12,-54],[1,-27],[-3,-73],[-3,-34],[-35,-86],[-31,-50],[-41,-55],[-24,-33],[-56,-52],[-26,-26],[-36,-42],[-13,-29],[-16,-33],[-13,-38],[-3,-48],[-5,-75],[-13,-89],[2,-33],[11,-27],[15,-25],[36,-46],[26,-33],[15,-16],[14,-19],[17,-11],[42,2],[27,11],[14,6],[10,4],[22,2],[24,-1],[23,3],[42,17],[13,8],[25,7],[18,5],[15,6],[8,5],[7,4],[7,4],[6,4],[6,6],[7,7],[7,8],[15,14],[16,11],[21,8],[31,8],[12,0],[36,2],[12,1],[18,2],[20,-2],[28,-6],[16,-11],[24,-14],[21,-28],[7,-30],[6,-28],[8,-27],[11,-36],[5,-23],[0,-21],[-6,-29],[-2,-42],[-6,-37],[-12,-46],[-2,-20],[1,-26],[6,-26],[7,-18],[4,-16],[0,-20],[0,-25],[-13,-47],[-21,-71],[-12,-37],[-13,-45],[-13,-34],[-4,-14],[-19,-40],[-10,-19],[-11,-15],[-14,-14],[-32,-13],[-35,-16],[-13,-6],[-13,-7],[-12,-11],[-10,-13],[-8,-12],[-11,-10],[-23,-15],[-20,-18],[-8,-18],[-3,-20],[5,-22],[12,-38],[20,-31],[62,-55],[31,-32],[27,-30],[14,-16],[20,-23],[32,-26],[31,-20],[19,-14],[14,-9],[29,-12],[17,-3],[27,2],[40,-6],[16,-8],[15,-13],[15,-27],[18,-34],[7,-35],[3,-32],[-8,-44],[-7,-30],[-17,-27],[-34,-44],[-18,-20],[-37,-35],[-16,-14],[-33,-21],[-24,-13],[-35,-14],[-30,-8],[-31,-7],[-37,-10],[-28,-7],[-16,-2],[-49,0],[-24,4],[-20,6],[-17,9],[-41,9],[-36,2],[-32,6],[-24,1],[-25,4],[-28,2],[-36,1],[-18,-8],[-15,-17],[-15,-12],[-12,-7],[-38,-6],[-31,-6],[-16,-4],[-24,-9],[-23,-11],[-18,-10],[-12,-10],[-23,-21],[-17,-17],[-15,-22],[-6,-20],[-2,-14],[-2,-31],[4,-39],[7,-28],[9,-24],[13,-32],[15,-42],[12,-27],[18,-37],[27,-45],[14,-28],[20,-35],[26,-47],[20,-29],[21,-26],[18,-20],[27,-26],[21,-13],[15,-9],[15,-10],[21,-8],[29,-3],[15,3],[22,10],[17,12],[18,15],[14,9],[24,19],[17,21],[24,36],[12,23],[9,21],[8,17],[26,41],[9,17],[12,24],[11,16],[11,18],[22,21],[13,10],[8,6],[8,8],[19,12],[12,7],[29,8],[30,0],[20,-3],[32,0],[28,-9],[16,-5],[22,-15],[33,-17],[35,-7],[13,1],[22,3],[32,4],[17,6],[11,9],[5,5],[14,14],[16,24],[22,40],[8,20],[11,22],[10,17],[10,32],[6,40],[-1,31],[1,17],[1,14],[2,17],[6,20],[15,47],[4,16],[5,13],[9,17],[10,12],[29,36],[29,27],[40,35],[35,19],[21,6],[8,3],[15,6],[10,2],[13,3],[17,0],[14,2],[19,6],[12,5],[19,11],[43,24],[21,18],[36,37],[21,25],[24,54],[16,35],[22,39],[11,23],[16,34],[16,30],[14,24],[22,61],[5,13],[9,20],[10,33],[7,20],[6,16],[4,10],[8,19],[13,32],[8,25],[6,17],[13,41],[7,34],[12,43],[6,9],[12,12],[10,7],[9,7],[16,13],[29,30],[24,34],[12,26],[5,13],[7,23],[10,20],[9,12],[18,21],[31,36],[15,13],[17,9],[22,5],[23,3],[24,-3],[31,-6],[39,-15],[36,-28],[30,-19],[27,-31],[25,-42],[21,-72],[4,-69],[1,-32],[-9,-79],[-15,-49],[-20,-30],[-30,-27],[-51,-46],[-41,-41],[-30,-31],[-25,-24],[-40,-30],[-62,-37],[-37,-29],[-79,-69],[-17,-35],[-20,-50],[-8,-51],[1,-32],[8,-25],[15,-27],[47,-23],[44,-2],[30,5],[43,12],[30,11],[36,10],[29,10],[28,12],[24,9],[30,8],[19,2],[42,2],[57,-3],[36,-5],[47,-1],[45,-1],[41,1],[41,-2],[85,6],[38,-6],[32,-3],[18,4],[35,22],[27,14],[31,9],[23,-4],[28,-16],[36,-34],[26,-34],[33,-41],[17,-29],[20,-43],[18,-43],[10,-34],[0,-49],[-5,-53],[-14,-59],[-43,-53],[-52,-43],[-48,-23],[-44,-22],[-23,-11],[-13,-9],[-25,-17],[-50,-30],[-65,-28],[-35,-9],[-48,2],[-23,-2],[-47,-14],[-57,-25],[-46,-22],[-60,-38],[-72,-47],[-29,-24],[-28,-25],[-19,-35],[-9,-39],[-13,-22],[-23,-31],[-27,-33],[-23,-33],[-17,-44],[-8,-31],[-14,-38],[-32,-61],[-9,-44],[-1,-24],[9,-52],[10,-44],[11,-25],[23,-31],[43,-28],[27,-2],[61,20],[30,16],[30,17],[15,9],[25,15],[11,9],[12,16],[20,24],[22,23],[18,27],[38,47],[28,28],[51,44],[29,16],[21,14],[37,20],[67,12],[57,-6],[64,-17],[49,-23],[63,-30],[43,-36],[32,-35],[14,-16],[8,-12],[6,-14],[10,-35],[24,-97],[13,-113],[0,-60],[-17,-65],[-7,-16],[-16,-32],[-19,-15],[-48,-20],[-119,-41],[-89,-54],[-56,-33],[-22,-14],[-30,-20],[-50,-34],[-31,-24],[-27,-29],[-26,-35],[-30,-40],[-57,-76],[-19,-38],[-15,-48],[3,-48],[10,-54],[21,-40],[33,-39],[24,-20],[44,-30],[58,-44],[60,-41],[88,-42],[11,-11],[6,-18],[3,-11],[7,-10],[11,-11],[15,-10],[41,-9]],[[46265,33627],[-959,-789],[-815,-735],[-249,-805]],[[44242,31298],[-382,144],[-518,184],[-240,7],[-529,237],[-225,39],[-230,-97],[-262,-142],[-303,-94],[-220,-273],[-159,-183],[-170,553],[-246,725],[-281,689],[-251,137],[-196,147]],[[40030,33371],[138,392],[145,133],[-92,243],[196,125],[165,270],[-22,204],[-316,167],[-252,219],[-375,429],[16,312],[-69,317],[58,59],[355,567],[246,735],[241,487],[204,433],[-228,300],[-211,301],[62,249],[89,127],[142,463],[73,349],[15,74],[159,315],[124,595],[-13,187]],[[40030,33371],[-94,47],[-119,-36],[-114,26],[-112,-8],[-120,-76],[-101,0],[-54,132],[-17,235],[-381,151],[-11,-456],[-252,-12],[-1061,2],[-7,-94],[-142,-2],[-75,-36],[-209,54],[-90,80],[-41,170],[-133,-90],[-26,266],[-424,-66],[-209,-11],[-78,663],[-77,508],[-103,623],[-158,125],[74,327],[-149,355],[-112,174]],[[38460,31173],[-138,161],[-149,99],[-256,96],[8,-162],[-13,-137],[-53,-247],[-52,-181],[-148,-47],[-22,-122],[9,-311],[-41,-97],[-158,-47],[-172,7],[-101,24],[-163,12],[-214,21],[-217,96],[-273,92],[-175,106],[-271,-49],[-325,16],[-101,-133],[-106,-7],[-129,9],[-116,152]],[[35084,30524],[-202,310],[194,183],[-190,716],[-125,309],[-329,-108],[-881,-198]],[[33551,31736],[-74,769],[-358,394],[-192,51],[-58,134],[142,160],[-274,581],[-23,186],[-47,193],[-177,304],[-325,411],[19,976],[284,480],[222,709],[162,417]],[[40030,33371],[-248,-126],[-208,-624],[-220,-68],[-262,-777],[-509,-152],[-123,-451]],[[42951,22677],[-78,607],[-17,1380],[338,924],[315,1014],[246,1375],[196,1227],[79,1407],[212,687]],[[38460,31173],[-120,-443],[-136,-217],[-53,-85],[-151,-475],[356,-276],[-144,-172],[215,-268],[168,101],[192,-33],[210,-144],[42,-179],[-87,-237],[-184,-153],[-39,-127],[119,-132],[229,-258],[95,-302],[63,-212],[120,-185],[176,-393],[334,-575],[328,-576],[353,-452],[436,-526],[384,-340],[402,-459],[386,-316],[561,-796],[236,-266]],[[43707,18435],[-178,144],[-297,89],[-439,102],[-498,120],[-456,40],[-174,137],[-218,177],[-112,184],[-142,85],[-237,23],[-191,-63],[-138,82],[-404,172],[14,142],[-198,19],[-402,183],[-342,45],[-136,149],[30,137],[-23,165],[-5,162],[-4,150],[-37,131],[-77,127],[-47,91]],[[38996,21228],[-164,204],[-196,302],[-62,-52],[-414,457],[-267,328],[56,54],[-415,349],[-39,0],[-22,410],[-36,292],[-302,-271],[-432,363],[138,532],[-265,-23],[36,438],[-424,139],[-370,193],[-390,474],[-64,264],[-54,0]],[[35310,25681],[-129,298],[-195,367],[-27,211],[127,155],[125,129],[162,507],[43,180],[137,202],[102,152],[-90,249],[-145,377],[-30,363],[-15,263],[-99,197],[-63,146],[-301,-79],[-237,375],[217,363],[192,388]],[[42951,22677],[107,-836],[446,-1447],[232,-1264],[-29,-695]],[[24607,44075],[-65,-646],[-4,-939],[-48,-852],[-16,-506],[41,-658],[-205,-1038],[-101,-625],[-45,-221],[-112,-90],[284,-522],[392,-573],[-163,-227],[-116,-151],[261,-271],[227,-141],[109,-395],[299,-472],[198,-417],[108,-597],[273,-477],[-299,-737],[496,-339],[278,-197]],[[26399,32984],[19,32],[116,153],[64,233],[187,14],[341,466],[194,160],[83,208],[9,22],[37,316],[62,185],[19,151],[145,134],[49,47],[54,188],[192,33],[32,322],[60,654],[433,-38],[84,-56],[53,-132],[466,540],[-336,391],[265,337]],[[25683,32294],[-221,12],[-670,-33],[-151,-19],[-217,360],[-258,-362]],[[24166,32252],[-157,-52],[-173,30],[-139,22],[-156,-76],[-174,-136],[-155,-240],[-144,-217],[-183,174],[-189,139],[-149,111],[-321,141]],[[22226,32148],[-189,289],[-16,40],[-30,64],[-70,348],[-41,453],[-49,297],[-63,144]],[[21768,33783],[-194,287],[288,257],[-38,187],[-63,238],[-81,0],[-54,191],[-30,211],[202,216],[136,134],[232,168],[261,192],[86,122],[-943,956],[-795,773],[-226,223],[-1317,1316],[-196,182]],[[26399,32984],[-192,-316],[-229,-113],[-124,-52],[-171,-209]],[[21768,33783],[-308,-193],[-373,-178],[-789,-434],[-611,-295],[-274,-141],[-212,-109],[-515,-267],[-325,-61],[-326,22],[-205,-52],[-67,-75],[-131,169],[-44,-97],[-93,-189],[-140,-175],[-145,-42],[-273,136],[-344,193],[-272,99],[-336,61],[-411,156]],[[15574,32311],[-157,564],[-30,226],[22,428],[-254,362],[-212,310],[-281,372],[-254,353],[-116,287],[247,278],[478,625]],[[25683,32294],[84,-34],[84,-57],[152,-141],[98,-105],[62,-130],[42,-224],[52,-150],[101,-82],[37,-14],[55,-135],[73,-121],[64,-174],[21,-206],[45,-169],[39,-170],[112,-179],[67,-270],[21,-153],[-89,-273],[-225,-309],[-137,-222],[127,-114],[307,-306],[501,-503],[220,-222],[187,-160],[150,66],[142,-133],[173,165],[252,-257]],[[28500,27512],[60,669],[344,-77],[112,26],[127,0],[121,152],[51,192],[116,94],[113,185],[51,258],[45,136],[93,104],[150,132],[284,268],[254,250],[-74,217],[-82,245],[-74,235],[-116,179],[-185,235],[224,371],[241,599],[1085,150],[445,-38],[423,-479],[316,-72],[385,71],[542,122]],[[35310,25681],[-219,-131],[-745,-161],[-450,-37],[-461,-67],[-675,-65],[-128,-43],[-178,-56],[-340,-315],[-91,-99]],[[32023,24707],[-208,-222],[-259,-190],[-254,-23],[-205,-99],[-266,-137],[-661,-429],[-201,-103],[-81,189],[-190,-61],[-148,202],[-280,334],[-275,-173],[-631,306],[-534,335],[-93,-198],[-273,113],[-276,203],[-187,-189]],[[27001,24565],[-359,-320]],[[26642,24245],[-177,173],[-108,240],[-66,133]],[[26291,24791],[138,77],[161,94],[60,101],[-28,197],[-141,530],[9,215],[59,221],[175,184],[148,31],[529,76],[352,21],[341,157],[384,326],[22,491]],[[26407,22989],[188,-291],[320,-368],[349,-330],[187,-90],[191,236],[160,137],[273,179],[269,-33],[78,288],[0,216],[-125,308],[-191,316],[-231,141],[-243,123],[-35,258],[-235,254],[-288,193],[-73,39]],[[26642,24245],[428,-543],[-183,-269],[-229,-159],[-251,-285]],[[30305,15976],[15,161],[71,486],[104,897],[-283,-38],[-56,245],[-198,199],[-75,183],[261,34],[-22,400],[49,298],[-146,320],[-64,312],[-67,363],[-63,203],[93,325],[213,533],[161,132],[313,165],[254,-80],[131,-194],[108,-231],[90,165],[116,10],[231,-85],[172,-57],[-19,-80],[-186,-170],[-101,-89],[-157,-241],[22,-169],[146,-147],[105,-240],[41,-227],[-295,-221],[3,-269],[109,-208],[123,-85],[194,52],[123,62],[124,-316],[157,19],[407,146],[366,231],[351,198],[366,406],[286,85],[330,165],[188,134]],[[34396,19758],[25,200],[105,43],[3,89],[-149,85],[-127,-37],[-30,169],[60,260],[71,217],[-221,212],[-336,-24],[-907,278],[-583,29],[142,292],[22,175],[-37,306],[97,283],[45,245],[15,245],[-86,344],[-71,292],[-138,316],[-146,528],[-127,402]],[[26407,22989],[-65,-305],[-22,-392],[0,-165],[231,-381],[426,-364],[45,-56],[-56,-406],[-179,-584],[-204,-628],[-179,-957],[-73,-788],[-129,-802],[-148,-727],[-270,-634],[-277,-246],[-149,-457],[-202,-329],[-179,-203],[-91,-141]],[[24886,14424],[194,52],[134,-28],[58,-89],[106,-237],[105,-227],[97,-170],[194,19],[71,-42],[202,-151],[131,33],[3,278],[42,482],[41,108],[149,-75],[168,-47],[183,66],[157,439],[187,415],[310,354],[287,302],[-201,245],[-232,175],[112,165],[15,161],[-235,-203],[-97,113],[-15,236],[78,241],[49,316],[355,-114],[343,-174],[396,-123],[691,80],[471,-240],[186,-845],[34,-189],[609,-174],[41,400]],[[24738,14194],[-150,128],[-184,-74],[-238,-148],[-304,-124],[-299,-201],[-488,-111],[-431,-264],[-364,-51],[-69,277],[-66,367]],[[22145,13993],[-56,662],[60,117],[-211,511],[92,226],[-194,73],[-147,197],[-67,392],[-158,155],[7,264],[-242,-19],[7,-254],[-134,23],[-195,0],[-313,99],[-71,-99],[-127,99],[-251,203],[-52,-160],[-123,231],[-288,307],[-127,-76]],[[19555,16944],[-7,245],[-223,205],[-269,70],[-213,90],[-42,258],[-224,222],[-221,146],[-205,316],[-144,72],[-143,204],[-79,152]],[[17785,18924],[110,515],[81,320],[104,157],[-116,198],[0,57],[151,194],[131,193],[220,142],[70,-72],[-23,-184],[41,-99],[200,53],[264,-15],[183,42],[85,99],[75,-85],[63,-146],[88,-46],[66,211]],[[19578,20458],[245,-141],[247,-186],[404,-260],[498,-377],[130,-283],[104,-262],[129,44],[230,145],[162,-32],[239,61],[194,62],[230,277],[310,330],[299,198],[65,388],[398,314],[82,128],[157,42],[230,930],[166,532],[-67,250],[-224,212],[-206,169],[-239,307],[41,278],[131,339],[217,358],[138,137],[198,99],[240,133],[-31,126],[-357,402],[-82,204],[149,163],[324,305],[57,407]],[[24386,26257],[749,31],[321,-393],[275,-406],[379,-317],[181,-381]],[[24886,14424],[-148,-230]],[[15695,29789],[-301,-529],[-758,-1149],[430,-278],[-243,-412]],[[14823,27421],[-273,-384],[-508,-829],[-665,340],[-616,574],[-740,792],[-496,419],[-280,310],[-196,421]],[[11049,29064],[422,1146],[954,1324],[549,861],[-45,899],[-885,489],[-818,734],[-370,795],[-340,1298],[336,875],[378,550],[-142,366],[45,249],[380,489],[239,373]],[[15574,32311],[-336,84],[-180,-409],[-97,-353],[224,-66],[288,-151],[142,-221],[-32,-281],[32,-481],[19,-325],[61,-319]],[[11049,29064],[-106,-288],[-294,-266],[-557,-1084],[-285,-146],[-337,-188],[-265,-264],[-336,-295],[-357,-414],[-305,-224],[-180,-31],[-91,150],[-126,-88],[-268,-232]],[[7542,25694],[-141,229],[-74,481],[-266,817],[-196,398],[-480,975],[-91,259],[-342,1652],[-28,678],[-459,1222],[-520,552],[-197,124]],[[4748,33081],[8,3],[2,3],[0,13],[8,10],[12,13],[-3,16],[4,23],[9,9],[17,15],[14,1],[11,1],[6,5],[-1,19],[2,9],[10,15],[13,3],[17,-5],[14,9],[10,19],[3,10],[0,5],[-3,6],[-1,6],[1,3],[10,9],[11,4],[23,10],[54,50],[26,32],[65,65],[33,30],[2,3],[14,21],[9,15],[14,14],[22,17],[14,16],[10,6],[11,3],[8,2],[9,8],[5,5],[4,11],[5,13],[5,6],[40,32],[34,36],[24,16],[9,12],[1,6],[-1,12],[1,6],[11,14],[8,4],[13,3],[8,4],[10,8],[20,21],[11,16],[10,16],[7,7],[24,17],[13,12],[7,8],[10,5],[26,31],[13,17],[21,20],[18,19],[28,31],[15,21],[18,11],[3,3],[16,21],[7,19],[13,18],[48,31],[18,17],[12,9],[14,14],[17,13],[38,41],[10,9],[13,12],[16,8],[21,21],[25,30],[41,55],[19,18],[16,27],[17,26],[22,22],[31,32],[30,36],[34,32],[20,30],[37,41],[17,24],[28,31],[22,23],[10,13],[6,7],[13,10],[19,18],[7,10],[6,6],[5,10],[7,14],[7,12],[9,11],[12,12],[20,25],[12,13],[9,10],[4,6],[29,29],[33,46],[31,46],[36,41],[39,42],[21,23],[35,38],[15,13],[17,19],[18,25],[33,39],[25,28],[28,28],[21,20],[16,15],[13,16],[14,19],[11,14],[13,16],[14,21],[18,22],[11,15],[17,18],[14,16],[10,9],[13,14],[6,10],[12,15],[11,17],[15,20],[19,26],[12,17],[15,19],[17,26],[13,18],[11,18],[15,24],[5,10],[7,11],[7,12],[22,29],[9,12],[7,13],[9,19],[7,14],[8,17],[8,13],[15,22],[23,34],[27,39],[13,17],[25,31],[9,15],[10,19],[5,8],[4,5],[3,2],[4,2],[9,7],[5,4],[5,9],[3,8],[7,19],[3,11],[5,9],[7,9],[12,12],[6,5],[9,9],[4,5],[5,7],[6,7],[5,7],[4,4],[3,4],[5,8],[16,23],[13,17],[9,12],[7,8],[9,10],[7,9],[8,8],[7,8],[11,10],[6,6],[6,5],[8,8],[5,7],[4,5],[5,6],[12,13],[5,7],[7,8],[12,22],[12,23],[13,22],[8,14],[9,19],[9,20],[7,20],[1,14],[-2,14],[0,6],[2,7],[9,10],[16,17],[21,12],[13,14],[16,29],[14,28],[19,32],[24,33],[21,39],[10,15],[5,8],[11,10],[10,14],[13,14],[9,12],[16,18],[18,21],[3,9],[2,12],[3,10],[5,10],[9,9],[7,4],[14,12],[9,12],[10,28],[6,21],[4,7],[22,41],[47,74],[25,38],[43,56],[27,35],[8,12],[3,7],[0,7],[-1,9],[-2,5],[-1,4],[1,4],[2,2],[2,-1],[2,-3],[2,-3],[2,-1],[2,2],[3,3],[2,4],[-1,2],[-1,2],[0,3],[0,1],[2,0],[1,-1],[2,0],[2,0],[1,0],[0,4],[1,3],[1,1],[2,-1],[2,6],[-2,6],[0,3],[0,5],[0,9],[-2,4],[1,0],[3,0],[17,2],[7,4],[2,6],[0,11],[1,2],[5,1],[5,9],[4,11],[-2,11],[-6,0],[-4,1],[-3,6],[-1,7],[1,9],[2,2],[8,0],[13,-2],[10,-4],[7,2],[0,16],[-5,6],[-11,0],[-3,6],[1,20],[3,14],[7,25],[12,12],[16,23],[11,16],[6,21],[3,2],[4,-1],[10,-16],[11,-2],[18,11],[17,23],[17,20],[20,36],[8,22],[0,4],[0,4],[3,5],[10,15],[1,4],[-1,9],[1,6],[1,2],[2,2],[13,-1],[6,3],[6,3],[19,26],[20,29],[25,41],[18,32],[41,55],[17,23],[30,38],[8,13],[20,26],[8,15],[9,23],[5,9],[4,10],[9,14],[27,26],[22,34],[7,23],[0,17],[12,24],[24,18],[18,8],[28,29],[12,11],[9,8],[8,10],[8,22],[6,10],[22,14],[26,22],[10,22],[5,14],[1,8],[-2,10],[-6,11],[-10,19],[-4,7],[-1,9],[1,5],[3,2],[7,-2],[7,-3],[5,-3],[8,-1],[9,1],[16,8],[22,15],[9,12],[15,19],[26,25],[26,27],[24,29],[27,23],[15,11],[12,10],[16,18],[17,22],[37,46],[40,53],[27,38],[31,44],[37,47],[64,72],[28,36],[52,73],[15,20],[19,26],[26,44],[29,38],[24,26],[32,46],[40,57],[38,47],[38,53],[41,62],[36,46],[31,40],[36,37],[6,6],[51,63],[63,81],[39,46],[48,62],[39,42],[36,46],[36,40],[13,13],[25,31],[37,52],[57,79],[17,28],[14,23],[13,28],[9,17],[41,58],[25,34],[19,28],[33,47],[29,40],[33,43],[13,19],[19,28],[28,33],[14,21],[10,19],[11,18],[10,15],[12,14],[22,24],[33,38],[12,12],[23,27],[29,28],[42,37],[21,22],[13,16],[4,6],[4,7],[2,7],[2,8],[4,8],[5,7],[8,6]],[[7542,25694],[-130,20],[-295,-71],[-276,-207],[-601,-858],[-482,-136],[-318,-335],[-314,-297]],[[5126,23810],[-109,-238],[-396,-667],[-44,-232],[-384,-687],[-410,-559],[-671,-481],[-286,-274],[-262,-116],[-84,-79],[-202,-178]],[[2278,20299],[-502,-84],[41,500],[108,482],[185,646],[306,1454],[1023,1192],[-2983,3116],[-385,-45],[-71,-17],[14,28],[21,29],[16,23],[24,46],[16,29],[8,11],[23,20],[13,15],[8,14],[1,17],[-2,19],[-8,12],[-3,1],[-3,1],[-3,3],[-3,8],[0,9],[3,15],[3,3],[8,3],[20,0],[3,4],[0,17],[0,10],[4,7],[21,18],[2,5],[0,6],[-10,41],[0,4],[1,2],[27,14],[23,26],[23,55],[18,40],[12,17],[11,3],[8,-2],[19,-17],[7,1],[6,7],[6,8],[2,6],[4,6],[5,6],[6,9],[0,12],[-3,9],[-5,6],[-7,5],[0,5],[2,4],[3,3],[6,-7],[6,-3],[8,0],[20,11],[16,14],[13,22],[6,25],[-9,38],[-5,7],[-4,8],[-9,2],[-2,0],[-4,7],[-1,6],[0,2],[2,2],[10,2],[3,3],[1,15],[2,7],[4,0],[5,-9],[2,-8],[-1,-11],[0,-11],[4,-8],[7,-7],[9,-8],[10,-4],[14,1],[24,14],[19,29],[14,20],[11,20],[9,28],[9,26],[4,24],[4,18],[-1,6],[-4,4],[-19,-6],[-21,-2],[-14,8],[-1,7],[3,7],[9,8],[9,5],[10,0],[9,1],[6,4],[0,4],[-2,7],[-3,12],[4,10],[6,3],[3,-1],[1,-4],[4,-11],[2,-1],[5,2],[6,7],[2,-1],[4,-10],[4,-7],[7,-2],[7,4],[8,10],[2,11],[0,10],[-4,6],[-4,6],[-5,2],[-9,2],[-2,3],[-1,5],[0,2],[0,5],[1,2],[5,3],[4,0],[7,-2],[3,-5],[8,-3],[7,2],[5,3],[4,7],[0,8],[-6,11],[-6,6],[-3,6],[2,8],[7,4],[4,3],[5,4],[1,8],[1,10],[2,4],[5,4],[9,6],[4,3],[6,2],[3,2],[2,4],[0,8],[3,10],[5,4],[7,1],[0,1],[1,2],[-2,6],[1,6],[2,3],[5,0],[5,1],[4,-1],[1,1],[1,3],[-3,9],[2,5],[1,4],[6,4],[7,4],[6,4],[3,7],[-1,7],[2,5],[4,4],[11,4],[2,4],[-1,11],[3,6],[2,4],[4,14],[3,2],[6,0],[8,-11],[7,-3],[8,0],[4,6],[3,-1],[1,-1],[1,-2],[-4,-15],[-4,-17],[-5,-3],[-11,-16],[-19,-34],[-9,-15],[-10,-22],[-1,-23],[3,-55],[-3,-23],[-2,-12],[-1,-20],[5,-13],[1,-4],[-3,-6],[-4,-5],[-7,-11],[-4,-12],[0,-9],[-3,-15],[1,-9],[-1,-21],[2,-19],[6,-12],[11,-14],[10,-9],[10,-5],[13,-4],[15,-3],[21,0],[16,3],[8,0],[31,9],[44,11],[8,2],[18,6],[27,24],[81,86],[80,92],[13,16],[6,4],[8,6],[9,7],[7,4],[12,11],[7,5],[25,25],[15,20],[15,55],[8,34],[5,14],[21,52],[3,8],[9,23],[6,17],[7,21],[6,23],[4,35],[1,4],[7,32],[16,26],[15,18],[11,9],[12,13],[22,11],[7,-4],[11,1],[11,6],[44,12],[45,19],[28,13],[13,14],[15,25],[26,31],[6,7],[15,19],[8,10],[5,26],[2,44],[4,26],[2,16],[1,25],[1,14],[1,32],[1,31],[5,40],[9,22],[7,15],[14,23],[10,16],[13,23],[8,11],[11,17],[9,10],[11,12],[26,6],[11,3],[18,1],[16,0],[25,-1],[20,-1],[23,1],[23,2],[21,-2],[18,0],[10,-5],[28,-13],[28,0],[25,4],[72,27],[25,29],[17,21],[14,36],[14,44],[3,21],[2,16],[0,30],[6,22],[14,12],[21,5],[23,5],[20,7],[14,7],[22,0],[4,1],[7,3],[7,3],[18,25],[12,22],[14,31],[15,23],[35,44],[29,57],[26,58],[15,42],[5,38],[2,28],[6,16],[6,13],[7,13],[5,8],[16,13],[23,10],[30,19],[29,24],[20,21],[14,31],[9,20],[15,25],[6,5],[10,9],[25,11],[15,3],[16,2],[34,3],[28,2],[23,3],[8,4],[7,4],[9,6],[15,16],[15,21],[24,53],[18,43],[6,14],[20,22],[10,12],[5,26],[8,31],[7,37],[20,23],[22,8],[22,-3],[23,-7],[26,2],[24,17],[9,7],[16,12],[6,7],[8,9],[6,6],[3,8],[8,18],[3,5],[8,6],[10,7],[22,-3],[26,-8],[22,8],[16,15],[10,24],[11,38],[17,20],[20,8],[6,2],[16,3],[14,2],[13,15],[23,29],[-5,3],[-3,0],[-13,-15],[-12,-10],[-14,-10],[-14,-2],[-22,-3],[-27,-14],[-17,-37],[-15,-46],[-20,-5],[-27,17],[-27,2],[-24,-15],[-22,-39],[-21,-34],[-24,-6],[-3,-1],[-31,-2],[-11,2],[-21,5],[-24,-4],[-15,-2],[-19,-23],[-14,-25],[-7,-26],[-13,-31],[-18,-26],[-21,-44],[-19,-48],[-8,-15],[-10,-19],[-32,-20],[-28,-3],[-54,2],[-39,-1],[-24,1],[-16,4],[-9,14],[-3,23],[-1,6],[1,30],[21,29],[6,5],[43,34],[28,10],[20,7],[5,5],[-1,6],[-56,-15],[-24,-17],[-33,-27],[-16,-16],[-10,-29],[1,-38],[-9,-46],[-1,-8],[-16,-38],[-15,-39],[-20,-29],[-17,-38],[-18,-25],[-36,-18],[-57,-35],[-35,-13],[-14,-6],[-12,-4],[-50,-14],[-13,-4],[-15,-8],[-24,-12],[-46,-17],[-21,-19],[-9,-19],[-3,-8],[-1,-24],[-1,-13],[1,-14],[2,-9],[-2,-11],[1,-8],[-10,-12],[-6,-8],[-13,-3],[-16,-4],[-10,-5],[-31,-9],[-33,-19],[-23,-26],[-23,-47],[1,-10],[3,-43],[18,-64],[4,-13],[3,-42],[-2,-31],[-3,-15],[-8,-24],[-6,-15],[-11,-15],[-7,-10],[-17,-11],[-10,-6],[-23,-8],[-19,-6],[-9,1],[-15,3],[-20,4],[-31,4],[-15,2],[-24,-2],[-23,-2],[-52,-10],[-53,-22],[-8,-5],[-22,-15],[-23,-35],[-20,-49],[-10,-18],[-8,-15],[-7,-18],[-7,-17],[-12,-26],[-3,-13],[-7,-23],[-2,-16],[-4,-41],[-1,-18],[-2,-25],[-4,-12],[-8,-30],[-5,-12],[-4,-10],[-9,-9],[-16,-15],[-12,-8],[-17,-12],[-24,-12],[-16,-8],[-31,-14],[-30,-14],[-25,-19],[-15,-14],[-20,-19],[-22,-21],[-34,-41],[-10,-14],[-18,-30],[-17,-35],[-9,-31],[-7,-27],[-10,-35],[-14,-39],[-16,-43],[-11,-37],[-8,-23],[-7,-16],[-9,-15],[-9,-6],[-15,-5],[-15,0],[-12,4],[-10,3],[-10,4],[-9,2],[-11,7],[-18,19],[-11,19],[-1,16],[3,29],[0,33],[-8,28],[-18,22],[-25,11],[-17,2],[-15,-4],[-12,-8],[-9,5],[-11,14],[-9,16],[2,10],[16,14],[17,13],[8,8],[15,8],[11,3],[13,6],[12,6],[13,14],[7,8],[6,10],[7,13],[24,29],[24,22],[34,26],[22,23],[9,9],[10,13],[11,12],[12,13],[14,10],[9,5],[6,3],[5,2],[5,5],[10,9],[18,24],[19,23],[7,15],[1,11],[3,11],[15,11],[20,16],[16,4],[6,8],[3,10],[2,2],[6,1],[10,7],[10,19],[5,12],[4,10],[2,8],[2,3],[3,3],[7,-1],[9,-1],[8,4],[6,12],[2,5],[2,4],[7,6],[6,5],[12,6],[7,9],[2,13],[6,12],[24,24],[6,13],[11,12],[8,16],[20,22],[10,4],[11,2],[8,11],[7,14],[9,15],[23,16],[8,13],[7,13],[8,10],[10,9],[7,11],[13,14],[4,13],[7,8],[9,3],[6,8],[0,17],[1,10],[8,15],[6,7],[7,8],[7,9],[9,7],[9,5],[13,2],[10,12],[-2,15],[-2,17],[1,10],[24,25],[14,18],[24,36],[20,13],[20,24],[8,12],[31,24],[32,23],[27,42],[10,8],[13,6],[17,4],[14,12],[29,31],[12,13],[10,7],[5,6],[5,9],[5,8],[10,10],[19,12],[8,9],[5,11],[6,11],[16,9],[21,21],[16,14],[12,9],[13,15],[7,11],[8,7],[10,12],[8,12],[8,13],[11,9],[8,3],[7,1],[12,11],[3,8],[7,10],[12,11],[13,4],[6,5],[3,10],[7,12],[9,11],[7,6],[10,3],[5,4],[10,16],[6,12],[7,8],[17,14],[7,6],[5,7],[12,17],[13,16],[6,5],[13,4],[14,4],[6,9],[1,22],[12,26],[7,12],[9,6],[13,19],[15,24],[12,16],[3,2],[4,4],[10,10],[5,5],[4,4],[6,4],[10,8],[12,16],[9,15],[9,8],[7,6],[5,5],[5,6],[6,5],[6,4],[4,5],[5,5],[2,4],[5,4],[6,4],[7,-1],[7,3],[9,17],[7,13],[9,8],[3,4],[4,3],[3,4],[5,5],[9,14],[5,4],[10,5],[7,6],[6,5],[3,4],[7,7],[4,5],[2,4],[8,6],[5,3],[3,2],[5,4],[4,3],[7,4],[5,9],[8,7],[6,3],[3,3],[6,5],[6,4],[3,2],[9,3],[6,3],[9,7],[9,12],[15,20],[9,16],[12,11],[9,7],[7,7],[5,4],[33,31],[37,23],[11,12],[17,19],[26,21],[5,5],[18,17],[8,18],[3,17],[1,4],[3,5],[5,4],[5,1],[6,1],[8,0],[4,0],[6,1],[6,2],[3,1],[2,1],[3,1],[2,1],[5,9],[1,4],[2,8],[3,15],[3,12],[5,12],[23,20],[43,33],[36,32],[51,47],[39,30],[5,4],[2,23],[7,11],[41,29],[22,15],[25,23],[19,22],[16,19],[34,32],[11,27],[16,22],[20,18],[28,30],[20,20],[31,28],[38,30],[31,26],[13,28],[14,22],[19,20],[11,4],[7,7],[24,26],[10,14],[9,11],[24,26],[24,16],[8,11],[7,17],[2,6],[14,14],[14,13],[32,17],[30,29],[22,22],[16,13],[15,21],[11,32],[4,5],[25,16],[28,36],[6,4],[17,2],[14,13],[4,11],[2,18],[6,10],[8,6],[15,5],[19,11],[40,41],[33,49],[14,27],[15,9],[10,8],[7,15],[1,15],[3,12],[5,7],[23,16],[47,45],[15,31],[57,76],[16,29],[5,3],[14,4],[9,14],[2,15],[6,10],[16,20],[18,7],[9,11],[9,6],[22,-4],[3,-6],[5,-4],[12,9],[17,22],[-2,22],[3,15],[8,8],[8,8],[20,11],[28,2],[31,31],[17,14],[17,11],[7,8],[12,8]],[[855,28957],[-17,-11],[-8,-2],[-2,-5],[3,-14],[-1,-5],[-3,-3],[-11,3],[-7,-5],[-2,-9],[3,-14],[-1,-11],[0,-10],[5,-7],[10,-5],[11,7],[16,15],[10,4],[8,7],[4,10],[6,11],[0,10],[-5,11],[-5,12],[-4,10],[-10,1]],[[787,28448],[23,-1],[38,8],[46,18],[9,-5],[8,1],[43,54],[32,39],[38,49],[4,9],[1,10],[-12,52],[-12,70],[-16,28],[-22,12],[-11,-5],[-5,-26],[-23,-69],[-39,-33],[-48,-32],[-12,3],[-4,26],[-6,7],[-4,2],[-4,-3],[-6,-48],[-17,-33],[-9,-11],[-16,-26],[-7,-10],[0,-5],[5,-8],[2,-9],[4,-16],[1,-18],[5,-16],[14,-14]],[[14823,27421],[510,-271],[412,-396],[497,-602]],[[16242,26152],[262,-250],[-174,-211],[851,-867],[-599,-1056],[-340,179],[-626,-824],[-504,-990]],[[15112,22133],[-237,-152],[0,-170],[50,-438],[29,-235],[5,-192]],[[14959,20946],[-210,433],[-149,303],[-169,561],[-385,365],[-362,-754],[-71,-127],[509,-471],[-479,-656],[-572,-958]],[[13071,19642],[-209,269],[-478,250],[-359,62],[-284,33],[-440,-71],[-329,-340],[-351,-155],[-165,-302],[-89,-255],[-232,-9],[-392,42],[-373,104],[-257,149],[-154,11],[-224,146],[-239,213],[-247,349],[-459,509],[-288,495],[260,-228],[-107,229],[-50,81],[-37,196],[-217,208],[-46,156],[-46,165],[-104,112],[-323,631],[-530,617],[-450,495],[-143,126],[-583,-120]],[[2278,20299],[432,-1555],[100,-358],[1008,-791],[921,-1573],[829,-951],[-53,-462],[849,-622],[440,-173],[649,-495],[395,-105],[381,-4],[783,-455],[508,48],[190,336],[446,-45],[463,382],[530,437],[516,-172],[518,292],[613,-407],[395,37],[30,55]],[[13221,13718],[-120,560],[-146,245],[-37,189],[41,444],[15,372],[-97,472],[-142,600],[-30,472],[63,316],[109,278],[351,222],[194,420],[131,339],[293,232]],[[13846,18879],[-110,254],[-351,208],[-116,141],[-198,160]],[[15695,29789],[168,-226],[254,-372],[306,-391],[260,-58],[147,-192],[493,-584],[122,456],[220,372],[217,160],[355,-5],[231,-84],[374,113],[246,117],[213,15],[482,33],[355,80],[323,819],[548,589],[397,264],[465,535],[213,358],[142,360]],[[24166,32252],[-108,-256],[-92,-50],[-102,-796],[-167,-7],[-147,200],[-146,-350],[137,-224],[175,-118],[-22,-200],[-58,-209],[-47,-528],[-5,-266],[231,-48],[47,-41],[-56,-181],[4,0],[67,0],[67,-111],[-2,-78],[-147,-122],[71,-134],[184,-167],[230,-153],[-368,-451],[422,-339],[143,-105],[133,-98],[-39,-298],[-100,-428],[-85,-437]],[[19578,20458],[160,398],[168,306],[69,141],[98,211],[39,220],[110,373],[74,436],[133,340],[82,309],[198,510],[86,240],[-201,396],[-264,340],[-217,321],[-362,485],[-308,437],[-254,306],[-183,-235],[-429,329],[-81,-168],[-553,386],[-207,-142],[-145,207],[-180,-5],[-69,49],[-84,149],[-249,543],[-240,-336],[-284,-376],[-243,-476]],[[28463,9801],[198,260],[314,344],[239,435],[236,227],[332,80],[179,24],[54,-46],[172,19],[88,88],[102,249],[168,-126],[111,186],[276,36],[333,283],[325,199],[-19,358],[-142,265],[-90,260],[94,217],[286,580],[272,283],[308,304]],[[32299,14326],[18,17],[299,90],[702,-47],[793,-298]],[[34111,14088],[304,40],[424,-341],[155,-580],[-125,-299],[-19,-203],[-3,-354],[210,-121],[36,-157],[86,-373],[46,-382],[44,-469],[117,-664],[26,-227],[103,-288]],[[35515,9670],[-990,-590],[-965,-432],[-203,-91],[-978,-735],[-789,-1069],[-812,-1038],[-493,-981],[-136,-545],[-518,228],[-1092,-336],[-845,-35],[-564,-186]],[[27130,3860],[-13,151],[-89,483],[31,467],[218,663],[92,264],[116,317],[30,520],[-168,723],[-64,576],[-67,331],[329,303],[489,656],[429,487]],[[27130,3860],[-127,-662],[-1386,-377]],[[25617,2821],[-45,88],[-428,687],[-231,539],[-94,364],[-74,412],[-183,392],[-349,358],[-310,293],[-52,175],[-165,274],[-377,345],[-174,233],[-196,661],[-164,552],[-133,498],[-54,438],[-213,198]],[[22375,9328],[123,213],[-2,247],[-257,543],[-148,585],[-157,547],[-32,469],[81,325],[-466,1301],[628,435]],[[24738,14194],[-236,-519],[409,-417],[139,-99],[414,-170],[538,-175],[-144,-419],[-114,-426],[471,-232],[471,-198],[-137,-367],[-117,-771],[7,-402],[366,170],[386,120],[630,55],[273,-33],[220,-354],[149,-156]],[[19969,8491],[204,-176],[-494,-904],[-9,-145],[22,-117],[-63,-363],[183,-209],[280,-208],[1217,-2338],[1244,-1657],[-163,-619],[-63,-414],[-217,-1112],[316,-84],[464,-145],[144,9],[60,13],[81,115],[171,217],[74,143],[-2,43],[43,69],[19,98],[39,33],[19,84],[29,34],[70,210],[64,264],[86,144],[169,558],[433,-133],[26,225],[145,-83],[370,-297],[289,-137],[241,902],[157,310]],[[22375,9328],[-198,-132],[-153,-66],[-230,25],[-101,-279],[-269,-208],[-139,-143],[-219,266],[-174,174],[-446,237],[-38,-321],[-97,-218],[-188,-101],[-154,-71]],[[19969,8491],[63,343],[-64,357],[-425,233],[110,554],[67,85],[-689,1355],[-34,27],[-142,110],[-136,342],[-145,192],[-130,179],[-39,44],[-121,155],[-89,137],[-957,1388]],[[17238,13992],[407,418],[272,242],[627,760],[731,1022],[280,510]],[[17238,13992],[-1132,791],[-1098,-166],[-229,-278],[-248,-301],[-350,-426],[-82,-15],[-229,25],[-139,-180],[-153,56],[-217,-300],[-90,418],[-50,102]],[[13846,18879],[230,-321],[194,-208],[278,-296],[413,-298],[392,37],[408,114],[149,278],[34,396],[242,170],[398,199],[298,434],[338,-261],[435,-369],[130,170]],[[15112,22133],[350,41],[369,-42],[225,179],[175,-132],[237,-395],[-345,-750],[-223,-560],[-382,-596],[-227,-117],[473,-62],[-2,-291],[-135,-227],[-483,235],[-196,520],[-132,513],[143,497]],[[32299,14326],[-138,242],[-207,262],[-116,295],[-300,349],[-380,170],[-471,178],[-382,154]],[[43707,18435],[-7,-153],[-17,-411],[-402,-667],[-202,-276],[-279,-444],[-187,-510],[-493,-1016],[-1150,-1691],[-823,-760]],[[40147,12507],[-433,935],[-296,562],[-295,769],[-265,595],[-310,411],[-355,169],[-728,293],[-258,467],[-175,538],[-504,429],[-325,269],[84,533]],[[36287,18477],[9,378],[34,297],[-30,453],[102,461],[0,131],[92,126],[154,310],[156,221],[340,118],[403,-23],[318,85],[274,-26],[64,132],[84,16],[132,-7],[174,-38],[123,61],[198,42],[82,14]],[[36287,18477],[-174,-301],[-445,51],[-429,48],[-235,47],[-176,-354],[-370,250],[-276,198]],[[34182,18416],[105,113],[306,302],[250,345],[-198,382],[-249,200]],[[40147,12507],[-654,-96],[-744,-670],[-131,-119],[-998,-689],[-1378,-830],[-727,-433]],[[34111,14088],[-67,355],[138,146],[-243,19],[150,246],[171,231],[139,193],[-68,161],[-141,108],[-232,170],[-176,76],[-160,47],[127,236],[-168,212],[104,302],[254,14],[-157,652],[-67,655],[467,505]],[[51461,72582],[-504,-160],[-169,-142],[-177,-188],[-138,-83]],[[47433,71019],[295,-1101],[-197,-1081],[-115,-695],[-296,-362],[789,-1264],[188,-972]],[[48097,65544],[271,-231],[277,-122],[620,-271],[358,-824],[396,-399],[38,-580],[-38,-317],[-30,-445],[277,78],[433,34],[376,34],[222,10],[10,-87],[44,-14],[58,-38],[190,-304],[205,-17],[148,-307],[45,-437],[311,-456],[1181,229],[415,-283],[37,-25],[298,-203],[365,-258],[205,-80],[239,773],[181,356],[262,-127],[241,-180],[63,173],[82,71],[41,182],[137,129],[556,733]],[[56777,75917],[-6,329],[-151,478],[-119,-20],[-212,-258],[-672,-313],[-720,-234]],[[54897,75899],[-43,-38],[-290,-224],[-374,-580],[-389,-759]],[[48097,65544],[-515,-303],[364,-1243],[-239,-417],[-500,-793]],[[47207,62788],[-613,350],[-740,487],[-257,-778],[-166,-501],[566,-778],[-212,-873],[-357,-597],[-436,-15],[-76,-555],[-406,-58],[-245,60],[-329,211],[-267,18],[-314,-102],[-337,213],[-280,138],[-281,-589],[-193,401]],[[58531,52074],[-142,197],[-127,174],[-545,-61],[306,-474],[78,-305],[-175,-61],[-452,235],[-702,441],[-635,455],[-560,394],[-627,69],[-76,44],[-61,44],[-11,3],[-35,4],[-35,6],[-93,30],[-89,61],[-213,170],[-968,333],[-183,258],[-476,278],[2,533],[-49,426],[-8,383],[-201,377],[-276,389],[-79,309],[-34,209],[-190,231],[-179,356],[-150,136],[-138,-337],[-252,-584]],[[51156,56797],[-416,181],[-415,281],[-220,0],[-262,61],[-280,305],[-235,407],[-456,394],[-448,112]],[[48424,58538],[-20,353],[-159,369],[-344,201],[-381,258],[-474,426],[-221,360],[45,487],[67,544],[57,547],[119,291],[94,414]],[[46530,53945],[94,352],[530,483],[380,242],[139,281],[79,133],[-97,408],[628,963],[-14,528],[-166,1147],[321,56]],[[48167,51339],[85,463],[183,38],[94,42],[190,-70],[258,-33],[269,-89],[481,-122],[310,0],[83,75],[-307,497],[-467,338],[-164,258],[437,173],[153,164],[60,455],[-112,338],[474,258],[105,117],[336,-56],[265,150],[-41,239],[-127,257],[-170,196],[109,286],[351,899],[207,550],[-73,35]],[[46400,47181],[153,-23],[257,-80],[269,-43],[396,-65],[561,-99],[440,-51],[366,-24],[183,-47],[131,-192],[164,-108],[150,-94],[138,-75],[178,71],[86,151],[88,73],[53,237],[51,465],[321,-67]],[[50385,47210],[306,-170],[142,-145],[127,225],[90,89],[228,183],[157,52],[175,-38],[168,75],[172,118],[22,103],[-27,127],[151,352],[134,267],[179,319],[191,451],[90,272],[119,103],[0,-131],[22,-179],[142,-169],[165,-201],[160,-71],[131,75],[183,151],[168,-108],[303,-329],[321,-314],[269,-338],[265,-357],[209,-263],[116,-150],[174,-56],[304,-132],[407,90],[400,0],[332,18],[224,-18],[258,51],[226,40],[220,47],[155,12]],[[44345,40507],[66,25],[91,-43],[131,-104],[291,-197],[176,-198],[265,-89],[575,-66],[445,-42],[164,47],[60,244],[97,343],[90,151],[67,122],[127,56],[231,-56],[277,-19],[470,-56],[266,-202],[306,-198],[155,-136],[-133,-508],[496,184],[233,145],[306,198],[730,-331],[84,201],[187,-383],[265,-192],[157,-108],[311,-320]],[[51331,38975],[-66,553],[226,631],[313,644],[115,198],[229,267],[239,193],[385,221],[-38,432],[-52,385],[-190,80],[-363,85],[-341,66],[-316,126],[-206,183],[-119,226],[-112,202],[-179,207],[-30,375],[15,259],[-19,178],[-26,305],[205,179],[157,145],[153,282],[-209,324],[-261,127],[-23,324],[11,342],[-27,85],[-109,0],[-200,23],[-97,136],[-37,207],[0,164],[26,81]],[[51331,38975],[82,-110],[92,-97],[329,-498],[202,-231],[310,-381],[198,-286],[183,-245],[104,-164],[81,-236]],[[52912,36727],[229,172],[552,313],[227,217],[273,237],[420,275],[239,173],[103,-119],[267,-207],[191,31],[250,70],[112,132],[101,266],[188,281],[153,266],[185,188],[105,167],[164,261],[82,124],[-11,129],[-28,214],[-18,224],[-17,178],[97,127],[117,211],[115,218]],[[57008,40875],[201,303],[189,100],[44,26],[-36,135],[-301,-14],[29,853],[86,555],[134,784],[71,507],[-123,451],[-202,319],[71,259],[247,150],[235,418],[153,394],[337,564],[227,582]],[[53710,32720],[-178,-127],[-250,-174],[-383,-245],[-389,-202],[-396,-365],[-654,-225],[-489,-250],[-411,-177],[-321,144],[-437,-70],[-71,-357],[318,-169],[571,-94],[451,-261],[-40,-243]],[[51031,29905],[-404,-185],[-247,-523],[-436,-304],[-239,174],[-209,75],[-52,-372],[-124,-254],[-112,-118],[-141,-31]],[[49067,28367],[-10,20],[-13,19],[-29,48],[-26,39],[-45,58],[-52,46],[-54,47],[-26,12],[-27,13],[-72,32],[-33,14],[-34,5],[-21,0],[-26,3],[-32,11],[-30,31],[-19,30],[-9,31],[-2,41],[0,50],[2,74],[0,67],[-6,28],[-14,28],[-33,39],[-41,58],[-31,21],[-32,27],[-28,33],[-32,51],[-40,59],[-32,47],[-40,40],[-46,52],[-58,74],[-23,31],[-36,46],[-19,22],[-7,14],[-16,27],[-12,29],[-14,50],[-7,30],[-6,42],[-6,35],[-22,60],[-14,31],[-15,18],[-15,26],[-22,37],[-9,20],[-15,41],[-16,36],[-18,38],[-14,43],[-7,31],[-20,46],[-11,21],[-4,18],[-2,53],[2,52],[3,39],[0,26],[-3,18],[-4,32],[-4,42],[-1,49],[0,94],[2,70],[-1,48],[6,65],[14,128],[7,35],[7,32],[12,60],[14,78],[4,37],[1,36],[1,27],[-6,19],[-5,21],[-14,36],[-20,33],[-25,24],[-29,21],[-34,22],[-34,14],[-52,20],[-52,13],[-27,9],[-49,7],[-45,12],[-43,2],[-40,-3],[-36,-7],[-30,0],[-28,3],[-44,22],[-39,28],[-21,22],[-23,28],[-19,41],[-4,14],[-12,41],[-11,36],[-8,30],[-1,23],[-1,45],[0,35],[2,16],[18,100],[7,35],[6,33],[0,29],[0,24],[-1,31],[-5,31],[-4,16],[-11,31],[-17,31],[-25,24],[-27,23],[-24,18],[-36,28],[-25,10],[-29,5],[-20,-3],[-28,-14],[-27,-20],[-31,-31],[-43,-42],[-40,-34],[-27,-10],[-31,-1],[-33,3],[-19,8],[-33,25],[-24,22],[-16,18],[-13,20],[-15,29],[-14,33],[-12,26],[-10,28],[-5,29],[-2,43],[-6,32],[-3,25],[1,21],[5,25],[11,29],[12,28],[11,27],[7,15],[11,18],[14,18],[14,25],[8,29],[15,39],[7,27],[3,22],[4,49],[2,39],[2,34],[5,48],[1,58],[-1,30],[-3,25],[-14,46],[-19,52],[-25,51],[-28,34],[-19,20],[-22,13],[-28,17],[-35,24],[-32,24],[-25,16],[-14,8],[-14,6]],[[52912,36727],[43,-124],[74,-228],[116,-642],[19,-360],[37,-240],[135,80],[198,102],[-4,-85],[0,-118],[23,-376],[29,-357],[23,-384],[18,-524],[15,-384],[72,-367]],[[79922,48988],[-1095,28],[-431,358],[-8,605],[-170,331],[31,252],[530,799],[405,156],[756,-239],[646,-430]],[[76538,47556],[-7,-234],[149,-263],[146,-235],[78,-136],[120,-150],[101,-160],[-45,-65],[-105,-62],[239,-309],[284,-240],[213,132],[340,244],[220,399],[138,216],[49,-89],[672,89],[-26,-226],[-31,-219],[56,-145],[65,-124],[59,-103],[139,-52],[115,-37],[169,-43],[26,-37],[-12,-310],[-52,-418],[-26,-423],[15,-446],[-23,-322],[59,-357],[40,-377],[117,-295]],[[79820,42759],[46,-124],[178,-158],[210,-117],[333,-124],[228,-51],[228,-71],[41,-136],[66,-271],[139,-345]],[[81289,41362],[74,-135],[87,-245],[190,-278],[321,-234],[254,-13],[213,186],[91,181],[89,126],[237,-305],[381,-662]],[[83226,39983],[-70,1324],[-14,906],[4,634],[-64,615],[-4,559],[8,442],[-23,441]],[[83063,44904],[232,188],[250,253],[123,128]],[[79820,42759],[-115,-99],[-171,-57],[-191,-57],[-295,-94],[-235,-14],[-198,0],[-258,10],[-583,75],[-317,-14],[-288,-14],[-378,133],[-328,87],[-351,52],[-205,193],[-232,371],[-149,441],[-221,415],[-30,43]],[[75275,44230],[-175,256],[-217,297],[-216,384],[-207,358],[-55,234],[146,61],[71,61],[-78,155],[-30,192],[11,108],[90,122],[85,131],[60,165],[-75,216],[-67,220]],[[74618,47190],[123,-17],[212,19],[87,-11],[15,141],[44,203],[31,219],[30,99],[-183,117],[-179,127],[-202,112]],[[68818,50179],[100,-896],[116,-830],[82,-807],[183,-536],[213,-415],[133,-289],[125,-270],[15,-157],[-127,-134],[-153,-176],[-88,-225],[-63,-348],[-83,-488],[-87,-521],[-96,-303],[-132,-181],[-221,-81],[-217,-78],[-293,-44],[-61,15],[84,-209],[0,-246],[-76,-335],[-139,-163],[-145,-61],[-82,-151],[-45,-122],[-90,-235],[137,-130],[61,-76],[-112,-198],[-67,-103],[220,-259],[116,-181]],[[68026,40946],[144,226],[235,-352],[64,-310],[138,-215],[33,-241],[127,-124],[293,-138],[185,-80],[8,-149],[77,-84],[68,-242]],[[69398,39237],[376,349],[254,305],[362,597],[239,278],[277,253],[227,207],[212,147],[94,54],[333,194],[176,131],[118,105],[-3,116],[105,244],[67,99],[123,34],[105,-90],[183,-137],[205,-111],[265,-103],[247,-110],[262,-42],[310,-70],[242,76],[231,99],[191,80],[161,116],[-52,178],[-184,63],[-257,102],[-224,159],[-112,151],[37,145],[168,127],[141,95],[-25,187],[-172,146],[-33,122],[82,150],[127,235],[187,230],[313,81],[243,11],[276,-10]],[[74618,47190],[-138,-14],[-243,-3],[-392,5],[-433,69],[-396,42],[-273,150],[-37,202],[-288,357],[-339,269],[-236,183],[-246,230],[-116,159],[-56,257],[-15,122],[89,28],[169,-50],[59,36],[68,156],[7,196],[-15,169],[-123,156],[-269,224],[-95,112],[-73,246],[-114,151],[-101,159],[-108,180],[-41,164],[-101,-187],[-69,-133],[-75,42],[-41,-99],[-49,-58],[-117,14],[-81,37],[-136,94],[-172,110],[-116,99],[-151,86]],[[61172,46641],[-168,-427],[-781,361],[-7,-380],[-161,-263],[-11,-249],[145,-427],[206,-291],[-123,-249],[-83,-188],[94,-211],[624,-1193]],[[60907,43124],[836,125],[1027,254],[732,451],[789,203],[219,243],[12,404],[-94,460],[-238,344],[-112,296],[-56,484],[-243,990],[-478,314],[-514,366]],[[59716,37412],[-686,686],[-643,518],[-465,536],[-220,-71],[-295,-226],[-110,378],[-13,308],[-68,402],[-33,421],[-175,511]],[[60907,43124],[-178,-222],[-258,-409],[-143,-499],[-92,-345],[-166,-345],[192,-26],[366,134],[-39,-354],[308,197],[-84,-236],[142,19],[392,-49],[148,-40],[421,-82],[289,-144],[171,-150],[-64,-373],[-102,-357],[-338,-482],[-73,-327],[-167,-212]],[[61632,38822],[-87,-110],[-250,-482],[-191,-444],[-325,294],[-237,-403],[-446,22],[-274,-250],[-106,-37]],[[62008,22976],[-168,-118],[-332,-151],[-250,-151],[-348,-113],[-300,-141],[-320,-33],[-265,-99],[-336,-62],[-289,-174],[-264,-24],[-246,-99],[-262,-75]],[[58628,21736],[-246,-349],[-478,-471],[-478,-1218]],[[57426,19698],[35,8],[7,0],[8,-4],[19,-19],[18,-18],[9,-16],[1,-8],[-2,-10],[-5,-15],[-32,-56],[-24,-42],[-23,-33],[-1,-9],[1,-6],[3,-8],[9,-27],[7,-47],[7,-35],[9,-18],[18,-9],[71,-9],[38,0],[15,6],[10,10],[56,85],[12,16],[17,7],[77,0],[55,-2],[54,-10],[17,-7],[19,-21],[31,-24],[41,-14],[40,-8],[36,-13],[74,-37],[24,-11],[40,-13],[58,-11],[23,0],[21,11],[19,12],[9,0],[12,-7],[47,-50],[15,-16],[8,-19],[4,-64],[-10,-60],[-14,-41],[-11,-14],[-14,-11],[-51,-21],[-69,-18],[-73,-21],[-38,-16],[-38,-5],[-31,8],[-33,17],[-33,4],[-36,1],[-40,-8],[-63,-34],[-50,-29],[-16,-15],[-10,-27],[-5,-50],[10,-60],[11,-50],[10,-34],[20,-39],[11,-10],[13,-5],[42,8],[98,17],[51,-6],[53,-18],[33,-24],[60,-27],[86,-42],[81,-58],[7,-10],[3,-11],[12,-53]],[[58399,18375],[311,8],[273,61],[344,38],[230,90],[329,127],[247,217],[258,297],[333,250],[372,76],[311,-52],[460,-5],[558,-14],[487,-61],[221,-24],[-4,-646],[67,-430],[19,-283],[682,-343],[219,-133]],[[64116,17548],[952,-386],[86,337],[182,478],[217,335],[217,347],[303,401],[336,387],[388,247],[332,378],[251,160],[276,191],[269,323],[175,396],[68,257],[446,1180]],[[68614,22579],[-297,145],[-221,161],[-382,319]],[[67714,23204],[-327,-167],[-431,-136],[-406,-170],[-404,-9],[-481,70],[-274,156],[-279,160],[-352,184],[-208,108],[-16,212],[-109,40],[-153,55],[-435,46],[-63,-13]],[[63776,23740],[-434,-90],[-400,-137],[-348,-212],[-369,-207],[-217,-118]],[[53710,32720],[257,201],[236,159],[139,73],[189,-269],[45,215],[-106,374],[94,33],[189,-133],[312,-125],[367,-53],[343,39],[186,211],[99,564],[90,216],[32,55],[-2,158],[24,89],[-2,91],[0,47],[45,52],[25,-35],[57,-78],[49,-42],[54,-40],[23,37],[20,102],[47,5],[105,-2],[35,-38],[57,19],[22,-33],[52,-12],[22,-248],[37,240],[58,85],[49,98],[80,121],[45,167],[101,54],[228,214],[258,14],[543,66]],[[58214,35411],[133,362],[209,325],[-223,155],[-418,169],[174,146],[224,226],[105,113],[67,-208],[226,-369],[137,340]],[[58848,36670],[142,355],[98,214],[390,100],[238,73]],[[58628,21736],[-349,571],[-308,546],[-97,481],[18,386],[55,434],[158,617],[109,236],[63,358],[-60,278],[-404,-18],[-208,-185],[-258,-301],[-184,-363],[-348,-127],[-373,-80],[-331,-10],[-297,265],[-185,400],[-82,287],[11,198],[97,344],[62,297],[-170,245],[-60,240],[-52,395],[-41,142],[-91,137],[-186,84],[-100,236],[62,156],[-156,18],[-78,94],[-19,108],[41,142],[101,249],[30,368],[7,164],[101,90],[8,165],[-588,-273],[-335,-62],[-669,-99],[-360,128],[-402,155],[-545,193],[-786,311],[-398,169]],[[49067,28367],[22,-45],[8,-30],[6,-33],[0,-24],[-3,-34],[-9,-40],[-5,-43],[-2,-39],[13,-58],[1,-24],[-12,-34],[-7,-23],[1,-18],[9,-16],[18,-17],[38,-28],[29,-10],[35,-9],[69,-1],[15,2],[14,5],[23,13],[27,22],[47,35],[43,24],[21,12],[72,-20],[45,-60],[2,-53],[-7,-75],[-10,-49],[-10,-59],[-7,-50],[-7,-64],[-10,-122],[-17,-110],[-1,-43],[0,-57],[-9,-86],[-4,-68],[2,-45],[8,-44],[23,-68],[33,-76],[41,-37],[93,-45],[34,-19],[40,-20],[27,-21],[36,-44],[21,-75],[8,-43],[15,-60],[22,-79],[16,-48],[26,-46],[37,-62],[10,-18],[14,-41],[2,-50],[3,-46],[-7,-57],[-8,-71],[-17,-108],[2,-49],[22,-60],[12,-49],[18,-28],[23,-16],[33,-13],[32,-5],[46,-3],[28,-2],[65,4],[33,1],[49,8],[46,4],[37,1],[22,0],[45,0],[19,1],[50,-3],[28,0],[51,9],[27,15],[20,4],[19,-2],[25,-19],[21,-34],[9,-20],[43,-87],[43,-74],[41,-79],[28,-39],[27,-45],[54,-45],[97,-42],[19,-2],[22,6],[13,1],[15,2],[19,-4],[12,-4],[19,-22],[25,-44],[36,-74],[28,-93],[40,-151],[36,-96],[38,-108],[61,-140],[32,-68],[21,-45],[22,-33],[17,-22],[16,-17],[849,-384],[388,-233],[248,-371],[264,-442],[336,-323],[239,-347],[282,-591],[379,-343],[333,-323],[210,-212],[179,-147],[171,-186],[179,-169],[178,-164],[132,-90],[242,-144],[157,-49],[172,-110],[218,-110],[424,27],[189,27],[67,148]],[[62008,22976],[-134,212],[-120,433],[37,298],[139,117],[142,193],[-149,76],[-131,372],[-120,419],[-139,679],[-153,-37],[-602,-161],[-297,-141],[-199,99],[-350,-123],[-374,-5],[-351,-80],[-104,57],[-259,509],[-201,292],[-11,678],[22,716],[-37,857],[-187,598],[-194,504],[101,240],[213,537],[-114,245],[-115,254],[-36,113],[-34,127],[41,113],[90,75],[272,-202],[53,183],[112,-179],[134,85],[71,118],[112,-19],[49,136],[-34,90],[-11,108],[82,-61],[64,-14],[14,155],[109,33],[187,33],[51,203],[-355,85],[-339,357],[-205,226],[-79,207],[15,287],[60,259],[73,207],[-208,108],[-108,99],[-231,296],[78,320],[101,259],[10,231],[-92,8],[-251,95],[-59,80],[157,376]],[[58399,18375],[-2,-71],[-3,-42],[-3,-12],[-19,-28],[-31,-34],[-23,-18],[-82,-38],[-20,-18],[-14,-23],[-10,-59],[1,-81],[3,-24],[11,-26],[48,-47],[37,-32],[42,-13],[32,-7],[43,-12],[31,-20],[79,-69],[49,-68],[16,-27],[7,-58],[-2,-44],[-8,-56],[-8,-16],[-78,-87],[-18,-29],[-34,-82],[-19,-40],[-142,-157],[-19,-23],[-14,-50],[1,-35],[2,-113],[10,-31],[29,-28],[52,-35],[31,-5],[19,4],[40,19],[71,21],[92,11],[31,-4],[24,-9],[28,-21],[28,-18],[17,-17],[80,-94],[36,-49],[23,-23],[36,-10],[42,-3],[18,5],[10,1],[21,-7],[46,-25],[76,-53],[16,-15],[14,-20],[8,-14],[11,-9],[11,-12],[14,-32],[14,-27],[3,-18],[-4,-21],[-6,-44],[17,-256],[6,-41],[12,-37],[11,-85],[23,-204],[4,-97],[-1,-64],[-1,-85],[2,-25],[1,-32],[-3,-33],[-3,-60],[-7,-51],[2,-22],[14,-31],[29,-49],[26,-23],[39,-12],[48,10],[41,20],[12,15],[8,36],[11,52],[1,62],[2,52],[7,25],[33,73],[34,37],[34,18],[56,8],[94,1],[34,-10],[36,-18],[43,-40],[47,-75],[37,-97],[26,-96],[9,-78],[-1,-57],[-16,-89],[-13,-86],[-12,-28],[-26,-37],[-33,-31],[-29,-20],[-18,-26],[-25,-49],[-10,-42],[9,-71],[15,-64],[9,-15],[18,-12],[48,-8],[22,7],[32,36],[47,60],[37,42],[54,31],[51,15],[36,-10],[32,-27],[19,-31],[25,-56],[21,-75],[14,-73],[6,-37],[11,-29],[37,-30],[93,-44],[101,-62],[61,-36],[25,-26],[14,-37],[6,-75],[-4,-39],[-39,-100],[-44,-110],[-7,-24],[-7,-70],[-4,-56],[-12,-62],[-17,-47],[-18,-21],[-15,-5],[-65,0],[-70,4],[-68,9],[-22,-3],[-16,-12],[-17,-37],[-6,-26],[-2,-31],[9,-78],[45,-103],[63,-131],[10,-8],[24,-1],[208,118],[35,14],[40,-2],[39,-16],[73,-45],[32,-27],[15,-26],[5,-58],[-6,-107],[-3,-84],[9,-27],[25,-13],[106,24],[73,26],[28,15],[25,22],[14,23],[20,38],[21,25],[22,12],[33,15],[65,-8],[37,-16],[26,-24],[32,-68],[69,-246],[18,-70],[7,-63],[34,-207],[31,-103],[11,-27],[18,-18],[87,-131],[38,-65],[51,-77],[12,-30],[13,-46],[16,-58],[2,-36],[2,-10],[5,-9],[12,-11],[22,-7],[42,-23],[26,-20],[17,-16],[486,-445],[276,-192],[320,-225]],[[62944,10654],[116,1004],[-237,877],[0,548],[168,349],[433,529],[258,340],[265,382],[101,321],[-19,265],[15,627],[-55,563],[55,493],[72,596]],[[68614,22579],[36,-11],[638,-280],[418,-142],[359,-15],[411,240],[250,-69],[587,-90],[265,-141],[204,-221],[184,-628],[182,-245],[76,-349],[86,-434],[146,-344],[358,80]],[[72814,19930],[44,-231],[-127,-221],[-455,-241],[-366,-316],[-173,-637],[-175,-382],[-234,-463],[-254,-231],[-248,-263],[-142,-293],[-8,-212],[2,-591],[6,-301],[76,-232],[183,-90],[231,-52],[206,-137],[407,-259],[265,-170],[194,-38],[-209,-444],[-228,-684],[-180,-609],[-163,-940],[-8,-278],[-7,-501],[-123,57],[-124,18],[-239,-135],[-171,-240],[57,-609],[187,-672]],[[71038,9533],[-78,1],[-179,40],[-196,97],[-84,123],[-45,436],[-65,132],[-181,59],[-221,10],[-123,57],[-319,-101],[-201,134],[-111,-80],[-17,-154],[59,-367],[104,-166],[5,-54],[-98,-149],[-13,-192],[-58,-75],[-183,-71],[-252,55],[-205,144],[-55,169],[137,494],[-50,287],[-80,222],[-195,413],[-559,69],[-172,-341],[163,-572],[-812,-457],[-679,-29],[-413,-79],[-264,480],[-242,92],[-261,84],[-251,-31],[-211,57],[-209,-2],[-202,-22],[-167,43],[-174,-1],[-177,-10],[-485,244],[-275,132]],[[72814,19930],[265,118],[224,-509],[161,-552],[176,-463],[287,-382],[496,-9]],[[74423,18133],[315,0],[388,-43],[314,-169],[142,-458],[-30,-547],[97,-944],[167,-613],[35,-614],[130,-515],[156,-561]],[[76137,13669],[-25,-416],[-7,-472],[33,-888],[-11,-888],[23,-1214],[-30,-883],[33,-1446],[60,-1029]],[[76213,6433],[-53,19],[-5,95],[-83,61],[-134,82],[-1,422],[-52,104],[-66,89],[-81,55],[-98,10],[-51,-46],[-12,-153],[-68,-81],[-165,-40],[-336,-139],[-90,75],[-43,187],[21,164],[45,216],[-19,226],[-38,182],[-127,318],[-284,326],[-76,487],[-219,208],[-231,433],[-90,252],[-205,196],[-112,150],[-80,285],[-110,192],[-240,73],[-353,-153],[-118,-265],[-138,-159],[-146,-99],[-194,-43],[-341,40],[-553,-625],[-229,-44]],[[76213,6433],[20,-7],[77,-18],[59,7],[64,17],[63,61],[76,55],[35,41],[-5,51],[10,63],[35,69],[41,43],[67,36],[30,-8],[67,-84],[66,-44],[33,2],[38,72],[66,29],[88,-2],[77,-9],[81,-40],[92,-72],[98,-76],[66,-71],[53,-155],[84,-183],[79,-89],[79,-23],[105,13],[108,-1],[102,-30],[106,-67],[64,-94],[19,-81],[-16,-91],[-41,-157],[-67,-177],[15,-189],[45,-141],[62,-92],[83,-103],[239,0],[261,-2],[97,15],[77,-3],[45,0],[49,-29],[35,-70],[34,-72],[33,-65],[43,-70],[10,-32],[-36,-50],[46,-89],[115,-68],[88,19],[103,70],[132,76],[170,-37]],[[79978,4481],[45,93],[159,251],[252,524],[336,506],[325,558],[235,543],[105,501],[60,279],[29,817],[-7,577],[30,453],[0,199],[138,-10],[288,-94],[100,5],[167,114],[157,188],[136,156],[217,335],[194,175],[179,242]],[[83123,10893],[-120,122],[-250,236],[-358,463],[-278,402],[-298,415],[-283,291]],[[81536,12822],[-303,14],[-239,39],[-60,-349],[-328,76],[-247,23],[-46,549]],[[80313,13174],[-273,-10],[-276,-104],[-395,-119],[-341,-42],[-243,33],[-379,0],[0,142],[7,514],[37,402],[-56,127],[-201,212],[-396,458],[-394,336],[-137,-463],[-162,-377],[-89,-165],[-194,-312],[-156,-326],[-528,189]],[[83123,10893],[187,353],[134,222],[165,137],[336,189],[747,246],[683,410],[505,350],[541,212],[463,208],[531,212],[358,95],[471,-66],[160,-5],[1546,-360]],[[89950,13096],[-2770,-3602],[661,-4604],[-2822,-1348],[-398,-642],[-693,-1197],[-106,-360],[-162,108],[-139,138],[-64,63],[-18,108],[60,174],[-8,171],[-28,159],[-90,115],[-49,26],[-81,-197],[-72,-76],[-84,0],[-88,-59],[-91,-180],[-165,-27],[-88,-8],[-103,-10],[-26,28],[-32,61],[-17,165],[-29,133],[-113,77],[-201,62],[-238,48],[-155,2],[-56,-81],[-92,-107],[-193,-223],[-64,48],[-36,267],[-219,481],[-27,317],[-119,101],[-187,37],[-88,57],[-123,286],[-42,143],[-152,227],[-172,150],[-95,196],[-98,158]],[[80313,13174],[-36,339],[-247,28],[4,434],[-142,180],[3,175],[164,274],[108,165],[173,-86],[212,-117],[199,-109],[142,-52],[40,185],[112,155],[218,-7],[141,-174],[165,-109],[198,-201]],[[81767,14254],[202,274],[160,217],[-115,467],[-195,-23],[-141,269],[-195,306],[-250,416],[-172,368],[333,259],[228,-212],[444,-52],[112,264]],[[82178,16807],[123,231],[40,402],[101,476],[-32,316],[115,259],[83,453],[183,170],[211,345],[199,353],[27,373],[115,339],[78,430],[184,296],[153,585],[101,509],[189,623],[250,580],[106,409],[-83,481],[76,358],[-140,483]],[[84257,25278],[-211,-12],[-544,28],[-668,52],[-578,-188],[-770,-198],[-497,-47],[-381,-52],[-482,-19],[-198,-61],[-112,-33],[-253,89],[-171,156],[-389,254],[-414,401],[-127,155],[-281,61],[-171,231]],[[78010,26095],[10,-315],[29,-264],[-65,-377],[148,-424],[-4,-400],[11,-292],[-111,-632],[-84,-229],[-119,-318],[-166,-290]],[[77659,22554],[-501,-530],[-295,-342],[-255,-417],[-135,-302],[-204,-227],[-336,-391],[-347,-486],[-517,-650],[-197,-519],[-248,-321],[-201,-236]],[[81767,14254],[34,-184],[7,-496],[-11,-516],[-101,-250],[-160,14]],[[89950,13096],[-167,714],[-562,2509],[-268,504]],[[88953,16823],[-148,33],[-693,324],[-298,198],[-743,-104],[-745,72],[-537,84],[-156,5],[-366,-165],[-459,-62],[-379,171],[-357,-171],[-704,-56],[-626,-118],[-381,-156],[-183,-71]],[[62292,33221],[32,-600],[34,-244],[32,-274],[242,-117],[133,162],[52,301],[-84,448],[-60,305],[255,-56],[278,-33],[218,-38],[142,-26]],[[63566,33049],[58,-630],[76,-565],[223,-244],[109,-297],[-49,-320],[149,-292],[185,-462],[183,-51],[448,131],[284,85],[56,-438],[-34,-372],[130,-253],[101,-344],[232,-325],[64,-250],[148,-127],[218,-141],[288,-165],[295,-99],[351,-90],[407,-103],[347,-71],[273,-184],[258,132],[351,127],[254,165],[295,-588],[286,-612]],[[69552,26666],[-331,-76],[-431,-4],[-391,9],[-246,108],[30,-405],[7,-1056],[-153,194],[-5,-716],[5,-632],[32,-485],[-140,-269],[-183,-123],[-32,-7]],[[63776,23740],[55,367],[52,221],[60,406],[79,212],[-56,155],[-94,160],[-168,283],[-19,339],[27,203],[56,188],[82,222],[-94,66],[-138,103],[30,95],[52,70],[139,-118],[93,10],[22,75],[-130,127],[-124,151],[-112,137],[-59,141],[18,146],[73,45],[-50,91],[-32,151],[-9,262],[3,343],[-125,12],[-138,-19],[-80,-240],[-82,-226],[-164,135],[-187,263],[-112,-308],[-150,-274],[66,-284],[-296,-205],[-205,-45],[-114,275],[-54,210],[-6,132],[228,87],[181,40],[159,26],[80,181],[36,231],[69,142],[17,124],[-21,250],[6,167],[-43,4],[-8,104],[-22,127],[-45,127],[-127,107],[-379,446],[-219,330],[-259,102],[-82,160],[73,329],[116,351],[89,261],[11,393],[110,393],[103,336],[178,325],[156,261]],[[69552,26666],[304,136],[306,47],[557,146],[290,83],[407,155]],[[71416,27233],[210,40],[191,28]],[[71817,27301],[41,-217],[362,-697],[310,-514],[507,-426],[299,-327],[310,-292],[201,-209],[348,-395],[299,-365],[297,-532],[229,-327],[246,190],[294,80],[171,-24],[239,114],[404,-149],[418,52],[430,-273],[437,-436]],[[62292,33221],[-248,139],[-472,256],[-217,94],[-35,-98],[-68,-97],[-230,16],[-198,163],[19,202],[11,207],[-89,156],[-178,23],[-134,-28],[-86,131],[2,179],[-134,299],[-128,310],[-3,169],[-49,266],[-56,170],[-222,45],[-305,84],[144,475],[-222,120],[-101,-52],[-130,3],[-55,86],[-260,131]],[[61632,38822],[108,-150],[171,-134],[131,-82],[262,-153],[257,-137],[269,-169],[164,-146],[169,-66],[212,-127],[236,-174],[97,-108],[112,-16],[202,-176],[246,-170],[191,-94],[143,-55],[105,22],[87,-37],[90,-36],[76,23],[73,-23],[55,-44],[119,-14],[35,93],[-13,102],[68,-104],[43,125],[75,94],[79,85],[111,114],[180,107],[142,66],[73,180],[5,177],[37,274],[53,318],[4,268],[108,57],[303,18],[174,54],[-18,167],[-104,226],[-117,157],[240,163],[142,155],[325,272],[261,66],[105,151],[131,249],[377,556]],[[69398,39237],[166,-242],[235,-89],[276,-94],[-11,-212],[-18,-338],[-60,-339],[-21,-373],[29,-272],[64,-376],[17,-93]],[[70075,36809],[-99,-335],[-239,-409],[-314,-123],[-374,-33],[-425,29],[-86,9],[-112,-259],[-157,-357],[-105,-311],[85,-285],[329,-278],[240,-156],[152,-154],[93,-72]],[[69063,34075],[-123,-545],[-108,-373],[-56,-362],[130,-197],[-168,-240],[-141,-269],[198,-188],[163,-305],[123,-245],[-205,-156],[-290,-38],[-172,330],[-243,447],[-198,287],[-474,301],[-281,175],[-451,173],[134,-593],[-41,0],[-343,396],[-497,376],[-259,217],[-332,-141],[-714,-160],[-615,65],[-534,19]],[[71416,27233],[-17,793],[-116,726],[-45,551],[-176,306],[-115,386],[-34,292],[190,258],[68,297],[0,367],[-112,287],[-41,344],[-198,221],[-183,315],[-258,457],[-348,339],[-419,278],[-171,319],[-180,170],[-198,136]],[[70075,36809],[61,224],[146,132],[344,263],[185,-177],[120,-174],[403,-38],[222,-10]],[[71556,37029],[46,-163],[133,-192],[123,-195],[116,-95],[202,-70],[205,-304],[228,-232],[114,-153],[159,-256],[85,-212],[120,-188],[88,-249],[157,-69],[58,-267],[154,-316],[122,-292],[99,-284],[104,-191],[171,-56],[352,-102],[322,-178],[192,-125],[153,-158],[123,-155],[208,-247],[117,-224],[60,-204],[43,-141]],[[75610,31711],[60,-477],[-32,-396],[45,-647],[28,-440],[-84,-301],[-28,-354],[-43,-208],[-90,-150]],[[75466,28738],[-176,-241],[-291,-249],[-411,-184],[-371,-216],[-518,-274],[-508,-122],[-313,-76],[-370,-14],[-396,-28],[-295,-33]],[[75466,28738],[172,-203],[336,-151],[329,-207],[157,-207],[227,-273],[178,-188],[13,-321],[224,-179],[318,-231],[104,-268],[176,-146],[246,-104],[64,-165]],[[76628,31760],[45,-139],[45,-277],[145,-187],[228,-142],[189,-269],[339,-537],[311,-478],[229,-367],[303,-874],[495,-444],[355,-248],[202,-329],[183,-250],[315,-80],[153,28],[54,330],[37,303],[46,703],[-60,447],[382,70],[14,382],[-11,306],[1,169],[224,273],[331,189],[181,202],[435,259],[333,-42],[295,-302],[334,-438],[347,-414],[380,-428],[520,-368],[490,-508],[682,-433],[717,-580],[441,-471],[296,-394],[230,-244],[314,-87]],[[87178,26091],[248,-129]],[[87426,25962],[-166,-187],[-170,-172],[-101,9],[-140,14],[-173,48],[-144,-9],[-116,9],[-250,85],[-148,-5],[-214,-26],[-116,-59],[-294,-139],[-349,-40],[-254,-84],[-370,-119],[-164,-9]],[[75610,31711],[157,-1],[399,10],[258,23],[204,17]],[[88114,30750],[-220,-482],[-444,-400],[-260,-166],[-669,197],[-419,305],[-709,124],[-572,133],[-564,252],[-338,427],[-244,240],[-142,275],[-253,342],[-255,205],[-59,330],[-307,349],[-249,131],[-495,165],[-317,366],[-62,499],[-299,310],[-71,306],[-135,14],[-285,20],[-290,239],[-149,122]],[[80307,35053],[-125,-145],[-140,-29],[-353,-79],[-391,51],[-246,-66],[-256,-225],[-334,4],[-288,273],[-240,405],[-295,456],[-96,-687],[-165,-475],[-27,-296],[-107,-452],[-158,-541],[-135,-508],[-194,-268],[-107,-236],[-19,-181],[12,-198],[-15,-96]],[[87178,26091],[61,368],[112,349],[83,477],[169,394],[17,687],[138,425],[385,872],[493,1106],[-522,-19]],[[81289,41362],[-139,-327],[-96,-340],[-45,-310],[-269,-263],[-7,-329],[-4,-329],[-93,-165],[-184,-276],[-190,-305]],[[80262,38718],[-254,-481],[127,-249],[-196,-131],[71,-254],[69,-636],[58,-309],[23,-344],[-115,-127],[-18,-146],[119,-113],[179,-9],[3,-484],[-21,-382]],[[88114,30750],[239,1204],[397,869],[303,583],[155,554],[87,339],[29,142]],[[89324,34441],[-464,141],[-745,335],[-506,200],[-506,301],[-446,235],[-439,294],[-114,209],[-196,-131],[-118,301],[-63,190],[-211,303],[-182,278],[-259,456],[-101,397],[-136,162],[-264,278],[-164,298],[-224,195],[-172,71],[-282,136],[-218,165],[-154,267],[-134,461]],[[80262,38718],[-148,264],[-143,277],[-111,397],[-52,-115],[-233,-338],[-21,-186],[-129,-233],[-106,-176],[327,-458],[-43,-177],[-355,-110],[-10,-93],[-121,11],[-147,247],[-133,101],[-314,150],[-261,104],[-389,75],[-500,310],[-476,129],[-152,-82],[-214,-181],[-238,-113],[-194,-96],[-211,-87],[-213,12],[-115,-85],[-170,-18],[-163,-102],[-143,-82],[-182,-75],[-104,-10],[-94,26],[-175,-140],[-258,-76],[-241,-127],[-127,-77],[-319,-189],[-355,-105],[-119,-129],[-145,4],[-169,-33],[-258,-89],[-202,-116],[-170,33],[-358,45],[-252,24]],[[77400,39927],[-96,152],[-173,483],[202,95],[170,130],[129,-8],[84,-23],[176,147],[67,39],[210,99],[231,-19],[278,-105],[147,-291],[-78,-332],[-83,-252],[32,-188],[42,-174],[-16,-148],[-141,-113],[-112,-115],[-103,-57],[-203,43],[-184,59],[38,-247],[-149,23],[-90,198],[15,202],[-70,137],[40,175],[77,92],[-440,-2]],[[84004,45619],[141,-113],[225,-155],[93,-131],[132,-185],[15,-108],[96,-191],[7,-413],[-189,-15],[-206,117],[-269,117],[-216,202],[-250,-56],[-340,-42],[-180,258]],[[89324,34441],[128,543],[99,499],[66,333],[-141,3444],[-128,1416],[94,582],[225,465],[-415,591],[202,462]],[[87426,25962],[160,-425],[155,-383],[264,-218],[300,-279],[167,-251],[180,-293],[178,-400],[212,-419],[448,-368],[427,-442],[282,-503],[-174,-1732],[-121,-2097],[-61,-505],[-70,-571],[-820,-253]],[[31365,66571],[14,25],[17,42],[9,16],[16,24],[11,18],[8,21],[7,20],[20,49],[14,21],[18,21],[51,51],[23,38],[36,60],[32,63],[18,29],[18,33],[38,55],[98,166],[37,72],[29,65],[30,84],[35,78],[45,113],[42,146],[40,141],[11,34],[50,148],[35,95],[58,109],[66,152],[62,107],[29,49],[53,133],[33,85],[39,97],[23,74],[26,62],[36,42],[29,28],[37,27],[37,38],[39,48],[16,25],[104,114],[55,58],[20,23],[15,11],[16,3],[21,13],[33,26],[23,12],[15,15],[18,15],[15,18],[13,14],[14,6],[14,1],[19,8],[50,16],[10,3],[14,6],[18,7],[21,4],[52,-4],[29,-6],[47,2],[67,11],[105,23],[148,-2],[55,18],[34,-1],[27,5],[44,17],[75,21],[67,31],[42,22],[72,38],[46,31],[93,49],[66,64],[43,38],[112,69],[48,32],[40,17],[45,8],[59,6],[27,3],[34,9],[29,12],[18,8],[33,9],[10,2],[14,1],[43,-3],[49,-4],[17,1],[13,1],[36,4],[51,9]],[[60347,78045],[-15,161],[-5,251],[19,113],[13,59],[30,97],[9,50],[-15,50],[-1,1],[-15,47],[-17,32],[-12,16],[-28,26],[-15,7],[-20,9],[-35,6],[-124,-12],[-79,-8],[-33,-3],[-30,-4],[-36,-4],[-14,-1],[-28,0],[-27,1],[-13,1],[-15,2],[-22,4],[-22,6],[-13,3],[-17,6],[-23,10],[-24,11],[-12,7],[-31,19],[-26,19],[-8,7],[-53,43],[-40,34],[-16,13],[-32,26],[-30,25],[-30,25],[-87,72],[-8,8],[-13,13],[-14,17],[-5,7],[-13,21],[-18,47],[-7,24]],[[56920,81832],[208,158],[34,30],[63,63],[64,69],[35,73],[23,38],[57,41],[54,34],[46,27],[53,46],[11,14],[20,13],[25,12],[46,11],[85,36],[70,21],[131,81],[126,86],[177,145],[53,50],[62,56],[20,23],[37,33],[35,17],[26,16],[198,210],[46,34],[47,79],[35,117],[15,15],[43,22],[26,48],[27,57],[13,83],[15,59],[8,15],[8,7],[8,-4],[9,-14],[18,-25],[32,-35],[20,1],[30,31],[19,30],[55,40],[59,9],[61,3],[69,24],[29,13],[56,30],[95,60],[80,75],[106,65],[97,85],[73,59],[128,96],[11,68],[0,3],[-1,4],[-5,14],[-1,9],[7,82],[7,18],[8,11],[9,142],[4,30],[7,58],[5,48],[4,2],[3,0],[2,-4],[-2,-34],[8,-10],[20,-25],[23,-22],[11,-9],[46,-9],[9,-2],[32,-2],[54,13],[44,10],[34,13],[42,9],[62,72],[40,41],[63,55],[59,40],[66,52],[69,57],[66,47],[46,33],[4,18],[19,69],[25,41],[40,42],[19,51],[34,37],[20,20],[14,16],[7,7],[14,13],[7,21],[-10,40],[0,6],[3,14],[10,13],[15,40],[10,17],[9,18],[8,15],[6,6],[14,9],[14,7],[11,5],[10,-1],[8,-1],[5,2],[0,9],[-7,19],[-5,16],[1,12],[17,37],[17,41],[6,25],[14,50],[12,47],[4,5],[6,2],[22,-12],[23,-32],[18,-38],[16,-41],[4,-35],[8,-51],[0,-52],[5,-48],[-2,-71],[1,-38],[-19,-35],[7,-15],[12,-31],[9,-30],[5,-8],[2,-1],[2,-1],[3,-1],[3,-2],[10,-11],[7,-7],[5,-9],[7,-7],[15,-15],[5,-5],[7,-6],[2,-5],[25,-22],[50,-48],[19,-17],[4,-3],[8,-5],[26,2],[5,2],[5,0],[5,-1],[5,-3],[3,-3],[2,-4],[4,-10],[20,-5],[30,-9],[5,-2],[4,0],[4,1],[16,0],[25,2],[8,0],[3,0],[4,1],[2,0],[2,0],[3,0],[3,0],[58,6],[44,13],[70,26],[6,4],[10,10],[6,4],[11,10],[55,50],[6,2],[4,0],[11,6],[6,3],[18,7],[4,5],[2,6],[1,14],[-10,11],[2,55],[4,54],[3,4],[3,2],[104,-8],[15,-1],[3,-1],[3,-1],[4,-3],[7,-6],[6,-11],[5,-14],[5,-8],[7,-3],[8,-2],[6,-2],[4,0],[4,8],[4,15],[5,11],[6,6],[5,5],[12,13],[84,94],[6,5],[1,1],[2,0],[2,0],[2,0],[3,-1],[2,-5],[27,14],[27,4],[22,-3],[36,-17],[43,-28],[43,-29],[32,-20],[18,-14],[9,-14],[6,-27],[1,-18],[6,-17],[6,-7],[12,-11],[11,-4],[27,-4],[28,-4],[21,-2],[30,-6],[19,-2],[6,0],[18,22],[40,58],[46,63],[33,46],[24,34],[30,31],[40,30],[277,183],[193,127],[389,257],[8,5],[2,-1],[3,-5],[1,-4],[-1,-2],[-109,-72],[21,-59],[1,-3],[-2,-2],[-3,-3],[-2,0],[-3,0],[-4,3],[-4,9],[-15,-8],[-19,-3],[-44,-28],[1,-4],[-18,-12],[-1,5],[-81,-42],[-30,-10],[-22,-11],[-8,-12],[2,-11],[11,6],[3,-6],[-280,-179],[-2,7],[1,1],[6,4],[-2,5],[-3,-1],[-13,-10],[0,-5],[20,-55],[-7,-3],[-15,38],[-12,8],[-126,-84],[-14,23],[-61,-38],[-7,-6],[-3,-3],[-2,-4],[-5,-8],[-11,-10],[-2,-14],[4,-8],[-67,-42],[-155,-217],[-36,-50],[-3,-5],[11,-13],[11,-13],[5,-4],[6,8],[7,9],[6,6],[3,0],[4,-1],[13,-13],[1,-3],[1,-5],[-17,-48],[0,-6],[0,-7],[-3,-5],[-3,-1],[-3,1],[-2,1],[-8,10],[-7,8],[-17,20],[-16,17],[-11,14],[-3,2],[-29,-41],[7,-10],[2,-3],[10,-12],[7,-9],[5,-6],[12,-14],[11,14],[3,-3],[-11,-14],[-4,-7],[47,-57],[2,-4],[-1,-2],[-14,-19],[2,-15],[4,-4],[1,-2],[1,-2],[-1,-7],[-15,-83],[30,-1],[3,70],[1,3],[2,1],[3,-1],[1,-5],[12,0],[1,2],[10,4],[4,2],[37,5],[2,0],[0,9],[-2,26],[-45,84],[53,75],[9,7],[103,-189],[7,-10],[4,2],[-3,6],[1,3],[1,0],[1,1],[6,0],[4,1],[5,4],[1,0],[1,-1],[3,-5],[27,-1],[7,9],[-126,298],[63,88],[15,10],[178,-428],[93,-5],[3,4],[-124,295],[91,61],[153,-366],[4,0],[-8,17],[6,5],[10,-22],[80,-5],[4,3],[-231,549],[50,33],[71,-166],[123,81],[2,-3],[12,8],[118,-275],[7,5],[7,-12],[17,6],[3,-5],[17,4],[6,7],[5,6],[2,9],[-4,15],[-9,17],[-10,10],[-10,22],[2,8],[13,9],[3,3],[2,1],[8,5],[8,0],[15,9],[3,3],[0,3],[-6,14],[5,3],[-133,312],[11,7],[0,6],[147,30],[13,-6],[10,-10],[22,-57],[9,5],[47,-107],[11,8],[-10,24],[7,5],[44,-104],[10,7],[14,-31],[6,3],[-14,33],[35,23],[53,-127],[17,11],[-131,310],[20,16],[-6,14],[-3,1],[-2,4],[-1,5],[3,3],[3,0],[102,-242],[4,-10],[268,181],[5,2],[7,-5],[0,-9],[-2,-3],[-9,2],[-10,-5],[-219,-152],[-4,-4],[35,-87],[60,39],[-18,40],[2,6],[4,4],[5,-1],[23,-55],[-70,-47],[43,-103],[55,37],[16,-34],[15,9],[9,6],[9,6],[9,6],[17,11],[-50,126],[26,21],[1,1],[3,2],[3,1],[76,-177],[5,-11],[16,-42],[26,9],[35,13],[54,22],[54,23],[31,12],[17,11],[12,11],[10,20],[24,59],[4,8],[5,12],[3,7],[16,24],[12,10],[13,10],[22,10],[19,10],[23,12],[21,10],[25,12],[42,29],[47,31],[38,31],[37,36],[29,28],[66,57],[36,28],[26,16],[31,19],[-6,58],[4,15],[11,11],[6,15],[3,16],[9,17],[10,7],[20,16],[7,0],[18,-26],[0,-15],[0,-4],[0,-8],[10,-10],[17,-22],[32,-30],[34,2],[32,6],[39,13],[31,22],[40,43],[85,103],[20,21],[30,20],[55,25],[34,6],[63,5],[43,3],[57,3],[75,8],[82,7],[78,7],[72,1],[80,6],[46,4],[16,2],[18,2],[17,9],[6,17],[95,85],[15,13],[33,47],[12,16],[32,16],[43,29],[63,45],[14,11],[17,13],[121,105],[151,100],[82,104],[77,71],[182,153],[156,153],[-17,35],[2,5],[-6,18],[12,10],[7,-7],[9,-3],[19,-46],[19,38],[80,75],[40,33],[48,24],[40,45],[14,50],[10,12],[49,13],[19,14],[23,28]],[[63501,83637],[-25,53],[-41,-33],[-27,34],[-11,27],[-3,30],[-9,91],[-60,-58],[-30,36],[-69,-104],[-34,-33],[-56,-40],[-62,-27],[6,-127],[68,13],[18,-183],[0,-7],[39,14],[45,-24],[42,57],[28,38],[54,73],[88,118],[39,52]],[[51957,78276],[41,-79],[59,-208],[44,-199],[129,-96],[88,-133],[136,-99],[191,-287],[226,84],[163,-188],[157,-84],[406,-129],[309,-125],[583,-415],[408,-419]],[[51274,78772],[-46,-24],[-30,-4],[-28,9],[-45,11],[-40,8],[-45,-8],[-28,-9],[-33,-15],[-44,-33],[-8,-19],[1,-10],[18,-33],[2,-8],[-2,-7],[-34,-75],[-11,-11],[-16,-2],[-8,6],[-11,14],[-10,5],[-16,2],[-10,-1],[-9,-7],[-3,-9],[-1,-11],[1,-17],[1,-10],[-2,-10],[-43,-70],[-31,-40],[-40,-35],[-55,-22],[-47,-23],[-29,-26],[-63,-57],[-43,-32],[-53,-34],[-24,-5],[-54,-1],[-15,8],[-23,6],[-5,-5],[-4,-8],[0,-49],[-4,-30],[-11,-19],[-23,-23],[-24,-10],[-38,-5],[-43,-26],[-43,-27],[-40,-1],[-28,5],[-20,-5]]],"bbox":[-9.0592173,32.2986783,-6.7612975,33.8318524],"transform":{"scale":[0.000022979427794277942,0.000015331894318943224],"translate":[-9.0592173,32.2986783]},"license":"ODbL-1.0","attribution":"© OpenStreetMap contributors, opendatacommons.org/licenses/odbl/1-0/","source":"OpenStreetMap admin_level=8 relations, matched to HCP communes on ref:MA:HCP"}
