{"type":"Topology","objects":{"communes":{"type":"GeometryCollection","geometries":[{"type":"Polygon","arcs":[[0,1]],"properties":{"code":"073510101","name":"Méchouar-Kasba"}},{"type":"Polygon","arcs":[[1,2,3,4,5,6,7,8]],"properties":{"code":"007351010","name":"Marrakech"}},{"type":"Polygon","arcs":[[9,10,11,12,13]],"properties":{"code":"072110551","name":"Timzguida-Ouftas"}},{"type":"Polygon","arcs":[[14,-10,15,16,17]],"properties":{"code":"072110519","name":"Ida Ou Guelloul"}},{"type":"Polygon","arcs":[[18,-17,19]],"properties":{"code":"072110533","name":"Sidi Hmad Ou M'barek"}},{"type":"Polygon","arcs":[[-19,20,21,22,23,24,25,-18]],"properties":{"code":"072110521","name":"Ida Ou Kazzou"}},{"type":"Polygon","arcs":[[26,27,-22,28]],"properties":{"code":"072110507","name":"Ait Aissa Ihahane"}},{"type":"Polygon","arcs":[[-15,-26,29,-11]],"properties":{"code":"072110109","name":"Tamanar"}},{"type":"Polygon","arcs":[[-30,-25,30,31,-12]],"properties":{"code":"072110547","name":"Targante"}},{"type":"Polygon","arcs":[[12,32,33,34,35,31]],"properties":{"code":"072110541","name":"Tafedna"}},{"type":"Polygon","arcs":[[34,36,37,38]],"properties":{"code":"072110517","name":"Ida Ou Aazza"}},{"type":"Polygon","arcs":[[-38,39,40,41,42]],"properties":{"code":"072110539","name":"Smimou"}},{"type":"Polygon","arcs":[[43,44,45,46,23,30,-36,36,39]],"properties":{"code":"072110523","name":"Imgrade"}},{"type":"Polygon","arcs":[[47,48,-41,43,49]],"properties":{"code":"072110525","name":"Imi-N'tlit"}},{"type":"Polygon","arcs":[[50,51,-50,44,52,53]],"properties":{"code":"072110745","name":"Takoucht"}},{"type":"Polygon","arcs":[[54,55,-46,52,56,57]],"properties":{"code":"072110703","name":"Aglif"}},{"type":"Polygon","arcs":[[58,57,59]],"properties":{"code":"072110101","name":"Ait Daoud"}},{"type":"Polygon","arcs":[[60,61,62,-27]],"properties":{"code":"072110701","name":"Adaghas"}},{"type":"Polygon","arcs":[[61,63,64,65,66,67]],"properties":{"code":"072110709","name":"Assais"}},{"type":"Polygon","arcs":[[62,27,22,-47,-56,68,-64]],"properties":{"code":"072110713","name":"Bouzemmour"}},{"type":"Polygon","arcs":[[69,70,58,-57,53,71]],"properties":{"code":"072110743","name":"Tahelouante"}},{"type":"Polygon","arcs":[[71,72,73,74,75,76,-51]],"properties":{"code":"072110711","name":"Bizdad"}},{"type":"Polygon","arcs":[[-77,77,78,-52]],"properties":{"code":"072110731","name":"Sidi Ghaneme"}},{"type":"Polygon","arcs":[[-48,-79,79,80,81,82,83,84]],"properties":{"code":"072110529","name":"Sidi El Jazouli"}},{"type":"Polygon","arcs":[[-42,-49,-85,85,86]],"properties":{"code":"072110549","name":"Tidzi"}},{"type":"Polygon","arcs":[[87,88,83,85,89]],"properties":{"code":"072110535","name":"Sidi H'mad Ou Hamed"}},{"type":"Polygon","arcs":[[90,91,-88,92,93]],"properties":{"code":"072110537","name":"Sidi Kaouki"}},{"type":"Polygon","arcs":[[77,79,94,95,75]],"properties":{"code":"072110715","name":"Ezzaouite"}},{"type":"Polygon","arcs":[[96,97,-81,94,98]],"properties":{"code":"072110917","name":"Meskala"}},{"type":"Polygon","arcs":[[99,100,-74,101,102]],"properties":{"code":"071610901","name":"Bouabout"}},{"type":"Polygon","arcs":[[103,104,105,96,106]],"properties":{"code":"072110909","name":"Korimate"}},{"type":"Polygon","arcs":[[107,108,-103,109,110,111]],"properties":{"code":"071610913","name":"Taouloukoult"}},{"type":"Polygon","arcs":[[-96,98,-106,112,100,74]],"properties":{"code":"072110919","name":"Mouarid"}},{"type":"Polygon","arcs":[[97,81,113,114,115,116,117,118,-107]],"properties":{"code":"072110901","name":"Ait Said"}},{"type":"Polygon","arcs":[[88,-83,113,119,120,91]],"properties":{"code":"072110505","name":"Aguerd"}},{"type":"Polygon","arcs":[[121,122,123,103,124]],"properties":{"code":"072110907","name":"Kechoula"}},{"type":"Polygon","arcs":[[123,-119,125,126,127]],"properties":{"code":"072110915","name":"Mejji"}},{"type":"Polygon","arcs":[[128,129,130,-126,-118,131]],"properties":{"code":"072110911","name":"Lagdadra"}},{"type":"Polygon","arcs":[[116,131,132]],"properties":{"code":"072110103","name":"El Hanchane"}},{"type":"Polygon","arcs":[[132,-116,133,134,135,-129]],"properties":{"code":"072110913","name":"Lahsinate"}},{"type":"Polygon","arcs":[[136,137,138,-120,114,133,139]],"properties":{"code":"072110331","name":"Ounagha"}},{"type":"MultiPolygon","arcs":[[[140]],[[141]],[[142]],[[143]],[[138,120,-91,144]],[[145]],[[146]],[[147]],[[148]],[[149]],[[150]],[[151]],[[152]],[[153]],[[154]],[[155]],[[156]],[[157]],[[158]],[[159]],[[160]],[[161]],[[162]],[[163]],[[164]],[[165]],[[166]],[[167]],[[168]],[[169]],[[170]],[[171]],[[172]],[[173]]],"properties":{"code":"072110105","name":"Essaouira"}},{"type":"Polygon","arcs":[[174,-135,139,175]],"properties":{"code":"072110305","name":"Had Dra"}},{"type":"Polygon","arcs":[[176,-176,136,177]],"properties":{"code":"072110321","name":"Moulay Bouzarqtoune"}},{"type":"Polygon","arcs":[[178,179,180,-130,-136,-175,181]],"properties":{"code":"072110349","name":"Takate"}},{"type":"Polygon","arcs":[[182,183,-182,-177,184]],"properties":{"code":"072110303","name":"Aquermoud"}},{"type":"Polygon","arcs":[[185,182,186,187,188]],"properties":{"code":"072110341","name":"Sidi Ishaq"}},{"type":"Polygon","arcs":[[-187,183,178,189,190,191,192,193]],"properties":{"code":"072110337","name":"Sidi Ali El Korati"}},{"type":"Polygon","arcs":[[194,192,195,196,197,198,199,190]],"properties":{"code":"072110333","name":"Sidi Abdeljalil"}},{"type":"Polygon","arcs":[[191,-195]],"properties":{"code":"072110107","name":"Talmest"}},{"type":"Polygon","arcs":[[200,201,-197,202]],"properties":{"code":"072110325","name":"M'khalif"}},{"type":"Polygon","arcs":[[-202,203,204,205,206,207,208,209,-198]],"properties":{"code":"072110343","name":"Sidi Laaroussi"}},{"type":"Polygon","arcs":[[210,211,212,206]],"properties":{"code":"072110923","name":"Mzilate"}},{"type":"Polygon","arcs":[[210,213,214,215,216,-208]],"properties":{"code":"072110927","name":"M'ramer"}},{"type":"Polygon","arcs":[[217,-209,-217,218]],"properties":{"code":"072110939","name":"Sidi Boulaalam"}},{"type":"Polygon","arcs":[[217,209,198,219,180,130,126,220]],"properties":{"code":"072110935","name":"Sidi Aissa Regragui"}},{"type":"Polygon","arcs":[[199,-190,179,-220]],"properties":{"code":"072110351","name":"Zaouiat Ben Hmida"}},{"type":"Polygon","arcs":[[221,222,212,-206,223,224]],"properties":{"code":"072110945","name":"Sidi M'hamed Ou Marzouq"}},{"type":"Polygon","arcs":[[214,225,-122,226]],"properties":{"code":"072110929","name":"Oulad M'rabet"}},{"type":"Polygon","arcs":[[215,218,-221,127,-123,-226]],"properties":{"code":"072110947","name":"Tafetachte"}},{"type":"Polygon","arcs":[[-227,227,228,222,-212,213]],"properties":{"code":"071610311","name":"Sid L'mokhtar"}},{"type":"Polygon","arcs":[[-229,229,230,231,232,233,234,221]],"properties":{"code":"071610301","name":"Ahdil"}},{"type":"Polygon","arcs":[[-233,235,236]],"properties":{"code":"071610101","name":"Chichaoua"}},{"type":"Polygon","arcs":[[237,-234,-237,238,239,240,241,242,243,244,245]],"properties":{"code":"071610305","name":"Lamzoudia"}},{"type":"Polygon","arcs":[[246,33,-39,-43,-87,89,92]],"properties":{"code":"072110527","name":"Sidi Ahmed Essayeh"}},{"type":"Polygon","arcs":[[247,248,249,250]],"properties":{"code":"073510305","name":"M'nabha"}},{"type":"Polygon","arcs":[[251,247,252,253,254,255,256]],"properties":{"code":"073510311","name":"Ouled Dlim"}},{"type":"Polygon","arcs":[[257,258,4,259,260,250,-252]],"properties":{"code":"073510303","name":"Harbil"}},{"type":"Polygon","arcs":[[261,262,263,-258,-257,-245,264,265]],"properties":{"code":"073510505","name":"Loudaya"}},{"type":"Polygon","arcs":[[243,264,266]],"properties":{"code":"073510509","name":"Sid Zouine"}},{"type":"Polygon","arcs":[[267,268,269,270,271]],"properties":{"code":"073510209","name":"Oulad Hassoune"}},{"type":"Polygon","arcs":[[6,272,273,270,274,275,276]],"properties":{"code":"073510201","name":"Al Ouidane"}},{"type":"Polygon","arcs":[[-277,277,-260,5]],"properties":{"code":"073510207","name":"Ouahat Sidi Brahim"}},{"type":"Polygon","arcs":[[278,279,262]],"properties":{"code":"073510711","name":"Souihla"}},{"type":"Polygon","arcs":[[279,-262,280,281,282,283,284,285]],"properties":{"code":"073510501","name":"Agafay"}},{"type":"Polygon","arcs":[[266,-243,286,-281,-266]],"properties":{"code":"073510503","name":"Ait Imour"}},{"type":"Polygon","arcs":[[-264,278,-286,287,288,3,-259]],"properties":{"code":"073510707","name":"Saada"}},{"type":"Polygon","arcs":[[2,-289,289,290,291,8,-1]],"properties":{"code":"073510113","name":"Tassoultante"}},{"type":"Polygon","arcs":[[292,293,294,295,296,297,298]],"properties":{"code":"074310713","name":"Ouled Salmane"}},{"type":"Polygon","arcs":[[299,300,-188,-194,195,202]],"properties":{"code":"074310701","name":"Atouabet"}},{"type":"Polygon","arcs":[[300,188,301,-293,302]],"properties":{"code":"074310709","name":"Lamaachate"}},{"type":"Polygon","arcs":[[298,302,-300,200,203,303,304]],"properties":{"code":"074310703","name":"El Ghiate"}},{"type":"Polygon","arcs":[[-305,305,306,307,308,309,297]],"properties":{"code":"074310711","name":"Nagga"}},{"type":"Polygon","arcs":[[-297,310,311,309]],"properties":{"code":"074310111","name":"Sebt Gzoula"}},{"type":"Polygon","arcs":[[295,310,312,313,314]],"properties":{"code":"074310705","name":"Khatazakane"}},{"type":"Polygon","arcs":[[-315,315,316,317,294]],"properties":{"code":"074310103","name":"Safi"}},{"type":"Polygon","arcs":[[318,319,316,320,321,322,323]],"properties":{"code":"074310907","name":"Hrara"}},{"type":"Polygon","arcs":[[324,321,325]],"properties":{"code":"074310905","name":"El Beddouza"}},{"type":"Polygon","arcs":[[-326,322,326,327]],"properties":{"code":"074310901","name":"Ayir"}},{"type":"Polygon","arcs":[[326,328,329,330,331,-324]],"properties":{"code":"074310909","name":"Moul El Bergui"}},{"type":"Polygon","arcs":[[318,332,333,334,335,331]],"properties":{"code":"074310903","name":"Dar Si Aissa"}},{"type":"Polygon","arcs":[[319,-316,-314,336,-333]],"properties":{"code":"074310915","name":"Saadla"}},{"type":"Polygon","arcs":[[337,338,335,-331,339]],"properties":{"code":"074310313","name":"Sidi Aissa"}},{"type":"Polygon","arcs":[[329,339,340,341,342]],"properties":{"code":"074310307","name":"Lahdar"}},{"type":"Polygon","arcs":[[343,344,345,346,347,348,-342]],"properties":{"code":"074310305","name":"Labkhati"}},{"type":"Polygon","arcs":[[349,350,351,352,-345,353,354]],"properties":{"code":"074310303","name":"El Gouraani"}},{"type":"Polygon","arcs":[[-354,-344,-341,337,355]],"properties":{"code":"074310109","name":"Jamaat Shaim"}},{"type":"Polygon","arcs":[[349,356,308,-312,312,336,333,357]],"properties":{"code":"074310301","name":"Bouguedra"}},{"type":"Polygon","arcs":[[358,-351,356,-308,359,360]],"properties":{"code":"074310315","name":"Sidi Ettiji"}},{"type":"Polygon","arcs":[[361,362,306,359,363]],"properties":{"code":"074310309","name":"Lamrasla"}},{"type":"Polygon","arcs":[[-205,303,305,-363,364,-224]],"properties":{"code":"074310707","name":"Laamamra"}},{"type":"Polygon","arcs":[[-238,365,366,361,364,224,-235]],"properties":{"code":"075850507","name":"Ighoud"}},{"type":"Polygon","arcs":[[-256,367,368,-366,-246]],"properties":{"code":"075850517","name":"Sidi Chiker"}},{"type":"Polygon","arcs":[[-369,369,370,371,372,-361,363,-367]],"properties":{"code":"075850511","name":"Jnane Bouih"}},{"type":"Polygon","arcs":[[372,358,351,373,374,375,376]],"properties":{"code":"075850509","name":"Jdour"}},{"type":"Polygon","arcs":[[376,-372,377]],"properties":{"code":"075850107","name":"Echemmaia"}},{"type":"Polygon","arcs":[[378,379,380,381,370,377,-376]],"properties":{"code":"075850701","name":"Atiamim"}},{"type":"Polygon","arcs":[[254,367,369,-382,382]],"properties":{"code":"075850715","name":"Ras El Ain"}},{"type":"Polygon","arcs":[[382,-254,383,384,385,386,380]],"properties":{"code":"075850713","name":"Lakhoualqa"}},{"type":"Polygon","arcs":[[387,388]],"properties":{"code":"075850113","name":"Youssoufia"}},{"type":"Polygon","arcs":[[387,389,-347,390,374,378,391]],"properties":{"code":"075850705","name":"Esbiaat"}},{"type":"Polygon","arcs":[[-387,392,393,394,-348,-390,388,-392,379]],"properties":{"code":"075850703","name":"El Gantour"}},{"type":"Polygon","arcs":[[390,-374,352,345]],"properties":{"code":"074310311","name":"Lamsabih"}},{"type":"Polygon","arcs":[[395,396,397,398,66]],"properties":{"code":"071610517","name":"Timezgadiouine"}},{"type":"Polygon","arcs":[[65,-399,399,400,401]],"properties":{"code":"071610915","name":"Timlilt"}},{"type":"Polygon","arcs":[[54,68,64,-402,402,403,70,-60]],"properties":{"code":"071610907","name":"Kouzemt"}},{"type":"Polygon","arcs":[[110,404,405,406,400,402,407]],"properties":{"code":"071610905","name":"Ichamraren"}},{"type":"Polygon","arcs":[[109,-408,403,-70,72,101]],"properties":{"code":"071610903","name":"Bouabout Amdlane"}},{"type":"Polygon","arcs":[[112,408,409,-230,-228,-125,104]],"properties":{"code":"071610307","name":"Oulad Moumna"}},{"type":"Polygon","arcs":[[-100,-109,410,411,-409]],"properties":{"code":"071610909","name":"Rahhala"}},{"type":"Polygon","arcs":[[412,107,410,413,414]],"properties":{"code":"071610911","name":"Sidi Abdelmoumen"}},{"type":"Polygon","arcs":[[415,416,-405,111,-413,417,418]],"properties":{"code":"071610513","name":"Ouad L'bour"}},{"type":"Polygon","arcs":[[419,414,417,420,421]],"properties":{"code":"071610511","name":"Nfifa"}},{"type":"Polygon","arcs":[[422,-421,418,423]],"properties":{"code":"071610103","name":"Imintanoute"}},{"type":"Polygon","arcs":[[424,425,-416,423]],"properties":{"code":"071610503","name":"Ain Tazitounte"}},{"type":"Polygon","arcs":[[426,427,406,-400,-398]],"properties":{"code":"071610501","name":"Afalla Issen"}},{"type":"Polygon","arcs":[[428,425,416,405,-428,429]],"properties":{"code":"071610507","name":"Irohalen"}},{"type":"Polygon","arcs":[[430,431,432]],"properties":{"code":"071610505","name":"Ait Haddou Youssef"}},{"type":"Polygon","arcs":[[-433,433,434,435,436,437,438,439,-430,-427,-397,440]],"properties":{"code":"071610509","name":"Lalla Aaziza"}},{"type":"Polygon","arcs":[[421,441,442,439,428,-425,422]],"properties":{"code":"071610515","name":"Sidi Ghanem"}},{"type":"Polygon","arcs":[[442,-439,443,444]],"properties":{"code":"071610705","name":"Douirane"}},{"type":"Polygon","arcs":[[445,435,446,447,448,449]],"properties":{"code":"071610701","name":"Adassil"}},{"type":"Polygon","arcs":[[450,445,-435,451,452]],"properties":{"code":"071610709","name":"Imindounit"}},{"type":"Polygon","arcs":[[-437,446,453,454,455,456]],"properties":{"code":"071610713","name":"M'zouda"}},{"type":"Polygon","arcs":[[457,458,-454,447,459]],"properties":{"code":"071610703","name":"Assif El Mal"}},{"type":"Polygon","arcs":[[-457,460,461,-444,-438]],"properties":{"code":"071610715","name":"Zaouia Annahlia"}},{"type":"Polygon","arcs":[[462,463,-231,-410,-412,413,-420,441,-445,-462,464]],"properties":{"code":"071610309","name":"Saidate"}},{"type":"Polygon","arcs":[[465,-463,466]],"properties":{"code":"071610303","name":"Ait Hadi"}},{"type":"Polygon","arcs":[[-465,-461,-456,467,-240,468,-467]],"properties":{"code":"071610315","name":"Sidi M'hamed Dalil"}},{"type":"Polygon","arcs":[[468,465,463,231,235,238],[469],[470]],"properties":{"code":"071610313","name":"Sidi Bouzid Arragragui"}},{"type":"Polygon","arcs":[[240,471,458,454,467]],"properties":{"code":"071610711","name":"Majjat"}},{"type":"Polygon","arcs":[[286,281,472,473,474,457,-472,241]],"properties":{"code":"071610707","name":"Gmassa"}},{"type":"Polygon","arcs":[[475,476,477,478,479]],"properties":{"code":"074270703","name":"Ait Taleb"}},{"type":"Polygon","arcs":[[479,480,481,482,483]],"properties":{"code":"074270721","name":"Sidi Mansour"}},{"type":"Polygon","arcs":[[484,485,486,487,488,489,490,491,492,493,482]],"properties":{"code":"074270713","name":"Oulad Hassoune Hamri"}},{"type":"Polygon","arcs":[[494,495,481,-494,496,497]],"properties":{"code":"074270723","name":"Skhour Rhamna"}},{"type":"Polygon","arcs":[[497,498,499,500]],"properties":{"code":"074270715","name":"Sidi Abdellah"}},{"type":"Polygon","arcs":[[-495,498,501]],"properties":{"code":"074270719","name":"Sidi Ghanem"}},{"type":"Polygon","arcs":[[502,478,-484,484,503]],"properties":{"code":"074270709","name":"Labrikiyne"}},{"type":"Polygon","arcs":[[504,393,505,476,506]],"properties":{"code":"074270705","name":"Bouchane"}},{"type":"Polygon","arcs":[[385,392,-505,507]],"properties":{"code":"074270711","name":"Oulad Aamer Tizmarine"}},{"type":"Polygon","arcs":[[384,-508,-507,477,-503,508,509]],"properties":{"code":"074270701","name":"Ait Hammou"}},{"type":"Polygon","arcs":[[503,508,510,511,-487,512]],"properties":{"code":"074270717","name":"Sidi Ali Labrahla"}},{"type":"Polygon","arcs":[[513,-511,509,-384,-253,248,514]],"properties":{"code":"074270909","name":"Nzalat Laadam"}},{"type":"Polygon","arcs":[[515]],"properties":{"code":"074270117","name":"Sidi Bou Othmane"}},{"type":"Polygon","arcs":[[516,-275,271,517,518,519]],"properties":{"code":"074270903","name":"Bourrous"}},{"type":"Polygon","arcs":[[520,521,522,523,-520,524]],"properties":{"code":"074270915","name":"Sidi Boubker"}},{"type":"Polygon","arcs":[[-518,267,525,526]],"properties":{"code":"074270905","name":"Jaidate"}},{"type":"Polygon","arcs":[[-527,527,528,529,530,-525,-519]],"properties":{"code":"074270913","name":"Ras Ain Rhamna"}},{"type":"Polygon","arcs":[[531,532,533,-521,-531,534]],"properties":{"code":"074270919","name":"Tlauh"}},{"type":"Polygon","arcs":[[-522,-534,535,536,537]],"properties":{"code":"074270901","name":"Akarma"}},{"type":"Polygon","arcs":[[513,511,487,538,539]],"properties":{"code":"074270911","name":"Oulad Imloul"}},{"type":"Polygon","arcs":[[538,540,-523,-538,541,542,-489]],"properties":{"code":"074270907","name":"Lamharra"}},{"type":"Polygon","arcs":[[543,544,545,542,489]],"properties":{"code":"071911133","name":"Oulad Zarrad"}},{"type":"Polygon","arcs":[[546,547,-545,548]],"properties":{"code":"071911129","name":"Oulad Sbih"}},{"type":"Polygon","arcs":[[543,548,549,550,551,-491]],"properties":{"code":"071911111","name":"Hiadna"}},{"type":"Polygon","arcs":[[552,553,551,491]],"properties":{"code":"074270707","name":"Jaafra"}},{"type":"Polygon","arcs":[[500,-497,-493,552,554]],"properties":{"code":"074270725","name":"Skoura Lhadra"}},{"type":"Polygon","arcs":[[-486,-513]],"properties":{"code":"074270101","name":"Ben Guerir"}},{"type":"Polygon","arcs":[[555,556,557,558,559,560,-550,546]],"properties":{"code":"071911115","name":"Mayate"}},{"type":"Polygon","arcs":[[561,562,563,564,559,565]],"properties":{"code":"071911121","name":"Oulad Cherki"}},{"type":"Polygon","arcs":[[566,567,-564,568]],"properties":{"code":"071911113","name":"Lounasda"}},{"type":"Polygon","arcs":[[569,570,531,571]],"properties":{"code":"071910109","name":"Tamallalt"}},{"type":"Polygon","arcs":[[572,573]],"properties":{"code":"071910107","name":"Sidi Rahal"}},{"type":"Polygon","arcs":[[572,574,575,576,529,534,-571,577,578]],"properties":{"code":"071910731","name":"Zemrane"}},{"type":"Polygon","arcs":[[579,580,581,-578,-570,582,583,584]],"properties":{"code":"071910733","name":"Zemrane Charqia"}},{"type":"Polygon","arcs":[[584,585,586,587,588,589]],"properties":{"code":"071910505","name":"Choara"}},{"type":"Polygon","arcs":[[590,591,592,-536,-533,571,582]],"properties":{"code":"071910713","name":"Jouala"}},{"type":"Polygon","arcs":[[593,585,594,595]],"properties":{"code":"071910503","name":"Bouya Omar"}},{"type":"Polygon","arcs":[[596,-587,594,597,598,599,600]],"properties":{"code":"071910521","name":"Ouargui"}},{"type":"Polygon","arcs":[[597,601,602,603,-596]],"properties":{"code":"071910901","name":"Assahrij"}},{"type":"Polygon","arcs":[[604,605,602,606]],"properties":{"code":"071910925","name":"Oulad Khallouf"}},{"type":"Polygon","arcs":[[607,604,608]],"properties":{"code":"071910929","name":"Sour El Aaz"}},{"type":"Polygon","arcs":[[609,610,-599,601,-606,608,611]],"properties":{"code":"071910917","name":"Louad Lakhdar"}},{"type":"Polygon","arcs":[[612,613,614,610,599,615]],"properties":{"code":"071910927","name":"Sidi Aissa Ben Slimane"}},{"type":"Polygon","arcs":[[616,617,618,619,-616,600]],"properties":{"code":"071910509","name":"Fraita"}},{"type":"Polygon","arcs":[[620,621,622,-588,-597,616]],"properties":{"code":"071910507","name":"Dzouz"}},{"type":"Polygon","arcs":[[-610,623,624,614]],"properties":{"code":"071910919","name":"M'zem Sanhaja"}},{"type":"Polygon","arcs":[[625,626,627,624,-614,628]],"properties":{"code":"071911317","name":"Oulad Aamer"}},{"type":"Polygon","arcs":[[629,591,630,-618,620,631]],"properties":{"code":"071910515","name":"Laatamna"}},{"type":"Polygon","arcs":[[632,633,622,588]],"properties":{"code":"071910105","name":"Laattaouia"}},{"type":"Polygon","arcs":[[631,634,633,-622]],"properties":{"code":"071910516","name":"Laattaouia Ech-Chaibia"}},{"type":"Polygon","arcs":[[635,636,-556,547,545,-542,-537,-593,630,618]],"properties":{"code":"071910711","name":"Jbiel"}},{"type":"Polygon","arcs":[[637,638,639,640,641,636,556]],"properties":{"code":"071911141","name":"Znada"}},{"type":"Polygon","arcs":[[-638,557,642]],"properties":{"code":"071910103","name":"Kelâat Sraghna"}},{"type":"Polygon","arcs":[[-642,643,-629,-613,-620,635]],"properties":{"code":"071911131","name":"Oulad Yaacoub"}},{"type":"Polygon","arcs":[[644,645,646,640,643,625]],"properties":{"code":"071911339","name":"Taouzint"}},{"type":"Polygon","arcs":[[647,-645,626,648,649,650]],"properties":{"code":"071911319","name":"Oulad Bouali Loued"}},{"type":"Polygon","arcs":[[651,567,564,-559,642,638]],"properties":{"code":"071911107","name":"El Marbouh"}},{"type":"Polygon","arcs":[[652,566,-652,639,-647]],"properties":{"code":"071911123","name":"Oulad El Garne"}},{"type":"Polygon","arcs":[[653,654,647,655,656]],"properties":{"code":"071911309","name":"Errafiaya"}},{"type":"Polygon","arcs":[[-563,657,658,-656,645,652,-569]],"properties":{"code":"071911301","name":"Chtaiba"}},{"type":"Polygon","arcs":[[659,660,561,657,661]],"properties":{"code":"071911335","name":"Sidi El Hattab"}},{"type":"Polygon","arcs":[[662,663,664,-660]],"properties":{"code":"071911327","name":"Oulad Msabbel"}},{"type":"Polygon","arcs":[[665,666,-654,667,663]],"properties":{"code":"071911337","name":"Sidi Moussa"}},{"type":"Polygon","arcs":[[-657,-659,661,662,-668]],"properties":{"code":"071911305","name":"El Aamria"}},{"type":"Polygon","arcs":[[668,650,-655,-667,669]],"properties":{"code":"071911325","name":"Oulad Massaoud"}},{"type":"Polygon","arcs":[[-669,670,649]],"properties":{"code":"071911303","name":"Eddachra"}},{"type":"Polygon","arcs":[[671,672,673,674,284,287,289]],"properties":{"code":"070410911","name":"Tameslohte"}},{"type":"Polygon","arcs":[[675,676,677,678,-673]],"properties":{"code":"070410901","name":"Moulay Brahim"}},{"type":"Polygon","arcs":[[679]],"properties":{"code":"070410109","name":"Tahannaout"}},{"type":"Polygon","arcs":[[680,681,682,-674,-679]],"properties":{"code":"070410511","name":"Lalla Takarkoust"}},{"type":"Polygon","arcs":[[-284,683,684,685,686,682,674]],"properties":{"code":"070410517","name":"Sidi Badhaj"}},{"type":"Polygon","arcs":[[683,687,-473,282]],"properties":{"code":"070410515","name":"Oulad Mtaa"}},{"type":"Polygon","arcs":[[-685,687,473,688,689,690]],"properties":{"code":"070410519","name":"Tizguine"}},{"type":"Polygon","arcs":[[-686,-691,691,692,693,694]],"properties":{"code":"070410103","name":"Amizmiz"}},{"type":"Polygon","arcs":[[459,-475,688,695,-449]],"properties":{"code":"070410509","name":"Dar Jamaa"}},{"type":"Polygon","arcs":[[696,-692,-690,695,449,-451,697]],"properties":{"code":"070410507","name":"Azgour"}},{"type":"Polygon","arcs":[[-682,698,699,700,694,686]],"properties":{"code":"070410501","name":"Amghras"}},{"type":"Polygon","arcs":[[701,702,703,704,-528,-526,268]],"properties":{"code":"070410309","name":"Ait Sidi Daoud"}},{"type":"Polygon","arcs":[[705,702]],"properties":{"code":"070410101","name":"Ait Ourir"}},{"type":"Polygon","arcs":[[706,707,273,-270,701,-706,703,708,709,710]],"properties":{"code":"070410305","name":"Ait Faska"}},{"type":"Polygon","arcs":[[711,-707,712,713]],"properties":{"code":"070410319","name":"Tamazouzte"}},{"type":"Polygon","arcs":[[714,291,-8,272,-708,-712,715]],"properties":{"code":"070410315","name":"Sidi Abdellah Ghiat"}},{"type":"Polygon","arcs":[[716,717,-716,-714,718]],"properties":{"code":"070410311","name":"Ghmate"}},{"type":"Polygon","arcs":[[719,720,721,722,-717,723]],"properties":{"code":"070410905","name":"Ourika"}},{"type":"Polygon","arcs":[[724,709,725,726]],"properties":{"code":"070410323","name":"Tidili Mesfioua"}},{"type":"Polygon","arcs":[[727,-576,728,729]],"properties":{"code":"070411127","name":"Touama"}},{"type":"Polygon","arcs":[[728,730,731,581,578,-574,574]],"properties":{"code":"070411121","name":"Tazart"}},{"type":"Polygon","arcs":[[732,733,734,735,-731,729,736]],"properties":{"code":"070411129","name":"Zerkten"}},{"type":"Polygon","arcs":[[-737,727,576,-529,-705,708,-725,737]],"properties":{"code":"070411117","name":"Tamaguert"}},{"type":"Polygon","arcs":[[738,739,740,726,737,732]],"properties":{"code":"070411125","name":"Tighedouine"}},{"type":"Polygon","arcs":[[731,-581,741,742,743,735]],"properties":{"code":"070411101","name":"Abadou"}},{"type":"Polygon","arcs":[[744,743,-735,745]],"properties":{"code":"070411107","name":"Ait Hkim-Ait Yzid"}},{"type":"Polygon","arcs":[[744,-743,746]],"properties":{"code":"070411103","name":"Ait Aadel"}},{"type":"Polygon","arcs":[[-740,747,748,749,-720,750]],"properties":{"code":"070410907","name":"Sti Fadma"}},{"type":"Polygon","arcs":[[750,740,-726,710,712,718,723]],"properties":{"code":"070410313","name":"Iguerferouane"}},{"type":"Polygon","arcs":[[720,751,749]],"properties":{"code":"070410903","name":"Oukaimden"}},{"type":"Polygon","arcs":[[752,753,754,748,-752,721,755,676,756]],"properties":{"code":"070410703","name":"Asni"}},{"type":"Polygon","arcs":[[757,758,-753,759,699]],"properties":{"code":"070410711","name":"Ouirgane"}},{"type":"Polygon","arcs":[[760,761,693,-701,757,762]],"properties":{"code":"070410709","name":"Imgdal"}},{"type":"Polygon","arcs":[[-754,-759,762,763,764]],"properties":{"code":"070410707","name":"Ijoukak"}},{"type":"Polygon","arcs":[[765,766,-452,-434,-432,767]],"properties":{"code":"070410701","name":"Aghbar"}},{"type":"Polygon","arcs":[[-766,768,-764,760,769,770]],"properties":{"code":"070410713","name":"Talat N'yaaqoub"}},{"type":"Polygon","arcs":[[770,766,452,697,771]],"properties":{"code":"070410705","name":"Ighil"}},{"type":"Polygon","arcs":[[696,692,-762,769,-772]],"properties":{"code":"070410505","name":"Anougal"}},{"type":"Polygon","arcs":[[-760,-757,677,680,698]],"properties":{"code":"070410513","name":"Ouazguita"}},{"type":"Polygon","arcs":[[357,-355,-356,338,-335]],"properties":{"code":"074310302","name":"Chahda"}},{"type":"Polygon","arcs":[[514,-540,540,523,516,275,277,260,-250],[515]],"properties":{"code":"074270906","name":"Jbilate"}},{"type":"Polygon","arcs":[[-584,590,-630,634,-633,589]],"properties":{"code":"071910523","name":"Oulad Aarrad"}},{"type":"Polygon","arcs":[[-291,671,675,-756,722,717,714],[679]],"properties":{"code":"070410913","name":"Aghouatim"}}]}},"arcs":[[[64605,39679],[-100,-217],[-144,-315],[4,-4],[18,-19],[33,-22],[35,-40],[41,-36],[16,-95],[129,-27],[27,-5],[63,-10],[32,-4],[13,78],[14,37],[43,30],[6,5],[11,8],[18,12],[107,75],[18,10],[4,4],[16,11],[178,138],[95,68],[13,-132],[116,9],[153,-80],[29,-273]],[[65593,38885],[21,-30],[64,23],[-5,43],[118,52],[78,32],[203,69],[-65,473],[-86,357],[-15,69],[-17,78],[-47,219],[-83,367],[-16,66],[-49,238],[-6,38],[-18,105],[-89,-29],[-50,-16],[6,-24],[1,-1],[18,-65],[-2,0],[-25,0],[-6,2],[-38,11],[-29,30],[-15,33],[-16,58],[-23,-7],[-5,31],[-63,-18],[0,-7],[-106,-22],[-5,-1],[-8,-2],[-16,-3],[-13,-6],[19,-95],[-87,-153],[-4,-4],[-60,-141],[-36,-79],[-25,-57],[-39,-85],[-59,-124],[-24,-52],[-56,-126],[-31,-67],[-20,-45],[-61,-133],[-98,-208]],[[64605,39679],[-6,2],[-313,197],[-24,46],[-27,60],[-28,54],[-4,5],[-31,62],[-6,7],[-2,-1],[-71,-62],[-67,-47],[-48,-31],[-11,-7],[-49,-41],[-81,-89],[-86,-96],[-8,-10],[-72,-84],[-35,-38],[-12,-6],[-19,-10],[-6,-2],[100,-14],[53,-20],[23,-32],[4,-11],[7,-20],[8,-34],[5,-25],[28,-114],[-104,-18],[-32,-9],[-146,-116],[-114,-86],[-57,-41],[-53,-39],[-87,-71],[-14,-62],[-54,-41],[-35,-68],[-127,-19],[-86,-126],[-272,70],[-190,101],[-114,-139],[-109,166]],[[62233,38820],[10,155],[-78,43],[6,132],[0,6],[3,68],[33,106],[46,162],[66,217],[-35,290],[-59,194],[-42,130],[-26,242],[29,158],[0,195],[-93,78],[-70,124],[-42,78],[-132,87],[-54,115],[-9,83],[-2,17],[-1,11],[-12,18],[163,-4],[119,-3],[112,-3],[255,-5],[-7,53],[-32,144],[-4,39],[42,251],[9,43],[-6,143],[25,114],[15,89],[26,198],[-21,62],[-13,59],[-50,58],[8,55],[141,-65],[-11,42],[-14,77],[-3,45],[-2,55],[-4,26],[-2,15],[-26,46],[-21,53],[-14,60],[-1,75],[7,66],[-2,82],[-3,97],[6,15],[-214,163],[-3,142],[7,148],[129,68],[3,124],[-7,47],[-5,34],[-469,54],[-147,11],[6,387],[-36,418],[37,212],[6,55]],[[61770,45374],[16,8],[12,6],[17,18],[9,14],[6,21],[5,23],[-6,16],[3,13],[2,39],[11,21],[12,12],[6,3],[17,7],[18,4],[18,-11],[17,-14],[24,-10],[19,-20],[6,-19],[0,-24],[-18,-22],[-10,-15],[-19,-41],[12,-18],[0,-16],[2,-15],[1,-12],[-2,-22],[-4,-24],[24,-34],[17,-15],[19,-8],[22,-8],[15,5],[8,16],[3,21],[8,26],[11,23],[9,17],[11,6],[11,-3],[14,-7],[14,-14],[13,-19],[20,-14],[15,-15],[21,0],[25,1],[16,-4],[4,-24],[21,-16],[24,17],[26,6],[25,-3],[24,1],[22,-24],[12,-35],[8,-27],[14,-21],[8,-7],[8,-11],[8,-5],[4,-11],[5,-11],[11,-9],[10,-19],[14,-20],[8,-7],[11,-12],[6,-13],[1,-6],[4,-12],[8,-23],[15,-14],[19,-21],[11,-6],[9,-3],[4,-6],[7,-5],[9,-4],[13,1],[5,33],[9,44],[8,34],[5,30],[16,29],[20,12],[14,6],[19,4],[22,11],[14,-3],[11,-7],[8,-4],[12,-12],[12,-10],[5,-2],[9,-1],[9,-4],[8,0],[20,-2],[12,6],[1,7],[31,14],[23,-3],[14,7],[17,4],[16,6],[15,8],[25,8],[22,4],[7,1],[7,-2],[3,-4],[4,-8],[-1,-9],[-4,-18],[1,-18],[-6,-20],[7,-23],[10,-18],[11,-17],[24,-15],[9,0],[20,-12],[3,1],[18,5],[15,-1],[14,3],[22,5],[18,7],[32,15],[17,15],[19,18],[18,20],[7,8],[46,27],[28,20],[20,7],[25,2],[15,0],[15,-6]],[[63439,45122],[18,-10],[5,-2],[9,4],[4,-6],[6,-9],[7,-28],[1,-33],[8,-41],[8,-19],[13,-16],[9,-14],[9,-15],[15,-6],[11,-2],[11,3],[14,-4],[7,1],[-2,11],[13,-3],[45,10],[54,29],[26,7],[11,5],[13,-4],[11,-4],[17,-11],[13,-15],[13,-8],[11,-4],[18,1],[18,3],[7,6],[18,15],[13,3],[20,5],[17,3],[26,5],[18,2],[25,5],[17,12],[7,1],[9,-17],[8,-19],[8,-29],[44,-33],[27,-21],[23,-3],[8,1],[4,0],[7,-11],[19,-5],[20,-3],[37,17],[38,37],[38,21],[27,9],[13,10],[15,4],[21,3],[15,3],[33,-3],[4,-35],[1,-24],[11,-34],[18,-14],[5,-4],[30,-20],[29,0],[26,2],[14,3],[15,8],[9,9],[15,10],[11,8],[20,16],[25,9],[21,5],[16,-1],[30,-2],[25,-27],[2,-2],[24,-86],[14,-42],[26,-51],[25,-31],[33,5],[24,13],[15,8],[10,13],[22,7],[48,23],[21,25],[35,9],[26,1],[27,-15],[43,-11],[10,-9],[27,-23],[40,-38],[66,-17],[61,-13],[53,-16],[22,1],[24,-2],[26,5],[50,-20],[53,-24],[39,9],[52,0],[39,-1],[23,-6],[48,14],[38,1],[59,1],[45,-18],[35,-10],[28,-1],[121,1],[64,12],[25,0],[22,3],[19,-1],[29,2],[27,-1],[11,2],[14,-1],[15,8],[16,-1],[12,0],[20,-19],[14,-20],[19,-33],[26,-30],[28,-25],[36,-12],[60,3],[36,6],[52,27],[29,1],[21,5],[12,3],[6,2],[43,6],[33,5],[33,32],[15,37],[12,5],[18,34],[11,13],[8,28],[13,22],[25,14],[42,25],[49,20],[17,7],[8,3],[29,10],[20,13],[14,9],[18,-2],[17,-1],[24,-20],[33,-24],[52,-32],[71,-26],[42,-28],[40,-9]],[[67416,44641],[25,-36],[74,-143],[87,-213],[-94,-107],[54,-299],[97,-403],[32,-141],[92,-446],[8,-48],[78,-439],[5,-28],[0,-346],[-43,-285],[-84,-184],[-55,-634],[91,-222],[68,-264],[50,-436],[-49,-325],[390,-122]],[[68242,39520],[201,-296],[72,-197],[73,-198],[172,-384],[18,-48],[89,-233],[62,-297],[-60,-380],[-92,-104],[-179,102],[-163,31],[-27,101],[-10,38],[-96,249],[-8,141],[77,288],[29,118],[22,86],[-9,97],[1,87],[-33,47],[-104,4],[-223,-400],[-88,-159],[-297,-334]],[[67669,37879],[-2,1],[-148,110],[-82,257],[-9,26],[-20,-37],[-64,-118],[-207,-143],[-29,-191],[-541,39],[-327,93],[-256,91],[-16,6],[-233,-25],[-119,370],[93,160],[-37,189],[-95,80],[-4,33],[-4,17],[24,48]],[[2492,7007],[264,748],[0,404],[15,554],[-15,305],[-15,200],[48,122],[127,175],[106,164],[235,177],[97,-97],[124,-194],[118,124],[130,95],[84,79],[28,-260],[54,-229],[251,65],[178,95]],[[4321,9534],[-9,108],[-39,342],[-9,267],[114,54],[260,15],[-39,243],[-57,110],[-139,141],[-88,211],[-75,174],[-3,116]],[[4237,11315],[-182,-18],[-18,-88],[-102,33],[-34,95],[-151,-70],[-21,-91],[-97,-102],[-39,-90],[-154,-3],[-121,-101],[-96,-174],[-125,2],[-45,99],[-87,-14],[-40,-66],[-72,-88],[-3,70],[-3,87],[-121,98],[-145,178],[-130,93],[24,44],[43,120],[-49,141],[103,164],[-30,131],[90,78],[-87,96],[42,140],[-46,80],[55,91],[-54,80],[-115,50],[-6,83],[-22,109],[88,19],[-63,58],[-51,182],[-13,105],[15,129],[37,149],[-55,73],[40,113],[6,130],[33,82],[27,78],[-36,144],[84,58],[39,108],[-383,-46],[-262,-54]],[[1905,13900],[-125,-38],[-111,-16],[-31,-63],[-27,-174],[-3,-185],[-21,-229],[46,-169],[-19,-148],[55,-138],[-22,-70],[-2,-119],[-58,-95],[3,-131],[-78,-71],[-27,-174],[-19,-91],[37,-188],[2,-197],[16,-235],[-10,-128],[-21,-185],[-57,-213],[-19,-139],[-30,-167],[-54,-268],[-130,7],[-132,46]],[[1068,10322],[-19,-49],[-58,-128],[-29,-94],[-5,-15],[-24,-20],[-23,-20],[-11,-12],[-12,-14],[-15,-6],[-3,-3],[1,-5],[6,-5],[2,-3],[1,-8],[-7,-28],[-8,-31],[-1,-1],[-1,-1],[-15,-2],[-3,-2],[-1,-2],[-2,-34],[1,-21],[-2,-6],[-10,-13],[-21,-16],[-28,-27],[-10,-20],[-9,-5],[-3,-4],[0,-8],[6,-12],[-1,-7],[-3,-4],[-11,-1],[-3,-3],[-9,-23],[1,-11],[5,-17],[-1,-7],[-6,-13],[1,-25],[-1,-10],[-3,-5],[-4,-1],[-7,1],[-6,-4],[-4,-6],[-3,-11],[2,-12],[-2,-17],[2,-25],[-7,-14],[-7,-15],[-10,-15],[-4,-9],[-2,-14],[-3,-17],[-7,-18],[-9,-8],[-1,-5],[4,-6],[11,-12],[1,-6],[-1,-3],[-3,-3],[-4,-4],[-2,-2],[0,-4],[3,-4],[4,-3],[7,-8],[2,-9],[0,-13],[-6,-14],[-1,-15],[4,-35],[-2,-30],[-1,-18],[-12,-27],[-9,-25],[-10,-26],[-7,-24],[-5,-17],[-9,-40],[-1,-23],[4,-37],[1,-40],[0,-19],[-2,-43],[0,-17],[-1,-23],[-5,-51],[-1,-9],[-6,-10],[-23,-2],[-6,-1],[-4,-2],[0,-5],[6,-9],[4,-6],[9,-14],[17,-16],[13,-20],[15,-50],[8,-37],[3,-37],[2,-44],[6,-22],[7,-21],[16,-46],[2,-13],[-1,-11],[0,-9],[1,-9],[1,-6],[6,-14],[8,-14],[6,-9],[3,-6],[1,-5],[-1,-11],[1,-3],[4,-3],[3,-1],[2,0],[3,0],[2,1],[2,1],[3,5],[5,12],[4,1],[6,0],[11,-2],[16,-12],[16,-26],[12,-25],[7,-29],[2,-26],[-1,-17],[0,-16],[0,-11],[1,-5],[1,-8],[8,-11],[6,-30],[2,-32],[4,-7],[3,-7],[1,-2],[-2,-2],[0,-4],[1,-3],[5,-7],[0,-6],[-1,-7],[0,-12],[1,-14],[2,-19],[-1,-6],[-2,-2],[-16,-5],[-2,-2],[1,-3],[2,-1],[7,-2],[2,-5],[2,-10],[-4,-18],[-3,-12],[-2,-14],[0,-18],[6,-27],[6,-20],[0,-15],[-7,-31],[-1,-25],[6,-60],[6,-48],[1,-51],[0,-17],[3,-21],[11,-26],[4,-15],[10,-22],[12,-26],[797,-141],[810,-355]],[[7280,9094],[-103,-68],[-79,197],[-138,-260],[-64,-119],[-146,-83],[-190,-74],[-214,-28],[-227,68],[-200,164],[-111,168],[-182,90],[-278,64],[-338,88],[9,447],[-133,-33],[-311,-121],[-251,-107],[-3,47]],[[2492,7007],[39,-17],[182,-667],[-90,-876]],[[2623,5447],[372,86],[208,-84],[203,-43],[217,36],[508,167],[438,91],[610,113],[91,-186]],[[5270,5627],[230,147],[-125,344],[-66,250],[18,189],[18,189],[130,59],[221,22],[462,0],[299,9],[254,-7],[103,45],[-25,89],[-60,69],[-33,73],[142,-35],[224,-4],[153,72],[115,266],[85,343],[130,454],[-3,290],[-67,247],[-31,203],[-72,98],[-92,55]],[[7594,1709],[-351,196],[-366,313],[-105,392],[-100,925],[-155,291],[-96,400],[-91,-22],[-94,134],[-169,265],[-118,167],[-196,63],[-124,91],[-235,442],[-124,261]],[[2623,5447],[-21,-198],[74,-401],[1151,-549],[-162,-1456],[816,-2572],[253,-52],[378,-69],[337,-150],[195,201],[177,135],[290,270],[320,288],[214,144],[211,-272],[334,-76],[172,340],[232,679]],[[7594,1709],[41,121],[263,629],[344,607],[152,423],[399,50],[185,-260],[234,-462],[191,-150],[216,69],[105,187],[119,333],[102,288],[67,189],[305,559],[239,567],[316,-115]],[[10872,4744],[510,4],[308,113],[163,98],[103,121],[46,185],[20,391],[-26,274],[-4,166],[-499,-4],[-377,51],[-136,116],[-21,125],[105,144],[118,196],[203,117],[136,109],[123,148],[-9,98],[86,110],[-7,147],[-221,55],[-199,-11],[-187,243],[-229,375],[-25,293],[33,345],[140,-6],[340,-2],[240,-89],[154,120],[102,82],[200,-32],[311,83],[132,203],[49,221]],[[12554,9333],[140,201],[114,169],[18,157],[-130,271],[-238,194],[-249,133],[-184,246],[6,232],[-27,196],[30,200]],[[12034,11332],[-69,94],[-151,29],[-105,74],[-131,53],[-166,47],[-218,178],[-148,152],[-105,324],[-3,207],[-28,147],[-207,27],[-50,202],[43,193],[100,145],[-100,116],[-214,203]],[[10482,13523],[-106,-149],[-94,-157],[3,-188],[18,-181],[-30,-395],[-3,-269],[-142,-119],[-160,-44],[-136,-207],[-184,-412],[-149,-299],[-54,-221],[-151,-91],[-181,-83],[-106,-76],[-45,-35],[-79,-114],[166,-167],[34,-187],[57,-263],[66,-341],[-12,-417],[-84,-243],[-251,-366],[-143,-138],[-92,191],[-84,131],[-69,97],[-109,131],[-108,106],[-346,112],[-291,242]],[[7617,9371],[-72,-103],[-265,-174]],[[18728,3753],[-990,1539],[-256,165],[-354,89],[-214,8],[-226,-78],[-176,140],[-163,-50],[-263,179],[-93,138],[-136,174],[-89,60],[80,194],[217,-37],[78,87],[-99,295],[-67,162],[-79,84],[-226,43],[-145,55],[-30,226],[-67,191],[-172,240],[-332,79],[-311,13],[-109,452],[-69,238],[-15,54]],[[14422,8493],[-5,-5],[-35,-32],[-179,-161],[-156,81],[-109,-26],[-87,-97],[-112,-62],[-3,62],[-76,-12],[-9,-122],[-94,28],[-36,39],[-79,-108],[-117,102],[-161,-26],[-118,98],[-18,170],[-39,287],[-45,212],[-139,192],[-85,126],[-166,94]],[[10872,4744],[-167,-721],[192,-183],[374,-67],[372,341],[674,-587],[423,-154],[275,-192],[259,-114],[519,-296],[278,-182],[532,264],[486,268],[161,247],[117,357],[735,221],[361,-140],[290,-112],[386,-149],[258,-99],[91,-35],[4,566],[2,386],[193,346],[1041,-956]],[[7617,9371],[70,101],[142,151],[-89,409],[-105,238],[-323,341],[-9,239],[88,203],[178,41],[106,-45],[75,-90],[166,101],[85,5],[-24,187],[-103,232],[-142,284],[-215,115],[-320,18],[-398,106],[-272,95],[-215,220],[-103,246],[-2,157],[-7,133],[-51,-29],[-308,-278],[-281,-146],[-118,99],[-184,261],[-230,-109],[-351,-164],[-277,-174],[-39,-314],[-110,-230],[-39,-136],[21,-165],[4,-158]],[[10482,13523],[-206,267],[-172,105],[-152,91],[16,81],[43,181],[-56,96],[-117,-16],[-181,-156],[-164,-74],[-296,116],[-168,110],[-219,49],[-238,-7],[-73,-163],[-93,-187],[-64,-146],[-123,12],[-140,183],[-199,135],[-187,10],[-169,63],[-145,181],[-94,254],[534,32],[-80,222],[-149,216],[-15,228],[-103,160],[-78,44],[-133,112],[-184,-133],[-157,-120],[47,-186],[-47,-125],[-209,-31],[-248,-29],[-166,94],[-157,29],[-166,-83],[-151,-159],[-48,23],[-115,130],[8,46],[61,105],[58,92]],[[5787,15375],[-145,-51],[-155,-63],[-72,-93],[21,-131],[-97,-76],[-199,-58],[-226,33],[-273,141],[-283,-162],[-206,-139],[-305,47],[-432,170],[-254,190],[-184,-294],[-170,188],[-199,43],[-178,0],[-93,-372],[-115,-62],[-76,80],[-112,196],[-160,165],[0,-3],[-12,-231],[-9,-215],[30,-489],[22,-289]],[[1068,10322],[61,169],[20,41],[24,96],[12,86],[23,108],[25,117],[4,46],[-7,58],[-8,105],[-25,22],[-40,44],[-25,57],[-46,31],[-21,47],[-9,65],[8,83],[-4,16],[-41,55],[-40,83],[-2,31],[7,19],[-4,19],[-16,23],[-12,8],[-6,11],[-19,46],[-11,32],[-4,26],[12,132],[21,79],[6,27],[3,52],[-4,57],[3,7],[8,11],[6,17],[-2,22],[-18,64],[-12,21],[-20,13],[-8,17],[-2,12],[1,11],[-14,26],[-4,3],[-17,5],[-2,2],[0,5],[2,3],[2,1],[6,-3],[5,-1],[6,2],[9,3],[12,5],[3,4],[5,10],[4,18],[-1,3],[-12,27],[-1,2],[4,16],[0,10],[-2,9],[-15,18],[0,6],[3,7],[4,6],[3,15],[1,15],[4,37],[4,33],[-6,24],[-4,31],[0,7],[1,3],[3,1],[10,-3],[6,3],[12,27],[6,16],[2,10],[0,11],[-6,16],[-5,12],[-4,11],[0,6],[3,10],[1,4],[1,5],[-7,16],[-2,15],[0,12],[-1,10],[-18,36],[-12,33],[-14,29],[-2,12],[1,7],[4,6],[3,5],[-1,6],[-6,15],[-7,16],[-13,14],[-1,2],[1,4],[2,1],[4,-1],[24,-8],[7,0],[8,5],[3,7],[-2,22],[-7,16],[-10,11],[-5,12],[-2,15],[0,18],[-4,10],[-7,9],[-22,25],[-53,61],[-54,36],[-28,20],[-13,7],[-21,5],[-12,12],[-5,8],[-18,29],[-11,40],[-4,29],[8,36],[8,25],[8,17],[15,16],[11,16],[6,11],[9,19],[5,16],[6,17],[11,20],[6,9],[15,14],[4,4],[0,8],[-2,5],[1,5],[1,2],[2,1],[8,-4],[4,11],[4,19],[3,22],[3,32],[15,52],[41,116],[23,96],[21,99],[19,147],[7,114],[7,56],[3,61],[-3,106],[-6,83],[-3,57],[-8,77],[-35,103],[-10,35],[-11,34],[-3,12],[-14,46],[-34,74],[-29,48],[-25,36],[-20,23],[-13,7],[-4,2],[-10,4],[-4,2],[-5,3],[-4,3],[-8,0],[-7,5],[-9,2],[-8,1],[-7,-3],[-8,2],[-6,5],[-6,3],[-5,2],[-7,1],[-3,3],[1,3],[-2,3],[-9,2],[-7,4],[-6,11],[-10,8],[-9,6],[-13,9],[-3,-1],[-1,-1],[-1,-2],[-2,-1],[-2,2],[0,3],[-1,3],[-3,6],[-1,5],[0,14],[-4,6],[-9,5],[-19,11],[-7,3],[-13,1],[-8,0],[-2,2],[-6,7],[-2,1],[-8,-2],[-4,-3],[-1,2],[1,2],[-1,3],[-3,3],[-3,1],[-2,0],[0,-1],[-1,-2],[-3,-3],[-3,-1],[-4,-2],[-2,-1],[-2,1],[0,1],[2,1],[6,1],[1,1],[0,1],[0,2],[1,1],[0,1],[0,1],[-6,4],[-11,9],[-12,9],[-15,8],[-21,2],[-35,8],[-27,1],[-36,7],[-33,1],[-16,5],[-18,-1],[-22,-5],[-9,4],[-14,12],[-8,1],[-6,-8],[-6,-10],[-6,-5],[-4,0],[-1,1],[-1,3],[3,7],[-1,3],[-1,4],[-4,4],[-15,31],[-30,50],[-9,15],[-14,7],[-4,1],[0,2],[1,2],[5,0],[10,1],[19,-13],[3,0],[2,4],[-4,17],[-39,42],[-1,9],[6,8],[36,8],[6,9],[1,6],[-17,24],[-3,4],[-15,1],[-3,2],[-2,4],[0,13],[2,40],[-1,15],[11,21],[3,7],[-1,4],[-5,6],[-2,7],[3,8],[18,17],[10,15],[0,12],[-3,5],[-16,12],[-2,8],[4,10],[24,16],[5,8],[-5,38],[-16,28],[-9,25],[2,19],[4,9],[5,6],[3,7],[-2,7],[-5,11],[1,5],[3,18],[10,25],[6,41],[15,39],[16,38],[13,25],[12,10],[16,12],[14,13],[0,6],[2,16],[10,10],[9,3],[13,7],[-10,2],[-5,5],[-1,3],[1,3],[8,7],[0,5],[-3,11],[-13,23],[-4,34],[3,25],[5,5],[7,-1],[19,-17],[8,0],[17,18],[12,25],[18,56],[15,80],[6,72],[-7,61],[-24,99],[-27,82],[-55,97],[-27,78],[-21,161],[7,282],[29,131],[16,36],[10,43],[-1,21],[3,16],[6,12],[5,10],[7,18],[9,45],[8,19],[26,40],[31,42],[26,53],[12,27],[8,30],[6,21],[3,7],[8,9],[21,19],[24,45],[7,33],[9,59],[5,91],[-13,15],[-1,7],[3,10],[22,25],[8,32],[2,15],[2,14],[3,20],[1,34],[-6,15],[-9,12],[-2,9],[-7,7],[-6,3],[-6,2],[-3,1],[-18,0],[-7,1],[-7,2],[-3,2],[-1,2],[0,2],[2,3],[2,4],[2,1],[2,1],[5,-1],[2,0],[1,2],[1,5],[1,1],[3,1],[4,-1],[2,-1],[7,1],[7,2],[3,2],[2,4],[2,1],[2,1],[3,-1],[1,-1],[5,-4],[3,1],[3,2],[3,5],[3,3],[3,1],[4,-1],[2,2],[2,3],[2,3],[-1,7],[-3,4],[-5,4],[-11,4],[-3,1],[-1,2],[0,2],[1,0],[3,-1],[4,0],[6,0],[4,5],[1,6],[-1,7],[-7,9],[-4,2],[-3,0],[-3,-1],[-3,-3],[-3,-5],[-5,0],[-4,1],[-7,4],[0,2],[1,1],[3,2],[7,0],[3,1],[4,3],[3,6],[3,3],[4,0],[3,-1],[1,0],[0,1],[0,1],[-2,3],[-4,4],[-4,4],[-1,1],[0,2],[1,1],[2,0],[3,1],[3,2],[1,2],[2,-1],[4,-8],[2,-10],[2,-3],[3,-1],[8,1],[8,6],[3,3],[5,5],[4,5],[1,3],[0,5],[-2,6],[-14,8],[-1,3],[0,3],[5,1],[3,-1],[4,-1],[3,1],[2,2],[2,5],[3,3],[5,2],[5,1],[8,-2],[4,-3],[5,-4],[9,0],[11,9],[8,13],[3,6],[4,9]],[[550,18876],[100,-65],[97,-76],[133,-94],[114,-116],[109,-22],[58,116],[63,221],[15,250]],[[1239,19090],[122,-50],[51,-152],[151,-70],[166,73],[1,36],[5,150],[-39,184],[-34,307],[43,153],[138,-5],[170,-79],[136,-91],[66,-101],[106,-33],[54,62],[7,110],[-40,139],[36,98],[91,65],[142,-21],[18,-123],[-18,-156],[-64,-192],[-51,-228],[6,-264],[0,-352],[64,-137],[70,-118],[-58,-183],[-139,-83],[-87,-42],[-85,105],[-100,172],[-112,-43],[-18,-149],[0,-184],[-27,-315],[-218,-26],[-115,-98],[-6,-307],[-18,-196],[-54,-250],[121,-199],[111,-218],[74,56],[241,144],[235,170],[481,232],[417,139],[317,98],[269,38],[329,130],[315,132],[211,115],[3,-221],[27,-225],[-30,-274],[66,-222],[49,-321],[63,-375],[34,-118],[232,2],[233,71],[160,25]],[[5557,15875],[81,-186],[61,-80],[133,-125],[-45,-109]],[[5557,15875],[73,62],[39,112],[42,127],[66,158],[124,170],[103,29],[106,-40],[54,26],[-9,195],[-33,370],[-57,164],[-19,187],[-81,182],[-87,178],[-97,221],[99,71],[3,109],[-114,4],[-73,22],[-88,93],[-95,142]],[[5513,18457],[-62,157],[-185,512],[-202,438],[-151,406],[-127,97],[-93,-57],[-158,-102],[-78,-161],[-118,-228],[-94,-154],[-229,-87],[-58,192],[-63,141],[-103,127],[-24,286],[45,228],[76,221]],[[3889,20473],[-166,-91],[-191,-47],[-163,-61],[-148,47],[-145,145],[-30,141],[-6,205],[-151,88],[-197,-112],[-99,-44],[-221,127],[-163,174],[-142,141],[-145,29],[-272,-76],[-190,-116],[-218,-51],[-60,-166],[24,-330],[-6,-340],[109,-307],[3,-261],[-24,-243],[-49,-235]],[[5513,18457],[246,163],[348,204],[306,154],[388,216],[278,117]],[[7079,19311],[-87,216],[-64,286],[-69,311],[-64,309],[-90,335],[-58,128]],[[6647,20896],[-104,-96],[-234,-141],[-124,-83],[-208,4],[-113,101],[-100,180],[-135,159],[-58,118],[-256,147],[-36,93],[34,45],[31,-26],[135,-25],[95,-48],[3,123],[-83,59],[-100,70],[-17,12],[-213,138],[-73,71],[76,46],[-8,152],[-16,85],[-67,34],[-41,60],[-92,-24],[-81,-26],[-118,-58],[-98,-41],[-61,40],[-74,36],[-19,63],[27,77],[-12,128],[-56,-29],[-62,27],[-48,97],[21,117],[77,90],[-12,50],[25,70],[-66,68],[-9,162],[75,63],[52,70],[24,118],[-98,134],[83,222],[-21,113],[-71,129],[36,38],[121,4],[3,190],[-50,87],[30,77],[80,91],[-12,67],[-146,132],[-136,142],[-3,41],[-55,142],[-71,49],[-60,13],[-124,-9],[-94,-113]],[[3940,24821],[-78,-126],[-139,-76],[-109,-18],[-106,-304],[-36,-148],[-51,-275],[-106,-145],[-85,-148],[3,-5],[115,-227],[124,-164],[211,-119],[94,-10],[221,19],[133,25],[-46,-120],[-90,-227],[-76,-301],[-103,-286],[-33,-160],[-24,-111],[45,-145],[79,-170],[60,-282],[6,-174],[-9,-289],[-51,-362]],[[7079,19311],[378,87],[438,170],[526,261],[432,165],[538,124],[253,114],[58,-150],[166,-22],[224,122],[145,90],[105,-125],[91,43],[33,153],[172,181],[85,-37],[97,58],[75,136],[24,102],[82,106]],[[11001,20889],[109,54],[148,41],[247,6],[321,-56],[269,-107],[163,-54],[-15,-151],[-218,-258],[45,-130],[230,-181],[181,-181],[40,-221],[-88,-235],[-106,-275],[-72,-265]],[[12255,18876],[-6,-231],[-25,-203],[-17,-234],[-100,-63],[-18,-217],[-24,-253],[51,-66],[72,-18],[0,-76],[-6,-116],[46,-50],[60,57],[130,-101],[87,-120],[13,-243],[-88,-326],[-33,-362],[-151,-459],[-94,-197],[24,-195],[-5,-245],[133,-330],[159,-223],[151,-159]],[[12614,14446],[-42,-391],[-73,-356],[28,-319],[-52,-235],[91,-269],[206,-216],[139,-246],[5,-379],[-27,-246],[-50,-213],[-103,-134],[-110,-38],[-175,66],[-166,-37],[-147,-89],[-104,-12]],[[11148,24543],[-153,-47],[-245,-159],[-338,-253],[-148,-246],[-248,-268],[-298,93],[-279,-50],[-211,-58],[-314,118],[-112,65],[-175,115],[-170,82]],[[8457,23935],[-59,-157],[-63,-10],[-4,-59],[-37,-156],[-18,-209],[-59,-127],[-65,-206],[-164,-304],[-138,-252],[-71,-171],[-154,-13],[-203,37],[-86,-102],[-124,-58],[-196,-96],[-77,-139],[-39,-259],[-68,-333],[-80,-276],[-105,-149]],[[11001,20889],[100,340],[-505,138],[-18,89],[127,69],[66,392],[28,506],[-13,286],[4,391],[-34,172],[73,200],[9,116],[-24,80],[-18,188],[105,173],[275,236],[-28,278]],[[16291,22061],[-189,74],[-683,268]],[[15419,22403],[-98,-52],[-117,-78],[-157,90],[-199,177],[-173,-167],[-157,-97],[-175,167],[-124,165],[-217,348],[-136,243],[-113,132],[-144,45],[-100,-113],[24,-203],[0,-192],[-115,-126],[-199,-209],[-176,-164],[-115,25],[-3,243],[-45,3],[-160,-217],[-88,116],[-99,214],[88,171],[36,173],[-9,163],[-118,54],[-257,-98],[-266,-94],[-162,167],[-182,259],[43,59],[18,-25],[41,53],[55,-38],[55,86],[35,151],[194,232],[102,227],[142,131],[-142,101],[-145,-7],[-210,5],[-161,-49],[-224,47],[-151,91],[-167,-69]],[[12255,18876],[411,5],[513,-99],[605,-227],[398,-233],[529,-83],[595,46],[264,93],[269,-27],[186,194]],[[16025,18545],[52,131],[163,141],[172,182],[252,368],[14,360],[-18,286],[67,432],[301,560],[-374,178],[-556,285],[193,593]],[[18359,14802],[29,-225],[268,-975],[511,-633],[640,-271],[53,-34]],[[19860,12664],[-91,-147],[-142,-126],[-121,-62],[-130,43],[-132,143],[-113,-66],[-72,-309],[-115,-141],[-178,-15],[24,-166],[-109,-95],[-136,120],[-169,-69],[55,-147],[-190,-432],[-125,-240],[-163,-127],[-206,130],[-156,176],[209,90],[-71,68],[-111,88],[-166,65],[-103,-171],[-158,-73],[-59,-13],[-46,93],[46,204],[-185,-240],[-179,54],[-96,105],[-2,226],[11,384],[81,130],[-12,167],[-21,65],[-124,51],[-135,-46],[-79,-45],[-79,-112],[-44,52],[-70,156],[112,65],[262,122],[188,48],[85,84],[15,105],[-88,122],[-185,159],[-235,-3],[-299,-108],[-109,-73],[-217,33],[-109,142],[-145,159],[-85,162],[-108,38],[-263,-87],[-149,107],[-165,146],[-258,108],[-175,-51],[-169,51],[-221,178],[-121,87],[-247,10],[-190,-16],[-284,-8],[-309,267],[-115,167]],[[16025,18545],[172,-188],[179,-44],[293,-77],[118,-107],[-81,-135],[-230,66],[217,-215],[148,-501],[33,-271],[128,-195],[84,-210],[133,-287],[-15,-144],[51,-160],[88,-198]],[[17343,15879],[-148,-192],[-78,-210],[-227,-66],[-223,3],[-53,-150],[-57,-202],[88,-373],[22,-459],[93,-40],[178,-62],[142,-59],[202,-51],[272,-32],[94,-8],[121,66],[82,99],[236,235],[180,249],[92,175]],[[18262,16371],[-333,148],[-241,-75],[-79,-90],[-87,-190],[-115,-192],[-64,-93]],[[18359,14802],[145,460],[-27,498],[-210,289],[-5,322]],[[18728,3753],[29,-62],[-137,-417],[580,-42],[384,-409],[506,-556],[378,-237]],[[20468,2030],[-205,356],[7,11],[206,325],[155,312],[40,122],[4,85],[-101,67],[-56,84],[-76,182],[-117,147],[-75,136],[-86,160],[-95,47],[-134,149],[-147,134],[-12,173],[-10,230],[10,178],[14,267],[9,274],[-26,178],[2,204],[27,87],[3,187],[-11,172],[-34,55],[-109,60],[-147,89],[-66,45],[-92,96],[-73,-20],[-110,75],[0,85],[-110,-11],[-53,73],[-29,58],[-71,18],[-98,63],[-24,89],[-68,28],[-92,59],[-91,82],[-92,78],[-88,74],[-80,109],[-18,102],[73,98],[-35,91],[-29,42],[11,52],[-14,27],[-14,66],[-1,96],[-8,85],[-39,143],[-23,77],[-74,96],[-53,58]],[[18043,8535],[-93,3],[-139,149],[-115,109],[-66,94],[-179,-61],[-169,90],[-106,-130],[-145,-69],[-96,40],[-55,123],[-163,-11],[-100,-80],[-42,-61],[-118,22],[-175,-15],[-88,-66],[-93,26],[-145,-76],[-140,-95],[-159,73],[-118,-76],[-184,11],[-142,-62],[-161,-18],[-78,-73],[-151,48],[-148,10],[-73,-39],[-72,79],[-108,13]],[[18043,8535],[90,228],[185,88],[166,-16],[162,-11],[211,83],[133,94],[66,55],[83,57],[194,-13],[-20,160],[268,91],[188,73],[87,107],[22,94],[-14,287],[170,217],[179,178],[186,76],[92,131],[171,118],[252,185],[95,101],[48,107],[-46,125],[-85,139],[102,38],[29,53],[-71,108],[-6,152],[-90,112],[-110,200],[-42,152]],[[20738,12104],[666,531],[708,-349]],[[22112,12286],[491,-1027],[683,-683],[1320,-1854],[1394,-2284]],[[26000,6438],[-1750,532],[-395,120],[-13,-1257],[-23,-2186],[-60,-952],[-16,-637]],[[23743,2058],[-821,-502],[-814,-314],[-950,-372],[-164,-61],[-165,326],[-271,512],[-90,383]],[[19860,12664],[878,-560]],[[20331,21991],[2,-245],[36,-669],[-418,-39],[-158,-110],[-116,-342],[299,-1390],[-556,-1180],[992,-962]],[[20412,17054],[-984,-66],[-317,-21],[-350,-23],[-383,-26],[-77,-361],[-39,-186]],[[16291,22061],[296,-115],[565,-290],[759,-282],[278,-100],[27,217],[22,235],[29,176],[-23,186],[41,111],[104,23],[5,161],[13,125],[135,132],[178,84],[164,78],[169,-75],[393,-282],[383,-242],[299,-141],[203,-71]],[[20331,21991],[-2,257]],[[20329,22248],[58,366],[-57,305],[-344,163],[49,610],[10,476],[-157,692],[-695,1603],[470,1169]],[[19663,27632],[-260,13],[-290,54],[-248,0],[-239,-71],[-320,40],[-277,0]],[[18029,27668],[-205,-197],[-92,-215],[-242,-161],[-202,-206],[-24,-162],[-120,-201],[-152,-197],[-75,-179],[-88,-233],[-42,-145],[-239,-137],[-145,-119],[-102,-143],[-104,-248],[-66,58],[-103,80],[27,-105],[-27,-257],[-33,-192],[-85,-137],[-172,25],[-17,95]],[[15721,24692],[-184,-119],[-43,-142],[154,-217],[124,-133],[-158,-265],[-93,-347],[-126,-151],[20,-222],[148,-184],[-6,-293],[-138,-216]],[[15721,24692],[-28,252],[39,217],[-100,159],[-177,161],[-57,137],[-70,188],[-143,209],[-121,296],[-24,296],[9,203],[-9,249],[-93,15],[-118,-94],[-178,-217],[-181,-147],[-73,-131],[-105,-140],[-185,205],[-145,170],[-132,-267],[-149,-185],[-272,-105],[-157,-11],[-185,43],[-36,-148],[-63,-137],[-265,-183],[89,-168],[-38,-129],[-140,-167],[-307,-184],[-228,-8],[-241,4],[-241,41],[-83,78],[10,141],[-37,318],[43,336],[0,373]],[[11530,26362],[-79,-149],[-214,-235],[-254,-130],[-221,-173],[-145,-94],[18,-282],[12,-304],[18,-250],[74,-89],[138,-1],[192,6],[79,-118]],[[11530,26362],[48,354],[6,434],[18,267],[0,163],[119,258],[223,352],[79,178],[180,-164],[202,-78],[240,95],[280,17],[127,83],[11,7],[34,-162],[252,-269],[185,329]],[[13534,28226],[-46,160],[296,235],[-64,520],[-81,686],[268,170],[-72,159]],[[13835,30156],[-82,155],[-163,161],[-112,294],[-84,184],[6,210],[-245,87],[-465,-22],[-221,6],[-220,-29],[-333,-246],[-323,-433],[-260,-389],[-102,-211],[-396,-201],[18,-286],[-60,-221],[-149,-157],[-235,-101],[-61,36],[-24,90],[-157,-7],[-109,94],[15,206],[61,177],[57,159],[15,137],[-42,170],[-6,115],[-130,286],[-193,252],[-200,307],[-63,195]],[[9572,31174],[-103,-29],[-57,-144],[-52,-228],[-72,-303],[-79,-260],[-99,-307],[-88,-444],[-130,159],[-190,133],[-188,54],[-99,-36],[-58,-76]],[[8357,29693],[97,-393],[39,-372],[-145,-233],[-96,-212],[15,-283],[-55,-346],[-93,-328],[-18,-201],[42,-347],[45,-316],[85,-363],[-70,-281],[151,-11],[-45,-372]],[[8309,25635],[97,-54],[-82,-213],[-3,-104],[28,-73],[14,-69],[25,-119],[27,-142],[39,-187],[67,-153],[-12,-118],[-43,-199],[43,-112],[-52,-157]],[[8309,25635],[-115,-137],[-160,-163],[-217,-98],[-526,177],[-607,4],[-366,-65],[-118,18],[284,472],[-420,327],[46,235],[12,199],[-103,79],[-178,40],[-502,101],[-468,131],[-184,65],[-200,-84],[-263,-227],[-166,-62],[-184,-14],[-311,-221]],[[3563,26412],[87,-133],[142,-105],[236,-40],[39,-112],[-72,-280],[42,-302],[3,-109],[-103,-217],[-36,-213],[24,-49],[15,-31]],[[3046,26777],[-6,62],[-6,275],[63,292],[37,199],[-46,137],[21,206],[118,-203],[58,344],[151,217],[272,65],[235,-11],[336,-57],[223,-44],[221,76],[261,60],[119,27],[275,97],[206,112],[72,170],[82,217],[-51,242],[-46,306],[-106,297],[97,80],[278,-34],[139,-71],[224,137]],[[6273,29975],[124,-260],[114,-131],[145,-46],[118,90],[139,134],[82,11],[-52,-484],[-105,-318],[287,-213],[111,105],[52,-239],[251,249],[290,322],[329,327],[199,171]],[[3563,26412],[-82,127],[-151,32],[-39,112],[-173,65],[-72,29]],[[1443,28388],[237,-85],[67,404],[27,408],[-73,163],[130,76],[124,-108],[121,151],[405,354],[402,250],[408,285],[247,170],[562,112],[215,94],[251,39],[0,184],[-61,268],[-474,1386],[84,76],[130,-90],[272,-249],[154,209],[182,134]],[[4853,32619],[78,7],[70,-202],[69,-228],[148,-384],[40,-219],[48,-162],[78,-166],[212,101],[187,155],[212,79],[263,-21],[129,-224],[112,-184],[55,-203],[-34,-234],[-178,-333],[-33,-242],[-36,-184]],[[3046,26777],[-67,-48],[-157,197],[-169,3],[-103,-43],[-208,47],[-151,-25],[-142,-4],[-97,-11],[-121,98],[-130,86],[-39,73],[-77,-41]],[[1585,27109],[6,64],[3,110],[-27,359],[-9,126],[-5,102],[-5,69],[-10,74],[-10,56],[-13,27],[-17,24],[-9,22],[-8,46],[-24,115],[-14,85]],[[13534,28226],[25,-15],[122,-72],[-73,-191],[91,-122],[140,-8],[301,38],[181,-142],[169,43],[17,132],[233,-90],[50,129],[304,159],[143,244],[108,-97],[154,-207],[149,111],[252,-245],[-11,-157],[165,-27],[-5,-173],[225,97],[398,1],[393,-21]],[[17065,27613],[260,-20],[218,52],[486,23]],[[19501,29664],[-134,26],[-290,11],[-399,61],[-241,95],[-187,81],[-219,-80],[-429,211],[-228,184],[-132,139],[-140,-22],[-161,-52],[-92,49],[-151,170],[-114,133],[-209,-99],[-279,-65],[15,107],[14,112],[-8,73],[-44,146],[-50,145],[-30,105],[-4,108],[13,85]],[[16002,31387],[-270,-220],[-359,-159],[-363,-90],[-374,-112],[-330,-51],[-193,-54],[12,-191],[-27,-98],[-263,-256]],[[17065,27613],[201,179],[393,309],[489,342],[419,337],[535,307],[599,423],[-200,154]],[[24213,24800],[54,249],[31,799],[63,1110],[-51,900],[-19,710]],[[24291,28568],[-822,-245],[-375,-63],[-336,677],[-685,-167],[190,-607],[-946,-148],[-501,63],[-777,-340],[-376,-106]],[[20329,22248],[242,-12],[213,-51],[236,-29],[278,18],[136,72],[120,80],[64,-99],[-91,-194],[-90,-110],[99,-68],[191,-54],[211,-54],[233,-4],[232,-7],[170,3],[244,15],[269,98],[142,101],[36,217],[16,148],[45,120],[118,78],[90,-9],[136,-66],[29,-57]],[[23698,22384],[90,104],[84,134],[108,76],[133,-162],[203,18],[160,105],[-136,195],[-36,199],[-49,199],[-51,333],[0,133],[178,116],[142,91],[3,148],[-111,137],[-333,373],[130,217]],[[17382,34900],[75,-11],[121,-105],[115,-234],[209,-239],[287,-225],[262,-68],[251,84],[381,201],[520,189],[105,317],[200,202],[278,300],[214,305],[191,485],[96,-137],[215,-144],[172,-112],[211,-141],[155,36],[208,144],[124,-54],[88,82],[102,-53],[103,119],[91,7],[57,82],[91,155],[96,141],[70,182],[124,97],[42,157],[97,38],[175,-29],[160,-65],[130,136],[133,-114],[184,-152],[98,-27]],[[23613,36449],[-215,-754],[-207,-1180],[155,-727],[479,-683],[79,-172]],[[23904,32933],[-110,-115],[-134,-131],[-187,-197],[-245,-222],[-187,-179],[-269,-12],[-211,-46],[30,-145],[36,-228],[-67,-101],[-45,-141],[4,-150],[-3,-289],[0,-159],[-98,-99],[-102,-209],[-52,-264],[-84,-82],[-169,-11],[-197,-109],[-48,-76],[-73,83],[-69,178],[-154,286],[-49,143],[-154,159],[-192,138],[-101,42],[-30,-68],[18,-123],[15,-103],[-44,-178],[-95,-167],[-141,-236],[-288,-92],[-154,186],[-144,273],[-548,-141],[109,-401],[-171,-283]],[[16002,31387],[23,18],[179,262],[84,175],[64,181],[77,101],[78,190],[91,214],[97,4],[69,99],[48,71],[-87,105],[22,66],[22,231],[51,105],[62,41],[88,27],[108,55],[70,120],[57,369],[56,236],[59,258],[2,240],[25,278],[35,67]],[[29285,19789],[-96,105],[-329,369],[-441,351],[-305,245],[-58,197],[163,217],[360,231],[196,170],[112,207],[12,249],[-27,199],[-70,141],[-157,102],[-145,29],[-251,-8],[-314,-115],[-163,-123],[-163,-91],[-70,91],[-33,119],[-57,264],[157,72],[214,87],[6,170],[-63,221],[-36,263],[-136,34],[-227,-15],[-181,154],[-100,174],[-214,178],[-55,198],[-63,222]],[[26751,24496],[-284,307],[-169,160],[-176,10],[-293,-97],[-266,50],[-90,272],[-79,155],[-108,-22],[-127,-345],[-275,-132],[-384,-72],[-287,18]],[[23698,22384],[38,-232],[60,-555],[9,-292],[-12,-363],[33,-292],[-3,-229],[25,-278],[69,-152]],[[23917,19991],[175,-206],[232,-164],[365,-292],[636,-423],[346,-509],[240,-415],[550,-388],[441,-452],[278,-214]],[[27180,16928],[178,344],[151,322],[157,120],[188,87],[205,170],[121,123],[54,217],[-24,120],[-160,214],[-70,231],[-60,138],[36,90],[37,116],[117,134],[275,58],[197,7],[257,-25],[126,25],[121,134],[157,171],[42,65]],[[23904,32933],[362,-784],[249,-637],[117,-727],[-341,-2217]],[[9572,31174],[-82,148]],[[9490,31322],[148,9],[218,13],[450,116],[401,253],[148,415],[128,386],[-112,321],[278,28],[416,135]],[[11565,32998],[878,-179],[288,24],[228,10],[210,42],[184,-31],[135,-54],[22,154],[56,46],[82,31],[68,49],[104,99],[63,70],[8,137],[-8,212],[-24,198],[-41,173],[-22,119],[-71,134],[1,157],[-29,204],[40,119],[-8,175],[-10,112],[9,132],[36,13],[8,44],[89,16],[89,3]],[[13950,35207],[118,-22],[137,-9],[92,6]],[[14297,35182],[40,-535],[60,-408],[187,-209],[212,-11],[235,11],[333,-33],[290,-18],[356,15],[308,18],[182,25],[169,213],[133,274],[100,238],[-6,145],[24,68],[148,8],[157,-15]],[[17225,34968],[157,-68]],[[9490,31322],[40,273],[69,253],[375,402],[356,87],[248,173],[-60,179],[-154,168],[-348,191],[-227,62],[-281,61],[-211,36],[-296,11],[-287,-51],[-6,-263],[-121,-318],[-299,25],[-294,112],[-301,165],[-296,81],[-354,-4],[-314,15],[-323,-94],[-245,-29],[-181,-4],[-73,98],[-51,119],[-21,175],[48,257],[21,303],[-63,234]],[[5841,34039],[-148,-11],[-200,-133],[-184,-217],[-112,-126],[-266,-29],[-347,36],[-43,-205],[-75,-190],[-48,-210],[205,-36],[103,-14],[115,-199],[12,-86]],[[24061,37641],[-265,58],[-275,0],[-414,-11],[-247,-29],[-387,141],[-36,176],[-112,130],[6,184],[30,231],[24,135],[-232,-99],[139,267],[27,155],[-314,173],[-426,202],[-155,65],[-63,54]],[[21361,39473],[-39,-213],[-106,-256],[-139,-173],[-139,-191],[-172,-152],[-130,163],[3,101],[-51,-170],[-67,-130],[-154,-83],[-178,26],[-215,104],[-196,209]],[[19778,38708],[-12,-173],[-142,-144],[-94,-36],[-57,-151],[33,-137],[145,-157],[181,-244],[18,-137],[-175,-93],[-302,-184],[-142,-62],[-57,136],[-124,182],[15,313],[-124,-270],[-212,11],[-389,-15],[-269,22],[-242,146],[-112,139],[-15,-220],[169,-211],[426,-280],[158,-223],[181,-339],[87,-361],[40,-177],[118,-144],[-10,-123],[-226,4],[-360,115],[-78,-83],[-40,-140],[-69,-278],[-160,-148],[-169,-115],[-263,-177],[-124,-54]],[[23613,36449],[11,39],[322,770],[115,383]],[[17225,34968],[-79,75],[-87,120],[-166,469],[-28,260],[-45,281],[-85,220],[-157,242],[-81,332],[-49,317],[-3,148],[-81,281],[-130,17],[-97,-155],[-163,-100],[12,224],[30,245],[40,137],[-230,-7],[-127,39],[-142,62],[-130,14],[-308,85],[-214,49],[27,93],[102,116],[173,86],[75,224],[27,274],[-190,277],[27,155],[30,123],[161,195],[93,194],[130,152],[160,86],[154,162]],[[15874,40460],[170,54],[160,278],[214,198],[284,137],[314,76],[481,100],[212,52]],[[17709,41355],[108,-282],[218,-342],[223,-408],[106,-187],[160,43],[260,43],[172,-57],[139,-123],[33,-245],[-30,-216],[51,-177],[158,-223],[256,-269],[215,-204]],[[14001,37300],[-77,62],[-102,48],[-105,57],[-97,84],[-193,66],[-102,65],[-117,116],[-39,93],[-58,93],[-81,111],[-127,88],[-73,53],[-76,62],[-34,96],[52,-7],[110,27],[56,59],[1,45],[-95,47],[-80,2],[-80,30],[-19,138],[51,145],[60,122],[85,130],[234,174],[59,140],[77,205],[87,168],[-31,72],[161,181],[146,99],[117,-2],[178,26],[68,30],[34,30]],[[13991,40255],[48,93],[12,33],[127,39],[215,315],[166,-80],[121,14],[277,305],[7,273],[16,172],[172,16],[36,75]],[[15188,41510],[11,-131],[123,-31],[73,-4],[-189,-389],[336,-113],[160,-122],[82,-159],[90,-101]],[[14297,35182],[186,131],[163,121],[120,131],[258,241],[113,135],[-10,281],[-73,238],[-35,128],[-98,146],[-35,33],[-101,-58],[-142,-94],[-139,-50],[-96,230],[27,134],[-85,49],[-103,104],[-128,106],[-118,112]],[[14001,37300],[-190,-245],[-110,-232],[-90,-179],[5,-86],[140,-71],[5,-86],[-23,-172],[133,-25],[107,-29],[49,-84],[26,-183],[7,-179],[-47,-234],[-63,-288]],[[11565,32998],[-28,229],[-56,358],[-25,252],[-5,290],[-6,354],[205,123],[185,68],[-70,289],[-118,213],[-190,667],[-89,319],[215,54],[252,28],[139,94],[9,155],[29,474],[14,89],[-21,57],[6,19],[-117,45]],[[11894,37175],[22,384],[96,173],[14,195],[82,407],[27,259],[-308,150],[-216,196],[-89,156],[19,87],[192,92],[53,120],[167,135],[318,356],[165,278],[-111,254],[127,199],[188,446],[122,133],[124,107],[15,16],[14,12]],[[12915,41330],[52,-20],[114,-101],[-16,-408],[18,-29],[12,-35],[-3,-34],[20,-51],[30,-29],[20,-44],[35,-23],[50,-64],[96,-46],[87,-6],[33,34],[9,-53],[136,-59],[194,-52],[189,-55]],[[7886,39220],[-81,-32],[-260,-142],[-124,-59],[-302,-54],[-231,-23],[-121,50],[-103,92],[-204,32],[-133,8],[-92,-22],[-156,-58],[-294,-70],[-160,42],[-84,35],[-244,103],[-157,63],[-265,34]],[[4875,39219],[-31,-50],[-51,-90],[-77,-137],[-114,-204],[-58,-101],[-41,-78],[-33,-60],[-73,-136],[-45,-77],[-107,-189],[-52,-88],[-39,-65],[-42,-69],[-38,-65],[-55,-90],[-41,-65],[-48,-73],[-145,-218],[-80,-112],[-67,-87],[-62,-71],[-53,-55],[-61,-54],[-32,-37]],[[3430,36948],[202,-145],[193,-105],[200,18],[172,80],[97,-105],[244,-115],[272,-80],[357,-202],[230,-104],[-16,-155],[-81,-303],[-42,-271],[51,-292],[57,-347],[-39,-194],[33,-495],[66,-79],[121,63],[237,61],[57,-139]],[[11894,37175],[-196,29],[-227,85],[-117,7],[-179,229],[-89,54],[54,174],[-182,124],[-249,40],[-62,-136],[-132,39],[-170,283],[-101,81],[-121,32],[-198,-47],[-181,-108],[-183,-106],[-161,-72],[-59,-76],[-95,-24],[-83,0],[0,117],[-35,133],[-47,98],[-127,44],[-199,79],[-130,-5],[16,86],[2,99],[12,110],[-192,107],[-269,154],[-264,325],[-29,50],[-15,40]],[[2322,35633],[2,-2],[2,0],[2,2],[3,4],[0,3],[-1,1],[-2,1],[-3,-1],[-3,-2],[0,-6]],[[2340,35798],[0,-1],[1,0],[1,1],[-1,0],[0,1],[-1,-1]],[[2471,35962],[0,-3],[1,-1],[1,0],[1,3],[-1,1],[-1,1],[-1,-1]],[[2473,35987],[0,-4],[1,-2],[3,2],[0,3],[-2,2],[-2,-1]],[[1443,28388],[-4,85],[-3,31],[-3,16],[-7,11],[-7,2],[-3,-4],[-4,-3],[-6,-3],[-4,1],[-4,13],[2,7],[3,3],[13,-1],[8,6],[2,10],[0,8],[-1,9],[-13,64],[-10,31],[-12,20],[-7,5],[-4,0],[-5,-5],[-5,1],[-4,4],[0,10],[2,7],[2,11],[-5,15],[-10,16],[-37,46],[-17,48],[-30,44],[-18,33],[-11,21],[-44,141],[-35,54],[-44,95],[-18,37],[-21,29],[-23,27],[-22,30],[-26,38],[-74,95],[-22,18],[-31,24],[-23,9],[-20,-1],[-6,-4],[-3,-6],[-3,-3],[-8,-1],[-5,-1],[-4,-3],[-4,-4],[-3,-1],[-3,0],[-16,11],[-5,2],[-6,-1],[-8,-7],[-2,0],[-2,2],[-2,2],[-9,8],[-15,11],[-28,16],[-13,0],[-10,-4],[-4,-4],[-1,0],[-2,0],[-1,1],[-1,0],[-4,2],[-10,6],[-11,4],[-6,0],[-5,-4],[-2,-6],[-1,-8],[-2,-5],[-3,-1],[-6,3],[-5,1],[-6,2],[-3,-2],[-3,-3],[-1,-4],[-3,-4],[-5,-1],[-6,2],[-9,0],[-4,-1],[-5,2],[-3,1],[-4,1],[-3,1],[-1,0],[-2,0],[-3,0],[-5,-1],[-1,2],[0,2],[-1,2],[-2,1],[-3,1],[-1,0],[-3,-4],[-1,-1],[-6,1],[-1,1],[0,5],[-1,2],[-3,2],[-4,0],[-2,0],[-5,-2],[-3,1],[-4,1],[-3,2],[-5,-1],[-4,-1],[-1,0],[-13,5],[-6,-2],[-9,0],[-3,1],[-2,3],[0,5],[0,2],[-2,1],[-4,2],[-6,2],[-3,-2],[-6,-7],[-1,-1],[-2,0],[-7,4],[-3,1],[-10,0],[-5,-3],[-3,-5],[-3,-3],[-3,-1],[-5,1],[-3,4],[-4,1],[-6,0],[-1,-1],[-3,-6],[-4,-4],[-10,-5],[-6,-4],[-2,-1],[-3,2],[-1,3],[-1,8],[-1,1],[-5,3],[-4,3],[-8,4],[-5,0],[-3,0],[-4,-4],[-4,-3],[-3,1],[-1,3],[0,12],[-2,6],[-4,5],[-7,7],[-7,4],[-1,0],[-9,-2],[-4,-1],[-3,0],[-3,0],[-3,-1],[-3,-1],[-5,-2],[-8,-3],[-5,0],[-4,3],[-6,8],[-11,20],[-11,10],[-5,3],[-9,-2],[-3,0],[-1,1],[-2,6],[-3,4],[-12,7],[-14,9],[-4,0],[-3,-3],[0,-7],[-2,-3],[-3,0],[-3,2],[0,11],[-1,3],[-6,4],[-16,4],[-25,1],[-22,5],[-16,6],[-14,7],[-16,15],[-10,21],[-11,32],[-23,51],[-1,9],[1,8],[7,27],[41,118],[63,182],[7,48],[7,41],[11,27],[18,40],[31,50],[55,76],[14,29],[5,22],[3,46],[5,40],[10,38],[2,29],[0,34],[-3,76],[2,54],[12,102],[21,66],[36,59],[46,76],[52,71],[73,76],[127,150],[92,66],[44,53],[26,32],[19,12],[20,4],[11,1],[12,4],[20,25],[66,93],[82,137],[56,61],[54,75],[39,36],[4,4],[28,40],[43,50],[33,46],[41,70],[10,24],[19,65],[9,23],[26,38],[52,54],[88,119],[19,36],[29,55],[8,24],[37,61],[17,30],[3,12],[3,26],[7,12],[15,23],[10,19],[25,40],[22,38],[30,44],[33,37],[32,44],[13,25],[57,122],[34,61],[10,22],[29,46],[7,22],[5,15],[-1,15],[-9,19],[-5,10],[0,6],[1,6],[1,9],[10,25],[18,29],[13,42],[30,64],[37,59],[61,114],[25,55],[30,63],[26,53],[19,39],[9,25],[34,133],[14,76],[20,163],[14,82],[18,88],[16,84],[10,54],[17,28],[40,49],[59,36],[129,97],[48,68],[32,71],[26,98],[7,82],[1,103],[-8,66],[-4,21],[-6,31],[-19,57],[-16,54],[-22,44],[-25,36],[-31,27],[-46,27],[-49,16],[-8,-17],[-13,-25],[-34,-55],[-2,-3],[-27,-15],[-2,-1],[-2,1],[-8,8],[-2,3],[0,4],[10,2],[0,4],[-11,-2],[-1,12],[14,34],[11,-6],[12,26],[2,-1],[5,12],[-2,1],[3,8],[-6,5],[-1,1],[-6,5],[-1,1],[-6,5],[-1,1],[-3,3],[-1,2],[-1,0],[-6,-14],[-2,1],[-2,-5],[1,-1],[-14,-34],[-11,6],[-11,-24],[0,-3],[0,-43],[1,-16],[3,0],[1,-1],[-1,-1],[-2,-1],[-1,0],[-1,-1],[-1,-1],[0,-1],[0,-3],[0,-3],[0,-4],[0,-5],[0,-4],[1,-7],[1,-6],[3,-19],[0,-3],[-1,-3],[-2,-1],[-2,-1],[-1,0],[-1,1],[-1,1],[-1,1],[-1,2],[-1,1],[-3,29],[-1,9],[-1,9],[0,13],[1,14],[0,8],[1,4],[0,3],[0,14],[1,21],[0,5],[2,5],[1,4],[10,24],[0,7],[0,5],[3,6],[5,5],[8,4],[10,24],[-5,11],[3,1],[5,4],[16,-4],[1,1],[13,5],[3,6],[6,5],[14,37],[0,5],[0,3],[1,2],[2,2],[1,2],[-2,0],[-1,2],[2,1],[4,5],[-3,15],[1,8],[-5,3],[-4,2],[-1,7],[4,7],[5,5],[-5,50],[1,14],[0,14],[0,14],[-1,10],[0,3],[5,8],[3,8],[7,13],[10,5],[6,2],[5,3],[3,6],[1,3],[1,5],[3,6],[2,6],[1,11],[3,9],[4,3],[3,-1],[3,-2],[5,-5],[2,-2],[3,2],[5,7],[4,10],[3,7],[3,4],[2,0],[2,-3],[-2,-11],[-2,-5],[-1,-2],[-2,-7],[-3,-6],[-2,-6],[-2,-5],[-2,-2],[-1,-1],[-2,-2],[-1,-1],[-1,-1],[2,-2],[1,0],[1,0],[2,-1],[1,-1],[1,-2],[2,-3],[2,-2],[3,-1],[8,-6],[11,-9],[7,-2],[13,8],[7,6],[5,13],[12,28],[7,6],[6,2],[16,3],[19,1],[10,2],[9,3],[7,5],[12,13],[12,10],[8,9],[12,13],[4,9],[2,14],[-2,12],[-9,20],[1,13],[15,18],[15,1],[12,-7],[15,-15],[14,-8],[14,1],[12,3],[11,7],[6,0],[4,1],[2,3],[3,3],[3,3],[3,2],[3,3],[5,5],[5,4],[1,2],[3,4],[14,24],[7,10],[10,9],[6,5],[4,3],[10,10],[11,14],[14,23],[24,51],[17,37],[7,16],[0,4],[1,2],[4,0],[11,8],[7,6],[15,17],[27,30],[4,12],[4,5],[5,5],[4,1],[3,1],[3,0],[3,1],[2,0],[5,3],[5,5],[17,22],[4,6],[5,7],[7,6],[5,9],[13,16],[10,14],[11,17],[28,38],[17,26],[12,20],[5,11],[3,7],[3,5],[3,7],[3,5],[0,1],[2,1],[4,2],[4,2],[7,2],[6,2],[8,6],[13,11],[22,27],[9,17],[3,8],[7,13],[6,11],[6,9],[10,16],[21,15],[13,24],[13,25],[29,44]],[[2111,35136],[1,3],[1,4],[1,7],[3,10],[3,11],[1,12],[-1,6],[-2,1],[-2,0],[-1,-1],[-2,-1],[-1,-1],[-2,-1],[-5,-5],[-5,-5],[-5,-1],[-3,0],[-3,0],[-6,1],[-6,0],[-2,1],[-3,-1],[-3,-2],[0,-4],[2,-9],[2,-8],[-1,-2],[-2,0],[-2,2],[-4,-2],[-4,-1],[-3,-1],[-3,-3],[-2,-4],[-4,-5],[-19,-7],[-6,0],[-2,-3],[-1,-4],[1,-6],[-5,-12],[-4,-4],[-24,-11],[-10,-3],[-4,3],[-1,9],[2,10],[-1,4],[-5,2],[-12,8],[-7,7],[-2,3],[-5,5],[-2,3],[1,4],[7,7],[6,4],[6,7],[3,7],[1,10],[-2,4],[-1,8],[-2,4],[-2,0],[0,-2],[1,-4],[1,-2],[-1,-3],[-1,-2],[-1,-3],[-3,-4],[-5,0],[-3,3],[-1,2],[-2,0],[-1,-2],[0,-3],[-1,-1],[-1,-1],[-2,-4],[-2,-4],[-1,-4],[-2,-6],[-1,-1],[-3,-1],[-3,-4],[-3,-8],[-3,-10],[-1,-3],[0,-3],[-1,-3],[-1,-6],[0,-8],[-4,-6],[-6,-1],[-6,1],[-2,1],[-4,1],[-3,1],[-3,2],[-3,1],[-1,0],[-1,1],[0,2],[-1,3],[-2,3],[0,2],[0,2],[-1,2],[-2,2],[-2,1],[-4,0],[-2,-1],[-3,-3],[-1,-11],[1,-2],[1,-4],[1,-5],[2,-4],[1,-2],[1,-4],[1,-3],[4,-8],[2,-6],[3,-4],[1,-6],[1,-5],[0,-5],[0,-2],[-1,-6],[-1,-10],[1,-6],[0,-6],[-1,-4],[-3,-5],[-3,-6],[-1,-9],[-1,-5],[0,-4],[0,-2],[-1,-4],[0,-4],[1,-4],[0,-4],[1,-3],[0,-2],[1,-6],[0,-7],[0,-8],[3,-3],[4,-1],[2,1],[1,0],[2,-1],[1,-3],[1,0],[2,0],[2,2],[2,2],[2,1],[4,-2],[2,-5],[-2,-4],[-1,-2],[0,-2],[2,-1],[2,3],[2,4],[1,1],[5,-4],[0,-2],[-1,-3],[2,-2],[1,0],[3,1],[1,-1],[0,-5],[0,-3],[4,-3],[2,0],[4,3],[7,5],[4,3],[2,1],[2,1],[2,-1],[1,-2],[0,-3],[3,-5],[1,-2],[3,-2],[1,-2],[3,-2],[2,-1],[1,-1],[1,0],[2,-1],[1,-1],[3,-2],[3,-4],[1,-2],[1,-2],[-1,-1],[1,-4],[-1,-7],[1,-1],[1,0],[1,3],[2,3],[1,2],[2,1],[4,-2],[2,-2],[0,7],[-2,5],[-3,0],[-2,0],[-1,0],[0,3],[1,3],[2,4],[1,3],[1,1],[2,3],[1,3],[0,2],[4,2],[2,1],[5,-2],[1,0],[4,6],[3,3],[5,-1],[3,-1],[0,-2],[2,-2],[2,0],[3,4],[2,2],[3,1],[2,2],[2,6],[1,6],[3,7],[3,6],[1,4],[1,4],[2,6],[2,2],[2,0],[1,-1],[3,1],[1,2],[0,5],[2,3],[3,5],[3,6],[1,2],[4,9],[1,3],[4,5],[3,12],[2,4],[3,8],[2,5],[0,4],[1,4],[4,5],[4,5],[1,5],[2,3],[2,4],[1,3],[1,5],[1,2],[0,1],[-1,1],[0,1],[0,1],[-1,1],[0,3],[0,1],[0,3],[0,3],[0,1],[1,0],[2,1],[1,0],[1,0],[1,0],[1,1],[0,2],[1,5],[1,3],[1,3],[2,4],[1,4],[1,3],[1,3],[1,2],[2,5]],[[1820,35094],[-1,-1],[-2,-1],[-1,0],[-2,1],[-1,1],[-2,2],[-2,0],[-1,0],[-3,-1],[-2,-1],[-2,-2],[-2,-6],[0,-6],[-1,-5],[0,-2],[0,-2],[-3,-8],[-1,-2],[0,-1],[-1,-3],[0,-2],[0,-2],[-1,-2],[-2,-8],[-1,-3],[-1,-2],[0,-3],[2,-2],[3,-2],[3,0],[2,1],[2,1],[2,1],[4,3],[3,1],[2,1],[3,1],[3,1],[1,1],[3,1],[1,3],[1,6],[1,5],[0,3],[-1,1],[-3,4],[-1,1],[-1,2],[1,1],[1,2],[2,-1],[1,1],[2,2],[2,5],[0,9],[-1,5],[-2,2],[-4,0]],[[2087,35292],[-4,0],[-2,-2],[-1,-1],[-3,-2],[-1,0],[-2,0],[-3,1],[-3,-1],[-2,-3],[0,-7],[-1,-4],[0,-3],[-1,-3],[-1,-5],[0,-4],[0,-4],[0,-5],[0,-7],[2,-4],[3,-4],[1,-3],[0,-2],[1,-3],[3,-1],[4,1],[6,0],[2,-1],[5,-3],[4,-3],[4,0],[3,-1],[4,-1],[6,-4],[6,-1],[3,0],[1,2],[1,8],[0,4],[0,5],[1,4],[0,5],[2,6],[3,4],[2,3],[1,3],[3,15],[-1,9],[-3,9],[-2,1],[-1,-1],[-1,-1],[1,-5],[1,-7],[1,-5],[-1,-2],[-1,-1],[-2,-1],[-1,-1],[-2,2],[-2,0],[-1,-2],[-1,-9],[-1,-1],[-2,2],[-1,2],[0,5],[-1,4],[-2,3],[-2,5],[-5,2],[-6,4],[-11,9]],[[1718,35015],[0,-1],[0,-1],[1,-2],[-1,-3],[0,-3],[0,-3],[1,-2],[1,-1],[1,-3],[1,-1],[0,-1],[0,-2],[0,-2],[-1,-4],[-1,-2],[0,-5],[1,-1],[2,0],[1,0],[1,-1],[0,-2],[0,-2],[0,-1],[2,-8],[3,-4],[3,-2],[3,3],[1,3],[1,3],[-1,3],[-3,2],[-1,1],[1,3],[1,1],[2,1],[3,0],[1,2],[0,1],[1,3],[-1,2],[0,2],[0,2],[-1,3],[-1,1],[1,4],[0,3],[1,4],[1,3],[1,2],[1,4],[0,3],[2,3],[0,5],[-1,3],[-2,6],[-2,1],[-2,0],[-3,-1],[-4,1],[-4,-2],[-2,0],[-2,-2],[-1,-2],[-2,-5],[-3,-3],[0,-2],[-1,-2],[1,-1],[0,-1]],[[2037,35240],[1,-5],[6,-2],[3,1],[1,2],[1,2],[2,9],[1,6],[-1,10],[1,4],[-1,7],[-3,6],[-3,0],[-5,-5],[-2,-5],[-1,-6],[0,-4],[0,-5],[-1,-6],[0,-5],[1,-4]],[[1791,34925],[0,-1],[0,-1],[1,-1],[1,-3],[2,0],[1,1],[0,2],[0,1],[0,2],[-2,3],[-1,0],[-1,0],[0,-1],[-1,-2]],[[1785,35008],[2,-2],[1,0],[3,1],[2,3],[-1,4],[-1,2],[-1,1],[-2,1],[-2,-2],[-1,-1],[-1,-3],[1,-4]],[[1869,35140],[2,-2],[5,3],[2,6],[3,5],[2,2],[0,3],[0,3],[-2,3],[-2,3],[-1,2],[0,2],[2,4],[0,1],[1,2],[0,3],[1,3],[1,6],[1,2],[-1,4],[-1,0],[-1,-1],[-1,-2],[-2,-4],[0,-1],[-2,-1],[-2,-3],[-2,-6],[-1,-2],[1,-3],[-1,-1],[0,-2],[0,-1],[-2,-5],[0,-6],[2,-4],[0,-1],[0,-2],[0,-2],[0,-1],[0,-1],[-2,-4],[0,-2]],[[1825,35052],[-1,-2],[0,-1],[1,-1],[2,0],[1,0],[1,0],[1,1],[2,1],[0,3],[-1,1],[-2,1],[-2,-2],[-1,0],[-1,-1]],[[1887,35148],[1,-1],[2,1],[2,3],[0,1],[0,2],[-2,1],[-3,-3],[0,-1],[0,-3]],[[1925,35184],[4,-1],[3,1],[2,3],[2,2],[1,2],[-1,4],[-1,2],[-2,0],[-2,0],[-3,-2],[-2,-2],[-2,-4],[-1,-4],[2,-1]],[[2005,35150],[3,-1],[3,5],[2,3],[1,3],[1,2],[-2,1],[-4,-1],[-3,-4],[-2,-6],[1,-2]],[[2114,35196],[2,0],[2,2],[2,2],[-1,4],[-1,0],[-3,-1],[-1,-2],[-1,-3],[1,-2]],[[2302,35629],[3,0],[1,4],[1,3],[0,4],[1,4],[1,2],[1,1],[2,2],[2,0],[2,1],[1,-1],[1,1],[2,0],[2,0],[1,0],[1,0],[2,-1],[0,1],[1,1],[0,2],[1,1],[1,0],[0,-1],[1,-1],[0,-1],[0,-2],[-1,-2],[1,-2],[1,-1],[2,0],[2,0],[2,1],[1,1],[2,2],[1,2],[1,1],[0,2],[1,2],[1,5],[1,5],[0,6],[0,6],[1,6],[2,7],[-2,9],[-3,6],[-6,3],[-4,4],[-3,1],[-3,2],[0,2],[0,2],[-1,2],[0,4],[1,4],[0,4],[1,4],[0,2],[-1,1],[-2,1],[0,-1],[-1,-2],[-1,-1],[-2,-1],[0,-2],[-1,-1],[0,-1],[-1,0],[0,-1],[-1,0],[-1,1],[-1,1],[-2,2],[-1,0],[-1,-1],[-1,-1],[0,-1],[-1,-1],[-1,-2],[-1,-2],[0,-2],[-1,-3],[0,-3],[0,-1],[0,-4],[0,-2],[-2,-2],[-1,-2],[-1,-2],[0,-2],[-1,-1],[0,-1],[0,-2],[0,-1],[0,-1],[0,-1],[-1,-4],[0,-1],[-1,0],[-1,1],[-1,0],[-1,0],[-1,0],[0,-2],[-1,-5],[-1,-3],[-1,-3],[1,-1],[1,-1],[1,-1],[1,0],[0,-1],[1,-2],[-1,-3],[0,-3],[-1,-2],[0,-2],[1,-2],[1,-2],[1,-4],[3,-3],[1,-5],[0,-4],[-1,-2],[0,-1],[0,-2],[0,-1],[0,-4],[-1,-3],[1,-2]],[[2264,35679],[1,-8],[0,-3],[-1,-2],[-1,-1],[-2,-3],[-2,-4],[-1,-3],[1,-4],[2,-2],[4,1],[4,2],[3,3],[3,9],[1,6],[1,7],[-1,2],[0,3],[0,8],[0,16],[-4,2],[-2,-2],[-1,-10],[0,-7],[-5,-10]],[[2220,35614],[3,-1],[2,0],[2,0],[3,0],[2,-1],[3,-1],[2,3],[4,4],[2,7],[1,7],[0,4],[-1,8],[-2,3],[-2,2],[-2,-1],[-3,-5],[-3,-3],[-1,-1],[-1,-2],[-2,-3],[-1,-2],[-1,-2],[0,-3],[-1,-3],[-1,-1],[-1,-1],[-3,-3],[0,-3],[1,-2]],[[2250,35636],[4,-1],[4,2],[3,2],[0,3],[1,2],[-2,4],[-2,0],[-3,-1],[-2,-2],[-2,-1],[-1,-3],[0,-5]],[[2338,35715],[2,-1],[3,0],[2,2],[0,1],[1,2],[0,3],[0,2],[0,1],[-1,2],[-2,1],[0,1],[-1,1],[0,1],[-1,0],[-1,0],[-1,-1],[-1,-1],[-1,0],[0,-1],[0,-2],[0,-3],[0,-2],[0,-1],[1,-3],[0,-1],[0,-1]],[[2389,35723],[1,-1],[2,1],[1,1],[0,1],[1,2],[1,2],[2,3],[1,2],[-1,2],[0,2],[0,1],[-1,2],[0,5],[1,4],[0,2],[0,3],[1,3],[-1,4],[-1,3],[-3,0],[-3,0],[-1,-1],[-2,-1],[-1,-2],[-1,-3],[0,-3],[1,-2],[0,-1],[1,-1],[0,-2],[0,-1],[-1,-1],[0,-2],[0,-1],[0,-1],[-1,-3],[1,-1],[0,-1],[1,0],[1,0],[1,-1],[1,0],[0,-1],[0,-3],[-2,-2],[0,-1],[0,-3],[1,-3],[0,-1]],[[2336,35804],[0,-2],[0,-3],[2,-1],[4,3],[2,1],[0,1],[1,2],[0,1],[0,1],[-1,1],[0,2],[-2,1],[-1,-1],[-2,0],[-1,0],[-1,-1],[0,-2],[-1,-3]],[[2387,35851],[0,-4],[1,-1],[2,-1],[3,3],[1,0],[1,0],[0,1],[1,-1],[1,-1],[0,-1],[1,-1],[1,0],[1,3],[1,3],[0,3],[0,1],[-1,1],[-1,1],[0,1],[-2,1],[-2,-1],[0,1],[-1,1],[-2,3],[-2,2],[-2,0],[0,-1],[-1,-2],[-1,-2],[0,-3],[0,-2],[0,-2],[1,-2]],[[2401,35866],[-2,-1],[0,-3],[2,-2],[1,0],[1,1],[1,2],[0,2],[-1,1],[-2,0]],[[2391,35886],[-2,-1],[-4,-7],[-2,-6],[1,-2],[2,0],[4,7],[3,3],[1,5],[-1,2],[-2,-1]],[[2404,35770],[2,-1],[1,1],[1,1],[0,2],[0,3],[0,1],[-1,0],[-2,-1],[-1,0],[0,-1],[0,-1],[-1,-2],[1,-2]],[[2386,35767],[2,0],[1,1],[2,1],[1,1],[1,1],[1,3],[-1,2],[-1,0],[-2,-1],[-2,-1],[-1,-1],[-1,-1],[-1,-1],[0,-2],[1,-1],[0,-1]],[[2582,36113],[-1,-5],[-1,-4],[1,-2],[2,-3],[0,-1],[-1,-1],[-3,-3],[-1,-2],[0,-3],[2,-1],[2,-2],[2,-1],[2,0],[2,-1],[4,1],[1,2],[2,4],[0,5],[1,3],[0,6],[0,5],[-1,3],[-2,2],[-2,1],[-3,1],[-3,-1],[-3,-3]],[[2635,36180],[-1,-3],[-1,-11],[-2,-12],[-4,-17],[1,-4],[3,-3],[0,-2],[0,-5],[1,-1],[1,0],[7,10],[5,12],[1,9],[1,9],[0,4],[-2,5],[-2,4],[-2,3],[-1,3],[-3,0],[-2,-1]],[[2743,36287],[-6,-9],[0,-10],[2,-5],[2,-3],[1,-4],[2,-2],[4,-1],[3,5],[1,14],[-6,13],[-3,2]],[[2724,36224],[-2,0],[-2,-2],[-7,-18],[-1,-3],[-1,-3],[-5,-16],[2,-8],[3,-2],[2,1],[3,1],[2,0],[1,-1],[1,-2],[2,-1],[3,-1],[4,0],[5,3],[3,7],[3,10],[1,5],[0,4],[-5,12],[-2,6],[-5,5],[-5,3]],[[10069,44455],[-143,-331],[13,-104],[156,-52],[83,-162],[5,-137],[-52,-144],[-31,-190],[-31,-103],[68,-95],[174,-17],[359,-30],[337,-29],[119,-25],[16,-59],[-5,-135],[131,-179],[11,-186],[-10,-96],[-38,-109],[-69,-127],[17,-71],[135,-43],[17,52],[232,-46],[150,-70],[92,-77],[154,-29],[227,-21],[197,-120],[2,-121],[41,-48],[49,-69],[68,-110],[211,-63],[161,21]],[[7886,39220],[370,203],[68,86],[72,174],[84,177],[83,128],[160,115],[184,191],[166,91],[100,97],[48,140],[-4,102],[-80,100],[-127,285],[12,317],[6,234],[6,234],[-66,213],[-52,295],[-69,62],[-178,-18],[-132,-7],[-110,68],[-12,187],[10,394],[52,385],[28,111],[343,-78],[257,-8],[85,87],[170,244],[183,159],[236,206],[290,261]],[[7809,47571],[68,-80],[97,-34],[136,-56],[139,-95],[127,-79],[111,-94],[70,-212],[-51,-179],[-97,-138],[-91,-187],[-48,-272],[12,-173],[55,-151],[69,-113],[60,-78],[-30,-62],[3,-69],[85,-54],[97,19],[178,-68],[42,-119],[-6,-130],[127,-111],[181,-141],[202,-202],[100,-101],[91,148],[133,115],[108,50],[119,-110],[54,-95],[119,-245]],[[4875,39219],[17,32],[61,100],[43,70],[38,67],[49,82],[43,77],[27,49],[44,88],[33,58],[36,70],[37,66],[48,101],[40,84],[19,39],[27,49],[27,55],[25,55],[12,44],[13,72],[21,70],[12,48],[11,50],[13,71],[1,33],[2,13],[6,16],[24,46],[27,51],[21,53],[21,42],[9,26],[25,105],[15,53],[33,86],[14,26],[21,50],[8,28],[23,94],[12,44],[11,58],[7,43],[13,57],[9,59],[5,38],[6,47],[12,68],[4,34],[0,35],[-2,47],[-14,61],[-24,52],[-21,51],[-12,42],[-8,28],[-9,30],[-4,15],[-1,17],[6,26],[6,31],[-2,38],[-1,46],[0,45],[6,68],[12,63],[17,89],[8,66],[2,34],[2,40],[0,29],[-5,24],[-6,25],[-1,22],[7,59],[10,43],[3,13],[0,8],[-7,27],[-15,49],[-10,32],[-4,14],[-2,8],[1,9],[7,23],[10,33],[12,78],[6,42],[7,39],[10,30],[8,29],[5,31],[3,38],[5,43],[15,51],[10,41],[3,29],[3,52],[0,61],[-3,57],[-9,87],[-2,46],[1,68],[7,78],[0,88],[4,106],[7,77],[0,49],[-3,25],[-6,35],[-9,37],[-5,22],[-11,26],[-15,21],[-16,20],[-6,10],[-2,11],[6,55],[6,56],[-6,47],[-1,11],[-7,43],[-1,25],[5,24],[13,55],[11,26],[14,21],[19,20],[25,19],[27,19],[86,55],[38,33],[27,23],[31,28],[11,18],[5,14],[9,16],[13,17],[23,17],[27,22],[17,14],[19,23],[26,29],[29,27],[60,61],[11,15],[30,41],[14,19],[19,33],[27,40],[38,54],[16,21],[26,30],[32,40],[19,27],[17,19],[20,22],[47,55],[83,83],[35,37],[44,60],[47,82],[22,39],[27,43],[22,39],[16,28],[16,31],[42,94],[20,34],[28,39],[27,42],[79,84],[34,50],[22,38],[23,41],[31,56],[48,67],[41,49],[22,32],[21,28],[20,29],[27,45],[30,53],[17,29],[23,34],[22,38],[35,46],[39,36],[25,36],[8,21],[10,30],[37,126],[16,31],[34,32]],[[13551,46648],[251,122],[229,104],[188,267],[163,118],[242,8],[229,75],[48,76],[254,86]],[[15155,47504],[82,-280],[9,-286],[88,-223],[105,-187],[109,-190],[79,-129],[140,-135],[219,-153],[50,-110],[-77,-103]],[[15959,45708],[-18,19],[-150,-79],[-312,-178],[-318,-181],[-60,-149],[-26,-224],[-175,-253],[-227,67],[124,-233],[141,-299],[-28,-190],[-2,-269],[101,-151],[-6,-166],[73,-145],[33,-173],[16,-106],[-47,-77],[2,-72],[-15,-149],[32,-129],[144,-87],[124,-142],[138,-179],[31,-31],[9,-183],[-190,-224],[-65,-60],[-170,-77],[97,-37],[-27,-41]],[[10069,44455],[243,191],[366,191],[305,281],[263,201],[326,44],[393,90],[332,3],[206,40],[335,313],[205,256],[299,280],[209,303]],[[11148,52724],[81,-70],[52,-78],[41,-141],[18,-151],[32,-101],[78,-108],[30,-233],[-24,-224],[-44,-179],[-25,-152],[-82,-267],[-109,-297],[-71,-134],[41,-17],[104,0],[156,-32],[164,-65],[180,-63],[190,-75],[138,70],[62,29],[66,120],[47,148],[47,117],[65,111],[62,197],[60,204],[118,-241],[89,-162],[204,-151],[168,-105],[177,-57],[215,26],[79,-34],[72,-121],[-19,-121],[-114,-72],[0,-40]],[[13496,50255],[-18,-103],[-151,-130],[-241,-32],[-109,-25],[-233,108],[-151,-184],[-133,-180],[176,-291],[193,-334],[6,-191],[-181,-313],[-124,-36],[57,-65],[18,-180],[-18,-115],[-97,-169],[-148,-11],[-96,-122],[87,-130],[182,-212],[151,146],[93,113],[97,-245],[88,-187],[148,-183],[133,-159],[326,-377]],[[7809,47571],[39,52],[18,29],[24,39],[17,36],[15,22],[21,23],[51,58],[38,42],[27,30],[26,34],[26,34],[12,13],[10,11],[21,26],[73,83],[15,20],[23,43],[17,32],[11,27],[11,35],[14,43],[11,26],[11,30],[13,53],[11,29],[19,32],[46,68],[32,38],[35,45],[22,43],[18,51],[13,23],[24,28],[29,36],[33,62],[21,30],[26,36],[53,74],[38,59],[33,53],[34,93],[21,37],[14,20],[21,26],[2,3],[4,5],[6,7],[9,14],[7,11],[7,7],[9,7],[18,9],[9,6],[14,11],[36,42],[18,24],[17,28],[11,24],[6,30],[6,35],[3,41],[0,48],[-1,29],[2,16],[4,9],[5,7],[29,16],[14,9],[10,9],[8,11],[5,17],[3,22],[0,16],[-3,10],[-5,11],[-11,11],[-5,4],[-4,1],[-3,-1],[-8,-8],[-9,-7],[-3,0],[-2,1],[-1,3],[1,4],[8,14],[0,7],[-2,6],[-5,6],[0,2],[0,3],[1,3],[4,5],[7,2],[3,1],[1,1],[0,2],[0,1],[-2,1],[-9,4],[-1,3],[-1,3],[0,1],[0,1],[0,1],[6,17],[3,4],[5,1],[8,-6],[2,0],[2,1],[11,12],[40,44],[24,27],[6,5],[5,3],[1,1],[0,1],[-1,1],[-3,1],[-2,2],[0,2],[0,6],[8,9],[9,5],[14,4],[10,5],[22,19],[80,87],[13,13],[27,35],[13,23],[10,19],[7,13],[5,9],[8,13],[13,9],[20,12],[6,4],[9,7],[9,10],[10,13],[42,44],[30,33],[21,24],[20,25],[21,25],[2,5],[1,4],[1,5],[3,6],[3,2],[5,1],[5,3],[26,27],[22,22],[11,7],[8,6],[13,13],[13,17],[19,24],[18,26],[5,14],[3,11],[-1,4],[-4,11],[-2,5],[0,3],[1,2],[3,0],[3,-2],[3,-4],[1,-1],[3,-1],[3,2],[1,3],[-1,3],[-2,3],[-3,4],[-1,3],[0,3],[0,1],[5,6],[3,1],[6,0],[6,0],[2,0],[2,2],[1,3],[0,3],[-1,3],[0,5],[0,1],[1,1],[2,0],[3,-1],[2,-3],[4,-2],[3,0],[4,2],[4,10],[1,1],[2,0],[3,-2],[4,-1],[2,0],[12,9],[6,4],[17,16],[31,37],[29,40],[27,37],[30,44],[40,50],[1,4],[0,4],[-1,4],[0,6],[1,6],[1,3],[6,7],[9,8],[22,25],[18,25],[12,16],[29,45],[67,96],[41,53],[24,29],[47,52],[44,46],[26,35],[18,21],[20,21],[11,12],[8,12],[37,66],[59,84],[63,85],[36,60],[66,94],[97,105],[30,32],[69,93],[34,45],[66,89],[69,96],[32,49],[18,43],[18,55],[6,31],[4,32],[-1,26],[-7,58],[0,12],[0,23],[-7,32]],[[13451,56000],[-24,-44],[-28,-46],[-21,-44],[-43,-79],[-9,-10],[-2,-4],[0,-5],[1,-4],[5,-5],[1,-2],[-1,-4],[-22,-35],[-59,-73],[-45,-57],[-36,-52],[-22,-50],[-16,-25],[-17,-21],[-2,-2],[-16,-41],[-2,-10],[0,-9],[2,-12],[-2,-45],[-1,-29],[-1,-3],[-38,-55],[-84,-103],[-118,-145],[-86,-108],[-36,-43],[-58,-66],[-47,-68],[-20,-33],[-9,-12],[-15,-13],[-39,-35],[-34,-49],[-53,-71],[-13,-14],[-26,-27],[-42,-49],[-29,-66],[-32,-38],[-7,-17],[-7,-17],[-1,-14],[5,-26],[2,-14],[-3,-15],[-14,-29],[-15,-30],[-27,-44],[-37,-48],[-38,-50],[-20,-24],[-49,-62],[-58,-69],[-45,-56],[-72,-87],[-55,-68],[-27,-45],[-59,-72],[-49,-45],[-46,-44],[-27,-30],[-30,-22],[-11,-1],[-6,2],[-3,4],[-6,6],[-4,0],[-2,-2],[-1,-2],[0,-13],[-1,-7],[-8,-18],[-2,-2],[-4,0],[-12,11],[-1,0],[-1,-2],[4,-12],[1,-6],[-2,-3],[-3,-1],[-4,2],[-6,6],[-3,2],[-1,0],[-1,-3],[0,-18],[-2,-3],[-3,-1],[-17,8],[-2,0],[-2,-2],[0,-3],[9,-16],[0,-7],[-2,-6],[-6,-8],[-3,-6],[-3,-10],[-4,-9],[-1,-6],[-4,-2],[-8,0],[-2,0],[-2,-2],[-4,-7],[-6,-6],[-6,-4],[-4,0],[-4,-1],[-2,-1],[0,-3],[2,-4],[-1,-6],[-2,-4],[-3,-2],[-3,-1],[-3,0],[-2,0],[-2,-2],[0,-5],[1,-4],[-1,-4],[-2,-2],[-4,-2],[-3,0],[-2,-2],[-3,-10],[-1,-5],[1,-3],[7,-6],[3,-5],[0,-4],[0,-8],[-4,-9],[-6,-9],[-11,-8],[-18,-14],[-7,-4],[-5,0],[-3,2],[-4,2],[-2,0],[-3,-2],[-22,-26],[-16,-20],[-4,-5],[-7,-1],[-11,1],[-4,-1],[-4,-6],[-2,-5],[5,-20],[-1,-4],[-2,-4],[-4,-5],[-4,-13],[-4,-9],[-32,-33],[-3,-2],[-2,1],[-10,9],[-1,0],[-1,-2],[2,-15],[-1,-5],[-5,-7],[-9,-8],[-14,-5],[-2,-2],[-2,-2],[-22,-48],[-10,-13],[-3,-1],[-5,0],[-5,2],[-1,1],[-2,0],[0,-1],[-9,-27],[-19,-42],[-9,-26],[-4,-25]],[[13496,50255],[218,-132],[70,-102],[220,-35],[130,205],[3,162],[15,216],[55,115],[184,4],[245,39],[232,-178],[175,-111],[152,-63],[87,46],[39,137],[25,158],[15,259],[-3,115],[-76,119],[-81,65],[-161,18],[-6,115],[-190,183],[-100,277],[-84,198],[51,86],[109,0],[139,-11],[24,270],[-36,215],[-55,169],[22,112],[63,63],[245,-135],[247,-187],[221,-147],[48,305],[197,579],[142,366],[90,237],[23,230]],[[16190,54217],[-307,969]],[[15883,55186],[-249,-398],[-326,-565],[-278,66],[-80,563],[3,296],[-258,107],[-413,-213],[-536,655],[-183,223],[-112,80]],[[15155,47504],[284,119],[230,-18],[54,83],[-127,172],[-81,187],[15,234],[45,159],[55,161],[81,144],[82,123],[66,68],[97,-70],[78,-185],[115,-270],[100,298],[63,180],[25,72],[75,83],[157,176],[206,274]],[[16775,49494],[130,223],[148,169],[75,169],[112,201],[36,129]],[[17276,50385],[-45,36],[-145,54],[-133,47],[-154,76],[-30,50],[-145,-11],[-230,119],[-79,119],[40,154],[72,187],[79,263],[63,140]],[[16569,51619],[3,136],[-181,209],[-106,90],[-127,165],[21,201],[49,119],[127,129],[118,119],[241,158],[200,122],[111,173],[69,140]],[[17094,53380],[-466,343],[-438,494]],[[17276,50385],[36,90],[82,4],[67,-5],[69,-6],[88,-36],[148,-57],[130,-108],[93,-94],[61,-86],[148,101],[48,-133],[51,7],[124,86],[200,133],[84,90],[49,169],[63,187],[6,216],[-60,187],[-67,164],[-102,52],[-130,-44],[-97,-100],[-160,-126],[-142,-32],[-172,28],[-115,191],[-100,194],[-69,93],[-121,80],[-151,10],[-194,-64],[-99,50],[-124,93],[-121,36],[-142,-77],[-88,-59]],[[17094,53380],[274,-203],[451,-130],[437,1003]],[[18256,54050],[374,-59],[305,-140],[151,-183],[106,-51],[244,194],[227,-54],[85,-100],[166,-191],[112,-111],[89,-9],[74,-7],[51,-153],[-305,-129],[-263,-33],[-242,-37],[-111,-153],[117,-184],[-27,-208],[61,-140],[133,-61],[353,-40],[21,-140],[-187,-199],[-142,-261],[220,-195],[352,-74],[10,-257],[82,-9]],[[20312,51066],[24,-85],[26,-253],[121,-217],[24,-100],[-99,-138],[-120,-109],[-71,-182],[-7,-83],[122,-161],[100,-282],[-291,-119],[-229,-34],[-179,-119],[-67,-88],[-18,-106],[55,-165],[16,-48],[168,-121],[39,-99],[-89,-31],[17,-78],[-361,-492],[-218,-217]],[[19275,47739],[-33,-24],[-451,111],[-185,73],[-163,-12],[-113,-11]],[[18330,47876],[-323,279],[-196,200],[-151,2],[-178,-29],[-221,0],[-97,273],[-54,316],[-112,296],[-139,126],[-84,155]],[[22961,56905],[1232,-1096],[-241,-971]],[[23952,54838],[5,-63],[-55,-21],[-209,33],[-64,-54],[-39,-144],[-66,-292],[-121,-153],[-23,-147],[-51,-229],[9,-143],[-33,-128],[38,-214],[-122,-376],[249,-184],[53,-75],[-160,-153],[-102,-46],[-62,-26],[-256,147],[-194,176],[-100,-141],[-117,-122],[-331,-36],[-103,-14],[-176,-252],[140,-95],[220,-213],[46,-107],[-194,-158],[9,-98],[-43,-180],[-105,-24],[-31,-207],[44,-158],[-25,-119],[-93,24],[-78,106],[-100,46],[-62,-101],[-206,68],[126,274],[-47,131],[-173,-45],[-188,-173],[14,171],[-28,254],[-133,51],[-51,113],[14,67],[30,134],[-145,108],[-66,-30],[-39,-133],[-77,-76],[-77,-55],[-134,-114],[-86,-113],[-41,-368],[-15,-55],[-16,-40]],[[18256,54050],[314,227],[196,116],[415,-26],[524,-1],[727,18],[324,292],[961,296],[201,532],[232,606],[544,443],[267,352]],[[23952,54838],[155,119],[273,62],[63,-60],[-95,-189],[-68,-300],[63,-254],[22,-236],[523,16],[307,-60],[439,17],[84,81],[267,40],[156,276],[250,297],[151,231],[293,178],[238,40],[260,-246],[292,38],[124,205],[908,96]],[[28657,55189],[24,-8],[39,-9],[27,-28],[30,-71],[26,-62],[21,-66],[21,-69],[31,-76],[29,-57],[21,-57],[40,-78],[59,-65],[63,-72],[62,-51],[32,-42],[77,-106],[49,-151],[51,-160],[30,-106],[16,-28],[17,-49],[32,-35],[-3,-19],[-30,-24],[-25,-33],[-3,-148],[-17,-913],[-210,-608],[-179,-103],[-14,-249],[-125,-326],[-333,-118],[-296,-288],[-25,-75],[10,-69],[39,-45],[37,6],[33,16],[24,-33],[-20,-44]],[[28317,50670],[-264,-327],[-187,28],[-278,380],[-178,65],[-293,-152],[-149,-45],[-196,292],[-130,111],[-146,58],[-305,-22],[-53,-120],[39,-78],[-70,-148],[-135,56],[-124,-115],[-200,-57],[-148,172],[-242,-172],[-559,-48],[-144,-63],[-174,-344],[0,-390],[-3,-438]],[[24378,49313],[-30,-18],[-212,28],[-319,642],[-84,-684],[-33,-334],[103,-232],[190,-280],[-381,-308],[-231,-204],[-149,-93],[-165,83],[-84,-498]],[[22983,47415],[-66,-77],[-245,468],[-57,162],[59,138],[-208,-33],[-138,16],[28,-212],[-107,-226],[-146,1],[-172,213],[-109,-13],[-21,-170],[28,-179],[29,-376],[-113,-153],[-59,-183],[-113,-207],[-11,-76],[-51,-42],[1,-31],[-263,-183]],[[21249,46252],[184,170],[-116,-15],[-88,29],[-136,158],[-98,59],[-79,-57],[-151,60],[-199,99],[-219,169],[-201,193],[-121,119]],[[20025,47236],[-91,52],[-122,96],[-101,-84],[-153,-18],[5,232],[-223,204],[-65,21]],[[22983,47415],[47,50],[74,116],[144,48],[158,99],[262,-176],[237,-229],[-317,-177],[96,-315],[-102,-140],[-17,-149],[168,-121],[124,-241],[114,-180],[242,-112],[275,-273],[79,-58],[63,-450],[33,-364],[-24,-327],[-15,-346],[-202,-234],[-148,-119],[-93,-102],[-40,-74],[9,-80],[57,-104],[121,-148],[217,-183],[291,10],[99,-79],[175,47],[158,18],[126,-43],[248,-303],[272,-256],[257,-263],[138,-134]],[[26309,42023],[126,325],[514,315],[-88,441],[177,140],[192,-244],[244,80],[534,115],[304,919]],[[28312,44114],[-212,86],[-101,54],[-233,123],[-290,41],[-307,62],[-223,21],[-204,91],[-127,66],[-39,108],[41,131],[-59,-19],[6,141],[-41,95],[-42,132],[-8,169],[-245,43],[-68,-25],[-350,300],[-195,-178],[-35,774],[-59,351],[-72,531],[-77,99],[-97,502],[-24,322],[-192,557],[-113,186],[-346,50],[-61,180],[-161,206]],[[26309,42023],[-105,-270],[-826,-980]],[[25378,40773],[-213,148],[-281,98],[-257,200],[-242,110],[-226,-148],[-136,-272],[-136,-276],[-194,-3],[-426,147],[-147,95],[-109,70],[-269,198],[-200,239],[-24,133],[-42,209],[-215,-50],[-347,202],[-224,212],[-93,227],[-37,270],[-90,191],[-405,28]],[[21065,42801],[-3,75],[263,207],[-73,137],[112,279],[48,343],[-51,194],[-82,158]],[[21279,44194],[79,-2],[30,87],[-15,155],[-263,183],[-3,133],[91,58],[199,-11],[97,26],[21,144],[-30,216],[-103,295],[-115,137],[-69,151],[-103,115],[-39,119],[75,75],[97,37],[21,140]],[[18008,41962],[-192,186],[-50,125],[48,309],[328,648],[70,346],[137,18],[242,-33],[254,162],[51,328],[4,332],[-101,262],[-37,236],[146,332],[137,294],[67,259],[338,505],[135,10],[206,738],[139,76],[95,141]],[[21279,44194],[-63,2],[-142,-14],[-109,36],[-72,0],[6,-83],[69,-58],[27,-104],[-21,-126],[-108,-195],[-127,-140],[123,-155],[46,-51],[-64,-154],[-18,-137],[-21,-94],[-163,130],[-24,-72],[-33,-26],[-112,67],[-55,-225],[-57,-155],[-85,-115],[-193,-33],[-227,-14],[-72,-148],[-15,-129],[-125,35],[-248,-166],[-252,-240],[-103,-220],[-302,-30],[-399,35],[-332,347]],[[18330,47876],[-332,-41],[-250,-30],[-100,-150],[82,-88],[87,-82],[0,-227],[1,-208],[491,110],[204,-347],[-61,-629],[19,-202],[-152,-322],[0,-223],[-71,-418],[-177,-37],[-38,-101],[5,-56],[28,-194],[6,-57],[88,-132],[-54,-100],[-96,-132],[-86,-96],[-65,-163],[-361,206],[-175,33],[-165,227],[-90,143],[-163,55],[-172,-181],[-206,-90],[-63,2],[-56,135],[-75,137],[-56,113],[-153,120],[-49,68],[-118,75],[-78,70],[-119,59],[3,84],[29,82],[1,80],[36,110],[56,113],[105,81],[-21,21],[-10,14]],[[17709,41355],[150,298],[149,309]],[[30812,48456],[-29,-36],[-11,-29],[3,-24],[-9,-32],[-25,-81],[-16,-194],[-235,-15],[-88,-413],[-184,-415],[239,-520],[-46,-310],[333,-298],[184,-413],[-70,-551],[273,-261],[-75,-915],[-4,-690],[52,-168],[-77,-634]],[[31027,42457],[-918,563],[-252,342],[-190,128],[-310,51],[-440,565],[-192,-25],[-264,-42],[-149,75]],[[28317,50670],[24,-85],[67,17],[60,0],[113,-24],[109,-87],[31,-181],[90,-100],[5,-59],[-6,-64],[-98,-48],[-64,-66],[-14,-50],[6,-109],[38,-129],[140,-91],[114,-53],[40,-5],[32,57],[49,228],[80,111],[140,90],[29,-32],[127,-35],[58,23],[29,1],[52,-29],[33,-34],[12,-62],[-26,-49],[-39,-33],[-97,-57],[-72,-28],[-94,-69],[24,-102],[-11,-116],[48,-80],[75,-66],[22,-91],[15,-34],[-7,-117],[24,-98],[47,-51],[53,-35],[56,-9],[124,118],[78,78],[84,101],[73,34],[111,-56],[72,-19]],[[30173,49075],[74,-16],[49,-4],[24,-25],[56,-72],[20,-37],[47,-85],[61,-121],[28,-119],[45,-72],[95,-77],[93,-2],[47,11]],[[21065,42801],[-72,-265],[5,-236],[-24,-272],[-11,-183],[12,-114],[-11,-352],[-22,-192],[46,-154],[148,-52],[320,307],[117,-124],[180,10],[203,-98],[94,-263],[60,-216],[-57,-144],[-197,-270],[-253,-222],[-118,-290],[-124,-198]],[[24061,37641],[169,569],[456,1042],[341,905],[351,616]],[[24061,37641],[143,-142],[236,-201],[235,-176],[151,-134],[372,-389],[315,-244],[422,-88],[556,11],[438,75],[354,83],[145,-104],[248,-237],[372,-87],[362,-26],[205,76],[326,144],[432,-11],[373,-38],[727,-74],[321,-132],[462,-25],[401,-41],[327,3],[296,105],[336,110]],[[32616,36099],[-106,259],[-333,367],[-251,404],[89,203],[30,217],[-95,362],[-71,146],[-122,147],[-42,281],[-66,347],[5,280],[-17,301],[47,175],[39,649],[90,241],[-353,103],[-61,247],[230,281],[58,293],[49,298],[-33,286],[-55,204],[-399,-18],[-298,30],[62,190],[14,65]],[[32616,36099],[54,-242],[145,-570],[60,-600],[9,-318],[67,-222],[194,-224],[287,-253],[207,-192],[457,-195],[172,-47],[113,-123]],[[34381,33113],[235,286],[241,331],[314,184],[321,196],[150,158]],[[35642,34268],[164,231],[54,159],[187,133],[82,188],[72,267],[107,221],[-33,127],[-85,144],[-115,86],[-22,143],[88,83],[57,55],[-44,80],[-184,-21],[225,435],[-17,181],[-7,295],[92,137],[96,141],[154,111],[-45,222],[72,9],[67,-53],[46,25],[26,14],[103,-44]],[[36782,37637],[109,85],[135,110],[130,202],[212,138],[263,69],[299,72],[363,-61],[180,16]],[[38473,38268],[182,92],[21,298],[3,213],[-3,19],[-36,241],[-130,83],[-232,105],[-403,363],[-353,468],[-262,546],[-155,560],[-58,433],[-120,462],[220,284],[179,350],[172,507],[223,544],[188,462],[33,791],[53,431],[-41,130],[-221,72],[-244,13],[-453,165],[-239,38],[-176,260],[-265,165],[-142,43],[-166,23]],[[36048,46429],[16,-38],[17,-35],[23,-23],[22,-22],[9,-13],[-3,-19],[-17,-31],[-18,-45],[-25,-44],[-32,-34],[-26,-17],[-38,-8],[-29,5],[-28,15],[-21,21],[-24,37],[-25,57],[-10,66],[-7,53],[-11,29],[-33,42],[-23,21],[-25,14],[-39,55],[-50,75],[-16,36],[0,22],[0,17],[-2,53],[-15,57],[-32,89],[-29,47],[-33,55],[-32,55],[-30,35],[-29,2],[-25,-9],[-33,-17],[-39,-10],[-45,-18],[-29,-16],[-33,-18],[-21,-17],[-23,-22],[-17,-16],[-8,-39],[-6,-72],[-8,-46],[-1,-36],[4,-20],[-1,-27],[-11,-18],[-32,-35],[-13,-34],[-22,-43],[-8,-37],[-2,-44],[-9,-46],[2,-31],[3,-25],[5,-29],[1,-26],[2,-27],[-4,-23],[-11,-17],[-35,-41],[-24,-32],[-27,-18],[-37,-23],[-35,-12],[-32,-14],[-29,1],[-30,8],[-32,9],[-34,30],[-107,86],[-44,26],[-48,31],[-45,28],[-9,22],[-5,39],[2,38],[1,34],[20,37],[18,22],[38,30],[15,15],[36,51],[31,43],[9,53],[0,45],[-4,59],[-13,25],[-16,46],[-16,49],[-27,48],[-25,27],[-37,10],[-35,18],[-42,4],[-19,-2],[-48,-6],[-51,-24],[-32,-19],[-21,-24],[-25,-18],[-20,-6],[-24,-5],[-11,-9],[-25,-31],[-40,-49],[-41,-50],[-32,-38],[-4,-25],[-7,-18],[-9,-10],[-24,-5],[-45,1],[-37,2],[-138,15],[-96,0],[-84,50],[-86,76],[-90,46],[-91,59],[-36,85],[42,72],[72,45],[91,72],[10,18],[34,63],[-62,99],[-109,42],[-120,-8],[-116,-70],[-96,-102],[-66,-144],[-37,-137],[-8,-56],[-14,-31],[-20,-32],[-31,-22],[-17,-9],[-24,-9],[-82,-16],[-44,-13],[-63,-11],[-74,-1],[-107,115],[-71,134],[-10,251],[76,74],[80,30],[40,109],[-26,96],[-76,118],[-91,137],[-84,129],[-24,88],[6,42],[-47,100],[-56,78],[-60,65],[-64,41],[-54,2],[-40,-26],[-15,-97],[-62,-23],[-71,-97],[-36,-106],[-29,-138],[-40,-49],[-52,-31],[-88,-67],[-102,-27],[-103,88],[-145,58],[-66,121],[-24,158],[-13,88],[11,87],[-18,47],[-101,141],[-85,-10],[-60,-22],[-42,-27]],[[36782,37637],[0,-187],[82,-150],[31,-68],[101,-222],[273,-251],[81,-88],[82,-194],[97,-187],[211,-556],[202,183],[63,58],[-72,198],[-3,217],[54,169],[251,130],[212,113],[150,244]],[[38597,37046],[-66,71],[163,174],[178,231],[463,371],[102,123],[-62,182],[-125,42],[-92,2],[-13,0],[-52,1],[-191,-79],[-126,-47],[-63,-49],[-115,-148],[-103,6],[-51,138],[29,204]],[[36608,47801],[-73,-52],[-51,-193],[-126,-332],[-326,-268],[-19,-324],[35,-203]],[[38597,37046],[145,-170],[239,-162],[60,-173],[-11,-179],[-24,-126]],[[39006,36236],[94,-76]],[[39100,36160],[23,110],[0,94],[24,137],[166,112],[146,48],[163,262],[102,271],[115,79],[67,-67],[90,-77],[-51,-87],[118,-47],[36,76],[79,-74],[-31,-23],[83,-64],[75,173],[136,173],[22,206],[6,55],[-82,316],[48,350],[33,243],[38,295],[25,143],[234,79],[29,-152],[270,88],[296,98],[384,102],[597,123],[136,23],[48,-264],[85,-64],[90,-16],[58,117],[12,244],[30,76],[257,10],[495,-8],[239,-108],[352,-252],[180,-276],[78,-16],[406,-82],[-22,-521],[14,-752],[63,-480],[103,-629],[248,-397],[16,-25],[36,-58],[366,14],[-11,-489],[627,-44],[7,334],[6,326],[-2,866],[-142,1194],[-106,837],[23,551],[513,-35],[-39,-206],[-133,-147],[61,-594],[389,-308],[463,-326],[432,-347],[460,-295],[114,-155],[96,-122],[253,80],[334,-184],[348,-30],[441,-4],[377,84]],[[50142,36724],[105,23],[94,40],[22,10]],[[50363,36797],[117,439],[-193,619],[13,426],[415,445],[573,18],[175,540],[-188,462],[54,332],[89,212]],[[51418,40290],[-351,227],[-54,33],[-323,170],[51,245],[62,436],[-104,147],[-500,91],[-260,57],[3,515],[-68,263],[305,119],[470,148],[145,267],[345,425],[118,262],[202,299],[367,166],[147,140]],[[51973,44300],[-302,469],[-49,48],[-2,2],[-327,324],[-204,183],[-157,256],[-80,205],[-174,353],[-86,180],[-98,76],[-18,153]],[[50476,46549],[-15,-14],[-6,-17],[-9,-28],[-6,-28],[-11,-34],[-10,-21],[-8,-21],[-11,-24],[-22,-21],[-21,-23],[-33,-22],[-34,-6],[-18,-8],[-13,-1],[-28,15],[-13,27],[-13,24],[-15,38],[-10,35],[-10,24],[-11,14],[-27,6],[-19,5],[-17,11],[-41,27],[-12,3],[-24,11],[-41,24],[-20,17],[-29,5],[-29,9],[-23,0],[-16,-2],[-13,-12],[-9,-15],[-12,-10],[-12,-1],[-26,5],[-28,2],[-17,-4],[-13,-2],[-13,-13],[-10,-15],[-10,-19],[-7,-20],[-4,-24],[-4,-26],[-3,-29],[-6,-27],[-7,-21],[-9,-12],[-10,-13],[-6,-9],[-8,-10],[-8,-7],[-5,-16],[-8,-41],[-4,-18],[2,-10],[1,-16],[-8,-29],[-13,-30],[-13,-28],[-15,-25],[-13,-13],[-19,-2],[-19,-6],[-21,0],[-22,2],[-12,-3],[-3,0],[-4,-1],[-7,0],[-9,-1],[-13,13],[-25,29],[-6,9],[-13,25],[-16,32],[-9,16],[-9,5],[-15,-1],[-31,2],[-18,1],[-46,9],[-23,6],[-18,6],[-21,11],[-13,6],[-19,2],[-15,5],[-19,11],[-27,16],[-24,18],[-18,15],[-14,1],[-9,5],[-13,12],[-14,11],[-18,0],[-56,-6],[-19,-5],[-39,-2],[-16,-5],[-10,-12],[-15,-17],[-9,-12],[-14,-18],[-30,-16],[-20,-15],[-18,1],[-17,0],[-17,-2],[-15,-2],[-16,1],[-16,7],[-26,17],[-43,30],[-17,6],[-31,13],[-42,2],[-31,1],[-9,1],[-15,-9],[-18,-13],[-10,-15],[-15,-16],[-18,-19],[-6,-5],[-17,-9],[-21,-3],[-13,-11],[-17,-6],[-12,-2],[-20,2],[-10,4],[-15,17],[-11,20],[-1,29],[5,31],[6,24],[5,25],[3,13],[-6,13],[-23,17],[-31,20],[-20,18],[-61,81],[-29,39],[-34,38],[-63,53],[-86,61],[-67,31],[-42,28],[-25,18],[-21,25],[-20,-1],[-27,-5],[-28,-18],[-17,-11],[-24,-15],[-20,-8],[-38,0],[-29,0],[-29,15],[-14,9],[-20,3],[-23,-16],[-35,-28],[-18,-21],[-19,-23],[-18,-23],[-43,-28],[-43,-13],[-36,-5],[-35,1],[-31,-11],[-20,-10],[-20,-14],[-26,-12],[-21,-1],[-19,-12],[-24,-29],[-26,-41],[-31,-40],[-8,-9],[-8,-10],[-26,-15],[-28,0],[-25,-6],[-25,-7],[-31,-5],[-44,10],[-37,24],[-13,29],[-33,32],[-68,36],[-37,-7],[-19,-8],[-21,-8],[-14,-9],[-18,-8],[-14,-3],[-23,1],[-17,8],[-7,-6],[-13,-47],[-20,-58],[-14,-50],[-7,-43],[-1,-19],[6,-18],[3,-20],[-5,-26],[-9,-20],[-20,-14],[-21,-12],[-28,3],[-17,5],[-25,7],[-33,-3],[-27,-2],[-13,-16],[-8,-25],[-14,-45],[-17,-77],[-13,-58],[-25,-15],[-24,-15],[-13,-10],[-9,-18],[-15,-17],[-23,0],[-25,10],[-22,27],[-20,33],[-12,31],[-8,8],[-27,12],[-42,3],[-57,-2],[-87,6],[-40,4],[-44,-4],[-31,-3],[-30,2],[-28,22],[-23,18],[-54,57],[-28,24],[-38,5],[-84,-8],[-38,0],[-25,-5],[-18,0],[-39,15],[-65,21],[-45,15],[-25,17],[-10,7],[-29,-5],[-70,-4],[-29,-6],[-33,-11],[-22,-9],[-11,-8],[-16,-22],[-20,-7],[-34,-4],[-53,3],[-21,2],[-71,17],[-38,33],[-46,32],[-33,15],[-15,3],[-18,0],[-21,-3],[-12,0],[-20,18],[-58,73],[-37,66],[-23,60],[-14,57],[-5,49],[-14,48],[-18,48],[-23,46],[-57,22],[-38,-12],[-19,-11],[-6,-3],[-37,-23],[-18,-15],[-15,-24],[-9,-26],[6,-20],[-3,-17],[-14,-13],[-23,-14],[-19,-21],[-48,-52],[-4,-16],[-4,-22],[-13,-22],[-20,-7],[-24,-13],[-35,-19],[-23,-20],[-13,-20],[-27,-35],[-27,-1],[-32,-3],[-27,-22],[-30,-10],[-38,-5],[-38,-12],[-11,-10],[-26,0],[-62,6],[-16,28],[-15,37],[-31,12],[-42,9],[-61,-16],[-63,-3],[-58,-4],[-53,7],[-25,13],[-40,32],[-24,35],[-26,53],[8,44],[6,10],[-6,19],[-15,17],[-22,18],[-13,14],[-9,33],[-3,26],[-22,76],[1,46],[3,49],[4,59],[-7,38],[-9,22],[-1,23],[-4,20],[-20,57],[-3,21],[6,27],[11,32],[5,27],[6,34],[-5,64],[-8,70],[-9,22],[-30,37],[-36,20],[-32,12],[-19,4],[-19,-1],[-24,-20],[-29,-19],[-23,-5],[-20,0],[-19,5],[-52,11],[-31,15],[-47,36],[-68,70],[-27,20],[-62,33],[-34,15],[-72,16],[-84,16],[-43,10],[-83,-9],[-53,-20],[-38,-23],[-45,-31],[-45,-25],[-23,-6],[-30,20],[-27,26],[-27,36],[18,35],[-10,32],[-65,70],[-38,40],[-21,35],[-35,12],[-35,-4],[-41,-26],[-44,-26],[-35,-12],[-43,-24],[-25,-26],[-10,-14],[-22,-18],[-23,3],[-19,14],[-19,4],[-88,-31],[-30,-17],[-29,-11],[-26,-2],[-28,4],[-18,27],[-1,37],[0,39],[-17,33],[-33,28],[-49,16],[-52,9],[-27,40],[-77,15],[-44,12],[-41,3],[-56,-8],[-44,-27],[-38,-25],[-36,-33],[-31,-21],[-13,-6],[-14,-7],[-56,-14],[-30,3],[-30,24],[-37,10],[-53,-34],[-32,-24],[-34,9],[-33,25],[-41,0],[-24,-6],[-34,-19],[-24,-5],[-15,-25],[-22,-45],[-14,-36],[-15,-35],[-16,-12],[-43,0],[-25,18],[-23,57],[-30,56],[-56,51],[-64,27],[-44,20],[-35,3],[-61,2],[-43,22],[-46,21],[-30,21],[-14,11],[-28,-6],[-27,-19],[-16,-14],[-11,-17],[-8,-26],[-8,-33],[-11,-34],[-9,-28],[-21,-17],[-29,-12],[-20,-7],[-23,1],[-29,8],[-39,32],[-32,14],[-37,8],[-19,-1],[-17,-16],[3,-19],[-2,-14],[-8,-15],[-22,-15],[-14,-14],[-30,-38],[-19,-13],[-28,11],[-49,9],[-8,0],[-59,-11],[-50,-17],[-33,-40],[-13,-31],[-14,-45],[-16,-40],[-13,-35],[-18,-31],[-13,-32],[-13,-28],[-15,-26],[-27,-30],[-43,-28],[-60,-32],[-38,-21],[-25,-13],[-27,-8],[-38,6],[-48,10],[-40,11],[-27,18],[-31,51],[-31,24],[-42,49],[-32,33],[-27,10],[-25,-5],[-25,-17],[-33,-20],[-21,-16],[-38,-27],[-32,-16],[-62,-31],[-81,-11],[-39,-13],[-93,-38],[-40,-31],[-25,-9],[-39,-4],[-39,-1],[-46,20],[-42,49],[-22,46],[-54,79],[-26,19],[-26,30],[-29,44],[-21,42],[-13,37],[-3,42],[-3,45],[1,32],[-4,45],[-12,29],[-22,22],[-20,31],[-18,25],[-18,7],[-39,8],[-30,16],[-40,40],[-42,35],[-27,44],[-15,24],[-23,17],[-18,6],[-16,5],[-20,5],[-34,-11],[-35,-17],[-13,-10],[-27,-24],[-13,-21],[-14,-20],[-9,-4],[-76,24],[-33,1],[-67,-3],[-28,2]],[[1585,27109],[0,-48],[-1,-13],[-2,-74],[-7,-40],[-3,-11],[-6,-7],[0,-8],[2,-8],[17,-25],[5,-2],[7,-2],[4,-3],[0,-4],[-4,-7],[0,-5],[8,-13],[46,-33],[17,-13],[11,-15],[5,-8],[4,-11],[4,-16],[-5,-23],[-12,-69],[-2,-158],[-3,-191],[-10,-162],[-12,-404],[-9,-93],[-24,-150],[-6,-45],[-8,-96],[-11,-258],[-11,-61],[-5,-8],[-8,-3],[-44,-3],[-2,-3],[0,-3],[21,-22],[0,-7],[-4,-6],[-3,-7],[4,-9],[9,-19],[2,-1],[7,-2],[1,-2],[1,-10],[-1,-9],[14,-25],[2,0],[3,-2],[3,-3],[2,-22],[23,-37],[4,-10],[0,-12],[-20,-78],[-68,-304],[-33,-149],[-60,-272],[-70,-185],[-26,-81],[-36,-123],[-37,-97],[-4,-12],[-31,-119],[-27,-63],[-37,-87],[-40,-99],[-21,-56],[-35,-73],[-21,-52],[-6,-36],[-9,-78],[-12,-42],[-9,-32],[-11,-27],[-19,-17],[-10,-13],[-5,-6],[-3,-5],[-1,-5],[7,-9],[-1,-8],[-22,-57],[-1,-10],[-6,-4],[-9,2],[-19,-7],[-1,-6],[5,-7],[-2,-10],[-21,-28],[-1,-40],[4,-28],[0,-34],[-8,-37],[-7,-40],[-8,-21],[-14,-17],[-20,-39],[-16,-60],[-19,-104],[-4,-17],[-6,-9],[-6,-6],[-3,-4],[0,-5],[5,-7],[6,-8],[5,-6],[2,-4],[1,-4],[2,-3],[2,-5],[1,-3],[4,-4],[2,-6],[5,-8],[10,-18],[11,-29],[3,-17],[-1,-12],[-3,-4],[-3,-3],[0,-5],[2,-4],[6,-2],[6,0],[2,-4],[6,-35],[3,-14],[1,-6],[2,-7],[2,-7],[8,-8],[16,-16],[8,-16],[27,-98],[-1,-18],[-3,-18],[-6,-32],[-6,-24],[-5,-10],[-4,-6],[-4,-3],[-3,-2],[-1,-4],[0,-5],[2,-3],[-1,-5],[-12,-10],[-3,-5],[-1,-2],[2,-5],[8,-5],[4,-2],[1,-3],[1,-8],[-4,-27],[-5,-16],[-5,-11],[-6,-15],[-10,-17],[-6,-8],[-6,-7],[-4,-13],[0,-5],[-3,-6],[-6,-6],[-4,-4],[-4,-5],[-9,-20],[-23,-42],[-3,-20],[0,-25],[4,-13],[8,-12],[16,-19],[3,-4],[6,-9],[3,-12],[3,-21],[-1,-21],[0,-8],[-3,-5],[-6,-3],[-31,-5],[-29,-7],[-11,-7],[-7,-11],[-4,-14],[0,-13],[7,-11],[1,-6],[-2,-3],[-4,-6],[-9,-10],[-7,-10],[-7,-12],[-4,-12],[-1,-10],[1,-7],[1,-13],[-4,-5],[-4,-1],[-6,0],[-9,2],[-4,-2],[-5,-5],[-1,-3],[0,-3],[5,-4],[2,-4],[-1,-3],[-2,-3],[-6,-1],[-5,-1],[-5,-4],[-1,-2],[2,-2],[5,-6],[9,-20],[12,-30],[15,-36],[6,-28],[-1,-26],[4,-22],[1,-23],[-1,-6],[-2,-5],[1,-4],[1,-2],[2,-1],[9,1],[6,-3],[6,-11],[4,-8],[2,-6],[2,-3],[1,-4],[-4,-15],[-5,-12],[-4,-3],[-8,2],[-1,-1],[-1,-1],[0,-2],[1,0],[4,-2],[2,-5],[0,-3],[-2,-3],[-2,-2],[-5,-3],[0,-1],[1,-1],[5,-6],[5,-3],[1,-3],[0,-5],[-2,-6],[-1,-9],[-2,-11],[-5,-7],[-2,-2],[-1,-4],[3,-7],[-2,-7],[-2,-3],[-2,-1],[-3,0],[-8,2],[-1,1],[-1,0],[0,-3],[-1,-3],[-5,-5],[0,-3],[0,-3],[3,-3],[9,-6],[1,-4],[0,-4],[-6,-6],[-6,-4],[-1,-6],[1,-3],[18,-5],[3,-2],[2,-7],[-2,-24],[-4,-39],[6,-70],[11,-41],[8,-26],[6,-14],[12,-12],[16,-7],[21,-1],[13,3],[19,0],[25,-2],[9,-10],[26,-56],[9,-49],[6,-46],[1,-87],[1,-151],[0,-26],[-1,-10],[-3,-3],[-11,-2],[-5,-9],[-1,-30],[-9,-46],[-15,-58],[-38,-139],[-41,-119],[-20,-76],[-12,-35],[-19,-42],[-34,-85],[-24,-84],[-13,-48],[-20,-41],[-14,-31],[-16,-37],[-20,-38],[-19,-41],[-29,-46]],[[58443,52629],[-231,460],[-248,636],[-46,561],[122,215],[22,306],[392,662],[-62,488],[-196,488],[254,1133],[-219,1526],[-520,2715],[-313,432],[-153,392],[79,178]],[[57324,62821],[234,-284],[607,-15],[414,-11],[626,-16],[597,-36],[492,-30],[445,-26],[511,90],[315,55],[469,-124],[259,-69],[765,-352],[140,-229],[150,-882],[-140,-1106],[-11,-931],[-102,-784],[25,-139]],[[63120,57932],[190,-1067],[227,-898],[-538,-2112]],[[62999,53855],[-561,-225],[-534,-99],[-952,-119],[-707,-255],[-774,-503],[-1028,-25]],[[56781,46855],[-12,71],[260,488],[359,414],[428,446],[192,619],[231,478],[-70,320],[67,551],[36,438],[254,551],[63,298],[-414,111],[-297,277],[565,712]],[[57324,62821],[-343,475],[-382,501]],[[56599,63797],[-367,-397],[103,-166],[186,-222],[17,-321],[133,-260],[-151,-301],[-175,-205],[-1228,-346],[-1230,-618],[-425,-1015],[-589,-921],[-381,-1069],[-141,-253]],[[52351,57703],[-292,-703],[-165,-255],[-251,-386]],[[51643,56359],[124,-318],[-226,-764],[74,-244],[-63,-343],[-177,-335],[-205,-253],[-236,-643],[-96,-263],[-212,-258],[-211,-258],[-328,-972],[-213,-1336],[685,-1507],[89,-450],[99,-505],[43,-662],[-344,-522],[21,-122],[9,-55]],[[50476,46549],[14,27],[15,21],[10,14],[24,5],[39,-3],[35,7],[16,5],[17,21],[29,36],[36,23],[40,18],[38,5],[21,7],[13,-2],[6,-10],[8,-4],[7,9],[8,11],[5,5],[6,2],[23,3],[8,-5],[20,-5],[11,-1],[14,-5],[19,11],[15,-15],[42,30],[17,-2],[13,27],[34,-2],[21,-8],[20,-7],[12,-3],[17,-14],[9,-7],[1,-15],[5,0],[8,3],[10,-3],[9,-5],[6,-15],[25,-61],[9,2],[11,5],[9,5],[11,5],[16,10],[13,18],[24,16],[15,-4],[11,26],[7,21],[9,-3],[20,2],[32,0],[49,9],[57,18],[55,27],[33,10],[12,-8],[24,-7],[27,-9],[31,-5],[26,10],[30,9],[23,2],[21,4],[37,21],[42,14],[85,-9],[26,-10],[32,-6],[45,38],[30,35],[37,39],[8,-1],[16,-7],[15,-7],[41,6],[28,-2],[45,-51],[65,-81],[122,0],[48,-68],[-41,-42],[-8,-32],[3,-25],[12,-31],[22,-33],[10,-7],[8,-22],[18,-22],[16,-6],[32,-13],[21,2],[30,14],[23,17],[24,14],[27,5],[37,5],[38,2],[39,5],[42,0],[25,-1],[52,-24],[36,-5],[20,-6],[21,-19],[18,-22],[22,-53],[17,-18],[15,-16],[16,-23],[35,-24],[22,-9],[21,-4],[18,6],[13,24],[-4,34],[17,38],[17,23],[11,18],[14,-5],[9,17],[15,13],[24,14],[14,19],[15,12],[7,11],[11,5],[3,4],[9,2],[9,5],[6,18],[41,17],[23,10],[14,6],[15,19],[17,17],[11,2],[13,-9],[13,-19],[19,-27],[16,-31],[-2,-16],[0,-17],[-1,-18],[2,-21],[8,-11],[3,-9],[17,-15],[27,-6],[17,9],[9,1],[12,-8],[24,-4],[22,-8],[19,8],[22,-4],[14,2],[15,-3],[6,1],[8,-1],[8,1],[15,-1],[32,13],[43,26],[13,12],[33,-6],[21,-1],[24,7],[12,14],[14,8],[11,11],[14,8],[13,4],[11,11],[14,1],[23,14],[14,-1],[21,15],[28,19],[14,31],[8,13],[9,16],[12,14],[12,11],[10,2],[13,15],[8,7],[18,10],[15,7],[13,9],[13,-2],[12,8],[16,-2],[21,-5],[17,-28],[22,-15],[18,1],[18,17],[16,14],[18,3],[15,-5],[36,-6],[8,-20],[18,-10],[11,0],[13,-4],[22,-3],[25,5],[16,18],[6,18],[7,10],[9,15],[9,11],[12,11],[11,16],[15,4],[23,3],[20,8],[13,-1],[9,-1],[4,-10],[8,-8],[9,-2],[14,-10],[6,-8],[19,-14],[6,-10],[5,-13],[9,-21],[7,-8],[7,-11],[-2,-9],[3,-15],[6,-23],[4,-17],[5,-15],[9,-29],[11,-21],[4,-11],[6,-5],[9,-3],[7,-3],[6,0],[7,0],[3,12],[6,9],[14,2],[13,3],[10,-3],[16,3],[4,2],[24,-6],[17,3],[19,-4],[7,-7],[3,-26],[9,-17],[11,-20],[31,-19],[25,0],[20,14],[21,9],[11,17],[9,26],[6,26],[3,31],[19,22],[8,7],[12,7],[15,5],[14,7],[29,0],[11,0],[31,-10],[6,0],[6,-7],[20,-3],[5,-2],[17,-8],[35,-22],[21,-16],[17,-15],[23,-6],[13,-4],[18,0],[7,8],[30,-25],[15,19],[10,18],[9,11],[5,10],[18,7],[23,14],[20,3],[28,-3],[28,-14],[39,-19],[39,-19],[8,-31],[18,-22],[26,-18],[19,-5],[37,-19],[6,-2],[16,17],[11,32],[11,19],[2,23],[0,15],[0,27],[1,31],[-7,21],[2,18],[3,12],[19,21],[15,1],[22,-7],[40,-20],[21,-5],[14,-13],[12,-4],[22,12],[36,23],[-3,11],[6,14],[8,7],[7,22],[1,15],[1,13],[2,9],[3,15],[6,16],[6,13],[14,14],[14,9],[6,4],[4,0],[5,2],[6,3],[18,4],[24,-12],[19,-16],[15,-22],[17,-9],[29,-20],[27,-33],[19,-9],[16,5],[11,15],[5,50],[7,28],[15,16],[23,8],[22,-10],[29,-21],[46,-27],[35,-12],[34,4],[48,9],[30,4],[20,19],[13,16],[8,20]],[[56781,46855],[7,8],[13,5],[16,3],[17,-1],[17,-11],[4,-20],[0,-31],[1,-35],[4,-29],[15,-42],[8,-14],[29,-30],[2,-28],[14,-19],[14,-9],[13,-8],[21,-2],[37,23],[7,15],[11,16],[43,24],[23,8],[16,-13],[20,-3],[35,-4],[20,-2],[10,-16],[3,-24],[16,-33],[22,-35],[31,-33],[22,6],[23,-3],[32,-10],[22,-26],[-6,-21],[16,-9],[17,0],[21,11],[24,16],[15,30],[17,33],[16,20],[6,12],[23,31],[32,21],[26,3],[30,17],[15,13],[9,23],[29,12],[19,4],[22,-1],[14,-6],[10,-7],[11,-5],[10,-2],[8,-1],[12,-2],[11,1],[9,4],[11,7],[9,0],[10,1],[8,0],[8,1],[9,-4]],[[57840,46684],[5,7],[8,5],[14,0],[9,-4],[10,2],[10,3],[10,-2],[11,-13],[14,-12],[18,-4],[18,-17],[6,-4],[9,-3],[13,-1],[14,-8],[21,-4],[28,19],[25,8],[49,-7],[26,-2],[22,-4],[11,-25],[19,1],[12,22],[19,16],[3,11],[8,8],[16,1],[17,-19],[12,-16],[15,-19],[18,-6],[23,12],[22,14],[18,9],[15,11],[19,8],[23,-1],[10,-1],[10,-13],[10,3],[12,0],[15,-12],[10,5],[8,-17],[-3,-22],[2,-19],[6,-9],[19,-13],[23,8],[23,7],[19,-1],[22,-4],[19,-6],[11,-4],[7,-15],[-28,-23],[-37,-29],[-48,-16],[1,-35],[14,-31],[36,-22],[2,-1],[26,27],[22,9],[27,-10],[11,13],[7,6],[11,0],[12,7],[11,-5],[9,-1],[14,-7],[13,-11],[12,-5],[8,-11],[8,-10],[12,-4],[8,-20],[12,-33],[16,-17],[16,-12],[13,-2],[12,4],[11,4],[15,18],[16,19],[12,32],[11,1],[9,13],[15,14],[13,8],[19,-9],[16,-14],[14,-15],[20,-28],[0,-35],[13,-12],[16,0],[15,11],[6,-16],[16,-19],[14,-20],[12,-11],[38,-29],[16,-13],[11,3],[11,9],[8,9],[15,4],[13,-3],[8,0],[6,0],[4,-1],[7,3],[6,-2],[7,-1],[5,1],[7,0],[8,1],[14,1],[8,3],[5,-1],[9,0],[7,8],[6,3],[7,4],[9,6],[8,6],[11,1],[15,-6],[12,0],[6,-10],[14,-7],[13,-7],[18,-12],[20,-15],[10,-4],[12,-2],[10,-15],[24,-9],[22,-16],[13,-9],[22,-14],[6,-4],[3,-1],[18,-9],[37,-40],[5,-12],[4,-17],[19,-19],[14,-7],[19,-15],[24,6],[18,-3],[14,-2],[17,-5],[34,1],[27,-15],[28,-13],[14,-16],[28,-6],[33,-4],[10,-8],[7,-2],[9,-3],[9,2],[12,-5],[3,4],[3,4],[5,1],[4,6],[5,3],[21,-16],[-2,10],[7,2],[8,9],[10,-5],[13,1],[9,-8],[12,-6],[14,-2],[13,7],[12,4],[18,14],[21,20],[30,19],[17,7],[13,25],[18,18],[10,27],[11,3],[14,-3],[17,-14],[17,-10],[10,-12],[5,-13],[3,-24],[7,-32],[4,-26],[4,-18],[7,-31],[7,-10],[1,-10],[-1,-11],[-2,-8],[11,-16],[14,-10],[17,-4],[20,1],[15,5],[13,7],[15,9],[14,6],[9,1],[13,1],[9,1],[8,0],[16,-5],[11,-1],[15,-5],[16,-2],[8,-5],[5,-5],[8,-9],[13,-8],[15,-13],[17,-20],[6,-16],[10,-10],[16,-15],[7,-5],[8,-4],[4,-1],[7,-2],[7,-5],[17,-3],[5,-2],[5,-2],[1,-3],[0,-5],[-7,-9],[5,-7],[16,-10],[14,-4],[26,1],[15,5],[6,12],[14,8],[9,4],[7,1],[14,2],[10,2],[13,-2],[10,0],[9,0],[7,-1],[17,2],[9,-2],[17,-2],[20,0],[12,-4],[8,-7],[10,-20],[12,-7],[17,-7],[10,-3],[4,-2],[3,-3],[9,-6],[13,-4],[11,1],[12,-3],[5,2],[11,-1],[11,-8],[9,-3],[17,-8],[11,5],[14,10],[13,7],[14,13],[19,14],[6,2],[20,10],[15,10],[14,0],[16,1],[15,9],[22,6],[32,3],[17,1],[26,2],[4,-2],[4,-9],[4,-17],[0,-17],[-4,-17],[-8,-28],[-1,-16],[-4,-16],[0,-14],[2,-10],[2,-10],[1,-11],[3,-10],[1,-17],[0,-9],[3,-8],[5,-6],[10,-12],[5,-6],[3,-15],[16,-12],[19,0],[14,13],[11,1],[16,4],[5,-8],[29,0],[18,25],[1,8],[7,21],[9,18],[24,33],[8,15],[17,20],[22,15],[29,-7],[19,-6],[18,-15],[6,-20],[-8,-26],[-26,-38],[-22,-41],[-3,-22],[5,-34],[12,-37],[17,-14],[22,-10],[23,3]],[[63439,45122],[67,305],[62,375],[54,144],[52,139],[30,80],[53,140],[76,199],[160,346]],[[63993,46850],[204,1037],[355,803],[35,1153],[-36,1536],[-370,1253],[-470,1204],[-712,19]],[[55259,38947],[104,-227],[96,-206],[232,-252],[179,-102],[12,231],[-36,415],[94,173],[256,-195],[544,-566],[296,33],[487,-458],[254,173]],[[57777,37966],[-30,284],[-67,646],[-178,278],[-209,97],[-501,555],[-644,861],[-199,544],[249,-75],[107,93],[206,289],[51,241],[246,-18],[1,0],[379,-27],[5,-1],[250,-18],[28,280],[-75,213],[-148,259],[-115,303],[-396,273],[247,307],[-28,23],[-406,326],[-326,144],[229,702],[230,1015],[510,184],[324,54],[1,0],[1,0],[342,58]],[[57861,45856],[55,172],[-19,184],[-51,187],[-21,164],[15,121]],[[51973,44300],[133,-91],[143,-42],[162,-52],[208,-95],[269,-112],[192,-216],[14,-175],[-1,-31],[-1,-156],[-27,-110],[-187,-61],[-182,-59],[-164,-55],[164,-317],[203,-507],[101,-33],[203,-62],[114,-16],[112,-108],[115,-300],[83,-213],[-11,-157],[0,-3],[-68,-290],[-72,-104]],[[53476,40935],[-17,-132],[67,-145],[43,-12],[137,-41],[196,-173],[131,-148],[128,-51],[106,-43],[251,-200],[196,-213],[105,-111],[275,-407],[165,-312]],[[53476,40935],[-92,-6],[-443,-144],[-668,-204],[-447,-135],[-8,-3],[-2,0],[-1,-1],[-220,-66],[-177,-86]],[[71322,44665],[429,-679],[1239,318],[344,88],[222,-212],[417,-397],[189,-181]],[[74162,43602],[-128,-1398],[-75,-1363]],[[73959,40841],[-91,-1665]],[[73868,39176],[-195,55],[-116,33],[-499,425],[-566,529],[-5,4],[-312,223],[-289,206],[-159,41],[-424,111],[-275,-278],[-144,169],[-4,4],[-86,125],[-198,289],[-212,570],[-260,760],[-160,-120],[-229,-172],[-550,108],[-46,6],[-299,41],[12,288],[228,75],[-31,303],[-9,141],[465,9],[242,145],[45,210],[-372,363],[-211,339],[-73,256],[-35,232]],[[69101,44666],[176,7],[290,11],[202,7],[499,-23],[384,-1],[670,-2]],[[68242,39520],[166,169],[79,-137],[292,-115],[216,-107],[19,-9],[580,-310],[343,-58],[497,-122],[363,108],[289,47],[146,-368],[310,24],[2,0],[24,2],[4,1],[10,0],[13,2],[187,14],[313,48],[-61,198],[-51,164]],[[71983,39071],[142,158],[192,-175],[647,-191],[896,-268],[0,144],[8,437]],[[69101,44666],[-193,-7],[-329,-12]],[[68579,44647],[-341,-135],[-42,138]],[[68196,44650],[-65,-47],[-11,-17],[-25,-29],[-28,-32],[-27,-34],[-16,-16],[-15,-5],[-30,2],[-43,27],[-37,20],[-16,13],[-19,15],[-12,12],[-8,2],[-21,-41],[-22,-30],[-16,-8],[-9,-6],[-10,-7],[-12,-2],[-15,0],[-9,-2],[-14,5],[-19,16],[-13,19],[-41,9],[-35,34],[-17,24],[-5,7],[-24,11],[-49,10],[-21,12],[-8,10],[-38,12],[-30,7]],[[68196,44650],[-37,169],[372,547],[-335,627],[-140,491],[-82,287],[-325,-154],[-415,-196],[-113,373],[-85,280],[-396,1300],[-1184,-306],[-62,-812],[-613,95],[-307,-998],[-481,497]],[[57861,45856],[-24,-346],[69,-342],[70,-425],[-64,-338],[34,-332],[78,-421],[43,-356],[99,-609],[251,-346],[41,-59],[1,-1],[11,-16],[122,-176],[196,43],[5,1],[107,24],[206,-155],[81,-194],[73,-224],[-637,87],[-116,17],[-136,-10],[-93,-266],[106,-339],[269,-281],[199,-298],[8,-11],[330,-599],[236,-440],[218,-328],[-219,-483],[-20,-43],[-357,-754],[-305,-754],[-69,-378],[-100,-368],[-351,-586]],[[58223,35750],[-87,412],[-136,466],[-178,1082],[-45,256]],[[55259,38947],[-135,-84],[-197,0],[-154,-36],[-6,-105],[109,-57],[24,-73],[-78,-93],[8,-247],[1,-20],[251,-65],[24,-75],[-70,-145],[-54,-198],[-51,-231],[-28,-184],[-24,-100],[-63,-260],[-24,-589],[-141,-186],[3,-216],[-105,-44],[-35,-94],[0,-104],[59,-274],[4,-34],[39,-352],[96,-454],[-137,-342]],[[54575,34285],[137,-392],[54,-392],[139,-698],[11,-782],[468,-670],[158,-591],[-21,-431],[2,-666],[60,-588],[72,-612]],[[55655,28463],[261,401],[129,215],[223,83],[362,36],[247,-231]],[[56877,28967],[147,606],[141,491],[505,692],[335,225],[678,154],[355,690],[358,400],[297,-315]],[[59693,31910],[245,57],[217,57],[-129,587],[-63,316],[-189,940],[-211,815],[-340,289],[-452,-14],[-264,392],[-49,73]],[[58458,35422],[-235,328]],[[50363,36797],[790,0],[319,0],[581,-170],[268,-251],[610,-338],[395,-395],[428,-565],[377,-198],[444,-595]],[[58458,35422],[3,22],[1312,1461],[388,-143],[5,3],[191,103],[188,207],[278,76],[275,117],[33,32],[39,33],[26,25],[88,76],[114,243],[96,51],[51,27],[16,-16],[78,-76],[32,-31],[26,-25],[21,-21],[29,-28],[52,-53],[316,-321],[131,-244],[111,-242],[212,-134]],[[62569,36564],[-4,262],[49,292],[-73,33],[-52,141],[-1,5],[-2,5],[-81,220],[-181,342],[-172,339],[-1,148],[-4,37],[-6,24],[-80,138],[272,270]],[[62569,36564],[117,-141],[41,198],[14,66],[190,657],[126,32],[215,243],[75,-191],[89,-231],[160,-414],[1821,-514],[192,-924],[1433,-415]],[[67042,34930],[37,-9],[675,-161],[159,-39]],[[67913,34721],[23,88],[-73,650],[107,565],[-54,131],[-358,872],[108,488],[3,349],[0,15]],[[19868,63546],[-27,341],[-9,416],[-57,296],[-305,277],[-318,268],[-317,227],[-202,165],[-184,143]],[[18449,65679],[4,3],[14,2],[4,5],[3,17],[4,4],[5,2],[4,2],[1,5],[2,1],[3,2],[13,0],[9,4],[3,5],[1,4],[-7,11],[1,5],[2,2],[2,1],[10,3],[5,1],[10,11],[1,5],[1,7],[0,3],[2,1],[6,-4],[3,0],[8,6],[4,5],[0,2],[0,8],[2,1],[9,2],[23,19],[10,23],[4,5],[28,11],[26,13],[17,16],[3,21],[9,14],[12,9],[2,5],[9,16],[0,3],[-1,2],[-6,2],[-1,3],[1,6],[1,1],[6,-2],[4,3],[3,8],[0,7],[2,1],[10,-1],[2,1],[9,10],[1,0],[5,-4],[2,0],[2,2],[0,17],[1,4],[8,17],[36,36],[8,12],[24,28],[33,37],[6,9],[4,17],[22,34],[19,25],[31,41],[26,29],[13,26],[3,2],[6,0],[4,2],[2,7],[3,10],[1,5],[1,9],[3,10],[53,61],[51,63],[26,30],[25,43],[24,36],[8,16],[4,3],[4,2],[2,1],[2,2],[2,1],[1,2],[1,2],[-1,6],[1,2],[1,3],[10,15],[15,13],[6,10],[2,14],[2,9],[9,5],[12,5],[7,5],[6,5],[3,9],[0,4],[-1,2],[-1,1],[0,1],[-1,1],[0,1],[-1,0],[0,1],[-1,2],[1,16],[2,15],[16,56],[1,2],[2,1],[3,-1],[8,-9],[4,-1],[5,2],[24,12],[15,12],[23,28],[5,14],[7,11],[7,9],[23,30],[12,23],[6,14],[4,5],[7,8],[25,34],[6,16],[0,6],[-3,6],[1,4],[2,1],[2,-1],[3,-4],[4,0],[4,4],[3,6],[1,19],[-5,6],[-5,9],[2,7],[4,4],[4,1],[8,-9],[4,-6],[4,-1],[5,3],[4,8],[3,5],[-1,4],[-2,2],[-7,2],[-7,4],[0,1],[0,2],[5,6],[3,1],[5,-2],[3,-1],[2,1],[1,5],[0,6],[1,2],[1,0],[3,-1],[2,-10],[4,-3],[6,1],[4,2],[2,4],[0,4],[-6,11],[-1,6],[2,3],[12,12],[11,13],[3,1],[7,0],[3,0],[5,2],[28,35],[25,39],[5,14],[6,17],[4,7],[7,7],[8,5],[10,-3],[6,-5],[6,-7],[3,1],[14,22],[0,2],[-3,3],[-2,0],[-1,0],[-2,-1],[-1,0],[-3,3],[0,2],[4,6],[5,6],[9,12],[9,21],[8,19],[11,12],[15,18],[15,13],[6,2],[12,1],[13,-7],[2,1],[4,4],[0,5],[4,0],[3,2],[0,2],[2,2],[-8,10],[-6,10],[0,32],[2,11],[2,2],[2,0],[3,-2],[2,1],[4,3],[4,5],[6,6],[8,9],[36,49],[28,60],[22,14],[4,5],[4,14],[12,45],[-1,30],[3,7],[7,5],[10,4],[1,2],[0,3],[-3,24],[2,5],[2,6],[20,24],[19,27],[17,25],[8,17],[5,19],[10,20],[5,4],[10,0],[3,1],[2,4],[1,12],[9,24],[7,5],[7,-1],[4,3],[1,4],[-1,3],[-6,3],[0,6],[3,5],[9,4],[4,4],[10,15],[3,0],[6,0],[5,1],[1,4],[-4,6],[1,3],[2,1],[11,0],[5,3],[2,3],[0,4],[-7,7],[-6,2],[-4,2],[0,5],[3,8],[7,6],[6,3],[6,-2],[5,2],[2,5],[4,9],[3,16],[0,15],[2,5],[9,12],[4,9],[1,3],[1,2],[5,-1],[3,-1],[4,-1],[6,14],[0,5],[-1,4],[-3,6],[-209,209],[-3,4],[-1,2],[0,4],[0,4],[2,4],[2,3],[2,2],[3,1],[3,1],[4,-1],[5,-3],[4,-6],[2,-4],[1,-4],[0,-2],[-1,-2],[4,-4],[14,19],[83,-83],[-9,-13],[78,-78],[1,0],[1,0],[5,5],[0,1],[-5,5],[25,34],[4,-4],[2,-1],[3,0],[21,-7],[17,-5],[3,0],[1,4],[5,3],[6,3],[6,0],[5,-6],[2,-1],[1,1],[5,7],[13,12],[19,11],[8,3],[6,2],[4,0],[5,-2],[2,-2],[2,-2],[6,0],[5,1],[1,2],[0,3],[-1,5],[1,3],[2,2],[3,1],[3,4],[0,4],[-1,10],[0,3],[10,13],[9,10],[6,15],[0,7],[0,7],[2,13],[2,6],[2,5],[-209,226],[-1,3],[-49,52],[-10,9],[-9,7],[-13,7],[-14,4],[-15,3],[-11,1],[-11,-1],[-12,-3],[-13,-5],[-11,-5],[-8,-5],[-7,-5],[-14,-12],[-87,-124],[-14,-19],[-9,-17],[12,-14],[1,-3],[0,-2],[0,-2],[-2,-2],[-1,-2],[-3,0],[-3,1],[-13,13],[-42,-61],[1,-4],[2,-1],[1,-1],[0,-4],[0,-4],[-6,-11],[-4,-5],[-6,-3],[-6,-1],[-6,2],[-6,4],[-3,5],[-1,5],[0,7],[4,10],[7,10],[7,8],[153,220],[12,15],[17,16],[22,14],[16,6],[18,5],[19,1],[21,-2],[20,-7],[17,-8],[12,-9],[12,-11],[47,-52],[73,-83],[141,-153],[6,-2],[8,-1],[7,1],[2,2],[5,4],[2,4],[4,4],[4,6],[2,6],[2,6],[4,7],[1,4],[2,5],[3,10],[1,29],[-1,12],[0,2],[1,1],[5,4],[1,7],[1,11],[4,10],[2,9],[2,9],[1,9],[-1,25],[-2,23],[-1,13],[1,13],[3,22],[4,19],[5,19],[2,17],[-2,11],[-3,10],[-8,15],[-13,18],[-13,23],[-3,12],[0,8],[3,11],[6,16],[19,29],[10,18],[6,14],[2,12],[4,13],[4,21],[4,14],[6,23],[6,16],[7,20],[2,10],[2,12],[2,10],[1,4],[1,2],[7,10],[5,11],[4,9],[3,11],[3,13],[2,25],[1,14],[1,15],[4,10],[5,9],[4,10],[4,11],[3,10],[1,8],[2,6],[3,6],[11,9],[6,7],[7,9]],[[20621,69299],[101,-19],[151,-23],[62,-10],[234,-3],[114,79],[120,-60],[157,-51]],[[21560,69212],[235,-61],[276,-45],[93,59],[-31,-218],[63,-187],[48,-282],[5,-259],[180,-182],[241,315],[326,-222],[25,564],[230,265],[278,-11],[195,110],[81,46],[185,240],[252,437],[112,-227],[120,-106],[101,-84],[107,131],[172,-156],[113,41],[181,0],[122,-67],[87,-101],[56,-246],[199,-532],[7,-206],[59,-650],[151,-728]],[[25829,66850],[-64,-173],[-54,-125],[-97,-195],[45,-325],[48,-217],[70,-198],[44,-93],[19,-62],[33,-153],[42,-121],[38,-366],[0,-180],[-14,-236],[21,-81],[18,-27],[97,6],[180,6],[47,36]],[[26302,64346],[44,-73],[48,-69],[-9,-80],[-5,-310],[-14,-175],[-64,-242],[-224,-383],[-57,-70],[-122,-296],[-104,-129],[-138,-247],[-88,-243],[-21,-75]],[[25548,61954],[-138,61],[-66,-28],[-68,-20],[-29,-1],[-51,5],[-39,-6],[-67,7],[-102,18],[-69,20],[-57,32],[-40,-160],[-14,-68],[-70,-64],[-23,-36],[-194,100],[-264,139],[97,65],[-18,73],[-3,24],[-47,236],[-23,186],[-13,82],[-61,42],[-122,74],[-19,127],[11,138],[11,256],[-44,144],[-20,137],[-180,160],[-148,117],[-84,-1],[-195,18],[-74,16],[-116,6],[-164,0],[-218,-1],[-68,-77],[-37,-59],[-57,-69],[-62,-16],[-68,-20],[-39,12],[-65,-23],[-56,-12],[-14,6],[-20,-19],[-31,-34],[-28,-25],[-25,-6],[-27,-28],[-68,-56],[-73,-66],[-27,-57],[-53,16],[-121,-3],[-46,38],[-90,23],[-229,306],[-120,61],[-42,7],[-462,65],[-75,55],[-128,111],[-121,139],[-253,-560],[-454,-15]],[[22961,56905],[-219,132],[-254,194],[-399,276],[-260,153],[-148,192],[-160,280],[-94,248],[-27,273],[55,233],[136,111],[3,89],[-151,98],[72,463],[73,386],[87,364],[239,294],[154,309],[-21,165],[-187,183],[-330,175],[-281,56],[-293,-149],[-205,-64],[-203,104],[-139,-48]],[[20409,61422],[-21,-433],[0,-406],[-163,-3],[-42,-72],[187,-319],[103,-373],[-49,-198],[-84,-288],[-191,-311],[-362,-298],[-354,-76],[-142,-150],[-60,-108],[-254,-72],[-217,-107],[-185,118],[-269,219],[-211,111],[-109,-75],[-33,-201],[102,-169],[34,-57],[284,-212],[21,-129],[-332,61],[-157,-248],[-296,-312],[-103,-220],[160,-204],[121,-275],[39,-357],[218,-277],[33,-104],[-160,97],[-160,-4],[-272,61],[-816,153],[-408,135],[-224,11],[-142,-54],[-120,-166],[27,-233],[6,-52],[51,-401],[24,-238]],[[13451,56000],[98,100],[55,64],[75,84],[88,106],[68,82],[100,122],[70,85],[77,93],[107,134],[71,92],[163,217],[45,61],[13,24],[33,82],[42,74],[37,64],[57,81],[33,55],[27,72],[8,30],[8,42],[7,10],[23,27],[59,58],[26,32],[16,24],[17,25],[50,54],[44,50],[62,80],[47,58],[50,62],[38,55],[39,55],[77,94],[84,122],[87,130],[91,130],[102,139],[109,156],[57,108],[36,66],[51,67],[49,72],[71,103],[29,40],[85,131],[56,88],[139,175],[69,77],[66,67],[172,200],[63,76],[122,168],[29,34],[50,65],[76,116],[48,71],[65,86],[113,136],[45,45],[19,28],[55,62],[89,97],[51,67],[6,6],[10,10],[10,11],[61,182],[14,128],[-1,40],[-5,20],[-12,24],[-13,7],[-8,0],[-7,0],[-2,3],[0,4],[1,2],[3,1],[13,2],[9,-4],[12,-7],[15,12],[30,41],[22,42],[26,66],[11,60],[5,62],[5,52],[18,63],[2,22],[-2,23],[-11,7],[-1,1],[0,1],[0,2],[0,2],[7,14],[-20,11],[-7,-14],[0,-1],[0,-1],[0,-1],[-1,-1],[-1,0],[-1,1],[-1,0],[0,1],[0,1],[0,1],[22,48],[-1,19],[-3,1],[-9,0],[-3,0],[-2,1],[-3,2],[-2,4],[-4,8],[-2,18],[0,2],[5,7],[0,3],[-2,4],[0,6],[2,8],[5,8],[8,12],[3,3],[7,3],[6,5],[14,25],[33,64],[4,6],[2,7],[3,12],[2,11],[2,18],[2,4],[11,8],[8,8],[8,8],[5,9],[5,11],[7,9],[9,17],[6,20],[16,35],[4,28],[3,14],[7,19],[14,20],[19,36],[5,8],[13,11],[10,12],[21,32],[8,9],[6,10],[17,36],[4,6],[3,5],[3,5],[15,19],[34,32],[22,30],[24,30],[9,19],[11,27],[5,32],[3,18],[6,45],[9,85],[6,28],[4,24],[5,50],[2,8],[1,8],[-2,12],[-9,7],[-2,7],[0,8],[7,6],[4,8],[-2,6],[-8,5],[-1,4],[1,29],[2,4],[2,1],[8,-4],[3,2],[5,21],[0,16],[-30,116],[-5,86],[2,56],[-2,70],[-5,21],[-3,41],[2,72],[1,16],[0,3],[-1,4],[-4,7],[-2,5],[1,3],[40,28],[8,12],[4,12],[-1,33],[2,4],[32,26],[5,7],[27,77],[17,27],[42,52],[9,14],[4,10],[5,33],[16,29],[15,27],[7,17],[3,33],[3,33],[-4,19],[-16,28],[-11,23],[0,4],[0,4],[7,13],[4,7],[1,6],[-1,5],[-3,4],[-2,11],[0,2],[1,1],[3,-1],[3,2],[3,4],[1,8],[0,7],[0,2],[1,2],[1,1],[1,0],[8,-3],[4,1],[8,7],[3,12],[-2,19],[-6,9],[-2,11],[1,6],[3,7],[18,16],[20,44],[2,10],[0,10],[-5,20],[-1,7],[2,5],[4,4],[9,4],[24,17],[29,41],[16,35],[2,19],[-4,40],[1,63],[-14,64],[-21,69],[-8,14],[-17,12],[-3,3],[-1,2],[0,1],[0,3],[1,13],[0,20],[-4,14],[-8,10],[-35,24],[-2,3],[0,4],[0,10],[0,6],[3,22],[2,3],[7,3],[7,0],[4,3],[1,7],[-2,4],[-11,11],[-2,9],[-1,7],[5,13],[7,8],[5,14],[3,7],[22,48],[26,42],[27,23],[4,10],[1,8],[0,20],[5,9],[3,6],[9,4],[7,6],[4,9],[2,15],[-4,15],[1,13]],[[19868,63546],[4,-430],[-19,-441],[-117,-230],[75,-143],[-12,-355],[-73,-352],[97,36],[181,99],[176,-60],[108,-168],[28,-126],[93,46]],[[28657,55189],[52,16],[143,155],[39,25],[82,88],[14,24],[263,233],[-20,330],[-38,406],[-53,239],[-39,102],[-55,167],[-84,178],[-35,99],[-413,383],[-344,355],[-244,234],[-136,148],[47,131],[21,120],[32,47],[45,77]],[[27934,58746],[-94,-5],[-44,6],[-94,-14],[-85,-12],[-29,64],[-19,78],[-14,59],[29,224],[23,55],[8,55],[5,47],[-8,61],[-17,36],[-12,54],[-29,49],[-16,24],[-60,-10],[-68,15],[-275,61],[-69,20],[-296,78],[-109,91],[-30,38],[-76,27],[-162,4],[-209,-93],[-145,36],[-142,86],[-88,80],[-107,125],[-89,118],[-60,89],[-43,83],[-17,61],[-31,95],[-13,68],[-12,73],[-4,118],[-8,67],[3,60],[-4,18],[-52,50],[-23,14],[-42,12],[-41,27],[-51,25],[-43,24],[-29,2],[-33,8],[-13,20],[-50,29],[-42,32],[-31,10],[-21,-10],[-105,4],[-44,11],[-39,20],[-53,44],[-80,4],[-23,6],[49,55],[32,30],[29,27],[18,28],[31,65],[27,88],[34,71],[222,20],[138,0],[83,33],[128,32],[118,59],[30,179]],[[27934,58746],[39,63],[107,208],[74,56],[139,131],[76,89],[125,-150],[435,-361],[298,-316],[382,-305],[233,-193],[81,150],[50,264],[82,353],[39,229],[15,225],[-27,110],[-27,74],[104,26],[92,1],[126,10],[133,11],[164,37],[180,-27],[149,78],[35,108],[6,188],[-19,137],[60,82],[86,111],[108,149]],[[31279,60284],[-69,16],[-305,57],[-241,183],[-67,169],[-9,266],[-175,283],[-215,284],[-184,294],[-21,168],[-351,369],[111,1030],[-170,173],[71,452],[121,259],[153,124]],[[29928,64411],[-95,151],[-156,124],[242,170],[50,425],[52,121],[-5,213],[50,108],[-44,183],[0,184],[-6,82]],[[30016,66172],[-6,-1],[-37,2],[-198,-66],[-71,105],[-80,71],[-118,151],[-56,22],[-154,165],[15,16],[6,18],[-6,12],[-61,-7],[-62,-7],[-59,0],[-44,6],[-40,18],[-42,54],[-114,-75],[-126,-74],[-183,-112],[-130,-92],[-148,-88],[-65,-67],[-129,-103],[-108,36],[-173,77],[-51,12],[-38,29],[-159,99],[-116,51]],[[27463,66424],[-50,-91],[-102,-236],[11,-418],[17,-536],[-93,-201],[-158,-432],[-518,-88],[-148,37],[-68,-65],[-52,-48]],[[25829,66850],[102,75],[161,83],[398,192],[290,20],[167,21],[292,50],[161,117],[96,53],[14,-55],[100,-714]],[[27610,66692],[-147,-268]],[[27610,66692],[34,67],[210,771],[236,520],[94,816],[407,643],[-188,268],[-274,251],[3,203],[-55,159],[-118,0],[-114,-18],[-19,-179],[-166,-7],[-196,254],[152,474],[265,501],[-12,451],[333,675],[252,642]],[[28454,73183],[-137,31],[-1551,354],[-326,-40],[-408,33],[-453,164],[-284,65],[-227,57],[-299,18],[-154,68],[-254,-29],[-196,122],[-327,89],[-510,154],[-341,119]],[[22987,74388],[-40,-309],[-75,-270],[-1,-3],[-16,-510],[-3,-59],[-134,-134],[-247,-192],[-236,-216],[-179,-245],[-96,-195],[21,-525],[66,-540],[21,-69],[112,-368],[58,-173],[-388,-389],[-262,-387],[-39,-275],[-5,-35],[16,-282]],[[22987,74388],[4,29],[66,666],[-9,125]],[[23048,75208],[-11,156],[-8,105],[-27,243],[-3,147],[-35,43],[-24,-2],[-103,-9],[-180,-41],[-146,-81],[-310,-243],[-42,440],[-3,164],[-2,62],[0,33],[-1,66],[-141,31],[-90,20],[-96,17],[-335,59],[-127,14],[-248,27],[-258,58],[-254,5],[-286,99],[-181,-194],[-96,-202],[-25,-92],[-11,-128]],[[20005,76005],[101,-64],[58,-42],[131,-74],[26,-10],[71,-48],[17,-12],[29,-27],[28,-29],[32,-31],[25,-15],[14,0],[16,8],[15,5],[35,-10],[6,1],[16,9],[19,-3],[29,-15],[21,-8],[6,-3],[10,-3],[19,-26],[17,-33],[24,-59],[29,-60],[16,-43],[12,-65],[-1,-39],[-17,-19],[0,-3],[1,-2],[3,-1],[-4,-5],[3,-3],[4,5],[9,-14],[0,-3],[70,13],[8,-14],[8,-16],[18,-33],[22,-41],[23,-44],[-73,-11],[0,-2],[0,-5],[1,-15],[0,-1],[92,13],[22,-195],[-24,10],[-21,10],[-48,25],[4,-53],[77,-39],[3,-7],[1,-2],[39,-79],[9,-16],[7,-13],[-2,-2],[-6,-7],[-17,-22],[-12,11],[-18,20],[-13,17],[-10,12],[-18,20],[5,5],[-40,49],[-4,-5],[-38,54],[-44,116],[-25,61],[-2,5],[-24,63],[-31,67],[-58,56],[-46,30],[-3,7],[-5,5],[-8,2],[-5,-1],[-4,-5],[-1,-6],[0,-5],[5,-5],[11,-3],[55,-35],[45,-46],[12,-24],[38,-91],[76,-196],[10,-21],[36,-45],[73,-89],[26,-26],[13,-8],[17,-9],[12,-6],[3,-2],[22,-23],[1,-3],[0,-1],[-6,-37],[-5,-53],[2,-4],[3,-18],[-1,-9],[-7,-9],[-3,-2],[-5,1],[-1,0],[-1,-1],[-5,-14],[-4,-32],[0,-4],[4,-16],[-1,-15],[-1,-17],[-2,-5],[-10,-10],[-6,-10],[0,-9],[3,-5],[2,-8],[-4,-9],[0,-7],[1,-8],[3,-25],[-5,-14],[-7,-11],[0,-4],[1,-13],[-5,-10],[-12,-10],[-8,-18],[-2,-10],[-1,-16],[-15,-83],[-3,-55],[2,-16],[-5,-41],[-9,-18],[-3,-15],[1,-51],[-2,-8],[-4,-5],[-6,-3],[-4,-6],[2,-8],[0,-7],[0,-2],[-2,-2],[-7,-4],[-6,-2],[-5,-2],[-1,-3],[0,-3],[5,-6],[1,-5],[-17,-44],[-2,-5],[0,-10],[3,-7],[0,-8],[-5,-15],[-11,-24],[-11,-42],[-1,-4],[-2,-3],[-6,-10],[-8,-6],[-9,-12],[-1,-10],[-3,-6],[-7,-5],[-2,-4],[1,-3],[4,-3],[4,-1],[2,-2],[0,-4],[-24,-112],[-1,-5],[-3,-3],[-8,-5],[0,-1],[-1,-2],[0,-7],[0,-6],[0,-8],[-2,-9],[-15,-27],[-9,-17],[-15,-23],[-10,-44],[-3,-20],[2,-19],[13,-29],[-1,-8],[-4,-11],[-15,-17],[0,-5],[-1,-5],[-5,-3],[-3,0],[-5,1],[-2,-2],[-1,-3],[-1,-1],[1,-4],[-2,-14],[-2,-4],[-2,-1],[-2,-1],[-5,2],[-1,-1],[-1,-1],[-13,-55],[-15,-35],[-9,-10],[-9,-3],[-5,-7],[-2,-11],[1,-8],[0,-7],[-3,-5],[-19,-33],[-30,-86],[-5,-26],[-1,-3],[-1,-4],[-1,-2],[-1,-3],[-5,-8],[-13,-30],[-13,-42],[-5,-26],[-8,-31],[-8,-20],[-9,-27],[-17,-43],[-4,-31],[-3,-8],[-16,-20],[-12,-14],[-2,-7],[-1,-10],[-1,-15],[1,-25],[-3,-17],[-5,-8],[-5,-4],[-19,-17],[-7,-14],[-7,-8],[-24,-22],[-3,-4],[-1,-7],[1,-7],[-1,-7],[-5,-8],[-6,-12],[-3,-7],[-5,-6],[-10,-8],[-11,-9],[-8,-13],[-6,-22],[-9,-21],[-11,-17],[-14,-17],[-10,-16],[-7,-11],[-7,-9],[-7,-17],[-8,-39],[-1,-16],[1,-24],[5,-30],[6,-87],[5,-45],[19,-67],[48,-55],[12,-14],[6,-10],[1,-4],[2,-2],[4,0],[4,4],[2,3],[4,0],[5,-2],[6,-5],[18,-20],[23,-38],[9,-15],[9,-7],[11,-2],[10,-6],[2,-7],[6,-19],[0,-9],[-2,-13],[-4,-7],[-25,-11],[-12,-19],[-3,-13],[-2,-8],[0,-9],[4,-15],[10,-14],[7,-3],[4,-1],[2,-2],[5,-12],[2,-3],[3,-3],[3,-3],[3,-3],[3,-3],[4,-6],[4,-9],[5,-12],[8,-22],[9,-28],[5,-21],[2,-15],[4,-31],[4,-23],[6,-19],[1,-7],[4,-7],[19,-15],[23,-3],[9,0],[10,-3],[14,-14],[16,-30],[17,-36],[2,-9],[-1,-3],[-4,-4],[-4,-4],[-2,-4],[-3,-7],[0,-7],[2,-7],[6,-13],[5,-10],[15,-13],[7,-6],[6,-10],[4,-18],[1,-14],[-2,-8],[0,-9],[4,-17],[8,-14],[5,-12],[1,-11],[0,-20],[1,-4],[3,-2],[3,1],[4,1],[4,-1],[3,-4],[0,-5],[-1,-18],[-1,-5],[-1,-3],[-2,-1],[-1,-2],[-2,-16],[1,-27],[2,-9],[4,-9],[7,-8],[7,-11],[2,-3],[0,-3],[0,-3],[-3,-4],[0,-2],[0,-2],[4,-4],[3,-5],[1,-5],[-1,-6],[-4,-4],[0,-4],[0,-5],[1,-3],[1,-7],[2,-7],[2,-9],[1,-14],[1,-9],[2,-9],[7,-21],[10,-15],[3,-8],[1,-11],[1,-21],[-3,-8],[-2,-5],[-4,-7],[-1,-4],[1,-3],[2,-4],[4,-11],[2,-9],[1,-17],[10,-23],[5,-7],[5,-16],[4,-10],[5,-37],[-2,-17],[-2,-7],[-1,-10],[-1,-5],[-2,-8],[-4,-11],[-1,-4],[0,-3],[-1,-7],[0,-2],[-2,-4],[-4,-6],[-1,-4],[1,-14],[0,-6],[-1,-4],[-1,-4],[-5,-6],[-6,-11],[-8,-11],[-3,-11],[-4,-4],[-7,-2],[-2,-7],[2,-5],[0,-7],[-2,-5],[-5,-4],[-1,-4],[1,-5],[9,-12],[-1,-2],[0,-1],[-6,-3],[-1,-7],[4,-5],[11,-1],[1,-4],[-5,-7],[-2,-7],[1,-7],[8,-8],[11,-8],[-1,-6],[-2,-3],[-6,0],[-4,0],[-4,-1],[-3,-9],[-1,-10],[4,-20],[-1,-12],[-2,-2],[-6,-4],[-5,-2],[-4,-3],[-1,-5],[-4,-9],[-8,-11],[-1,-5],[0,-4],[5,-7],[2,-1],[6,1],[1,-1],[0,-2],[-1,-3],[-1,-2],[-13,-18],[-2,-7],[2,-6],[3,-5],[2,-8],[0,-3],[-9,-8],[-3,-2],[-2,-3],[0,-2],[5,-5],[0,-4],[-2,-2],[-9,2],[-2,-4],[4,-7],[3,-14],[-1,-11],[-2,-7],[-4,-10],[-4,-7],[-1,-5],[2,-6],[4,-12],[5,-10],[8,-13],[9,-20],[7,-15],[2,-11],[1,-7],[-1,-10],[-2,-6],[-6,-14],[-8,-14],[-3,-14],[0,-15],[5,-10],[5,-9],[10,-7],[5,-9],[6,-5],[4,-8],[3,-16],[0,-15],[-3,-11],[-9,-15],[-1,-9],[4,-36],[-2,-7],[-3,-4],[-7,-2],[-3,-3],[-1,-5],[-1,-3],[1,-9],[6,-17],[1,-15],[-2,-4],[-2,-4],[-9,-6],[-11,-8],[-10,-15],[-4,-20],[-6,-31],[-7,-24],[-7,-22],[-31,-69],[-6,-16],[-5,-16],[-5,-18],[-4,-18],[-4,-30],[-2,-7],[-4,-10],[-7,-11],[-5,-9],[-4,-8],[-2,-8],[-7,-32],[-1,-7],[0,-6],[-2,-8],[-2,-5],[-3,-13]],[[26928,81862],[4,-34],[12,-211],[49,-171],[-251,-154],[-223,-180],[-188,-107],[-9,-120],[-91,-168],[-118,-35],[-169,-47],[-144,-98],[-64,-146],[12,-159]],[[25748,80232],[-286,-175],[-179,-11],[-158,153],[-332,-85],[9,-168],[30,-154],[-136,-200],[-293,-332],[-142,-108],[-87,-243],[-188,-385],[-323,-401],[-278,-286],[-384,-568],[15,-176],[22,-271],[75,-193],[76,-257],[27,-60],[45,-97],[13,-299],[111,-406],[6,-232],[-343,-70]],[[20005,76005],[-119,29],[-53,33],[-45,50],[-8,17],[-6,113],[-22,89],[-6,50],[4,27],[10,33],[5,18],[-16,88],[-6,13],[-6,29],[1,21],[14,59],[1,20],[-4,77],[8,29],[2,8],[3,16],[9,36],[-2,21],[-35,161],[-15,35],[-25,43],[-19,32],[-19,57],[-10,54],[2,33],[-1,25],[-15,37],[-12,16],[-19,24],[-31,35],[-29,35],[-11,19],[-3,17],[-9,19],[-11,12],[-23,15],[-11,16],[-26,96],[2,63],[19,109],[35,203],[16,79],[42,129],[52,147],[15,26],[13,16],[25,51],[48,63],[29,52],[30,32],[33,35],[26,17],[27,32],[14,36],[20,44],[18,31],[41,41],[27,39],[29,41],[28,41],[14,12],[10,9],[22,38],[18,31],[9,22],[12,12],[15,7],[27,3],[4,1],[27,32],[12,18],[13,16],[8,11],[7,10],[3,8],[0,12],[0,9],[1,4],[4,5],[8,5],[10,5],[6,10],[2,11],[3,12],[7,11],[9,7],[10,7],[6,7],[8,10],[5,6],[11,12],[7,10],[12,19],[10,16],[9,12],[19,39],[4,8],[2,3],[18,17],[7,9],[18,28],[28,49],[30,39],[28,41],[25,27],[19,30],[19,40],[16,24],[11,14],[14,24],[10,16],[15,24],[21,28],[12,25],[8,28],[12,26],[11,39],[6,12],[3,7],[2,15],[13,53],[1,23],[5,41],[2,5],[4,3],[15,8],[5,3],[9,21],[18,23],[27,27],[26,43],[29,57],[29,56],[19,45],[2,14],[-24,52],[0,7],[4,10],[3,7],[2,10],[-5,26],[1,37],[9,11],[4,11],[1,7],[-5,18],[1,10],[28,100],[9,102],[13,26],[16,5],[10,12],[7,20],[8,48],[87,189],[12,36],[6,6],[9,5],[8,10],[6,15],[-4,38],[4,30],[9,37],[6,7],[11,6],[12,7],[6,9],[4,32],[6,18],[6,12],[7,36],[-3,34],[3,27],[11,28],[16,19],[23,57],[19,18],[5,14],[7,40],[3,43],[-4,47],[2,22],[22,66],[5,24],[4,7],[8,9],[1,5],[-4,37],[1,20],[17,52],[10,17],[13,19],[2,15],[-1,30],[4,27],[10,22],[0,12],[3,14],[6,15],[5,23],[8,12],[4,13],[4,17],[9,13],[4,9],[0,6],[-4,11],[0,15],[6,12],[5,5],[3,5],[5,39],[4,44],[5,8],[14,17],[2,8],[-1,10],[-6,59],[0,14],[4,15],[3,12],[0,50],[0,85],[6,49],[-1,17],[-3,7],[-7,17],[0,14],[8,33],[1,16],[-1,34],[6,131],[3,43],[3,20],[7,17],[6,25],[2,9],[10,13],[5,14],[3,12]],[[21509,83168],[56,-42],[101,-80],[281,157],[106,25],[258,-2],[258,-34],[330,-61],[202,-150],[190,232],[-156,145],[60,252],[21,164],[39,182],[-178,171],[-183,219],[-102,136],[-3,169],[60,152],[41,194],[147,307],[143,301],[296,-190],[217,215],[429,239]],[[24122,85869],[248,278],[595,-36],[795,-28],[97,-451],[-34,-416],[626,-257],[501,-246],[317,-172],[130,-289],[64,-360]],[[27461,83892],[-426,-155],[333,-546],[-127,-236],[-185,-252],[-163,-268],[-3,-286],[38,-287]],[[22831,89770],[-54,-53],[-58,-62],[-39,-35],[-34,-42],[-25,-20],[-8,-7],[-2,-3],[-3,-5],[-2,-4],[-6,-9],[-26,-29],[-21,-20],[-60,-58],[-19,-24],[-47,-35],[-54,-67],[-46,-35],[-58,-62],[-56,-49],[-23,-22],[-32,-36],[-21,-21],[-34,-32],[-2,-3],[-3,-6],[-2,-3],[-15,-26],[-9,-9],[-33,-24],[-9,-4],[-9,-4],[-2,-2],[-4,-8],[-7,-14],[-19,-19],[-13,-13],[-17,-10],[-13,-14],[-13,-18],[-28,-25],[-16,-4],[-1,-1],[-1,-2],[-5,-10],[-66,-62],[-56,-62],[-7,-3],[-2,0],[-1,1],[-1,1],[-2,1],[-1,-1],[-1,0],[-1,-3],[0,-2],[-1,-6],[-1,-2],[-1,0],[-3,-1],[-4,-2],[-2,-2],[0,-2],[1,-2],[1,-5],[-1,-3],[-104,-107],[-71,-68],[-88,-78],[-33,-36],[-6,-3],[-12,-4],[-1,-1],[0,-3],[0,-4],[-1,-3],[-16,-16],[-9,-6],[-6,-4],[-31,-36],[-45,-39],[-67,-62],[-78,-77],[-28,-27],[-55,-54],[-13,-13],[-26,-22],[-53,-52],[-40,-39],[-30,-29],[-59,-62],[-78,-67],[-34,-41],[-50,-55],[-8,-7],[-23,-11],[-9,-9],[-7,-17],[-12,-18],[-27,-33],[-28,-27],[-48,-42],[-67,-59],[-45,-36],[-106,-99],[-31,-35],[-31,-27],[-103,-78],[-17,-9],[-15,-14],[-16,-24],[-8,-17],[-52,-49],[-35,-42],[-21,-15],[-29,-16],[-38,-31],[-24,-25],[-39,-47],[-13,-21],[-2,-5],[-4,-25],[-10,-29],[-20,-34],[-1,-9],[-1,-7],[-8,-12],[-6,-7],[-7,-2],[-2,1],[-2,3],[-3,2],[-11,-8],[-36,-36],[-36,-45],[-1,-3],[0,-8],[-1,-1],[-19,-28],[-4,-2],[-4,1],[-4,5],[-3,1],[-2,-1],[-10,-16],[-8,-15],[-2,-7],[0,-4],[2,-2],[3,1],[7,9],[2,2],[3,0],[2,-2],[0,-4],[-3,-12],[-1,-6],[-14,-24],[-1,-2],[1,-3],[6,-23],[31,-31],[21,-25],[11,-14],[22,-46],[1,-1],[6,0],[3,-2],[3,-4],[11,-34],[16,-27],[15,-26],[0,-2],[-2,-8],[2,-2],[10,-3],[5,-6],[7,-8],[4,-6],[11,-11],[35,-38],[70,-59],[30,-23],[3,-3],[12,-32],[-1,-1],[-3,-1],[-2,-2],[-1,-3],[1,-3],[4,-6],[2,0],[6,6],[5,0],[7,-4],[6,-7],[4,-11],[10,-7],[3,-1],[3,1],[1,0],[2,-1],[4,-12],[10,-20],[13,-15],[3,-3],[2,0],[4,0],[6,-5],[7,-9],[4,-16],[28,-52],[21,-76],[3,-36],[2,-33],[-9,-38],[0,-2],[0,-1],[8,-12],[1,-2],[-2,-25],[-2,-7],[-5,-6],[-3,-9],[0,-9],[3,-14],[0,-4],[-11,-60],[0,-48],[13,-127],[-2,-47],[3,-40],[30,-52],[20,-16],[58,-38],[78,-35],[16,-17],[27,-39],[21,-54],[10,-71],[9,-57],[6,-101],[5,-15],[9,-16],[15,-16],[7,-15],[3,-23],[7,-47],[3,-11],[6,-8],[28,-24],[34,-47],[43,-43],[18,-18],[21,-18],[20,-10],[64,-21],[35,-23],[4,-6],[4,-12],[9,-9],[30,-16],[12,-12],[6,-2],[9,-1],[22,-10],[36,-36],[16,-18],[22,-25],[27,-18],[41,-35],[8,-14],[4,-17],[2,-8],[5,-6],[12,-6],[11,-9],[12,-19],[11,-27],[7,-11],[8,-7],[29,-45],[13,-21],[7,-22],[-1,-7],[-5,-10],[-6,-9],[-2,-10],[5,-12],[12,-13],[13,-16],[8,-7],[9,-3],[6,-4],[15,-11],[13,-18],[13,-26],[20,-51],[28,-54],[13,-21],[11,-14],[13,-15],[8,-9],[14,-10],[48,-55],[21,-32],[7,-14],[10,-14],[11,-7],[46,-34],[45,-51],[23,-32],[11,-25],[8,-38],[13,-46],[2,-10],[0,-13],[-6,-24],[-1,-17],[2,-16],[13,-37],[-2,-18],[-11,-23],[-2,-23],[2,-50]],[[24122,85869],[-263,842],[962,918],[-221,16],[-245,125],[-266,260],[-99,519],[17,564],[-280,-137],[-148,57],[-49,19],[-66,25],[-175,191],[-164,274],[-294,228]],[[27461,83892],[211,60],[472,100],[-39,274],[-176,262],[-157,321],[133,89],[218,82],[84,221],[130,125],[275,300],[350,114],[197,250],[203,580],[-723,1146],[662,698],[136,221],[341,14]],[[29778,88749],[-349,1175],[-406,-63],[33,378],[88,364],[149,489],[247,1099],[828,900],[-2413,2356],[-311,-34],[-58,-13],[-19,-28],[-33,-30],[-19,-27],[-17,-21],[-8,-12],[-11,-13],[-10,-18],[-17,-19],[-26,-17],[-1,-1],[-2,-4],[-2,-3],[-3,-6],[-11,-7],[0,-1],[-1,-4],[-2,0],[-5,1],[-2,0],[0,-2],[5,-10],[-2,-16],[2,-17],[-2,-8],[-8,-2],[-5,3],[-10,0],[-3,-8],[1,-6],[2,-4],[-1,-3],[-4,-1],[-11,5],[-5,-2],[-2,-2],[1,-3],[2,-7],[-2,-8],[-2,-2],[-2,0],[-2,4],[-4,4],[-6,0],[-6,-4],[-1,-12],[1,-4],[6,-7],[1,-4],[-2,-3],[-7,-3],[-1,-4],[0,-6],[1,-5],[-1,-3],[-4,-3],[-5,-7],[-1,-8],[0,-5],[-1,-3],[-1,-10],[-4,-11],[-6,-7],[-10,-4],[-4,-3],[-4,-11],[-14,-4],[-4,2],[-2,-1],[-1,-1],[0,-9],[-1,-4],[-6,-15],[-7,-12],[-7,-9],[-11,-8],[-6,-9],[-1,-4],[2,-5],[-2,-4],[-2,-2],[-4,0],[-1,-3],[0,-8],[-1,-2],[0,-2],[-1,-4],[-6,-12],[-13,-14],[-15,-16],[-3,-3],[-6,-9],[-4,-19],[-11,-16],[-22,-25],[-59,-89],[-29,-35],[-1,-2],[-21,-43],[-26,-32],[-18,-19],[-13,-23],[-16,-29],[-7,-18],[-21,-24],[-9,-11],[-28,-29],[-10,-9],[-22,-18],[-4,-18],[-16,-20],[-8,-7],[-4,-8],[-9,-20],[-11,-20],[-20,-21],[-27,-18],[-2,-5],[-1,-19],[-3,-14],[-17,-23],[-26,-32],[-20,-18],[-15,-7],[-10,-5],[-14,-22],[-27,-40],[-18,-26],[-27,-46],[-15,-25],[-17,-39],[-9,-9],[-15,-11],[-11,-22],[-11,-11],[-20,-26],[-29,-26],[-14,-10],[-15,-24],[-25,-39],[-22,-28],[-33,-39],[-14,-17],[-16,-18],[-23,-28],[-18,-26],[-28,-40],[-29,-38],[-30,-37],[-17,-20],[-17,-19],[-24,-24],[-22,-26],[-19,-29],[-17,-20],[-9,-10],[-10,-15],[-11,-13],[-9,-14],[-10,-17],[-6,-13],[-12,-19],[-17,-21],[-10,-14],[-14,-17],[-25,-31],[-14,-17],[-5,-7],[-13,-18],[-29,-33],[-25,-27],[-31,-32],[-18,-24],[-6,-11],[-7,-12],[-10,-11],[-12,-10],[-16,-13],[-36,-40],[-17,-21],[-30,-37],[-32,-34],[-20,-28],[-13,-21],[-13,-19],[-19,-23],[-21,-16],[-7,-5],[-10,-10],[-12,-23],[-3,-6],[-8,-10],[-11,-13],[-10,-10],[-14,-15],[-17,-20],[-18,-22],[-12,-14],[-15,-16],[-18,-15],[-9,-10],[-7,-8],[-10,-15],[-21,-30],[-19,-21],[-16,-13],[-17,-18],[-36,-37],[-40,-40],[-17,-13],[-13,-16],[-19,-25],[-33,-43],[-14,-18],[-23,-25],[-30,-29],[-25,-31],[-11,-13],[-14,-10],[-14,-16],[-6,-10],[-3,-5],[-5,-4],[-7,-4],[-23,-18],[-24,-27],[-10,-19],[-9,-11],[-10,-8],[-13,-16],[-32,-30],[-31,-26],[-30,-29],[-33,-37],[-33,-37],[-34,-49],[-26,-29],[-37,-41],[-30,-36],[-35,-46],[-29,-34],[-32,-28],[-29,-31],[-7,-8],[-3,-10],[-7,-11],[-11,-17],[-5,-6],[-9,-7],[-15,-15],[-18,-24],[-13,-13],[-9,-6],[-1,-1],[0,-1],[0,-5],[-3,-5],[-7,-7],[-39,-34],[-16,-20],[-26,-35],[-30,-34],[-46,-45],[-9,-11],[-10,-22],[-4,-5],[-5,-3],[-8,-6],[-20,-20],[-15,-19],[-11,-12],[-7,-3],[-6,-5],[-14,-18],[-10,-12],[-13,-12],[-13,-10],[-48,-52],[-24,-29],[-20,-20],[-35,-34],[-53,-59],[-42,-46],[-11,-10],[-34,-20],[-18,-17],[-24,-32],[-22,-30],[-21,-27],[-32,-37],[-27,-24],[-29,-23],[-17,-17],[-28,-35],[-34,-41],[-49,-48],[-38,-44],[-25,-26],[-24,-30],[-37,-38],[-16,-16],[-19,-14],[-36,-23],[-22,-19],[-25,-32],[-20,-27],[-25,-26],[-31,-22],[-24,-23],[-27,-31],[-45,-48],[-33,-38],[-13,-16],[-36,-36],[-12,-12],[-19,-15],[-13,-7],[-9,-8],[-15,-18],[-9,-13],[-25,-27],[-81,-74]],[[29778,88749],[81,-271],[816,-598],[744,-1189],[671,-718],[-43,-349],[687,-471],[356,-130],[525,-375],[320,-79]],[[33935,84569],[-120,-183],[-103,-87],[-181,-29],[-227,-36],[-94,-167],[-139,-172],[-108,-150],[136,-201],[-169,-193],[-82,-196],[24,-202],[196,-18],[155,-216]],[[33223,82719],[-345,-270],[-402,-264],[-87,-132],[-164,-189],[-229,-140],[-127,125],[-360,-307],[-562,-421],[-207,-130]],[[30740,80991],[-46,291],[-112,389],[-271,513],[-76,257],[-390,108],[-230,15],[-139,-211],[-12,-168],[-311,246],[-266,215],[-493,-165],[-725,-182],[-507,-296],[-234,-141]],[[25748,80232],[-31,-197],[77,-168],[81,-121],[87,-118],[191,-18],[221,-55],[-61,-188],[-151,-119],[72,-167],[151,-161],[393,-196],[172,-222],[149,-180],[36,-138],[117,-96],[411,3],[233,-171],[133,-127],[53,-231],[71,-198],[75,-417],[21,-166],[62,-213],[-13,-203],[152,-306],[39,-111],[128,-98],[75,-131],[106,-145]],[[28798,75574],[177,-178],[281,-88],[220,-156],[338,-53],[233,104],[199,246],[101,328],[168,559],[435,-71]],[[30950,76265],[142,7],[121,204],[115,207],[112,582],[109,297],[21,162]],[[31570,77724],[12,92],[-499,161],[-275,200],[-262,164],[-230,351],[-60,378],[-142,290],[-170,207],[-33,332],[82,225],[136,218],[377,436],[234,213]],[[28454,73183],[-26,159],[-133,244],[-42,105],[43,84],[148,227],[164,373],[163,414],[-56,224],[68,225],[15,336]],[[36062,79914],[-169,-333],[-183,-887],[-148,-386],[-222,-385],[-170,-159],[-156,111],[-126,42],[-125,-27],[-149,-37],[-233,-89],[-141,-113]],[[34240,77651],[-352,96],[-176,-67],[-230,350],[-142,276],[-260,175],[-42,221],[-97,233],[-181,-501],[-223,-573],[-194,-220],[-528,64],[-245,19]],[[33223,82719],[187,-313],[172,-235],[287,-229],[-51,393],[232,243],[254,-72],[163,33],[166,-15],[136,-50],[100,104],[79,225],[55,145],[27,-50],[33,-200],[90,-142],[170,-201],[-212,-296],[18,-190],[-24,-271],[-24,-200],[12,-116],[133,28],[365,139],[323,-546],[182,-85],[85,-225],[-314,-506],[195,-173]],[[36062,79914],[496,-265],[-88,-179],[239,-246],[315,-420],[178,-119]],[[37202,78685],[350,100],[323,171],[185,365],[84,164],[363,397],[199,307],[181,318],[-404,-136],[383,557],[158,236],[-224,375],[-257,386],[-81,267],[-3,179],[-6,528],[-52,318],[-12,121],[196,147],[269,168],[251,228],[57,264],[25,225],[-58,164],[-139,324]],[[38990,84858],[-185,19],[-112,-135],[-124,42],[-175,-227],[-73,316],[-40,77],[-25,-42],[-319,-27],[-496,307],[-419,-221],[-417,130],[-429,-330],[-374,-289],[-361,34],[-154,-254],[-411,-36],[-633,344],[-308,3]],[[37202,78685],[111,-76],[318,-435]],[[37631,78174],[166,-204],[157,89],[190,-225],[139,93],[257,90],[302,85],[151,418],[42,-382],[245,47],[396,56],[408,0],[245,290],[335,490],[465,583],[163,-277],[147,-250],[10,-239],[49,-200],[-18,-322],[-49,-260],[-23,-77]],[[41408,77979],[186,-152],[91,-104],[230,-196],[127,-197],[-49,-200],[-54,-407],[-30,-319],[-70,-214],[-121,-122],[472,-225],[281,-182],[96,-312],[505,-185],[634,-133],[792,-229],[251,272],[121,-580],[99,-111]],[[44969,74383],[83,144],[246,-338]],[[45298,74189],[104,269],[69,296]],[[45471,74754],[176,841],[50,312],[132,468],[-1006,1253],[-985,1767],[-226,157],[-148,158],[51,274],[-18,89],[7,109],[400,684],[-165,133],[51,259],[-52,270],[-344,176],[89,419],[55,64],[-558,1025],[-27,19],[-115,84],[-110,259],[-118,145],[-104,135],[-32,33],[-98,117],[-72,104],[-774,1049],[-916,598],[-888,-125],[-186,-211],[-200,-227],[-283,-322],[-67,-12]],[[34377,74319],[18,-215],[30,-447],[15,-275],[233,-401],[57,-447],[168,-320],[48,-110],[-88,-71]],[[34858,72033],[52,-34],[163,-93],[51,-28],[1,-46],[-16,-32],[-4,-145],[248,89],[222,75],[121,-270],[91,-99],[133,-179],[38,-61],[41,-46],[41,-13],[22,-33],[61,-20],[41,2],[36,32],[40,-4],[30,-24]],[[36270,71104],[-30,219],[113,-44],[33,6],[170,203],[37,41],[51,9],[50,-17]],[[36694,71521],[-87,265],[-136,415],[-85,444],[69,608],[-139,422],[-45,222],[39,197],[-24,153],[233,172],[263,61],[211,-7],[178,-215],[218,4],[127,143],[72,343],[194,-268],[314,-82],[215,104],[163,136],[235,153],[166,-11],[176,-261],[347,-343],[88,415],[63,447],[94,476],[78,432],[64,240],[-254,326],[287,336],[725,-505],[529,340],[69,540],[203,543],[64,213]],[[37631,78174],[-889,-183],[-175,-332],[-224,-408],[-154,-229],[681,-630],[-925,-764],[-762,-515],[-184,115]],[[34999,75228],[-296,-240],[-142,-172],[100,-193],[-145,-250],[-139,-54]],[[34240,77651],[83,-257],[24,-336],[-308,-143],[-182,-350],[25,-193],[368,-336],[405,-379],[275,-296],[69,-133]],[[34858,72033],[-91,-48],[-434,-175],[-159,-112],[-209,-28],[-41,16],[-18,-34],[-257,148],[-76,-159],[-58,36],[-48,-95],[-62,18],[-450,238],[-186,86],[-457,54],[-108,13],[-18,-191],[-16,-274],[18,-231],[22,-223],[-9,-127],[-18,-243],[19,-26],[59,-61],[18,-32],[18,-95],[-9,-56],[12,-33],[23,-21],[27,-68],[-1,-20],[-119,-90],[-80,-60],[-12,-125],[-40,-57],[-36,-49],[36,-109],[33,-70],[24,-198],[6,-31],[-13,-152],[-25,-44],[-66,-77],[-14,19],[-10,8],[-140,-154],[-2,-25],[7,-15],[-251,-246],[210,-100],[-3,-26],[-53,-125],[-27,-58],[-13,-14],[-35,-65],[-60,-74],[-10,-29],[-42,-69],[-21,-43],[-30,-43],[-44,-41],[-23,-78],[17,-223],[34,-164],[-62,36],[-149,64],[-28,31],[-163,178],[-96,139],[-85,96],[-36,-45],[-84,-84],[-63,-88],[-50,-58],[-54,-128],[-113,-140],[58,-150],[60,-138],[10,-35],[42,-93],[77,-171],[-25,-44],[-37,-93],[-68,-159],[-49,-76],[-15,-61],[-47,-60],[-114,-61],[1,-101],[-22,-98],[-47,-90],[-372,-62]],[[30950,76265],[89,-152],[124,-236],[238,-506],[438,3],[-55,-264],[149,-328],[450,-348],[256,-533],[367,399],[153,-382],[1067,628],[151,-227]],[[35802,63154],[158,463],[-372,489],[-251,190],[-458,757],[-37,-16],[-52,24],[-25,47],[-12,38],[1,88],[-12,32],[-56,22],[-53,40],[-5,22],[2,78],[-32,27],[-45,129],[178,182],[95,77],[69,118],[-36,282],[-1,213],[3,356],[169,141],[123,449],[49,68],[113,-1],[59,116],[172,505],[88,113],[-77,516],[8,226],[-18,414],[-24,381],[441,231],[314,198],[87,72],[-87,474],[20,185],[-28,204]],[[29928,64411],[726,-4],[137,-126],[227,-94],[566,161],[115,-233],[270,-163],[60,-113],[205,-67],[124,-5],[130,39],[57,-86],[68,-74],[95,-7],[104,219],[85,70],[-43,118],[144,85],[15,120],[81,-14],[102,-274],[138,-797],[154,-148],[230,-28],[157,-161],[200,-126],[232,-134],[236,-11],[173,-150],[172,-142],[84,58],[89,58]],[[35061,62382],[56,42],[-51,175],[-79,208],[-85,187],[-30,112],[209,78],[330,-135],[391,105]],[[35297,58924],[-23,-18],[-115,44],[-42,-3],[-150,-243],[-104,-105],[-58,-33],[-44,-202],[-46,-60],[-68,-54],[-51,-65],[-173,-268],[-8,-31],[-100,-136],[-97,-151],[-160,-179],[-168,-255],[-134,-194],[-52,-132],[-90,-117],[-76,-45],[-50,65]],[[33488,56742],[-91,134],[-55,36],[-84,53],[-22,66],[-19,584],[127,460],[-7,212],[-211,656],[-124,323],[-181,0],[-130,26],[-118,150],[-60,277],[-154,237],[-173,64],[-202,61],[-196,18],[-148,57],[-200,91],[-161,37]],[[35061,62382],[124,-248],[70,-158],[-316,-228],[4,-446],[288,-12],[137,-179],[102,-237],[229,-470],[-105,-351],[-57,21],[-54,-7],[-13,-511],[3,-121],[-35,-134],[-36,-117],[-105,-260]],[[33488,56742],[-46,-28],[-189,-148],[-154,-70],[-162,8],[-103,-26],[-58,-57],[-27,-12],[-65,-51],[-62,-28],[-210,-35],[-40,-173],[-85,-114],[-68,-50],[-57,-88],[-43,-26],[-10,-69],[-36,-60],[0,-75],[-40,-36],[-27,-49],[-17,-32],[-28,-51],[-45,-40],[-36,-58],[-6,-46],[-38,-36],[-71,-36],[61,-62],[75,-68],[28,-3],[83,-45],[235,-138],[60,-12],[47,11],[41,-14],[132,-181],[28,-71],[9,-112],[-35,-99],[11,-173],[47,-140],[-2,-36],[-35,-67],[-15,-139],[-36,-101],[-164,-242],[-282,-514],[-142,-202],[-43,-43],[-65,-60],[-271,-434],[-117,-170],[-11,-45],[3,-51],[30,-60],[1,-44],[-130,-266],[-32,-87],[104,-89],[-145,-430],[-351,-456],[-238,-488],[-153,-652],[-61,-118],[-128,-182],[-59,-64],[-72,-34]],[[36608,47801],[-49,201],[-4,340],[66,155],[19,216],[0,165],[-97,151],[-190,169],[-179,177],[-160,183],[-33,151],[48,263],[12,219],[94,108],[88,137],[51,183],[157,183],[57,259],[149,130],[160,133],[136,187],[155,254],[147,125],[151,196],[235,169],[206,21],[131,-38],[200,-12],[71,44],[51,179],[127,306],[162,290],[145,273],[182,209],[218,201],[196,112],[75,26]],[[39385,53866],[-133,639],[-161,843],[-116,511],[-65,456],[-29,284],[-133,14],[-152,-8],[-107,-6],[-197,-111],[-202,-309],[-317,-377],[-535,10],[-169,5],[-450,14],[-275,72],[-287,646],[-176,405],[-166,47],[-139,-151],[-169,-25],[-94,162],[-27,398],[-69,95],[-36,50],[-65,98],[30,268],[33,181],[10,249],[42,281],[66,317]],[[51643,56359],[-169,50],[-199,14],[-301,-295],[-136,-244],[-155,-341],[-81,-212],[-140,-330],[-413,-493],[-235,-294],[-134,-306],[-292,47],[-197,-352],[202,-266],[33,-323],[-117,-205],[-179,25],[-224,140],[-325,489],[-219,259],[-204,157],[-264,141],[-190,151],[-227,25],[-208,-277],[-221,-226],[-254,-191],[-260,54],[-270,133],[-254,40],[-316,-266],[-205,-83],[-175,-269],[-304,-313],[-73,-202],[-54,-208],[-222,-57],[-180,86],[-185,412],[-165,121],[-61,134],[87,213]],[[44157,53297],[-165,4],[-286,97],[-244,50],[-453,44],[-248,194],[-154,244],[-73,302],[-453,-36],[-582,79],[-276,346],[-263,229],[-124,-108],[-57,-381],[-203,-386],[-220,-170],[-106,3],[-80,115],[-106,168],[-344,-191],[-246,-205],[-89,171]],[[44157,53297],[78,184],[-119,312],[92,302],[201,352],[134,97],[-63,202],[-181,258],[-121,395],[66,686],[-99,198],[-144,133],[-237,212],[-209,267],[-93,208],[-121,471],[-77,341],[-38,231],[4,325],[31,302],[72,285],[50,413],[36,192],[71,266],[59,254],[17,244],[10,276],[23,259],[77,75],[132,49],[172,17],[170,-26],[129,21],[97,88],[-50,203],[72,85]],[[44398,61474],[-98,109],[-207,155],[-59,47],[-201,8],[-96,-141],[-135,-130],[-157,-9],[-277,19],[-56,56],[-61,-10],[-57,-34],[-43,5]],[[42951,61549],[-35,0],[-292,-88],[-449,-8],[-362,-7],[-214,-8],[-189,184],[-134,129],[-195,196],[-220,216]],[[40861,62163],[-143,-76],[-94,-65],[-99,-102],[-61,-106],[-73,-109],[-37,-20],[-58,-30],[-65,-8],[-18,16],[-96,-26],[60,-142],[-16,-49],[5,-19],[32,-38],[-36,-60],[5,-11],[-24,-62],[11,-24],[49,-145],[35,-233],[16,-55],[13,-129],[-15,-122],[-51,-124],[-147,-140],[-183,-114],[-101,-129],[-75,-51],[-59,-77],[-21,-58],[23,-95],[-29,-95],[-75,-46],[-50,-55],[25,-179],[-132,-109],[-22,-83],[-42,-88],[-60,-74],[-49,51],[-14,170],[-55,163],[-46,80],[-19,72],[-1,68],[-147,200],[-21,43],[-28,63],[-23,112],[-14,52],[-2,127],[-80,174],[-24,158],[-25,159],[-48,74],[-60,198],[-1,84],[38,83],[-94,376],[36,366],[-291,225],[-248,126],[-183,96],[-119,36],[-89,-55],[-312,-364],[-221,-456],[-210,-198],[-93,77],[-31,541],[-251,586],[-386,-30],[-508,40],[23,89],[40,255],[51,118],[23,90],[31,74]],[[36694,71521],[78,-153],[58,-84],[101,-99],[212,-156],[258,-159],[133,-94],[290,-139],[231,53],[31,248],[-79,306],[87,94],[149,-167],[169,-210],[170,66]],[[38582,71027],[124,-179],[145,-115],[142,-36],[157,36],[281,-93],[-86,-265],[-207,-555],[-396,-551],[-305,-322],[118,-330],[210,-409],[116,-203],[145,-240],[149,-310],[153,-342],[318,0],[232,-237],[438,-595],[445,-591],[1023,-883]],[[41784,64807],[28,-94],[80,-201],[60,-250]],[[41952,64262],[-43,-116],[8,-189],[-111,138],[-52,-33],[-209,154],[-188,231],[-229,89],[-160,-41],[-126,-32],[-40,-79],[-69,-173],[-24,-45],[-44,-113],[-15,-57],[101,-49],[44,-8],[72,-48],[26,-24],[246,-91],[68,-34],[36,4],[65,-41],[91,-88],[-96,-101],[-90,26],[-41,-103],[36,-44],[32,-64],[4,-31],[-4,-29],[29,-38],[-362,-407],[-14,-206],[-32,-457]],[[42951,61549],[-255,354],[22,249],[26,640],[36,225],[89,-9],[102,-53],[132,0],[343,988],[-812,507],[-374,335],[-131,-231],[-33,-65],[-71,-100],[-73,-127]],[[41784,64807],[55,809],[-37,120],[470,163],[158,17],[1032,65],[196,-13],[74,250],[28,-9],[32,1],[58,-14],[94,29],[104,-73],[689,-362],[109,28],[60,-6],[50,63],[58,28],[53,46]],[[45067,65949],[37,-4],[102,-41],[26,15],[432,72],[354,-100],[462,133],[344,49],[460,-57],[290,-11],[341,-57],[465,-43],[315,54],[308,61],[356,-19]],[[49359,66001],[-21,-270],[-99,-325],[-97,-252],[-179,-369],[-229,-368],[-212,-264],[-326,-348],[-311,-227],[-296,-300],[-43,-241],[-15,-240],[109,-125],[58,-162],[48,-197],[8,-151]],[[47754,62162],[-156,-215],[42,-365],[-27,-355],[-215,-64],[-1092,676],[-912,561],[-118,77],[-174,-260],[-102,-114],[-233,-327],[-23,-237],[-122,-285],[-224,220]],[[47754,62162],[141,-2],[115,-178],[126,-163],[109,-82],[214,-60],[278,-9],[97,92],[261,-45],[584,-328],[-62,-271],[-243,-728],[280,-126],[-47,-141],[-349,-406],[313,-667],[260,-740],[-76,-240],[761,25],[813,-7],[1022,-383]],[[56599,63797],[167,382],[132,284],[-440,487],[301,502]],[[56759,65452],[-848,1693],[-717,264],[-1381,223],[-921,239],[-113,27]],[[52779,67898],[-735,219]],[[52044,68117],[-120,-241],[-226,-262],[-375,-315],[-444,-376],[-236,-337],[-272,-333],[-287,-237],[-277,-68],[-399,50],[-49,3]],[[46282,70981],[-192,-59],[-78,15],[-41,30],[-66,50],[-171,128],[-94,-190],[-163,-89],[-139,65],[-224,143],[-39,118],[30,243],[43,465],[45,398],[-48,258],[302,-36],[211,35],[171,308],[96,-69],[12,-3],[29,62],[-87,164],[91,273]],[[45970,73290],[101,88],[104,-177],[328,414],[391,28],[223,13],[26,-906],[11,-347],[-151,-326],[154,-73],[-3,-167],[1,-244],[0,-172],[-1,-191],[-3,-92],[-6,-198],[-269,19],[-382,10],[-96,10],[-116,2]],[[45970,73290],[-94,162],[-106,52],[-263,386],[-209,299]],[[44969,74383],[-108,-110],[-100,135],[-221,-257],[-193,-251],[-163,172],[109,294],[87,211],[-272,118],[-148,46],[-87,-436],[-173,-329],[-99,-222],[-354,-108],[-245,-71],[-25,-248],[-484,-279],[-448,-146],[-363,-82],[-486,-158],[-200,-46],[-69,-483],[-280,-140],[-258,211],[-372,362],[-414,86],[-99,-319],[-142,-350],[-218,-473],[-272,-301],[-290,-182]],[[45067,65949],[-255,508],[-3,602],[-54,251],[-43,111],[394,414],[125,752],[-32,33],[25,118],[94,146],[-18,76],[-5,62],[15,107],[57,45],[52,31],[33,151],[46,204],[112,237],[40,26],[95,140],[100,131],[137,134],[129,304],[31,122],[61,74],[57,139],[22,114]],[[52044,68117],[-419,21],[-479,369],[-209,683],[-189,1137],[-362,1229],[-440,709],[-729,780],[-824,872],[-190,1386],[-155,489]],[[48048,75792],[-62,4]],[[47986,75796],[-234,104],[-299,225],[-118,63],[-21,-171],[-350,101],[-137,-421],[-69,-110],[-52,-199],[-57,-159],[-23,-26],[-16,-63],[-31,-25],[-16,-74],[-34,-52],[1,-33],[-59,-108],[-139,-164],[-65,-87],[-49,-10],[-116,-6],[-376,109],[-255,64]],[[23743,2058],[592,-286],[659,296],[1019,-51],[911,-19],[1338,-211],[661,-145],[695,246],[163,57],[1,85],[4,213],[14,742],[157,1337],[203,812],[1101,704],[1352,521],[706,664],[643,604],[443,434],[469,549],[212,213],[45,46],[97,98],[22,22],[73,37],[88,45],[225,114],[153,132]],[[35789,9317],[-174,-52],[-124,-35],[-166,-46],[-190,182],[-20,69],[-19,69],[18,90],[51,120]],[[35165,9714],[0,5],[-3,238],[-91,160],[-302,80],[-308,32],[-272,33],[-405,69],[-277,-16],[-185,85],[-220,-74],[-182,-173],[-183,-36],[-233,49],[-136,-69],[-152,-198],[-220,-210],[-55,-160],[-271,-23],[-212,-173],[-225,-21],[-44,-4],[-251,-74],[-148,-180],[-250,-247],[-212,-134],[-350,-73],[-158,193],[-193,253],[-133,189],[-133,370],[55,156],[78,258],[-42,305],[-251,-77],[-78,185]],[[29123,10432],[-185,-167],[-266,-203],[-320,-326],[-239,-319],[-238,-124],[0,-352],[-182,-998],[-305,-842],[-223,-1412],[-499,98],[-585,542],[-81,109]],[[29123,10432],[-34,236],[112,754],[127,762],[-698,94],[51,450],[3,562],[43,471],[-21,399],[-46,311],[-3,171],[-66,192]],[[28591,14834],[-166,-102],[-194,-79],[-193,-4],[-203,185],[-81,127],[-64,174],[91,125],[191,167],[241,200],[79,166],[-9,152],[-82,199],[-239,-31],[-640,-69],[-281,-7],[-423,7],[-345,-18],[-81,-120],[-345,-228],[-465,-308],[-462,-127],[-396,15],[-115,11],[-81,-87],[-36,-138],[-64,-210],[-48,-192],[-145,-91],[-169,-3],[-293,-19],[-115,-54],[-130,-243],[-230,-272],[-275,-246],[-253,-247]],[[22570,13467],[-70,-79],[82,-439],[60,-370],[0,-290],[-175,-36],[-287,18],[-68,15]],[[22570,13467],[-306,272],[-275,167],[-120,192],[-155,-36],[-196,80],[-193,148],[-94,127],[0,180],[61,237],[151,145],[133,172],[205,38],[323,-54],[166,210],[94,190],[88,466],[72,362],[52,282],[-13,145],[-157,105],[-78,-87],[-181,-257],[-257,-105],[-245,112],[-350,153],[-360,239],[-153,151]],[[20782,17101],[-77,-6],[-132,-12],[-161,-29]],[[27180,16928],[269,-98],[389,-69],[330,13],[380,45],[200,-105],[426,-141],[145,-45],[166,-118],[57,-22]],[[29542,16388],[-87,-217]],[[29455,16171],[-429,-138],[-148,-239],[-42,-414],[33,-180],[-145,-294],[-133,-72]],[[20782,17101],[161,76],[211,58],[268,3],[333,77],[289,73],[441,40],[172,130],[169,272],[321,532],[540,728],[188,416],[-37,105],[-12,87],[91,293]],[[24291,28568],[541,71],[508,43],[341,83],[357,76],[498,181],[511,325],[595,412],[492,349],[610,313],[789,53],[463,20],[240,-109],[161,-161],[255,-102]],[[30652,30122],[257,118],[129,125],[6,206],[221,108],[241,214],[55,351],[-127,335],[-194,216],[-268,170],[323,325],[338,372],[273,149],[909,75],[356,-51],[348,18],[290,4],[508,178],[64,78]],[[26751,24496],[190,-4],[248,44],[154,141],[206,288],[66,325],[3,233],[45,259],[112,153],[36,257],[64,266],[21,240],[-58,177],[167,-40],[190,-90],[166,92],[139,136],[148,70],[212,-20],[169,-108],[272,-143],[226,-89],[109,75],[76,412],[87,363],[149,465],[205,502],[257,441],[148,397]],[[30558,29338],[69,518],[25,266]],[[32449,22905],[-91,-275],[-63,-105],[-290,-250],[-499,-416],[-459,-384],[-426,-325],[-559,-362],[-359,-163],[-100,-120],[-36,-220],[-73,-178],[-118,-177],[-91,-141]],[[30558,29338],[311,-269],[550,-383],[779,-748],[484,-420],[534,-318],[469,-274],[284,-152],[-375,-383],[-323,-431],[-275,-354],[-118,-329],[0,-365]],[[32878,24912],[-112,-524],[46,-460],[-224,-669],[-139,-354]],[[34362,18513],[-387,-33],[-263,13],[-351,-109],[-586,-275],[-525,-174],[-130,-250],[-278,-145],[-79,-224],[-257,-62],[-235,-36],[-366,-184]],[[30905,17034],[-153,-46],[-234,-96],[-184,-62],[-178,-80],[-565,-97],[-49,-265]],[[32449,22905],[323,54],[328,126],[150,-357],[-15,-393],[151,-317],[108,-271],[185,31],[259,30],[145,18],[7,-148],[12,-347],[25,-128],[8,-39],[-6,-242],[-127,-304],[-85,-160],[-60,-354],[51,-196],[130,-108],[191,-149],[146,-121]],[[34375,19530],[-1,-168],[-19,-406],[4,-277],[3,-166]],[[36461,23284],[-441,337],[-290,184],[-261,264],[-5,7],[-38,86],[-55,124],[-263,181],[-218,181],[-332,172],[-251,121],[-317,159],[-224,87],[-287,5],[-244,-10],[-209,-151],[-148,-119]],[[34375,19530],[2,225],[-43,674],[100,111],[121,-13],[275,-32],[432,50],[124,-32],[178,-18]],[[35564,20495],[27,188],[85,217],[103,237],[54,212],[42,260],[39,181],[28,250],[51,217],[39,103],[9,24],[133,-8],[94,304],[71,196],[7,21],[25,152],[36,116],[54,119]],[[36093,18364],[-64,100],[-72,126],[-12,268],[-73,304],[-84,330],[-67,181],[-54,268],[-88,192],[-6,173],[-9,189]],[[34362,18513],[18,-178],[-6,-194],[350,18],[187,22],[209,62],[260,-8],[359,22],[209,87],[145,20]],[[36093,18364],[18,-407],[-45,-309],[90,-254],[372,146],[169,-181],[-251,-407],[-637,-268],[-188,-312],[-36,-419],[-154,-363],[45,-352],[0,-441],[27,-194]],[[35503,14603],[-290,6],[-350,-14],[-202,-55],[-185,-14],[-54,119],[-76,120],[-114,24],[-79,-133],[-21,-137],[-169,-13],[-191,-167],[-78,-275],[12,-341],[15,-237],[-9,-200],[-345,221],[-350,377],[69,319],[0,326],[7,316],[-118,210],[-290,130],[-318,-58],[-133,-119],[-190,-134],[-66,-203],[-260,-232],[-70,275],[15,312],[55,199],[-33,261],[-46,344],[-66,127],[-233,297],[-308,467],[-127,313]],[[35165,9714],[233,165],[272,310],[63,242],[103,196]],[[35836,10627],[-360,27],[-347,58],[-583,79],[-583,0],[-293,204],[-454,427],[-758,722],[-278,493],[-483,341],[-336,423],[-229,146],[-592,446],[-236,399],[-148,246],[42,218],[61,148],[-76,149],[-278,192],[-290,511],[-160,315]],[[37044,10958],[-139,127],[31,240],[24,277],[18,393],[-248,388],[-133,276],[-142,283],[-290,137],[-250,41],[-115,242],[-103,279],[-82,235],[-87,268],[0,283],[-25,176]],[[35836,10627],[520,-42],[610,-4],[78,377]],[[36698,8513],[101,-467],[215,-360],[327,-219],[-204,-530],[447,-438],[118,-247],[66,-690],[309,-497],[-117,-781],[54,-963],[97,-759],[438,-1058],[132,-177],[41,-54],[19,-26],[20,-26],[477,164],[100,265],[-52,530],[73,418],[-97,869],[489,311],[265,169],[555,676],[735,895],[283,178]],[[41589,5696],[304,528],[461,204],[1270,258],[151,601],[-218,378],[-866,307],[-160,289]],[[42531,8261],[-124,5],[-347,14],[-317,3],[-532,88],[-474,-77],[-336,67],[-299,109],[-97,134],[-127,0],[-167,-24],[-308,-73],[-210,-41],[-301,38],[-257,36],[-104,-230],[-246,-158],[-390,51],[-277,269],[-221,485],[-699,-444]],[[42531,8261],[326,-27]],[[42857,8234],[-39,290],[-91,225],[-63,207],[94,196],[64,98],[99,152],[106,216],[30,62],[217,346],[10,55],[57,340],[122,498],[20,83],[52,145],[120,336],[202,897],[260,841],[172,598],[91,455],[339,479],[199,545],[486,676],[124,59]],[[45528,16033],[85,198],[96,266],[0,574]],[[45709,17071],[-210,-84],[-884,-186]],[[44615,16801],[-76,-22],[-147,-23],[-184,-60]],[[44208,16696],[-12,-3],[-366,-196],[-217,-149],[-239,-266],[-468,-465],[-119,-60],[-159,-80],[-469,-85],[-447,-18],[-601,61],[-580,276],[-287,199],[-187,156],[-64,315],[-157,417],[-483,923],[-293,611]],[[39060,18332],[-318,-122],[-238,-36],[-12,-221],[-170,-167],[-38,-170],[-13,-58],[-85,-185],[-268,-311],[21,-489],[-18,-612],[33,-431],[166,-533],[60,-344],[-27,-334],[-66,-551],[-174,-655],[-5,-19],[-293,-845],[-136,-341],[-157,-696],[-48,-261],[-106,-33],[-124,40]],[[35789,9317],[248,-72],[288,-289],[183,-203],[190,-240]],[[36461,23284],[145,-119]],[[36606,23165],[333,-181],[250,-174],[91,-209],[-184,-384],[-15,-445],[-106,-275],[6,-141],[124,-340],[151,-243],[399,-430],[435,-384],[169,-149],[637,-1115],[164,-363]],[[44208,16696],[-160,344],[-203,29],[-172,102],[-128,110],[-11,9],[-50,168],[-67,388],[-10,143],[-175,51],[-144,114],[-245,134],[-97,271],[-229,112],[-284,178],[-336,248],[-381,123],[-374,252],[-403,338],[-153,147],[-269,148],[-161,172],[-117,199],[-57,244],[32,234],[-102,304],[48,250],[-12,264],[-187,366],[-239,376],[-141,218],[93,228],[43,159],[162,469],[9,221]],[[39688,23809],[-263,506],[-263,384],[-589,292],[-303,-413],[-295,-404],[-423,-369],[-417,243],[-254,123],[-284,-37],[-154,-177],[76,-246],[30,-329],[57,-217]],[[50246,14645],[-621,-7],[-719,305],[-716,366],[-662,-62],[-396,29],[-604,225],[-396,192],[-305,242],[-299,98]],[[45709,17071],[94,377],[39,273],[-108,196],[-88,170],[-57,308],[-58,384],[133,293],[272,299],[486,421],[120,124],[264,274],[505,213],[495,139]],[[47806,20542],[-3,-152],[67,-413],[133,-282],[287,-330],[123,-141],[384,-69],[230,188],[-4,16]],[[49023,19359],[295,-129],[360,-222],[239,-148]],[[49917,18860],[189,-116],[-148,-816],[-106,-579],[-70,-386],[155,-490],[104,-327],[361,-1139],[-156,-362]],[[49989,12822],[-53,1104],[310,719]],[[42857,8234],[1593,-132],[615,178],[1412,214],[1892,-188],[277,310]],[[48646,8616],[266,299],[76,594],[150,483],[21,849],[278,652],[91,215],[461,1114]],[[47806,20542],[67,157],[151,232],[254,445],[163,333],[9,384],[-79,311],[136,435],[-36,257],[196,210],[38,226],[56,327],[-21,391],[-238,249],[-22,22],[-752,691],[-955,1495]],[[46773,26707],[-136,193],[-136,55],[-103,-33],[-57,-137],[-88,155],[-157,33],[-157,-44],[-224,-18],[-229,-126],[-144,-13],[-225,42],[-259,128],[-230,-24],[-100,-10],[-156,-46],[-321,74],[-380,103],[-70,127],[-232,25],[-218,14],[-276,42],[-230,76],[-29,9],[-100,42],[-135,-159]],[[42381,27215],[-87,-286],[-128,-274],[-19,-197],[-23,-293]],[[42124,26165],[171,-121],[354,-250],[378,-230],[287,-110],[321,-100],[265,-213],[61,-286],[-33,-462],[5,-805],[-54,-639],[126,-341],[366,-282],[170,-194],[21,-482],[-67,-468],[97,-168],[-25,-447],[-75,-214],[-21,-161],[130,-134],[-51,-167],[-125,-341],[-8,-209],[120,-450],[173,-404],[-99,-442],[-56,-465],[-94,-383],[154,-396]],[[49359,27113],[3,252],[-8,70],[-16,147],[-48,171]],[[49290,27753],[-260,-62],[-240,38],[-29,3],[-325,30],[-181,17],[-434,-185],[-462,-211],[-509,-586],[-25,-29],[-52,-61]],[[49023,19359],[883,1183],[272,1185],[344,994],[-42,1895],[-192,463],[-150,596],[-543,246],[-118,595],[-58,291],[-60,306]],[[42124,26165],[-104,-430],[-81,-349],[-24,-315],[42,-134],[91,-116],[19,-143],[-79,-152],[-131,-91],[-172,68],[-214,138],[-173,-109],[-60,-170],[-51,-264]],[[41187,24098],[-25,-159],[-537,-51],[-937,-79]],[[38232,28613],[-163,-336],[-64,-242],[7,-284],[90,-211],[-93,-292],[-418,491],[9,245],[-329,456],[-205,301],[-330,472],[-214,449],[-317,314],[-172,405],[-66,206],[29,235],[4,29],[3,22],[38,280],[91,538],[119,120],[72,76],[214,-52],[73,37],[8,165],[109,127]],[[36727,32164],[184,130],[170,232],[-160,162],[-136,118],[-152,199],[-151,343],[-148,61],[-150,-71],[-227,-30],[-78,156],[14,158],[33,209],[28,242],[-121,108],[-191,87]],[[41187,24098],[-73,235],[-21,235],[-70,680],[-96,579],[-18,318],[139,94],[126,170],[37,195],[-31,137],[-105,83],[-336,297],[-262,282],[-163,230],[-321,171],[-400,444],[-237,827],[-524,169],[-173,-432],[-232,-24],[-195,-175]],[[38440,31485],[-165,99],[-151,68],[-303,143],[-78,49],[42,-236],[-60,-53],[-218,7],[-351,197],[-214,224],[-215,181]],[[38232,28613],[-85,97],[48,431],[0,300],[-18,473],[55,150],[19,52],[38,105],[-114,308],[54,196],[196,99],[61,177],[-10,300],[-36,184]],[[42381,27215],[-105,229],[-63,235],[9,583],[104,666],[40,670],[187,590],[361,563],[244,492],[64,445],[80,589],[6,163],[-52,85],[-546,424],[-493,626],[-302,354],[-176,343],[-172,476],[-26,142],[-6,33],[29,262],[74,113],[24,159],[-65,265],[-317,173],[-269,-36],[-275,-148],[-78,-212],[-181,-105],[-354,47],[-263,43],[-154,65],[-181,4],[-55,-94],[-147,-60],[-52,154],[-163,115],[-187,126],[102,159],[77,207]],[[39006,36236],[-61,-113],[-100,-138],[-147,-175],[-212,-340],[-127,-331],[-127,-229],[-27,-114],[117,-196],[56,-222],[24,-405],[-19,-199],[34,-537],[48,-231],[100,-115],[292,-70],[145,3],[212,-86],[15,-138],[-55,-129],[-207,-154],[-49,-185],[87,-221],[-268,-208],[-167,-117],[-130,-101]],[[37989,32226],[14,-1],[9,-53],[-7,-37],[-12,-26],[-17,-7],[-12,69],[3,11],[16,31],[6,13]],[[38076,32007],[0,-4],[-1,0],[0,-1],[-3,0],[1,-3],[-3,0],[0,2],[-1,0],[0,6],[1,0],[0,-3],[3,1],[0,2],[3,0]],[[50142,36724],[-15,-286],[-13,-335],[-11,-390],[-139,-483],[12,-563],[52,-545],[-517,29],[-294,5],[28,-421],[42,-304],[11,-414],[10,-366],[-299,-144],[-281,-343],[-130,-304],[-33,-310],[24,-350],[-160,-477],[-78,-226],[-200,-85],[-151,-94],[-90,-150],[-140,-261],[-208,-219],[-37,-41],[-145,-94],[-130,-37],[176,-278],[37,-121],[156,-301],[151,-250],[187,-173],[260,-98],[533,-229],[295,-157],[245,-156]],[[55655,28463],[-1005,-363],[-1134,-1069],[-148,-435]],[[53368,26596],[-39,-112],[-227,-366],[-209,-87],[-2,-3],[-445,-185],[-236,34]],[[52210,25877],[-239,36],[-307,478],[-401,184],[-1058,-463],[-846,1001]],[[58930,83455],[-106,-89],[-808,-522],[-1114,-627],[-588,-327],[-801,-446],[-781,-326]],[[54732,81118],[-137,-265],[-115,-218],[-57,-307],[-79,-518],[22,-314],[187,-429],[199,-143],[-42,-461],[51,-633],[-42,-400],[-94,-518],[31,-247],[105,-257],[218,-58],[233,-218],[380,-68],[21,-228],[-163,-397],[6,-462],[-18,-429]],[[55438,74548],[106,-254],[140,-220],[327,117],[256,161],[179,107],[133,229],[208,219],[235,115],[384,114],[223,161],[192,-19],[165,33],[160,11],[139,117]],[[58285,75439],[62,52],[188,144],[384,415],[187,278],[154,-71],[316,131],[116,80],[76,209],[-44,244],[45,159],[719,484],[187,-252],[377,220],[193,-106],[260,-119],[148,-156],[118,213],[158,39],[109,256],[135,332],[154,402]],[[62327,78393],[-414,309],[24,81],[148,3],[118,240],[-179,262],[-376,497],[77,238],[165,494],[218,392],[-74,135],[-133,366],[-132,391],[-63,154],[-117,21],[-182,36],[-97,-100],[-153,-161],[-131,-267],[-134,-131],[-124,-171],[-164,39],[-132,179],[-100,135],[-50,209],[-88,339],[-344,63],[-332,-27],[-254,-21],[9,-177],[-3,-125],[-36,-66],[-38,-34],[-118,59],[-15,105],[-11,102],[-6,284],[-37,332],[-65,304],[-47,317],[-7,256]],[[58930,83455],[601,507],[530,73],[665,574],[931,1278],[399,768],[151,385],[225,336],[164,209]],[[62596,87585],[160,-125],[311,-196],[202,-129],[-456,-399],[-154,-175],[-70,-289],[475,-100],[290,-71],[-36,-186],[-239,-164],[-251,-50],[-163,-382],[-305,-356],[-230,-240],[-63,-410],[151,14],[284,-125],[329,-150],[414,-182],[329,-7],[49,-178],[157,21],[54,114],[130,-89],[79,25],[81,-10],[-106,-343],[-208,-350],[21,-82],[136,21],[27,-178],[21,-357],[-160,28],[-142,32],[-24,-271],[130,-146],[112,-150],[-42,-147],[196,-193],[75,-217],[-24,-168],[-121,-215],[-323,-107],[-242,-28],[-181,21],[-69,-246],[9,-261],[99,-172],[185,-142],[317,142],[181,72],[118,-182],[218,-422],[105,-389],[40,-461],[-37,-326],[-126,279],[-239,40],[-197,-79],[-150,-233],[-183,-280],[107,-275],[175,-427],[130,-251],[-117,-173],[138,-157]],[[63973,76953],[-166,-113],[-191,-274]],[[63616,76566],[-104,49],[-75,30],[-133,88],[-98,130],[-61,100],[-51,174],[-174,263],[-78,184],[-64,164],[15,198],[20,243],[56,165],[10,71],[-265,-3],[-287,-29]],[[63616,76566],[-51,-73],[-127,-200],[-127,-214],[-190,114],[-121,-172],[173,-132],[-103,-168],[9,-218],[45,-383],[360,-150],[169,125],[121,254],[287,50],[175,211],[184,-7],[52,-147],[172,-42],[190,7],[284,293],[330,118],[-76,-211],[-45,-150],[202,-168],[136,-147],[-66,-175],[-290,-172],[-49,-236],[112,-97],[-199,-42],[-306,118],[-338,85],[-175,-85],[12,-161],[257,-190],[350,-182],[106,-93],[313,-7],[455,15],[227,-357],[174,-499],[58,-204]],[[66306,72874],[344,-194],[189,-177],[237,-334],[233,-365],[226,-201],[15,-318],[-12,-237],[-39,-229]],[[67499,70819],[1819,-433],[1066,-314]],[[70384,70072],[816,-219],[532,-144],[135,-35]],[[71867,69674],[1130,-199],[-6,251],[82,232],[132,1],[130,-5]],[[73335,69954],[116,-4],[200,370],[113,575],[167,587]],[[73931,71482],[-12,597],[254,444],[199,644],[423,594],[-332,351]],[[74463,74112],[-514,157],[-429,115],[-489,28],[-484,-136],[-81,-39],[-239,-136],[-326,-197],[-323,-107],[-441,-100],[-218,264],[-175,501],[-251,329],[-263,397],[-477,319],[-550,71],[-405,-93],[70,908],[57,723],[76,579],[45,357],[69,947]],[[69115,78999],[-196,61],[-169,-82],[-194,-225],[-142,-193]],[[68414,78560],[-181,-522],[-142,-218],[-323,-172],[-200,-189],[-54,411],[-296,50],[175,589],[-136,-53],[-281,-100],[-199,171],[-118,-103],[-372,10],[-377,-21],[-175,79],[-49,307],[-208,-79],[48,-368],[151,-186],[181,-468],[79,-271],[-202,-494],[-212,-293],[-187,97],[-236,68],[-323,443],[-351,-422],[-356,208],[-97,-81]],[[66807,89325],[-187,-7],[-375,0],[-245,-47],[-75,-114],[-193,-107],[-384,-146],[-269,-82],[-124,-114],[-217,86],[-164,32],[-199,46],[-79,-118],[-66,-185],[-151,-132],[-278,-93],[-293,-103],[-295,-245],[-179,9],[-113,84]],[[62921,88089],[-325,-504]],[[68414,78560],[-142,110],[-142,186],[-81,193],[-6,743],[-100,-85],[-199,46],[-324,-7],[49,779],[102,878],[285,18],[178,50],[254,-50],[199,179],[181,43],[115,360],[-184,289],[142,268],[109,375],[75,246],[-9,268],[121,229],[130,296],[-393,36],[-269,96],[-245,-136],[-120,-28],[-303,28],[157,450],[309,493],[353,474],[3,250],[-115,225],[-284,-22],[-293,-110],[-217,-86]],[[67750,85644],[-221,36],[-103,-15],[-75,86],[-67,32],[-78,-10],[9,78],[-172,86],[-124,100],[-115,157],[-12,174],[-39,207],[-85,268],[-12,189],[-63,82],[-106,153],[84,89],[372,182],[272,246],[408,15],[-48,463],[-49,478],[-3,349],[76,193],[-169,128],[-94,-199],[-194,-82],[-154,-32],[-54,99],[-109,0],[-18,129]],[[66807,89325],[212,310],[142,200],[160,146],[166,71],[236,239],[323,239],[112,206],[75,150],[103,128],[91,310],[69,203],[54,317],[28,218],[214,53],[184,153],[121,147],[139,192],[81,292]],[[69317,92899],[687,-290],[314,-176],[200,-281],[214,-334],[272,-245],[193,-261],[227,-447],[307,-260],[270,-244],[169,-160],[146,-111],[138,-141],[145,-127],[144,-124],[106,-69],[196,-108],[127,-37],[139,-83],[177,-83],[343,20],[152,20],[55,112],[28,6],[6,0],[6,-3],[15,-14],[15,-14],[7,-12],[1,-6],[-1,-8],[-5,-11],[-26,-43],[-19,-31],[-18,-25],[-1,-6],[0,-5],[3,-7],[8,-19],[5,-36],[5,-27],[7,-13],[15,-7],[58,-7],[31,0],[12,4],[8,8],[45,65],[10,12],[14,5],[62,0],[44,-2],[44,-7],[13,-5],[16,-17],[25,-17],[33,-11],[33,-6],[28,-10],[61,-28],[19,-8],[32,-10],[47,-8],[19,0],[17,8],[15,9],[7,0],[10,-6],[38,-37],[12,-12],[7,-15],[3,-48],[-8,-45],[-11,-31],[-9,-11],[-12,-8],[-40,-16],[-57,-14],[-59,-16],[-31,-12],[-30,-3],[-25,6],[-27,12],[-27,4],[-29,0],[-32,-6],[-51,-26],[-41,-22],[-13,-11],[-8,-20],[-3,-38],[8,-46],[8,-37],[9,-26],[16,-29],[9,-8],[10,-3],[34,6],[79,12],[41,-4],[44,-14],[26,-18],[48,-20],[71,-32],[65,-44],[5,-8],[3,-8],[9,-40],[-1,-53],[-2,-32],[-3,-10],[-15,-21],[-26,-25],[-18,-14],[-67,-28],[-15,-14],[-12,-17],[-8,-45],[1,-61],[2,-18],[9,-20],[39,-36],[30,-24],[34,-10],[26,-5],[35,-9],[25,-16],[63,-51],[40,-52],[13,-20],[6,-44],[-2,-33],[-7,-42],[-6,-13],[-63,-66],[-14,-21],[-28,-62],[-16,-30],[-114,-119],[-16,-18],[-11,-38],[1,-26],[1,-85],[9,-24],[23,-21],[42,-27],[25,-3],[16,3],[32,14],[57,16],[75,8],[25,-3],[20,-7],[22,-15],[23,-14],[13,-13],[65,-71],[29,-37],[19,-17],[29,-8],[34,-2],[14,4],[9,1],[16,-6],[38,-19],[62,-40],[12,-11],[11,-16],[7,-10],[9,-7],[9,-9],[11,-24],[12,-20],[2,-14],[-3,-15],[-5,-34],[13,-193],[5,-31],[10,-29],[9,-64],[18,-154]],[[75522,86380],[-249,-29],[-215,114],[-432,17],[-507,-3],[-472,7],[-275,86],[-377,10],[-3,371],[-58,571],[-474,18],[-338,-432],[-632,193],[-287,-50],[-148,-210],[12,-393],[-290,-135],[-78,-321],[-13,-279],[-6,-171],[-238,107],[-209,257],[-133,193],[-87,178],[-85,107],[3,182],[-199,-111],[-64,75],[-78,250],[-188,-321],[-326,-171],[-305,-8],[-402,86],[-211,-275],[-393,-478],[-15,-171]],[[69317,92899],[-13,12],[-14,17],[-17,25],[-18,34],[-26,51],[-49,107],[-31,81],[-29,72],[-32,115],[-23,70],[-29,56],[-20,34],[-16,16],[-9,3],[-15,3],[-12,-1],[-11,-1],[-18,-4],[-15,0],[-79,33],[-43,34],[-22,33],[-23,30],[-34,60],[-34,56],[-35,65],[-7,16],[-17,25],[-20,15],[-16,1],[-15,-3],[-22,-11],[-42,-7],[-23,0],[-40,2],[-15,-1],[-37,0],[-17,1],[-30,-2],[-38,-3],[-39,-5],[-27,-1],[-53,-3],[-22,2],[-38,2],[-25,3],[-27,10],[-18,13],[-15,21],[-10,37],[-17,45],[-2,37],[13,81],[7,54],[6,43],[-3,35],[-2,38],[-11,31],[-8,13],[-30,47],[-21,35],[-13,36],[-18,60],[-12,46],[-6,32],[-17,57],[-29,33],[-22,16],[-33,15],[-27,14],[-75,35],[-33,27],[-27,58],[-19,51],[-6,33],[-2,34],[3,52],[8,65],[0,43],[1,32],[13,84],[9,92],[5,48],[6,38],[8,44],[8,38],[5,56],[-1,41],[-36,45],[-59,15],[-16,-10],[-36,-17],[-38,-27],[-21,-17],[-19,-9],[-11,-4],[-13,-2],[-55,1],[-29,7],[-23,8],[-30,21],[-15,12],[-8,13],[0,13],[6,18],[9,25],[-1,18],[-11,45],[2,28],[5,33],[7,31],[2,25],[0,18],[-5,26],[-7,22],[-17,34],[-8,15],[-11,15],[-23,35],[-21,30],[-36,44],[-42,34],[-44,36],[-21,10],[-22,9],[-58,24],[-27,11],[-27,4],[-18,0],[-20,2],[-26,9],[-25,23],[-15,22],[-7,24],[-2,31],[0,38],[2,56],[0,50],[-5,21],[-12,21],[-26,30],[-34,44],[-24,16],[-26,20],[-23,25],[-26,39],[-32,44],[-26,36],[-32,30],[-38,39],[-46,56],[-19,24],[-29,34],[-15,17],[-6,11],[-13,20],[-10,22],[-11,38],[-6,22],[-5,32],[-5,26],[-17,46],[-12,23],[-12,14],[-12,19],[-18,29],[-7,15],[-12,31],[-13,27],[-15,29],[-11,32],[-6,24],[-16,34],[-9,16],[-3,14],[-2,40],[2,39],[2,30],[0,19],[-2,14],[-3,24],[-3,32],[-1,37],[-1,71],[2,53],[0,36],[4,49],[12,97],[6,27],[5,24],[10,45],[11,59],[3,28],[1,28],[1,20],[-5,14],[-4,16],[-12,27],[-16,25],[-20,18],[-23,16],[-28,17],[-27,11],[-42,14],[-42,11],[-22,6],[-40,6],[-36,8],[-35,2],[-32,-2],[-29,-6],[-25,0],[-23,3],[-35,16],[-31,22],[-17,16],[-19,21],[-15,31],[-4,11],[-9,31],[-10,27],[-5,23],[-2,17],[-1,34],[1,26],[1,13],[15,75],[5,27],[5,25],[0,21],[0,19],[-1,23],[-4,24],[-3,12],[-8,23],[-15,24],[-20,17],[-22,18],[-19,14],[-29,21],[-20,8],[-24,3],[-16,-2],[-23,-10],[-21,-15],[-26,-24],[-34,-32],[-32,-25],[-22,-8],[-25,-1],[-27,3],[-16,6],[-26,18],[-20,17],[-12,13],[-11,16],[-13,22],[-11,25],[-10,19],[-8,21],[-3,22],[-2,33],[-5,24],[-2,19],[1,16],[4,18],[9,23],[9,20],[9,21],[6,12],[8,13],[12,14],[11,18],[7,23],[11,29],[6,20],[3,17],[3,37],[2,30],[1,25],[5,37],[0,44],[-1,22],[-2,19],[-11,35],[-15,39],[-21,38],[-23,26],[-15,15],[-18,10],[-23,13],[-27,18],[-27,18],[-20,12],[-11,6],[-11,5],[-776,-596],[-660,-556],[-201,-608],[-172,-519],[-63,-1064],[-159,-928],[-199,-1039],[-254,-767],[-274,-698],[14,-1044],[63,-458],[86,-632],[361,-1094],[188,-956],[-24,-524],[-5,-116],[-14,-311]],[[59372,70193],[-121,354],[-166,254],[-163,230],[-136,300],[-76,136],[-66,197],[-73,301],[3,336],[-78,347],[-152,158],[-36,222],[94,404],[94,372],[108,165],[-102,261],[-161,314],[49,308],[181,143],[-63,150],[-176,204],[-47,90]],[[66306,72874],[-281,96],[-227,-146],[-45,-233],[-49,-186],[-305,136],[-350,36],[-221,132],[-18,-118],[-39,-82],[-154,-236],[-212,-172],[-323,164],[-251,212],[-356,-355],[211,-504],[-142,-394],[-48,-269],[-293,29],[-321,79],[-202,93],[-347,68],[-82,179],[-251,-32],[-130,-201],[-278,-36],[-21,-261],[-356,-308],[-626,-336],[-728,-330],[-368,-197],[-121,491]],[[53508,72842],[-46,93],[-118,157],[-296,50],[-446,225],[-185,94],[-568,325],[-193,-93],[-312,322],[-256,-7],[-269,168],[-333,122],[-272,100],[-299,121],[-163,197],[-438,283],[-278,343],[-178,-100],[-580,847],[-230,-297]],[[47986,75796],[195,683],[126,234],[1122,285],[102,500],[457,141],[683,26],[883,254],[419,-172],[111,412],[398,741],[657,785],[638,808],[791,556],[164,69]],[[55438,74548],[-435,-179],[-305,422],[-157,-121],[-462,-118],[-194,-29],[9,-118],[172,-225],[227,-197],[287,-165],[251,-107],[408,-132],[-142,-151],[-266,-186],[-313,-241],[-370,-213],[-160,-125],[-11,-30],[-46,-131],[-161,128],[-96,158],[-166,54]],[[53508,72842],[-67,-90],[-130,-343],[-66,-301],[-58,-290],[-39,-311],[-85,-283],[-196,61],[-269,214],[-157,76],[-239,0],[-57,-161],[-115,-480],[-51,-476],[0,-605],[-148,-225],[130,-275],[115,-139],[338,-22],[368,-338],[7,-235],[-34,-428],[24,-293]],[[59372,70193],[-115,-161],[-142,-108],[3,-240],[94,-57],[193,-64],[166,-147],[178,-480],[441,-741],[127,-330],[24,-74]],[[60341,67791],[-644,-28],[40,-561],[-942,32],[-466,83],[-146,277],[-9,303],[-9,353],[-376,347],[-188,276],[-179,-168],[-286,-254],[-204,-190],[-143,-45],[-114,-99],[-99,-73],[22,-227],[17,-215],[-3,-146],[-27,-102],[-6,-132],[51,-133],[65,-89],[20,-547],[4,-494],[40,-507]],[[60341,67791],[123,-216],[162,-260],[195,-341],[293,-269],[336,-251],[197,-527],[519,-18],[753,-43],[631,208],[260,200],[175,57],[233,120],[229,97],[505,264],[508,297],[568,140],[347,387],[-63,1114],[1087,-14],[423,407],[472,-244],[36,-547],[6,-745],[352,-24]],[[68688,67583],[657,-117],[-215,800],[-275,510],[810,-71],[502,421],[217,946]],[[67499,70819],[300,-361],[62,-471],[-329,-242],[-308,69],[-339,9],[-507,89],[-47,195],[-201,460],[-175,249],[-94,157],[112,401],[-66,426],[87,279],[-22,116],[-29,153],[79,100],[241,-118],[6,311],[37,233]],[[66632,58643],[0,63],[6,148],[203,147],[290,427],[196,621],[-202,775],[-227,785],[-251,1145],[-51,1477],[33,122],[54,147],[1037,46],[27,305],[75,244],[819,36],[24,1347],[23,1105]],[[63120,57932],[343,-220],[374,-223],[121,-215],[177,-144],[355,63],[208,505],[109,-191],[280,476],[462,25],[148,32],[97,-29],[24,-118],[118,-65],[142,43],[90,119],[61,97],[160,10],[71,344],[172,50],[0,152]],[[66682,56850],[506,42],[288,-404],[177,-368],[80,-193],[47,-323],[98,-378],[-62,-401],[-273,-464],[-227,-193],[-149,-71],[-473,-45],[-251,124],[-424,555],[-186,298],[-112,376],[169,492],[331,503],[317,343],[144,107]],[[70691,50825],[-172,-36],[-32,114],[-83,299],[-110,39],[-123,-111],[-124,-169],[-74,-155],[-47,-236],[-54,-137],[45,-187],[56,-177],[-196,-111],[-193,-177],[9,-381],[-64,-316],[-57,-198],[154,-22],[118,18],[9,-129],[78,-108],[156,-18],[56,-115],[-71,-43],[-76,-101],[29,-97],[-36,-134],[-245,-158],[-169,22],[-65,-180],[-115,-230],[97,-219],[-8,-346],[-139,-461],[-124,-432],[-33,-360],[-160,-220],[42,-295],[-137,-273],[-112,-133],[-142,-205]],[[71322,44665],[176,162],[193,129],[314,4],[240,115],[306,75],[244,112],[129,-172],[290,-36],[228,564],[158,418],[132,248],[148,482],[137,-319],[263,-609],[280,-43],[302,28],[291,77],[123,147],[87,154],[85,202]],[[75448,46403],[-168,213],[-107,172],[-14,278],[127,284],[228,251],[203,141],[100,162],[-64,302]],[[75753,48206],[-121,11],[-335,55],[-361,232],[-246,118],[-238,641],[-145,294],[-106,202],[-493,-215],[-354,-68],[-365,-72],[-383,25],[-154,303],[-182,49],[-156,5],[48,255],[47,442],[-414,-105],[-174,134],[-312,-83],[-265,270],[-353,126]],[[76491,49048],[-502,492],[-73,187],[233,414],[438,-370],[15,255],[-142,298],[33,1356]],[[76493,51680],[75,228],[-32,333],[87,532],[-21,395],[-72,507],[-88,190],[-166,173],[-12,161],[54,166],[74,119],[-187,162],[-246,-8],[-384,237],[-230,79],[-13,386],[-98,282],[-123,199],[-252,142],[-9,158],[-24,395],[-33,194]],[[74793,56710],[-85,-104],[-103,-32],[-133,32],[-154,43],[-90,-43],[-100,-140],[-118,-129],[-25,-71],[-75,125],[-87,147],[-151,14],[-70,-68],[-42,-86],[-24,-169],[-215,126],[-145,-144],[-181,-111],[-169,-90],[-124,93],[-18,-104],[-136,-129],[-55,-90],[-79,108],[-66,-79],[-156,-142]],[[72192,55667],[-66,-132],[-68,-159],[-79,23],[-48,108],[-264,105],[-103,-94],[-44,-119],[-22,-197],[-73,-100],[-139,-86],[53,-98],[54,-122],[171,40],[18,-144],[-66,-129],[-26,-234],[-29,-341],[-18,-244],[-68,-170],[-109,-223],[25,-194],[126,-144],[79,-179],[-232,-79],[-386,-230],[77,-220],[82,-28],[54,-108],[-81,-94],[-103,-115],[41,-100],[111,-14],[47,-137],[-151,-44],[-63,-197],[-112,-349],[-89,-294]],[[75753,48206],[119,51],[200,79],[50,158],[-49,190],[49,51],[102,-141],[73,133],[69,137],[125,184]],[[74162,43602],[569,-139],[442,-108],[551,-155],[403,-114],[452,33],[523,38],[468,25]],[[77570,43182],[-137,254],[-425,645],[-241,422],[-271,359],[154,195],[-131,108],[-180,-62],[-66,119],[-386,350],[-241,180],[-52,169],[-4,248],[-18,137],[-124,97]],[[77570,43182],[393,-567],[376,-542],[230,-566],[141,-430],[75,22]],[[78785,41099],[578,143],[302,196]],[[79665,41438],[177,37],[158,191],[-157,132],[-109,11],[-245,22],[-183,128],[-33,288],[-1,477],[-87,125],[153,138],[-107,183],[229,461],[-81,205],[-49,270],[-164,167],[-198,71],[-169,320],[-85,256],[-124,266],[61,249],[72,180],[251,50],[353,-310],[130,278],[-115,284],[-102,464],[-9,151],[199,22],[251,36],[-145,360],[33,176],[97,238],[19,36]],[[79685,47400],[-63,55],[-139,104],[-607,400],[-405,194],[-375,342],[-126,68],[-544,-75],[-263,158],[-271,250],[-181,209],[-139,43],[-81,-100]],[[81104,49414],[-109,216],[-15,121],[-35,285],[-307,439],[-186,198],[-462,-70],[-104,77],[324,227],[409,407],[267,204],[167,194]],[[81053,51712],[-300,421],[-420,706]],[[80333,52839],[-114,185],[-366,-266],[-233,-241],[-160,-355],[-423,255],[-39,-316],[-704,-335],[-266,-156],[249,-587],[-1784,657]],[[79685,47400],[56,104],[269,349],[459,630],[375,388],[360,364],[-100,179]],[[80333,52839],[300,261],[154,147],[24,467],[-76,590],[-275,545]],[[80460,54849],[-84,259],[-175,334],[-100,356],[-181,542],[-71,224],[-159,225],[-248,356],[-142,409],[-51,126],[15,179],[-62,217],[-174,164],[-193,265],[-115,234]],[[78720,58739],[-89,-78],[-210,-84],[-251,-93],[-151,-54],[-12,104],[-48,129],[-76,76],[-250,64],[-127,-50],[-170,-154],[-253,-316],[-191,-363],[-133,-190],[-178,25],[-127,198],[-127,165],[-163,79],[-447,-58],[-574,-25],[-217,-21],[-82,-115],[-64,-162],[20,-318],[11,-425],[-18,-262],[0,-101]],[[71867,69674],[-96,-230],[-105,-189],[-37,-262],[9,-111],[369,-111],[24,-365],[157,-577],[287,-387],[61,-408],[-91,-495],[-193,-157],[-82,-588],[212,-158],[18,-362],[78,-487],[210,-526],[240,-521],[502,-484],[214,-284],[19,-322],[-74,-164],[-160,-298],[264,-399],[290,362],[299,-437],[-3,-338],[-27,-337],[-12,-384],[-254,-312],[-228,-146],[-304,13],[-335,-222],[-508,-29],[-290,-36],[-309,-214],[-286,-73],[-63,-391],[-345,-140],[-279,28],[-224,23],[-307,35],[-685,-549]],[[69823,58642],[-399,-86],[-168,-214],[-84,-108],[-121,-47],[-151,25],[-43,126],[-99,-7],[-46,-79],[-163,7],[43,111],[-223,168],[-269,21],[-253,-61],[-312,-7],[-220,83],[-106,-69],[-211,26],[-97,32],[-269,80]],[[69823,58642],[126,-205],[103,-194],[115,8],[157,14],[121,50],[-61,144],[91,43],[140,54],[35,-126],[212,-208],[267,-53],[89,-112],[2,-176],[149,-119],[48,-251],[25,-223],[175,-64],[54,-244],[-115,-101],[-216,112],[114,-270],[163,-201],[139,-108],[115,7],[128,98],[83,-177],[26,-218],[0,-180],[84,-275]],[[78720,58739],[-39,183],[-55,151],[-48,136],[-80,196]],[[78498,59405],[-119,-53],[-390,847],[-242,435],[-377,818],[-402,1015],[-373,725],[-298,361],[-405,599],[-397,769],[25,575],[-435,858],[-320,-130],[-244,853],[-192,334],[-304,279],[-232,164],[-348,444],[-127,627],[-97,488],[22,257],[92,284]],[[73931,71482],[339,-290],[586,-652],[900,-680],[423,-466],[175,-988],[-90,-366],[809,-788],[43,-609],[827,-853],[792,-530],[731,107],[254,-293],[369,-122],[-244,-1131],[77,-836],[-78,-716],[-10,-394],[268,-62],[156,116],[149,-73]],[[80407,61856],[-434,-802],[-421,-882]],[[79552,60172],[-130,-179],[-258,-220],[-94,-257],[-181,-126],[-239,82],[-152,-67]],[[82736,64793],[229,-272],[453,-243],[-6,-309],[-18,-294],[-85,-487],[224,-117],[-81,-294],[111,-13],[-100,-655]],[[83463,62109],[-290,-639],[-462,142],[-242,-212],[-237,-190],[-613,-123],[-442,-882],[-367,-137],[-568,-58],[-690,162]],[[80407,61856],[140,471],[184,891],[-211,83],[46,322],[48,242],[173,893],[812,-129],[218,244],[241,-15],[49,-86],[562,101],[67,-80]],[[82736,64793],[232,90],[160,51],[103,-97],[207,30],[161,-148],[206,7],[15,369],[-378,-68],[-21,168],[49,126],[-161,71],[-296,122],[-208,122],[-345,158],[-253,312],[-88,293],[-33,248],[-100,75],[-184,308],[-275,437],[-248,542],[-259,152],[-132,198],[-319,278],[-67,249],[-327,427],[-250,405],[-726,338],[-481,642],[-335,1003],[190,961],[218,1038],[-307,258],[-42,236],[48,994],[1010,82],[398,884],[-507,1158],[846,1215],[24,858],[196,929],[339,1068],[65,446]],[[80861,81828],[-213,363],[-196,69],[-211,64],[-203,-24]],[[80038,82300],[-405,-1943],[-575,-455],[-476,-828],[-707,-1060],[-469,-573],[-751,-931],[-909,-1442],[-1283,-956]],[[69115,78999],[182,229],[202,186],[94,117],[181,161],[157,186],[106,232],[84,168],[64,161],[-36,153],[12,133],[305,3],[477,57],[324,22],[519,53],[595,75],[336,125],[380,129],[106,-39],[254,-32],[18,367],[109,175],[187,-42],[257,260],[429,257],[375,357],[108,-110],[118,114],[263,-311],[447,-392],[747,-375],[700,-125],[451,64],[676,171],[496,190],[384,129],[37,510]],[[79259,82357],[140,1],[136,-32],[163,16],[169,2],[171,-44]],[[79259,82357],[-143,-7],[-392,184],[-223,100],[-259,170],[-223,145],[-393,337],[-14,11],[-21,16],[-34,17],[-17,6],[-10,8],[-4,7],[-2,7],[-2,27],[-12,44],[-11,35],[-10,22],[-41,59],[-31,49],[-70,98],[-15,14],[-8,21],[-26,78],[-27,156],[-6,48],[-15,52],[-56,187],[-25,51],[-21,18],[-30,13],[-53,5],[-26,-11],[-18,-9],[-18,-19],[-15,-29],[-12,-17],[-20,-16],[-23,-12],[-58,-20],[-86,-18],[-21,10],[-7,20],[2,64],[5,81],[-4,44],[-12,19],[-26,21],[-58,34],[-32,12],[-33,1],[-28,-11],[-168,-88],[-20,0],[-7,7],[-52,98],[-36,78],[-8,59],[2,23],[5,20],[14,29],[13,8],[17,2],[55,-6],[57,-3],[53,0],[12,3],[14,17],[14,35],[10,47],[3,42],[5,53],[6,18],[36,83],[31,76],[4,29],[-5,57],[-12,28],[-20,20],[-49,27],[-81,47],[-76,33],[-30,22],[-8,22],[-5,29],[-12,55],[-17,57],[-20,42],[-15,23],[-26,21],[-30,7],[-41,-11],[-43,-24],[-30,-31],[-38,-46],[-27,-27],[-17,-5],[-38,6],[-15,9],[-8,11],[-12,48],[-7,54],[8,32],[20,37],[15,20],[23,15],[27,23],[21,28],[10,21],[10,66],[13,67],[1,43],[-7,59],[-21,72],[-31,74],[-37,56],[-35,31],[-29,13],[-27,8],[-77,-1],[-45,-6],[-27,-14],[-28,-28],[-26,-55],[-7,-19],[-1,-39],[-1,-47],[-8,-39],[-7,-27],[-10,-12],[-33,-15],[-39,-8],[-31,10],[-21,17],[-24,37],[-11,24],[-2,16],[6,38],[2,46],[3,25],[-1,24],[-2,19],[1,65],[1,47],[-4,74]],[[83463,62109],[64,-130],[193,-179],[145,-47],[194,118],[133,-394],[175,-249],[211,-216],[127,-47],[100,-25]],[[84805,60940],[130,146],[178,-15],[127,130],[15,150]],[[85255,61351],[-36,226],[-33,485],[-58,430],[-42,197],[-54,305],[-67,165]],[[84965,63159],[-42,177],[-120,221],[-125,229],[-35,185],[-78,280],[-49,270],[-42,190]],[[84474,64711],[77,402],[36,530],[-42,685],[-115,258],[-350,627],[-299,570],[-281,723],[-18,387],[72,351],[3,458],[-254,330],[-308,422],[-278,401],[46,383],[57,372],[103,394],[-9,433],[-40,440],[-6,380],[18,239],[-139,197],[-211,322],[-142,354],[-209,319],[37,196],[208,451],[178,826],[46,543],[3,851],[-55,529],[-139,501],[-102,439],[115,432],[-55,626],[-148,557],[-36,536],[263,628],[96,127],[76,102],[77,217],[112,644]],[[82861,82893],[-452,52],[-140,-257],[133,-433],[-658,-345],[-549,-22],[-334,-60]],[[85681,82292],[227,-535],[62,-116],[43,-81],[16,-178],[54,-257],[97,-447],[87,-193],[248,-260],[236,-343],[190,-236],[85,-168],[-109,-218],[-142,-254],[24,-400],[-70,-743],[-78,-912],[-3,-851],[33,-354],[-60,-257],[-67,-404],[-33,-691],[82,-390],[69,-694],[51,-354]],[[86723,72956],[28,-429],[-245,-150]],[[86506,72377],[-100,-62],[-263,-121],[-347,-118],[-480,-129],[-37,-140],[-163,-429],[-97,-577],[-36,-436],[18,-294],[-238,-179],[-31,-229],[46,-337],[112,-225],[-106,-219],[223,-250],[-3,-187],[-78,-229],[251,-368]],[[85177,67848],[53,-184],[52,-182],[49,-377],[-34,-476],[-123,-427],[-91,-107],[54,-190],[27,-161],[-6,-412],[-42,-291],[-127,-354],[-241,-31],[-274,55]],[[82861,82893],[157,-312],[66,-168],[40,-217],[-111,-373],[44,-128],[166,-109],[204,-41],[148,53],[47,57],[10,145],[80,112],[-4,42],[-84,125],[-48,278],[14,116],[89,60],[163,-101],[258,76],[100,-43],[178,-8],[147,-44],[52,-100],[37,-329],[68,-93],[158,-74],[145,-30],[63,0],[185,32],[448,473]],[[88119,68227],[-115,-68],[-129,-169],[-127,-204],[13,-528],[-2,-449],[-173,-497],[-458,-129],[-450,-11]],[[86678,66172],[3,167],[-196,272],[-278,283],[-212,147],[-272,90],[-244,286],[-203,276],[-99,155]],[[86506,72377],[54,-190],[127,-254],[169,-276],[167,-422],[-16,-283],[-148,-93],[-238,200],[-305,7],[-73,-325],[-69,-262],[27,-207],[154,-301],[199,-294],[200,-165],[202,-247],[196,-103],[91,-208],[133,-211],[166,-97],[139,21],[-30,-100],[79,25],[75,-36],[-63,-100],[99,-68],[100,14],[178,-175]],[[83139,52523],[-114,-138],[-205,-227],[-169,-147],[-178,-180],[-76,-209],[48,-129],[124,-83],[-96,-144],[-34,-169],[78,-171],[116,-231],[-179,-155],[67,-174],[-157,-390],[-302,82],[-251,140],[-97,-86],[-33,-665]],[[81681,49447],[-157,115],[-272,7],[-148,-155]],[[81053,51712],[232,399],[323,363],[136,309],[200,234],[419,-275],[590,-160],[186,-59]],[[83915,43066],[-65,93],[-81,92],[-65,60],[-46,71],[-71,106],[-147,75],[-147,78],[-177,72],[-119,35],[-56,100],[-62,92],[-68,39],[-68,17],[-41,-88],[8,-186],[9,-153],[5,-204],[21,-182],[60,-150],[3,-167],[9,-197],[33,-105],[-18,-82],[-103,-65],[-70,-181]],[[82659,42236],[468,-524],[302,-114],[233,79],[-31,152],[78,567],[206,670]],[[82659,42236],[-13,-30],[-102,-256],[-63,-19]],[[82481,41931],[-873,-272],[-176,-37],[-469,-97],[-522,-278]],[[80441,41247],[-40,-21],[-394,-170],[-342,382]],[[81681,49447],[256,-18],[107,-251],[241,-190],[275,-48],[178,-72],[73,-18],[66,57],[130,40],[157,-67],[97,-41],[411,-126],[211,-187],[79,-227],[30,-280],[49,-425],[-55,-230],[-98,-395],[-92,-483],[118,-130],[118,-191],[223,-144],[100,-86],[78,-133],[130,-191],[185,-184],[92,-225],[128,-275],[76,-198],[66,-184],[9,-108],[209,-688]],[[85328,43749],[-184,-179],[-601,-430],[-278,-91],[-350,17]],[[90144,47401],[-107,-674],[-463,-438],[-377,-295],[-339,-288],[142,-177],[263,-259],[157,-439],[-392,25],[-118,-36],[-142,-79],[42,-158],[27,-173],[24,-188],[28,-79]],[[88889,44143],[-118,0],[-392,83],[-457,-226],[-513,751],[-272,-261],[167,-540],[-344,-177]],[[86960,43773],[-76,-39],[-352,253],[-256,-123],[-361,114],[-365,-1],[-119,-203],[-103,-25]],[[83139,52523],[34,-146],[10,-370],[9,-180],[21,-208],[219,-46],[249,49],[316,45],[284,18],[260,75]],[[84541,51760],[86,-254],[97,-254],[62,-197],[50,-153],[57,-373],[33,-280],[45,-234],[73,-32],[335,-126],[293,-126],[305,-144],[296,-194],[281,-184],[64,33],[166,-22]],[[86784,49220],[184,22],[103,-122],[42,100],[481,162],[166,-205],[275,-93],[178,-315],[239,-119],[209,-68],[154,-7],[21,25],[154,-29],[275,-65],[299,-54],[121,54],[299,-82],[33,-144],[-18,-173],[-12,-228],[-26,-301],[183,-177]],[[90144,47401],[-48,170],[57,291],[48,274],[7,198],[96,126],[17,67],[56,217],[93,277],[52,244],[75,169],[85,216],[78,207]],[[90760,49857],[272,453],[181,367]],[[91213,50677],[-616,173],[-774,366]],[[89823,51216],[67,-230],[-49,-244],[-223,-230],[-212,-22],[-272,151],[-223,281],[-314,-36],[-290,43],[-308,-101],[-115,245],[-284,179],[-429,-36],[-314,-151],[-192,-150]],[[86665,50915],[-89,-55],[21,-54],[44,-296],[22,-261],[69,-482],[38,-355],[14,-192]],[[84541,51760],[276,-41],[453,90],[362,142],[264,85],[63,115],[-30,223],[-127,90],[-127,140],[-33,187],[6,158],[18,176],[60,61],[109,-57],[58,-76],[125,16],[83,149],[-66,284],[12,184],[-227,48],[-8,173],[-28,124],[6,61],[-39,133]],[[85751,54225],[-73,25],[-45,0],[-15,115],[20,94],[37,175],[21,280],[67,349],[57,478]],[[85820,55741],[-251,190],[-389,280],[-650,528],[-236,223],[-365,-18],[-224,-4],[-160,320],[-399,585],[-127,205],[-214,-158],[-462,-313],[-121,-499],[-166,-772],[-375,-431],[-459,-550],[-589,-380],[-173,-98]],[[94640,47382],[-267,-94],[-254,-72],[-169,137],[-217,87],[-151,136],[-103,223],[-236,29],[-145,108],[6,194],[-191,36],[-496,-54],[-417,553],[-5,-551],[-433,94],[-222,-164],[-349,154],[-268,-103],[74,-531],[-66,-561],[-238,13],[-59,399],[-290,-14]],[[90760,49857],[511,300],[112,-273],[691,34],[275,62],[338,-54],[125,-198]],[[92812,49728],[292,-633],[659,-238],[42,-370],[487,-340],[348,-765]],[[91207,53562],[-73,-294],[-2,-326],[85,-393],[93,-384],[36,-345],[48,-345],[34,-268],[-4,-10],[-211,-520]],[[92812,49728],[323,438],[284,-57],[622,-86],[284,43],[266,402],[209,337],[247,321]],[[95047,51126],[-336,446],[-256,229],[-245,351],[-314,439],[-79,430],[-36,338],[-175,-151],[-320,-230],[-303,53]],[[92983,53031],[-271,-10],[-164,-58],[-157,159],[-208,-26],[-205,134],[-242,47],[-55,256],[-163,188],[-154,36]],[[91364,53757],[-157,-195]],[[95047,51126],[172,249],[115,136],[158,-30],[90,-108],[40,-220],[66,-169],[187,-36],[100,-174],[81,-79],[106,93],[148,176]],[[96310,50964],[64,-136],[111,-255],[-47,-2558]],[[96438,48015],[-1043,-327],[-755,-306]],[[98768,50717],[-401,-299],[-582,13],[-451,117],[-331,148],[-392,473]],[[96611,51169],[-186,-64],[-115,-141]],[[96438,48015],[186,23],[555,14],[501,12],[671,-5],[865,672],[-668,650],[220,1336]],[[98247,54458],[198,-447],[183,-462],[722,-562],[-113,-716],[385,29],[74,-567],[94,-330],[209,-358],[-275,-87],[-302,31],[-363,158],[-212,209],[-41,-87],[86,-225],[-124,-327]],[[96611,51169],[223,243],[241,302],[97,104],[36,138],[-17,156],[35,116],[130,115],[105,412],[296,460],[24,352],[-66,352],[36,230],[288,193],[177,76],[31,40]],[[97641,58149],[-365,331],[-196,-137],[81,-338],[-431,-235],[-123,199],[-336,-293],[-472,-301],[121,-216],[-281,-234]],[[95639,56925],[-305,-376],[-495,-582],[-454,-424],[-278,-287],[-265,-208],[-272,193],[139,-287],[-206,-481],[-284,-431],[-147,-333],[-119,-386],[30,-292]],[[98247,54458],[-125,146],[133,531],[-574,160],[81,771],[24,223],[69,656],[-135,714],[-79,490]],[[92125,58911],[-9,114],[-13,361],[67,249],[-20,383],[-119,106],[-6,200],[66,266],[-26,308],[-187,229],[-148,219],[-8,182]],[[91722,61528],[219,96],[157,64],[209,22],[296,-122],[266,-118],[302,-155],[245,-28],[51,-3]],[[93467,61284],[49,-243],[30,-233],[-36,-258],[-19,-447],[115,-890],[175,-711],[157,-589],[163,-380],[345,-402],[205,143],[73,223],[-73,129],[447,259],[541,-960]],[[91364,53757],[109,493],[42,496],[55,266],[441,822],[44,558],[156,360],[68,234],[-151,139],[-167,207],[37,193],[-120,153],[91,244],[47,27],[106,-24],[36,345],[-108,146],[56,193],[-50,140],[-13,76],[82,86]],[[91207,53562],[-157,108],[-179,67]],[[90871,53737],[-238,89],[-277,257],[-25,23],[-387,203],[-138,144],[-103,154],[-172,245],[-118,140],[-172,115],[3,151],[3,406],[39,265],[45,241],[6,226],[-45,417],[-79,481],[-85,361],[-193,219],[-103,136],[-317,-11],[-199,-25],[-218,-75],[-84,-59]],[[88014,57840],[-27,204],[-179,426],[-223,211],[-76,155],[-97,122],[-93,154],[-67,205]],[[87252,59317],[556,-15],[91,142],[154,191],[224,305],[326,-230],[205,-329],[100,-140],[72,47],[100,-126],[257,-122],[435,-244],[347,-212],[293,205],[263,-7],[37,156],[-88,2],[-9,160],[251,-2],[97,206],[141,-12],[28,-194],[-61,-79],[33,-381],[191,203],[130,-235],[272,95],[428,210]],[[90871,53737],[-83,-74],[-55,-132],[-42,-147],[-139,74],[-233,53],[-365,169],[-109,97],[-154,33],[-58,46],[-3,16],[-15,71],[-250,64],[-148,54],[-118,25],[-70,-36],[-63,159],[-36,179],[-80,207],[-42,158],[-248,50],[-148,180],[-130,111],[-162,16],[-279,-117],[-316,-91],[125,-590],[-485,300],[-208,-183]],[[86957,54429],[60,-102],[19,-101],[46,-199],[57,-142],[159,-29],[187,-3],[225,-18],[189,-60],[365,-255],[218,-223],[293,-143],[260,170],[298,31],[15,-142],[11,-111],[3,-227],[0,-496]],[[89362,52379],[20,-192],[36,-841],[405,-130]],[[97641,58149],[566,352],[-160,495],[-851,701],[-228,446],[-298,253],[-478,461],[-214,1069]],[[95978,61926],[-526,-164],[-688,-186],[-472,-182],[-281,-122],[-266,0],[-278,12]],[[91819,62837],[-17,161],[-39,369],[-257,229],[-257,259],[-60,132],[-166,76],[6,93]],[[91029,64156],[296,0],[350,35],[366,-64],[305,3],[411,112],[339,43],[60,9],[303,67],[378,10],[579,249],[207,88],[312,61],[73,208],[39,215],[116,154],[188,136],[39,210],[106,124]],[[95496,65816],[107,-394],[-21,-558],[331,-786],[55,-1055],[-29,-902],[39,-195]],[[91722,61528],[-2,206],[-31,141],[98,327],[-16,374],[48,261]],[[86195,54109],[-171,81],[-151,22],[-122,13]],[[85820,55741],[-15,262],[-57,72],[-46,79],[58,86],[112,122],[60,86],[118,61],[193,65],[169,223],[133,-33],[133,-39],[106,179],[-12,237],[-60,144],[-170,280],[19,176],[166,21],[290,-168],[163,-320],[205,-36],[269,122],[181,137],[133,-22],[76,133],[-30,232]],[[86957,54429],[-10,-9],[-117,11],[-85,-75],[-104,-88],[-141,-92],[-116,77],[-14,-131],[-175,-13]],[[86665,50915],[-91,225],[-237,328],[-97,89],[7,163],[85,281],[3,396],[365,-152]],[[86700,52245],[223,-87],[411,-100],[148,307],[196,325],[257,-109],[146,165],[229,-14],[-16,-78],[125,-9],[2,-285],[363,-80],[128,194],[450,-95]],[[86195,54109],[124,-145],[66,-196],[66,-138],[61,-119],[49,-210],[33,-222],[55,-315],[87,-366],[-36,-153]],[[87252,59317],[-162,-24]],[[87090,59293],[-228,-34],[-114,334],[-34,305],[9,413],[61,111],[0,129],[-79,302],[-127,111],[-250,-11],[-309,-237],[-426,-132],[-450,100],[-232,190],[-106,66]],[[85255,61351],[1003,51],[224,319],[322,275],[-75,855],[-45,229],[-115,-50],[-36,208],[-154,81]],[[86379,63319],[227,432],[-173,272],[52,330],[344,358],[333,275],[39,55]],[[87201,65041],[12,-283],[133,-168],[396,-334],[75,-21],[683,724],[224,-291]],[[88724,64668],[-88,-347],[-379,-435],[-86,-311],[-118,-136],[-118,-284],[19,-190]],[[87954,62965],[-276,-448],[245,-893],[-76,-588],[-281,-298],[-275,-262],[3,-345],[-138,-339],[-64,-149],[9,-158],[-11,-192]],[[84965,63159],[363,165],[483,165],[568,-170]],[[87954,62965],[706,-215],[187,-233],[209,-11],[332,76],[499,107],[296,54],[393,-36],[190,101],[254,18],[471,43],[328,-32]],[[91029,64156],[-160,79],[-218,125],[-254,351],[-18,334]],[[90379,65045],[-148,0],[-133,97],[-42,39]],[[90056,65181],[2,-378],[-198,7],[-133,-25],[-209,-59],[-155,-85],[-174,-73],[-64,-65],[-110,27],[-27,76],[-165,37],[-99,25]],[[91799,67736],[-54,-118],[-61,-176],[-102,-57],[-46,-90],[-42,-243],[-139,-15],[-9,-82],[66,-61],[-9,-107],[-78,-94],[15,-114],[-242,-244],[-72,-140],[48,-107],[48,-169],[-6,-168],[-63,-255],[-124,-164],[-97,-137],[-99,-86],[-206,-53],[-148,-11]],[[95496,65816],[-31,379],[-3,26]],[[95462,66221],[-188,160],[-168,117],[-279,367],[-167,127],[-691,-150],[-230,-174],[-160,201],[-293,383],[-163,473],[-124,115],[-174,-37],[-86,-153],[-249,-37],[-53,-160],[-70,-104],[-84,14],[-97,86],[-124,25]],[[92062,67474],[-69,54],[93,118],[-48,151],[-70,29],[-169,-90]],[[87201,65041],[-178,158],[-130,64],[-278,140],[-70,133],[-6,150],[112,129],[82,140],[-55,217]],[[90056,65181],[-278,258],[-224,-107],[-93,286],[-106,140],[-166,100],[-209,298],[-217,391],[-251,236],[-393,494],[142,255],[136,372],[-278,323]],[[91354,69006],[1,-138],[70,-133],[72,-116],[62,-105],[70,-78],[118,17],[61,-165]],[[91808,68288],[-75,-189],[-67,-212],[-12,-115],[145,-36]],[[90379,65045],[-6,272],[-54,309],[-30,218],[84,183],[-103,355],[13,369],[-58,204],[-211,337],[-127,322]],[[89887,67614],[235,104],[19,-211],[190,-90],[97,90],[93,290],[73,247],[214,36],[206,54],[66,182],[82,244],[45,190],[54,147],[93,109]],[[86723,72956],[287,72],[257,-415],[209,-419],[148,-448],[254,-189],[413,-29],[381,-154],[191,-186],[229,-165],[254,-28],[344,10],[118,15],[200,-36],[184,-29],[69,24]],[[90261,70979],[96,-230],[-22,-227],[-37,-299],[-49,-270],[-42,-371],[-9,-363],[21,-285],[-166,-294],[-190,-281],[-58,-267],[18,-272],[64,-206]],[[90452,73239],[175,250],[54,444],[224,551],[121,343],[-37,444],[31,364],[199,501],[139,415],[266,279],[0,400],[24,616],[103,144]],[[91751,77990],[29,37],[-8,25],[-35,52],[-27,50],[-27,54],[-29,53],[-39,22],[-37,0],[-62,2],[-78,-11],[-212,1],[-193,1],[-67,77],[-51,69],[-35,107],[-12,144],[54,133],[32,118],[13,70],[-15,60],[-51,71],[-87,51],[-82,23],[-87,1],[-85,-10],[-64,18],[-64,66],[-68,139],[-43,117],[-53,54],[-79,57],[-75,54],[-66,31],[-61,6],[-72,2],[-53,-22],[-31,-54],[-27,-2],[-53,33],[-54,64],[-24,6],[-54,-27],[-34,-32],[-28,-53],[-8,-47],[4,-39],[-28,-31],[-62,-41],[-51,-46],[-52,-13],[-47,-6],[-63,14],[-16,6],[-43,14],[-4,71],[-67,46],[-108,62],[-1,320],[-42,78],[-53,68],[-66,41],[-80,7],[-41,-34],[-10,-116],[-54,-61],[-134,-31],[-272,-105],[-72,58],[-35,141],[17,124],[36,163],[-15,171],[-31,137],[-103,240],[-229,247],[-62,368],[-177,158],[-187,327],[-73,190],[-165,148],[-91,113],[-65,216],[-89,145],[-194,55],[-286,-115],[-95,-200],[-111,-121],[-118,-74],[-157,-33],[-276,30]],[[90261,70979],[28,105],[75,158],[-48,186],[30,130],[-89,151],[24,261],[-45,297],[-41,363],[109,292],[148,317]],[[90452,73239],[237,-70],[249,-139],[99,-204],[103,-144],[71,-338],[75,-287]],[[91286,72057],[238,201],[153,221],[177,414],[187,322],[387,350],[214,229],[112,253],[121,272],[127,197],[63,257],[33,168],[-27,197],[248,254],[91,186],[51,190],[-31,334]],[[93430,76102],[-52,36],[-29,202],[-177,364],[-22,239],[-96,77],[-152,28],[-71,43],[-99,216],[-35,108],[-122,172],[-140,113],[-76,149],[-79,119],[-138,28],[-107,-58],[-83,-53],[-71,-14],[-93,51],[-37,68]],[[93430,76102],[156,168],[74,81],[46,61],[125,0],[193,-37],[162,-46],[92,-59],[23,-101],[14,-124],[26,-46],[21,-22],[83,8],[71,6],[134,20],[73,136],[72,45],[67,0],[59,57],[65,149],[40,-19],[73,-87],[23,-120],[5,-129],[-48,-132],[15,-81],[52,-49],[112,-103],[131,-82],[74,-130],[67,-91],[49,-29],[59,22],[47,53],[47,113],[-3,134],[38,141],[65,99],[52,38],[73,-37],[69,-76],[78,-203],[135,-332],[168,-274],[128,-117],[-43,-322]],[[96492,74585],[-288,24],[-374,61],[-151,-79],[-170,-250],[-172,-201],[-320,-257],[-281,-154],[-260,-243],[-384,-405],[-226,-232],[-236,-247],[-181,-244],[-85,-132],[-124,-344],[52,-254],[-15,-209],[-82,-347],[-79,-374],[-126,-265],[-109,-233],[-329,-175],[-118,-244],[12,-242],[-115,-204],[-184,-138],[-85,-135],[-85,-323],[-60,-146],[-109,-305]],[[91354,69006],[10,12],[-6,161],[51,140],[109,168],[106,129],[175,36],[100,7],[30,262],[151,179],[215,372],[105,265],[61,297],[-3,297],[-3,219],[-239,-111],[-242,-79],[-78,-118],[-67,-108],[-15,-175],[-63,0],[-85,175],[-160,376],[-90,201],[-16,164],[-114,182]],[[96375,73830],[-280,-58],[-148,46],[-117,36],[-145,-25],[48,-190],[-21,-375],[-169,-433],[-218,-734],[-69,-506],[-201,-93],[-147,-79],[-1,-72],[-118,-116],[-260,-251],[-234,-324],[-187,-195],[-121,-10],[-79,-63],[-122,-219],[19,-105],[3,-59],[94,-221],[-12,-118],[-37,-168],[64,-242],[-31,-100],[-10,-31],[-48,-119],[-34,-111],[-62,-61],[-172,-108],[-213,-110],[-286,-81],[-123,39],[-131,-72],[-85,-85],[-105,-124],[-90,-147],[-119,-64],[-156,-153],[2,-252],[-101,-117],[-91,-86]],[[96492,74585],[-75,-488],[-42,-267]],[[96375,73830],[-97,-626],[-129,-834],[-104,-673],[-63,-406],[216,-504],[177,-414],[-192,-1100],[-136,-500],[-160,-310],[-187,-625],[54,-419],[-109,-504],[-183,-694]],[[67042,34930],[-87,-207],[-90,-296],[27,-300],[28,-202],[17,-122],[94,-242],[-239,-138],[-296,-216],[-235,-58],[-79,-208],[-369,11],[-290,38],[-91,32],[-17,6],[-83,28],[-4,1],[-2,1],[-6,-3],[-3,3],[-4,7],[-20,5],[-20,7],[-7,97],[22,296],[-16,182],[-3,375],[19,407],[-155,1],[-447,-59],[34,-415],[223,-339],[-91,-299],[-317,191],[-124,-136],[-163,56],[-181,-527],[-45,-429],[199,-69],[128,-44],[23,-8],[88,-31],[396,-253],[193,-277],[169,-391],[61,-379],[-4,-284],[-69,-181],[18,-148],[94,33],[187,-65],[-73,-194],[-173,-105],[-244,-185],[-120,-189],[-224,-286],[-181,-119]],[[64490,29303],[-106,199],[-127,148],[-151,58],[-272,11],[-211,-62],[-154,-143],[-206,-228],[-211,-305],[-9,-14],[-99,-87],[-89,-128],[-133,-172],[-90,-115],[-420,-343],[-193,-116]],[[62019,28006],[-109,73],[-278,311],[-164,340],[-163,61],[-410,82],[-339,5],[-571,64],[-18,424],[2,16],[59,373],[90,480],[151,365]],[[60269,30600],[37,130],[-142,134],[-152,105],[-69,194],[-79,186],[37,302],[-79,155],[-129,104]],[[64490,29303],[115,-202],[199,-206],[284,-194],[227,-347],[253,-397],[166,-380],[158,-354],[184,-510],[15,-383],[30,-170],[3,-285],[-74,-138],[-48,-209],[9,-27],[64,-199],[57,-324],[136,-425],[-79,-169]],[[66189,24384],[-228,-205],[-196,50],[-79,-173],[-139,-297],[-299,-286],[-254,-202],[-269,-203],[-272,-134],[-226,-144]],[[64227,22790],[-414,122],[-287,211],[-266,418],[-250,271],[-16,254],[94,520],[190,398],[76,532],[-18,269]],[[63336,25785],[94,732],[-381,112],[-265,211],[-86,67],[-172,486],[-390,414],[-117,199]],[[66606,28807],[109,63],[30,18],[82,60],[113,9],[149,-106],[7,-8],[6,-7],[3,-8],[80,-134],[229,-81],[6,-116],[-36,-203],[-129,-81],[-197,-60],[-138,-162],[-84,-222],[-179,-157],[34,-174],[-18,-86],[-49,-13],[-78,-21],[-118,37],[-23,135],[-38,293],[-9,128],[-3,33],[-7,96],[19,194],[11,47],[0,13],[35,209],[86,162],[107,142]],[[63336,25785],[-239,-18],[-217,84],[-248,131],[-330,108],[-123,212],[-142,235],[-140,262],[-162,270],[-188,130],[-163,359],[-109,-424],[-214,-286],[-360,-328],[215,-54],[39,-112],[-12,-109],[124,-216],[148,-359],[205,-279],[102,-128],[65,-81],[-15,-123],[-1,-8],[-3,0],[-4,0],[1,-7],[4,-7],[-7,-89],[-117,-55],[-221,256],[-193,113],[-167,97],[-259,-11],[-242,-325],[-139,-196],[181,-285],[275,-214],[-97,-227],[-138,-348],[-70,-217],[45,-322],[61,-278],[27,-130],[-124,-228],[-275,-162]],[[60109,22416],[-112,188],[-105,228],[-173,199],[-106,243],[-145,217],[-226,51],[-330,53]],[[58912,23595],[10,409],[142,525],[163,618],[-275,70],[24,407],[55,600],[36,333],[-10,395],[-13,10],[-146,119],[-154,-130],[-261,-198],[-159,-250],[-215,-282],[-109,-185],[-317,157],[184,501],[260,392],[188,541],[280,267],[179,235],[114,167],[11,15],[58,87],[101,146],[160,477],[193,560],[245,575],[411,350],[202,94]],[[56877,28967],[72,-400],[133,-280],[61,-38],[81,-51],[-80,-223],[-162,-262],[-207,-282],[-107,-146],[-173,-374],[-118,-477],[-92,-457],[-100,-373],[-28,-141],[5,-25],[34,-176],[55,-279],[-22,-320],[22,-250],[-3,-264],[-108,-614],[-435,-128],[-381,137],[26,655],[-57,156],[-76,163],[-90,129],[39,102],[-208,282],[-255,243]],[[54703,25274],[-212,-470],[-3,-5],[-14,-32],[101,-112],[189,-210],[157,-257],[31,-289],[0,-340],[-103,-118],[-88,-160],[27,-185],[49,-134],[-9,-184],[-34,-243]],[[54794,22535],[112,-136],[221,-206],[175,-52],[263,145],[148,210],[139,210],[100,123],[68,136],[50,104],[59,-62],[39,-49],[53,-66],[78,34],[-6,181],[76,106],[84,163],[82,130],[102,11],[176,-73],[120,-101],[206,-362],[181,22]],[[57320,23003],[284,-41],[224,282],[226,91],[345,138],[293,68],[220,54]],[[54703,25274],[-123,190],[-188,396],[-103,296],[-275,209],[-223,69],[-423,162]],[[52210,25877],[161,-285],[124,-332],[103,-287],[21,-159],[-90,-130],[-49,-116],[-48,-148],[12,-126],[82,-40],[19,-196],[8,-79],[151,-517],[90,-468],[24,-61],[2,-5],[5,-13],[27,-68],[-136,-181],[145,-199],[-121,-350],[-118,-341],[112,-167],[9,-205],[21,-428],[3,-272],[-12,-362]],[[52755,20342],[405,189],[257,7],[420,-116],[371,-40],[432,105]],[[54640,20487],[40,445],[66,442],[109,525],[-112,191],[-27,109],[78,336]],[[54640,20487],[312,-111],[175,-102]],[[55127,20274],[157,-57],[269,-156],[278,-177],[160,-192],[136,43],[302,-75]],[[56429,19660],[266,-110],[208,-83],[148,-76],[100,-61]],[[57151,19330],[248,976],[-339,584],[-120,382],[6,316],[-43,409],[94,224],[239,278],[120,345],[-36,159]],[[52755,20342],[-184,-29],[-387,-70],[-332,-1],[-118,245],[-294,1],[-648,-42],[-213,-152],[-399,-843],[-263,-591]],[[53326,12677],[91,116],[166,222],[78,297],[52,258],[-5,165],[-1,29],[-15,124],[32,55],[25,43],[2,11],[52,260],[0,272],[-75,355],[-115,240],[-106,359],[-36,304],[0,347],[51,190],[112,118],[192,30],[340,54],[317,97],[88,214],[136,508],[145,926],[21,388],[27,253],[36,337],[0,8],[64,250],[48,314],[42,311],[37,142]],[[49989,12822],[322,43],[447,80],[311,532],[298,212],[30,-314],[-100,-316],[162,-10],[150,-67],[235,-49],[278,-76],[322,-35],[562,8],[320,-153]],[[60109,22416],[-81,-242],[-67,-123],[-55,-141],[-15,-36],[46,-268],[120,-151],[227,-27],[142,81],[161,147],[24,-354],[18,-362],[63,-311],[-92,-139],[-77,-118],[-239,-260]],[[60284,20112],[-220,-257],[-447,-260],[-12,-8],[-337,-90],[-395,-81],[-272,-36]],[[58601,19380],[-232,-232],[-306,-206],[-259,-189],[-18,2],[-245,21],[-236,260],[-81,171],[-73,123]],[[73959,40841],[379,-335],[464,-327],[308,-321],[84,152],[236,111],[88,-311],[460,41],[14,-364],[83,-372]],[[76075,39115],[139,1],[228,-65],[181,-81],[159,-65],[181,-74],[181,-42],[119,-92],[-10,-270],[33,-80],[4,-66],[6,-139],[-10,-164],[38,-149],[32,-127]],[[77356,37702],[156,-28],[217,-19],[172,62],[249,129],[135,145],[202,220],[92,139],[127,90],[171,74]],[[78877,38514],[-3,313],[-126,68],[-203,84],[-48,240],[-184,90],[-158,135],[-121,111],[-77,133],[-35,181],[94,144],[249,183],[159,123],[-53,115],[183,48],[118,7],[106,86],[58,147],[30,144],[-46,99],[-35,134]],[[77356,37702],[39,-83],[2,-59],[-94,-15],[-165,-63],[-108,-27],[-86,-104],[-134,62],[-21,10],[-137,103],[-263,-8],[-205,96],[-212,49],[-220,-35],[-204,-54],[-130,44],[-48,90],[27,103],[51,137],[97,156],[50,148],[80,271],[21,157],[-35,104],[8,128],[93,103],[135,56],[178,44]],[[73587,34149],[-38,129],[-13,115],[19,159],[-37,182],[0,130],[0,164],[21,235],[3,180],[1,40],[15,159],[14,170],[31,259],[42,170],[60,174],[-5,161],[-49,326],[-3,144],[-66,143],[-113,182],[-66,169],[-51,154],[-48,155],[-25,91]],[[73279,37940],[-181,116],[-203,209],[-96,154],[-193,220],[-150,115],[-120,84],[-115,73],[-23,14],[-114,68],[-101,78]],[[78877,38514],[9,-202],[-3,-361],[30,-173],[34,-249],[99,36]],[[79046,37565],[3,-115],[-199,-184],[-289,-163],[-28,-212],[67,-113],[120,-118],[-9,-108],[-130,-83],[-298,-135],[-348,-129],[-245,-118],[-159,-38],[-113,-49],[39,-65],[-66,-97],[-224,-379],[-286,71],[-466,246],[-269,217],[-223,82],[-79,-82],[-263,-729],[-226,-535],[-291,-396],[-283,-344],[-184,-234]],[[74597,33755],[-193,-134],[-76,79],[60,116],[-79,286],[-75,165],[21,153],[-36,209],[-145,-152],[-79,-82],[-48,-51],[-360,-195]],[[71102,32300],[2,160],[-58,112],[-60,144],[-12,213],[36,209],[128,183],[21,245],[2,20],[22,150],[-43,95],[133,-10],[190,-80],[118,-137],[-21,162],[39,170],[12,242],[-60,105],[-2,38],[0,11],[-7,108],[-163,138],[-105,194],[-6,8],[-152,211],[-49,67],[-132,176],[-118,167],[-25,130],[71,-34],[68,-49],[103,90],[98,100],[37,64],[47,80],[21,34],[19,58],[1,3],[26,75],[114,109],[111,36],[195,64],[118,39],[48,15],[150,-6],[124,47],[190,18],[142,0],[-12,173],[-6,285],[-3,224],[55,20],[157,-89],[114,80],[124,144],[130,-11],[125,50],[10,21],[2,6],[2,4],[3,6],[2,5],[40,88],[7,116],[-18,136],[39,203],[33,205]],[[73587,34149],[-136,-94],[-166,-76],[-121,-57]],[[73164,33922],[-91,-36],[-8,-117],[-1,-266],[-3,-218],[32,-459],[-2,-409],[-172,-62],[-150,-41],[-36,-11],[-115,-86],[-51,-184],[-110,-97],[-63,-11],[-58,94],[-59,93],[-16,23],[-188,151],[-123,87],[-176,25],[-196,-21],[-166,14],[-185,-40],[-125,-51]],[[69085,33947],[-243,156],[-299,182],[-15,9],[-24,14],[-10,6],[-9,6],[-68,41],[-178,109],[-326,251]],[[71102,32300],[-135,-27],[-67,-71],[-118,-159],[-178,-10],[-75,-30],[-17,-37],[-43,-93],[-121,-76],[-43,77],[-106,169],[-314,509],[-216,397],[-8,10],[0,5],[-2,6],[-13,26],[-280,552],[-137,279],[-144,120]],[[74877,28530],[-206,146],[-145,184],[-477,248],[-235,-21],[-112,-10],[-185,-26],[-166,159],[-87,147],[-49,174],[-33,88],[-284,-88],[-24,142],[-106,465],[24,252],[-54,175],[-19,-6],[-211,-60],[28,-166],[78,-454],[-121,-189],[-163,-173],[-131,279],[-20,43],[-82,132],[-181,80],[-178,362],[-172,231],[-227,73],[-254,32],[-225,-34],[-222,-86],[38,-200],[26,-132],[-176,-58],[-220,-79],[-88,221],[-75,54],[-161,-61],[-123,-58],[-224,-109]],[[69635,30207],[-91,105],[-93,-54],[-103,54],[-103,22],[-93,115],[-161,116],[-108,29],[-263,166],[-269,177],[-47,73],[-56,89],[-48,328],[48,232],[52,262],[21,109],[115,451],[176,339],[62,192],[109,285],[191,400],[111,250]],[[73164,33922],[32,-39],[23,-26],[6,-8],[102,-144],[137,-109],[103,-87],[195,-118],[133,-224],[133,-133],[58,-58],[342,-377],[274,-240],[233,-293],[215,-279],[50,-277],[117,-282],[168,-474],[178,-421],[-245,-257],[36,-126],[221,-83],[90,-152],[83,-232],[5,-194],[-136,-43],[-69,93],[-185,44],[-84,-141],[-197,-137],[-181,-307],[-124,-268]],[[75820,27010],[-142,-155],[-624,320],[-260,134],[-317,119],[-296,-101],[-184,-170],[-221,-235],[-72,-36],[-49,-7],[-157,93],[-65,89],[-95,142],[-42,-260],[1,-325],[-19,-134],[-188,-365],[-384,-400],[-283,-381],[-393,-134],[-57,-43],[-269,-206],[-324,-40],[-217,-249],[-12,-246],[-85,-257],[-48,-156],[-260,-54],[-97,-163]],[[70661,23790],[-162,-97],[-81,-155],[-46,-138],[-163,-86],[-85,-112],[-178,-112]],[[69946,23090],[-103,141],[-196,213]],[[69647,23444],[-63,84],[-28,123],[-96,231],[27,329],[33,177],[160,391],[94,336],[-127,955],[-36,701],[-9,169],[-27,489],[1,259],[2,138],[0,369],[45,202],[33,358],[18,434],[15,260],[6,123],[-6,206],[-18,83],[-45,57],[15,159],[-6,130]],[[74877,28530],[281,-151],[275,-267],[106,-228],[63,-348],[70,-235],[106,-239],[42,-52]],[[81110,35434],[237,40],[150,204],[209,303],[220,232],[84,317],[6,227],[-184,163],[-287,86],[-178,54],[9,192],[-320,7],[-230,-36],[-263,14],[-344,40],[-197,130],[-112,-112],[-154,-7],[-133,122],[-116,104],[-174,116],[-123,3],[-164,-68]],[[74597,33755],[126,-82],[85,-105],[72,-303],[250,-185],[197,-105],[312,-75],[274,-263],[318,-351],[416,-263],[272,-152],[-132,-232],[-109,-266],[244,11],[115,-257],[103,-205],[272,-257],[193,-112],[311,-155],[221,-155],[197,-84]],[[78334,30159],[112,-84],[332,-6],[290,166],[142,416],[184,281],[2,3],[126,133],[111,124],[253,260],[142,383],[-18,484],[-45,408],[12,368],[4,54],[23,296],[-38,403],[44,305],[-54,148],[-188,-26],[-74,46],[-30,18],[-38,23],[-9,166],[100,170],[248,169],[182,244],[287,224],[284,85],[109,58],[81,31],[202,-75]],[[83699,34261],[-202,382],[-127,314],[-26,205],[-82,310],[-92,304],[-63,289],[-127,159],[-280,38],[-206,59],[-191,310],[-355,410],[-219,459],[-12,476],[-93,559],[-40,487],[-169,238],[-172,162],[-91,310],[-26,205],[171,188],[-6,205],[-112,155],[-305,-7],[-105,256],[-124,227],[-204,286]],[[82481,41931],[161,-145],[54,-173],[170,-228],[250,-129],[184,-216],[127,-108],[67,-346],[4,-213],[130,-177],[26,-186],[188,-185],[103,-238],[151,-90],[102,-216],[178,-147],[211,-249],[171,-253],[32,-162],[-8,-231],[48,-404],[-85,-277],[25,-210],[-12,-249],[78,-151],[-33,-127],[-357,-108],[-260,-190],[-102,-178],[96,-321],[97,-270],[194,-134],[108,-43],[184,-6],[-8,-304],[-34,-264],[72,-186],[118,-170],[58,-109],[-3,-119],[-57,-347],[-28,-202]],[[84881,33870],[-123,-217],[-197,-252],[-187,-228],[-127,-61],[-133,188],[-27,234],[-22,240],[-30,157],[-148,69],[-85,44],[-54,94],[-49,123]],[[84881,33870],[145,-25],[212,-4],[160,-79],[184,-119],[112,32],[127,-101],[148,-101],[141,-21],[142,130],[112,54],[97,4],[102,-32],[112,-58],[106,-108],[91,-26],[99,29],[154,163],[186,193],[104,135],[-44,176],[-91,213],[-81,216],[-15,163],[-46,202],[-37,243],[-35,190],[-10,287],[-2,66],[219,84],[185,11],[184,7],[133,15],[60,-184],[-18,-202],[49,-213],[117,-76],[255,3],[263,28],[169,130],[160,170],[169,373]],[[88999,35838],[-12,266],[-106,376],[-45,352],[-5,48],[-91,839],[175,324],[-324,233],[72,533],[-32,533],[-61,317],[-48,440],[-91,544],[101,311],[-34,370],[-542,-143],[-308,-80],[-145,130],[143,309],[30,267],[-139,216],[-161,409],[-338,-41],[163,178],[225,94],[85,189],[-60,143],[-215,171],[-116,168],[-34,224],[-126,215]],[[83413,33982],[-157,-430],[-70,-296],[-105,-296],[-137,-258],[-102,-192],[-109,-349],[48,-419],[260,-184],[262,86],[218,144],[205,181],[290,7],[164,-195],[-33,-247],[-235,-180],[-337,-237],[163,-578],[103,-715],[121,-427],[85,-224],[459,174],[324,-16],[-137,-599],[-111,-412],[-16,-303],[169,-369],[19,-549],[-37,-564],[-30,-434],[36,-455],[7,-732]],[[84730,24914],[864,-138],[512,-107],[361,18],[259,78],[326,117],[233,99],[177,105],[229,38],[199,137],[273,187],[320,221],[289,198],[288,198],[255,175],[1857,1514],[666,1273],[-187,887],[752,1044],[144,93]],[[92547,31051],[-252,333],[-278,94],[-79,101],[-72,115],[-206,58],[-272,87],[-139,209],[-66,231],[6,361],[0,477],[12,491],[-12,303],[-75,224],[-203,144],[-260,151],[-344,159],[-55,137],[43,181],[217,94],[296,57],[115,224],[-314,144],[-447,58]],[[90162,35484],[-413,93],[-506,66],[-244,195]],[[83699,34261],[-115,-72],[-142,-148],[-29,-59]],[[81110,35434],[60,-213],[122,-116],[138,-102],[58,-71],[0,-299],[-112,-130],[-175,-202],[-142,-63],[-19,-389],[133,-104],[157,-159],[97,-141],[148,-202],[133,-260],[426,-58],[323,31],[469,389],[127,230],[91,150],[90,75],[179,182]],[[84730,24914],[-9,-349],[-391,-348],[-599,-227],[-202,-55],[-139,-25],[-136,-25],[-214,-322],[-184,-235],[-341,-412],[-487,-47],[-2516,-231]],[[79512,22638],[33,361],[-115,341],[-30,450],[-73,373],[-263,477],[-365,434],[-35,257],[-53,382],[-434,28],[-460,-88],[-208,-22],[-88,471],[-142,633],[-36,193],[-16,84],[-5,29],[16,107]],[[77238,27148],[44,132],[150,303],[196,332],[50,326],[293,228],[284,213],[196,238],[3,307],[-24,373],[-63,336],[-33,223]],[[88889,44143],[27,-230],[9,-314]],[[88925,43599],[12,-319],[-13,-330],[25,-516],[99,-706],[58,-314],[75,-95],[-40,-143],[80,-432],[-287,-220],[21,-173],[238,-122],[302,-227],[121,-343],[18,-187],[161,-180],[293,-33],[269,-202],[453,-472],[547,-311],[256,-219],[118,-185],[-24,-314],[-119,-340]],[[91588,37216],[-335,-384],[-368,-512],[-284,-281],[-155,-237],[-284,-318]],[[95132,36436],[-165,-26],[-18,-137],[-151,11],[-384,-7],[-429,86],[-91,184],[-284,116],[-132,-80],[-242,-64],[-124,205],[21,292],[18,188],[0,173],[-148,54],[-260,-245],[-468,-69],[-365,0],[-124,191],[-198,-92]],[[92547,31051],[735,477],[295,174],[83,640],[301,584],[110,644],[471,33],[300,740],[200,1338],[90,755]],[[88925,43599],[118,-10],[414,36],[471,14],[347,72],[302,39],[234,-536],[-168,-1468],[145,-553],[1464,-641],[278,-1002],[188,-532],[543,-878],[2089,-90],[119,-1033],[-312,-377],[-25,-204]],[[79512,22638],[-25,-179],[-45,-184],[0,-194],[-45,-219],[-91,-280],[-112,-193],[-66,-226],[-91,-191],[-54,-114],[-82,-52],[-124,-55],[-141,-81],[-563,-316],[-886,-367],[-437,-660],[-568,-200],[-640,-556],[-123,-930],[-416,-614],[-691,164],[-112,39],[-169,68],[-666,264],[-391,36],[-481,971],[-344,-409],[-1115,606]],[[71034,18766],[-435,187]],[[70599,18953],[39,166],[163,224],[378,128],[257,177],[190,195],[151,503],[191,576],[114,459],[28,572],[-233,521],[-142,300],[127,372],[163,308],[-30,82],[-28,73],[-320,11],[-245,-34],[-302,3],[-350,71],[-89,130]],[[75820,27010],[102,65],[248,118],[127,66],[175,-44],[190,-115],[576,48]],[[69946,23090],[14,-245],[4,-77],[169,-724],[194,-503],[-496,-528],[-256,-159],[-209,-286],[-30,-279],[148,-554],[106,-326],[78,-170],[472,4],[163,-52],[148,-630],[148,392]],[[63766,22283],[102,-236],[130,-279],[138,-190],[191,-47],[118,201],[54,308],[99,153],[143,-16],[117,-321],[61,-488],[157,-594],[202,-637],[284,-782],[133,-369],[178,-623],[221,-659],[151,-612],[73,-580],[75,-630],[-66,-674],[-58,-533],[32,-574],[-26,-310],[-73,-185],[-140,-9]],[[66062,13597],[276,-411],[206,-323],[432,-388],[461,-348]],[[67437,12127],[93,68],[286,174],[241,1083],[225,1058],[569,1306],[2720,1903],[-537,1047]],[[69647,23444],[-133,145],[-142,83],[-205,73],[-248,58],[-157,-37],[-148,-43],[-64,-152],[-145,58],[-293,90],[-232,11],[-248,-25],[-51,-232],[9,-249],[-115,-51],[-266,44],[-221,72],[-229,383],[-15,228],[196,141],[-269,120],[-459,231],[-23,-8]],[[64227,22790],[133,-60],[-314,-337],[-280,-110]],[[58601,19380],[46,-31],[470,-312],[602,-425],[635,-87],[613,-47],[625,-43],[501,-224],[493,-398],[480,-261],[607,-449],[515,-639],[358,-589],[222,-1085],[316,-1355]],[[65084,13435],[478,52],[282,70],[218,40]],[[63766,22283],[-176,-59],[-109,-253],[-269,-239],[-323,-32],[-447,-22],[-224,-62],[-148,-325],[-109,-445],[-175,-301],[-248,-383],[-193,-343],[-565,-443],[-357,-235],[-54,283],[-73,297],[-6,293],[-6,98]],[[57710,12304],[-242,-26],[-474,98],[-220,160],[-306,250],[-324,211],[-127,6]],[[56017,13003],[197,359],[173,205],[53,525],[-87,492],[-1,309],[-34,448],[394,714],[76,412],[-618,541],[-192,441],[55,489],[36,210],[194,356],[121,470],[45,686]],[[65084,13435],[-488,-355],[-357,-393],[-291,-125],[-338,-478],[-416,-215],[-523,-29],[-583,83],[-248,196],[-317,-116],[-254,246],[-166,515],[-296,609],[-140,284],[-159,322],[-293,489],[84,522],[197,308],[21,217],[-272,51],[-435,-87],[-130,-83],[9,-185],[163,-200],[209,-246],[-276,-158],[-392,-168],[-490,-301],[-326,-507],[-220,-432],[-284,-301],[-137,-376],[-226,-218]],[[57710,12304],[190,-246],[327,-479],[78,-181],[175,-182],[196,-86],[148,-218],[64,-181],[21,-381],[-42,-208],[175,-236],[326,-285],[103,-316],[30,-508],[13,-607],[84,-421],[-93,-465]],[[59505,7304],[571,230],[1000,-527],[1687,-141],[1016,-512],[580,-292],[1268,665],[535,695],[110,220],[465,928],[80,267],[249,840],[330,1266],[41,1184]],[[53381,4429],[-91,219],[-100,249],[-217,211],[-145,214],[-64,167],[-127,223],[-81,140],[-115,218],[-166,33],[-169,-44],[-118,-59],[-55,-28],[-184,36],[-193,189],[-278,331],[24,261],[45,254],[-130,182],[-226,297],[-55,82],[-108,161],[-43,286]],[[50785,8051],[-293,1],[-389,-54],[-128,28],[-350,78],[-259,122],[-31,15],[-257,142],[-432,233]],[[41589,5696],[525,-643],[864,-187],[622,-199],[100,-4],[434,-15],[727,99],[1047,-407],[12,-5],[1027,-187],[26,2],[857,63],[1289,-351],[1175,391],[311,-61],[305,-315],[340,-76],[276,30],[498,-18],[457,63],[104,14],[528,362],[120,79],[148,98]],[[53381,4429],[140,45],[230,43],[307,59],[483,91],[412,78],[49,16],[467,153],[368,121],[224,73],[307,368],[279,336],[424,509],[961,388],[1063,430],[410,165]],[[56017,13003],[-662,90],[-668,-434]],[[54687,12659],[89,-199],[153,-147],[95,-231],[224,-413],[223,-552],[79,-268],[-61,-348],[-42,-311],[-91,-219],[37,-188],[145,-95],[54,-159],[17,-187],[25,-299],[-66,-181],[-157,-240],[-308,-225],[-381,-167],[-381,-15],[-471,124],[-550,174],[-622,88],[-556,133],[-253,-45],[-92,-16],[-207,-36],[-234,-40],[-296,-88],[-181,-268],[-94,-190]],[[53326,12677],[102,-48],[525,-15],[734,45]]],"bbox":[-9.8429051,30.78595,-7.0020698,32.8142451],"transform":{"scale":[0.000028408637086370854,0.000020283153831538327],"translate":[-9.8429051,30.78595]}}
