{"type":"Topology","objects":{"communes":{"type":"GeometryCollection","geometries":[{"type":"Polygon","arcs":[[0,1,2,3,4,5,6,7]],"properties":{"code":"090010101","name":"Agadir"}},{"type":"Polygon","arcs":[[3,8,9,1,10]],"properties":{"code":"092730115","name":"Inezgane"}},{"type":"Polygon","arcs":[[4,11,12,13,-9]],"properties":{"code":"092730105","name":"Ait Melloul"}},{"type":"MultiPolygon","arcs":[[[14]],[[15]],[[-7,16,17,18,19]]],"properties":{"code":"090010703","name":"Aourir"}},{"type":"Polygon","arcs":[[20,21,22,23,-19]],"properties":{"code":"090010723","name":"Taghazout"}},{"type":"Polygon","arcs":[[24,-23,25,26,27,28]],"properties":{"code":"090010725","name":"Tamri"}},{"type":"Polygon","arcs":[[29,-29]],"properties":{"code":"090010715","name":"Imsouane"}},{"type":"Polygon","arcs":[[30,31,32,33,34,35]],"properties":{"code":"090010501","name":"Amskroud"}},{"type":"Polygon","arcs":[[36,-31,37,38,-12,5,16]],"properties":{"code":"090010509","name":"Drargua"}},{"type":"Polygon","arcs":[[17,20,39,40,-32,-37]],"properties":{"code":"090010705","name":"Aqsri"}},{"type":"Polygon","arcs":[[41,42,43,-26,-22,39,44]],"properties":{"code":"090010713","name":"Imouzzer"}},{"type":"Polygon","arcs":[[45,0,-10,-14,46,47,48]],"properties":{"code":"092730117","name":"Lqliaa"}},{"type":"Polygon","arcs":[[12,46,49,50,38]],"properties":{"code":"092730527","name":"Temsia"}},{"type":"Polygon","arcs":[[51,52,53,50,-38,-36,54]],"properties":{"code":"092730519","name":"Oulad Dahou"}},{"type":"Polygon","arcs":[[55,-33,-41,44,56,57]],"properties":{"code":"090010511","name":"Idmine"}},{"type":"Polygon","arcs":[[56,58,59,60,-42]],"properties":{"code":"090010729","name":"Tiqqi"}},{"type":"Polygon","arcs":[[-43,-61,61,62]],"properties":{"code":"090010721","name":"Tadrart"}},{"type":"Polygon","arcs":[[63,-27,-44,-63]],"properties":{"code":"090010707","name":"Aziar"}},{"type":"Polygon","arcs":[[64,48,65,66,67]],"properties":{"code":"091630127","name":"Sidi Bibi"}},{"type":"Polygon","arcs":[[-50,47,-65,68,69,70,71,53],[72]],"properties":{"code":"091630723","name":"Oued Essafa"}},{"type":"Polygon","arcs":[[72]],"properties":{"code":"091630111","name":"Biougra"}},{"type":"Polygon","arcs":[[73,74,75,67,68]],"properties":{"code":"091630101","name":"Ait Amira"}},{"type":"Polygon","arcs":[[76,77,78,75,-67]],"properties":{"code":"091630519","name":"Inchaden"}},{"type":"Polygon","arcs":[[-78,79,80,81]],"properties":{"code":"091630531","name":"Sidi Ouassay"}},{"type":"Polygon","arcs":[[-81,82,83,84]],"properties":{"code":"091630521","name":"Massa"}},{"type":"Polygon","arcs":[[85,86,87,88,74,-79,-82,-85]],"properties":{"code":"091630511","name":"Belfaâ"}},{"type":"Polygon","arcs":[[-88,89,90,91,92]],"properties":{"code":"091630503","name":"Ait Milk"}},{"type":"Polygon","arcs":[[93,-91,94,95,96,97]],"properties":{"code":"091630325","name":"Sidi Abdallah El Bouchouari"}},{"type":"Polygon","arcs":[[98,-70,73,-89,-93,99]],"properties":{"code":"091630729","name":"Sidi Boushab"}},{"type":"Polygon","arcs":[[-100,-92,-94,100,101,102,103]],"properties":{"code":"091630307","name":"Ait Ouadrim"}},{"type":"Polygon","arcs":[[104,97,100,105,106]],"properties":{"code":"091630335","name":"Targua-Ntouchka"}},{"type":"Polygon","arcs":[[107,108,109,110,111,-71,-99]],"properties":{"code":"091630717","name":"Imi-Mqourn"}},{"type":"Polygon","arcs":[[112,102]],"properties":{"code":"091630103","name":"Ait Baha"}},{"type":"Polygon","arcs":[[113,-106,101,-113,103,107,114,115]],"properties":{"code":"091630305","name":"Ait Mzal"}},{"type":"Polygon","arcs":[[116,-109,114,117]],"properties":{"code":"091630337","name":"Tassegdelt"}},{"type":"Polygon","arcs":[[118,119,-116,117,120,121]],"properties":{"code":"091630313","name":"Hilala"}},{"type":"Polygon","arcs":[[122,123,124,125,126,118,127]],"properties":{"code":"091630315","name":"Ida-Ougnidif"}},{"type":"Polygon","arcs":[[104,-97,128,129,130,-123,131]],"properties":{"code":"091630309","name":"Aouguenz"}},{"type":"Polygon","arcs":[[-131,132,133,134,135,136,-124]],"properties":{"code":"091630333","name":"Tanalt"}},{"type":"Polygon","arcs":[[-128,119,113,106,-132]],"properties":{"code":"091630339","name":"Tizi Ntakoucht"}},{"type":"Polygon","arcs":[[-59,57,137,138,139,140]],"properties":{"code":"095411107","name":"Bigoudine"}},{"type":"Polygon","arcs":[[141,142,143,144,145,139,146]],"properties":{"code":"095411103","name":"Argana"}},{"type":"Polygon","arcs":[[138,-146,147,148,149,150]],"properties":{"code":"095411131","name":"Lamnizla"}},{"type":"Polygon","arcs":[[151,150,-138,55,33,152]],"properties":{"code":"095411109","name":"Eddir"}},{"type":"Polygon","arcs":[[-150,153,154,155,151]],"properties":{"code":"095411129","name":"Sidi Moussa Lhamri"}},{"type":"Polygon","arcs":[[156,155,-153,34,54,157]],"properties":{"code":"095411115","name":"Issen"}},{"type":"Polygon","arcs":[[-158,51,158,159,160,161]],"properties":{"code":"095410527","name":"Sidi Boumoussa"}},{"type":"Polygon","arcs":[[160,162,163]],"properties":{"code":"095410109","name":"Oulad Teima"}},{"type":"Polygon","arcs":[[164,165,166,154,-157,-162,162,167]],"properties":{"code":"095410525","name":"Sidi Ahmed Ou Amar"}},{"type":"Polygon","arcs":[[168,169,170,-168,163,-160]],"properties":{"code":"095410511","name":"El Koudia El Beida"}},{"type":"Polygon","arcs":[[-159,52,-72,-112,171,-169]],"properties":{"code":"095410517","name":"Lagfifat"}},{"type":"Polygon","arcs":[[172,-170,-172,-111,173]],"properties":{"code":"095410501","name":"Ahl Ramel"}},{"type":"Polygon","arcs":[[-117,120,174,175,176,-174,-110]],"properties":{"code":"095410533","name":"Tidsi-Nissendalene"}},{"type":"Polygon","arcs":[[177,178,179,180,181,-166,182]],"properties":{"code":"095410519","name":"Lakhnafif"}},{"type":"Polygon","arcs":[[183,177]],"properties":{"code":"095410103","name":"El Guerdane"}},{"type":"Polygon","arcs":[[184,185,186,187,188]],"properties":{"code":"095410113","name":"Taroudannt"}},{"type":"Polygon","arcs":[[189,190,-189,191,192,180,193]],"properties":{"code":"095411101","name":"Ahmar Laglalcha"}},{"type":"Polygon","arcs":[[194,192,-180,195,196,197]],"properties":{"code":"095410523","name":"Machraa El Ain"}},{"type":"Polygon","arcs":[[187,191,-195,198,199,200,201]],"properties":{"code":"095410943","name":"Sidi Borja"}},{"type":"Polygon","arcs":[[-199,-198,202,203,204,205]],"properties":{"code":"095410957","name":"Tazemmourt"}},{"type":"Polygon","arcs":[[183,-183,-165,-171,-173,-177,206,-196,-179]],"properties":{"code":"095410521","name":"Lamhadi"}},{"type":"Polygon","arcs":[[-175,207,208,209,210]],"properties":{"code":"095410329","name":"Toufelaazt"}},{"type":"Polygon","arcs":[[175,206,196,202,211,212,210]],"properties":{"code":"095410505","name":"Assads"}},{"type":"Polygon","arcs":[[-208,121,-127,213,214]],"properties":{"code":"095410321","name":"Tabia"}},{"type":"Polygon","arcs":[[-126,215,216,217,-214]],"properties":{"code":"095410319","name":"Sidi Mzal"}},{"type":"Polygon","arcs":[[218,219,220,221,216,222]],"properties":{"code":"095410303","name":"Ait Abdallah"}},{"type":"Polygon","arcs":[[223,224,-209,-215,-218,222,225]],"properties":{"code":"095410331","name":"Toumliline"}},{"type":"Polygon","arcs":[[226,223,227,228,229]],"properties":{"code":"095410309","name":"Imaouen"}},{"type":"Polygon","arcs":[[230,-230,231,232,233]],"properties":{"code":"095410317","name":"Sidi Boaal"}},{"type":"Polygon","arcs":[[-232,-229,234,235,236,237]],"properties":{"code":"095410105","name":"Irherm"}},{"type":"Polygon","arcs":[[-167,-182,193,238,148,153]],"properties":{"code":"095411171","name":"Zaouia Sidi Tahar"}},{"type":"Polygon","arcs":[[-145,239,-190,238,-148]],"properties":{"code":"095411119","name":"Ida Ou Moumen"}},{"type":"Polygon","arcs":[[240,241,242,243,244,-186,245]],"properties":{"code":"095410955","name":"Tamaloukte"}},{"type":"Polygon","arcs":[[246,-246,-185,-191,-240,-144]],"properties":{"code":"095410905","name":"Ait Makhlouf"}},{"type":"Polygon","arcs":[[-247,-143,247,248,249,-241]],"properties":{"code":"095410951","name":"Tafraouten"}},{"type":"Polygon","arcs":[[250,-248,-142,251]],"properties":{"code":"095411133","name":"Talmakante"}},{"type":"Polygon","arcs":[[252,253,254,255]],"properties":{"code":"095510505","name":"Allougoum"}},{"type":"Polygon","arcs":[[256,257,258,-255,259]],"properties":{"code":"095510511","name":"Tlite"}},{"type":"Polygon","arcs":[[260,253,259]],"properties":{"code":"095510105","name":"Foum Zguid"}},{"type":"Polygon","arcs":[[-253,261,262,263,264,265,-257,260]],"properties":{"code":"095510509","name":"Tissint"}},{"type":"Polygon","arcs":[[266,267,268,264,269]],"properties":{"code":"095510503","name":"Akka-Ighane"}},{"type":"Polygon","arcs":[[270,-268,271,272,273]],"properties":{"code":"095510507","name":"Ibn Yacoub"}},{"type":"Polygon","arcs":[[274,275,276,277,233]],"properties":{"code":"095510707","name":"Tagmout"}},{"type":"Polygon","arcs":[[278,-276,279,280,281,282,283,263,-269,-271],[284]],"properties":{"code":"095510709","name":"Tigzmerte"}},{"type":"Polygon","arcs":[[284]],"properties":{"code":"095510107","name":"Tata"}},{"type":"Polygon","arcs":[[230,226,-226,218,285,286,-280,-275]],"properties":{"code":"095510703","name":"Issafen"}},{"type":"Polygon","arcs":[[-281,-287,287,288,289]],"properties":{"code":"095510711","name":"Tizaghte"}},{"type":"Polygon","arcs":[[290,291,-282,-290,292,293]],"properties":{"code":"095510303","name":"Kasbat Sidi Abdellah Ben M'barek"}},{"type":"Polygon","arcs":[[294,295,296,290]],"properties":{"code":"095510101","name":"Akka"}},{"type":"Polygon","arcs":[[-283,-292,294,297]],"properties":{"code":"095510701","name":"Adis"}},{"type":"Polygon","arcs":[[297,283,-263,298,299,-296]],"properties":{"code":"095510705","name":"Oum El Guerdane"}},{"type":"Polygon","arcs":[[293,-297,-300,300,301,302]],"properties":{"code":"095510307","name":"Tizounine"}},{"type":"Polygon","arcs":[[-293,-289,303,304,305,302]],"properties":{"code":"095510301","name":"Ait Ouabelli"}},{"type":"Polygon","arcs":[[301,-306,306,307]],"properties":{"code":"095510103","name":"Fam El Hisn"}},{"type":"Polygon","arcs":[[308,309,310,304,306,311]],"properties":{"code":"095510305","name":"Tamanarte"}},{"type":"Polygon","arcs":[[312,313,314]],"properties":{"code":"095811103","name":"Arbaa Sahel"}},{"type":"Polygon","arcs":[[315,316,317]],"properties":{"code":"095811113","name":"Sidi Bouabdelli"}},{"type":"Polygon","arcs":[[-318,318,319,313,320]],"properties":{"code":"095811105","name":"Bounaamane"}},{"type":"Polygon","arcs":[[321,322,323,312,-320,324]],"properties":{"code":"095811115","name":"Tnine Aglou"}},{"type":"Polygon","arcs":[[-319,-317,325,326,327,328,-325]],"properties":{"code":"095811111","name":"Reggada"}},{"type":"Polygon","arcs":[[329,-322,-329,330]],"properties":{"code":"095810107","name":"Tiznit"}},{"type":"Polygon","arcs":[[331,83,85,332,333,329,322]],"properties":{"code":"095811107","name":"El Maader El Kabir"}},{"type":"Polygon","arcs":[[-333,86,89,94,334,335,336,337]],"properties":{"code":"095811101","name":"Arbaa Rasmouka"}},{"type":"Polygon","arcs":[[338,337,333,-331,-328,339]],"properties":{"code":"095811109","name":"Ouijjane"}},{"type":"Polygon","arcs":[[336,-339,340,341,342,343]],"properties":{"code":"095810313","name":"Tighmi"}},{"type":"Polygon","arcs":[[344,129,132,345,346]],"properties":{"code":"095810317","name":"Tnine Aday"}},{"type":"Polygon","arcs":[[347,348,346,349,335,-344]],"properties":{"code":"095810303","name":"Anzi"}},{"type":"Polygon","arcs":[[-96,334,-350,344,-129]],"properties":{"code":"095810305","name":"Arbaa Ait Ahmed"}},{"type":"Polygon","arcs":[[350,134,351,352,353,354,355]],"properties":{"code":"095810315","name":"Tizoughrane"}},{"type":"Polygon","arcs":[[351,356,357,358,359,-136]],"properties":{"code":"095810907","name":"Irigh N'tahala"}},{"type":"Polygon","arcs":[[360,359,136,124,215,-222,361]],"properties":{"code":"095810905","name":"Ammelne"}},{"type":"Polygon","arcs":[[-351,362,348,-346,133]],"properties":{"code":"095810311","name":"Tafraout El Mouloud"}},{"type":"Polygon","arcs":[[360,-359,363,364]],"properties":{"code":"095810105","name":"Tafraout"}},{"type":"Polygon","arcs":[[-362,-221,365,366,364]],"properties":{"code":"095810911","name":"Tassrirt"}},{"type":"Polygon","arcs":[[367,-310,368,357,363,-367]],"properties":{"code":"095810909","name":"Tarsouat"}},{"type":"Polygon","arcs":[[-366,-220,285,287,303,-311,-368]],"properties":{"code":"095810901","name":"Afella Ighir"}},{"type":"Polygon","arcs":[[-353,356,-369,-309,369]],"properties":{"code":"095810903","name":"Ait Ouafqa"}},{"type":"Polygon","arcs":[[-356,370,342,347,-363]],"properties":{"code":"095810301","name":"Ait Issafen"}},{"type":"Polygon","arcs":[[371,341,-371,-355,372]],"properties":{"code":"095810307","name":"Ida Ou Gougmar"}},{"type":"Polygon","arcs":[[371,-341,-340,-327,373]],"properties":{"code":"095810309","name":"Sidi Ahmed Ou Moussa"}},{"type":"Polygon","arcs":[[374,375,376,377]],"properties":{"code":"095410703","name":"Ahl Tifnoute"}},{"type":"Polygon","arcs":[[377,378,379]],"properties":{"code":"095410723","name":"Toubkal"}},{"type":"Polygon","arcs":[[380,381,375,382,383,384,385]],"properties":{"code":"095410713","name":"Iguidi"}},{"type":"Polygon","arcs":[[376,-380,386,387,-383]],"properties":{"code":"095410717","name":"Taouyalte"}},{"type":"Polygon","arcs":[[388,389,390,391,392,-384,-388,393]],"properties":{"code":"095410705","name":"Askaouen"}},{"type":"Polygon","arcs":[[-389,394,395,396]],"properties":{"code":"095410707","name":"Assaisse"}},{"type":"Polygon","arcs":[[397,398,399,-396,400]],"properties":{"code":"095410715","name":"Sidi Hsaine"}},{"type":"Polygon","arcs":[[401,398,402,403,404,405,406]],"properties":{"code":"095410719","name":"Tassousfi"}},{"type":"Polygon","arcs":[[407,-404,408]],"properties":{"code":"095410111","name":"Taliouine"}},{"type":"Polygon","arcs":[[396,389,409,-409,-403,399]],"properties":{"code":"095410725","name":"Zagmouzen"}},{"type":"Polygon","arcs":[[410,411,412,-391,409,407,404,413]],"properties":{"code":"095410709","name":"Assaki"}},{"type":"Polygon","arcs":[[414,392,384]],"properties":{"code":"095410737","name":"Ouzioua"}},{"type":"Polygon","arcs":[[415,416,411,417,418]],"properties":{"code":"095410102","name":"Aoulouz"}},{"type":"Polygon","arcs":[[419,420,418,421]],"properties":{"code":"095410421","name":"Ida-Ougoummad"}},{"type":"Polygon","arcs":[[-238,422,423,424,277,-233]],"properties":{"code":"095410301","name":"Adar"}},{"type":"Polygon","arcs":[[-279,-274,425,426,427,428,429,424,-277]],"properties":{"code":"095410307","name":"Azaghar N'irs"}},{"type":"Polygon","arcs":[[430,236,422,431,432]],"properties":{"code":"095410315","name":"Oualqadi"}},{"type":"Polygon","arcs":[[433,434,-432,423,-430]],"properties":{"code":"095410311","name":"Imi N'tayart"}},{"type":"Polygon","arcs":[[433,435,436,437,438,439,428]],"properties":{"code":"095410469","name":"Toughmart"}},{"type":"Polygon","arcs":[[-406,413,440,-427,441]],"properties":{"code":"095410721","name":"Tizgzaouine"}},{"type":"Polygon","arcs":[[-272,-267,442,397,-402,443]],"properties":{"code":"095410701","name":"Agadir Melloul"}},{"type":"Polygon","arcs":[[-442,-426,-273,-444,-407]],"properties":{"code":"095410711","name":"Azrar"}},{"type":"Polygon","arcs":[[241,444,445,446,447,448,249]],"properties":{"code":"095410927","name":"Imoulass"}},{"type":"Polygon","arcs":[[449,448,-249,-251]],"properties":{"code":"095411113","name":"Imilmaiss"}},{"type":"Polygon","arcs":[[450,446,451,452]],"properties":{"code":"095410439","name":"Sidi Abdellah Ou Said"}},{"type":"Polygon","arcs":[[453,454,455,-453]],"properties":{"code":"095410459","name":"Tigouga"}},{"type":"Polygon","arcs":[[456,457,455,450,-446,458,459]],"properties":{"code":"095410453","name":"Talgjount"}},{"type":"Polygon","arcs":[[-243,444,458,460,461,462,463]],"properties":{"code":"095410417","name":"Ida Ou Gailal"}},{"type":"Polygon","arcs":[[-464,464,465,466,467,-244]],"properties":{"code":"095410903","name":"Ait Igas"}},{"type":"Polygon","arcs":[[468,469]],"properties":{"code":"095410101","name":"Ait Iaaza"}},{"type":"Polygon","arcs":[[467,244,186,-202,470,468,471]],"properties":{"code":"095410945","name":"Sidi Dahmane"}},{"type":"Polygon","arcs":[[472,473,466,-472,469,-471,-201,474]],"properties":{"code":"095410915","name":"Freija"}},{"type":"Polygon","arcs":[[205,199,474,475,476,477,478]],"properties":{"code":"095410963","name":"Tiout"}},{"type":"Polygon","arcs":[[479,480,-465,-463,481,482,483]],"properties":{"code":"095410423","name":"Igli"}},{"type":"Polygon","arcs":[[484,-438,485,-476,472,486,-480]],"properties":{"code":"095410409","name":"Arazane"}},{"type":"Polygon","arcs":[[473,-466,-481,-487]],"properties":{"code":"095410433","name":"Oulad Aissa"}},{"type":"Polygon","arcs":[[487,488,-212,203,489]],"properties":{"code":"095410305","name":"Amalou"}},{"type":"Polygon","arcs":[[204,-479,490,-490]],"properties":{"code":"095410911","name":"Bounrar"}},{"type":"Polygon","arcs":[[-235,-228,224,209,-213,-489,491]],"properties":{"code":"095410325","name":"Tindine"}},{"type":"Polygon","arcs":[[430,-236,-492,492,493,494]],"properties":{"code":"095410327","name":"Tisfane"}},{"type":"Polygon","arcs":[[495,-493,-488,-491,-478]],"properties":{"code":"095410323","name":"Tataoute"}},{"type":"Polygon","arcs":[[496,497,457,-455,498]],"properties":{"code":"095410467","name":"Tizi N'test"}},{"type":"Polygon","arcs":[[499,456,-498,500]],"properties":{"code":"095410449","name":"Tafingoult"}},{"type":"Polygon","arcs":[[-462,501,-482]],"properties":{"code":"095410107","name":"Oulad Berhil"}},{"type":"Polygon","arcs":[[-461,459,-500,502,503,504,-483,-502]],"properties":{"code":"095410425","name":"Igoudar Mnabha"}},{"type":"Polygon","arcs":[[505,506,-439,-485,-484,-505]],"properties":{"code":"095410429","name":"Lamhara"}},{"type":"Polygon","arcs":[[507,508,-422,415,509,510,-503,-501,-497]],"properties":{"code":"095410447","name":"Sidi Ouaaziz"}},{"type":"Polygon","arcs":[[-417,509,511,506,439,-428,-441,410]],"properties":{"code":"095410413","name":"El Faid"}},{"type":"Polygon","arcs":[[503,505,-512,510]],"properties":{"code":"095410461","name":"Tinzart"}},{"type":"Polygon","arcs":[[414,-392,-413,417,-421,512,-386]],"properties":{"code":"095410765","name":"Tisrasse"}},{"type":"Polygon","arcs":[[-381,-513,-420,-509,513]],"properties":{"code":"095410435","name":"Ouneine"}},{"type":"Polygon","arcs":[[514,494,-433,-435,435]],"properties":{"code":"095410313","name":"Nihit"}},{"type":"Polygon","arcs":[[514,-494,-496,-477,-486,-437]],"properties":{"code":"095410941","name":"Sidi Ahmed Ou Abdallah"}},{"type":"Polygon","arcs":[[269,515,-258,-266]],"properties":{"code":"095510501","name":"Aguinane"}},{"type":"Polygon","arcs":[[-11,2]],"properties":{"code":"092730113","name":"Dcheira El Jihadia"}}]}},"arcs":[[[11093,71970],[39,-42],[82,-45],[36,-18],[259,-43],[270,10]],[[11779,71832],[179,-13],[70,-1],[20,12],[15,16],[16,18],[28,33],[4,9],[3,10],[17,56],[4,12],[4,8],[22,22],[14,12],[14,13],[14,5],[73,21],[12,4],[9,4],[18,12],[13,11],[12,14],[8,13],[7,13],[2,4],[3,11],[3,11],[2,5],[0,5],[1,10],[0,10],[1,30],[0,4],[0,13],[2,10],[4,10],[10,16],[1,1],[4,6],[4,4],[2,4]],[[12394,72290],[-4,5],[-25,26],[-27,26],[-77,68],[-33,38],[3,4],[16,2],[61,-8],[95,-12],[83,-11],[255,-33],[38,316],[-42,122],[29,60],[15,21],[16,92],[189,-41],[15,-4],[1,-1],[1,0],[12,-5],[3,-2],[15,-15],[14,18],[42,55],[28,35],[35,42],[55,70],[72,-71],[18,-18],[24,-22],[267,-264],[7,-5],[25,-24],[51,-52],[46,-44],[39,-37],[18,-19],[-49,-15],[-5,-1],[-53,-17],[-82,-41],[-75,-38],[-53,-26],[-35,-4],[2,-87],[8,-159],[9,-105],[-3,-37],[-54,-173],[-108,-156]],[[13276,71743],[57,-28],[56,-28],[51,-27],[25,-11],[45,-22],[239,-121],[15,-8],[24,-19],[34,-24],[12,-18],[7,-9]],[[13841,71428],[59,40],[86,35],[51,48],[55,75],[20,42],[47,47],[25,33],[33,18],[7,4],[8,3],[24,12],[24,11],[35,13],[39,15]],[[14354,71824],[23,108],[4,13],[2,12],[3,15],[-1,17],[-3,6],[-2,5],[-19,26],[-12,14],[-8,12],[-16,7],[-9,4],[-6,13],[-3,21],[-6,17],[-6,14],[4,17],[6,24],[2,15],[-2,22],[-3,21],[-10,14],[-11,13],[-31,93],[-37,78],[-45,230],[36,120],[-79,225],[20,190],[3,138],[-110,206],[-139,222],[-170,241],[-254,115],[-209,202],[-205,137],[-256,236],[-170,193],[-184,113],[-113,13],[-127,15],[-248,-45],[-264,-110],[-144,-13],[-143,16],[-114,53],[-184,60],[-138,70],[-114,80],[-204,164],[-45,91],[-13,23],[-33,55]],[[10567,75465],[-226,253],[-152,66],[-247,63],[-286,80],[-180,228],[-71,189],[-31,56],[-104,18],[-106,-2],[-41,7]],[[9123,76423],[13,-87],[5,-43],[-1,-28],[0,-3],[-2,-2],[-4,-3],[0,-2],[1,-2],[6,2],[2,0],[1,-2],[2,-9],[3,-16],[5,-41],[3,-25],[0,-2],[0,-2],[-26,-3],[-4,0],[-3,1],[-2,-2],[-1,-2],[0,-3],[2,-3],[2,0],[2,0],[3,1],[28,4],[6,0],[3,-2],[3,-6],[7,-19],[5,-26],[2,-13],[0,-14],[-3,-6],[0,-3],[0,-2],[1,-4],[2,-10],[-1,-8],[-3,-5],[-18,-16],[0,-2],[1,-1],[4,1],[2,-1],[2,-2],[1,-4],[-1,-11],[1,-13],[3,-12],[1,-14],[-1,-12],[-2,-6],[0,-2],[0,-2],[2,-5],[3,-4],[3,-1],[2,0],[2,3],[4,7],[8,2],[11,-1],[9,-7],[2,-1],[1,1],[3,2],[3,0],[3,-1],[7,-5],[10,-12],[8,-15],[4,-8],[4,-13],[8,-21],[22,-81],[1,-5],[-1,-5],[-2,-4],[0,-5],[1,-4],[8,-3],[4,-8],[6,-16],[5,-19],[5,-18],[5,-15],[2,-11],[2,-36],[11,-31],[7,-13],[6,-13],[5,-26],[2,-26],[-1,-21],[-3,-28],[-3,-9],[-2,-3],[-1,-1],[1,-1],[1,-1],[3,0],[1,-1],[1,-4],[0,-3],[0,-2],[-1,0],[-3,-1],[-1,-1],[1,-1],[1,-7],[1,-2],[1,-2],[2,-1],[1,-2],[0,-3],[0,-3],[0,-4],[-1,-5],[-2,-2],[-2,-2],[0,-2],[0,-3],[3,-2],[3,-6],[0,-9],[2,-4],[4,-6],[5,-9],[4,-10],[5,-9],[5,-13],[7,-14],[5,-13],[1,-5],[-1,-10],[1,-9],[1,-15],[-2,-14],[0,-4],[-2,-3],[-4,-1],[0,-2],[1,-1],[5,1],[3,-1],[3,-2],[7,-8],[2,-10],[2,-10],[-1,-6],[-4,-3],[0,-2],[1,-2],[3,-5],[-1,-3],[-2,-3],[-4,-3],[-1,-3],[0,-3],[7,-4],[6,1],[4,0],[2,0],[2,-1],[3,-6],[1,-9],[-1,-5],[-3,-4],[-3,0],[-6,-1],[0,-1],[0,-1],[1,-2],[5,-1],[2,-2],[0,-2],[0,-2],[-2,-1],[0,-1],[1,-1],[2,0],[9,0],[10,-11],[4,-7],[3,-11],[1,-6],[-1,-3],[-2,-5],[0,-3],[2,-2],[4,-4],[6,-9],[1,-7],[0,-7],[-2,-3],[0,-4],[1,-4],[3,-2],[5,0],[2,-1],[1,-2],[0,-2],[0,-2],[-4,-2],[0,-2],[1,-1],[8,1],[3,-1],[2,-2],[3,-8],[0,-9],[0,-6],[-2,-4],[-2,-5],[-2,-4],[0,-2],[3,-6],[6,-13],[13,-23],[1,-7],[-1,-7],[2,-6],[5,-5],[4,-5],[4,-5],[1,-4],[0,-2],[-1,-4],[-3,-3],[-1,-2],[1,-3],[8,-8],[8,-8],[10,-6],[2,-3],[0,-5],[-3,-67],[0,-14],[1,-12],[1,-8],[2,-5],[4,-6],[16,-17],[6,-6],[15,-15],[8,-9],[17,-16],[26,-13],[16,-5],[7,-5],[5,-7],[4,-6],[7,-13],[9,-24],[6,-12],[4,-12],[6,-18],[2,-6],[5,-6],[5,-1],[10,1],[7,2],[6,3],[12,0],[17,-5],[8,-8],[2,-1],[2,-1],[5,-1],[2,0],[2,-1],[2,-2],[3,-3],[3,-1],[19,-4],[9,-3],[6,-5],[3,-9],[3,-20],[19,-81],[18,-58],[35,-117],[-5,-3],[-5,2],[-4,0],[-15,-15],[-1,-3],[0,-2],[4,-2],[9,-5],[-55,-77],[-7,-9],[-5,-12],[-4,-12],[-1,-15],[1,-11],[3,-11],[6,-12],[88,-138],[11,-18],[16,-23],[11,-15],[16,-16],[107,-93],[30,-51],[2,-3],[2,-2],[2,-1],[3,0],[3,0],[2,2],[2,2],[1,3],[0,3],[-1,3],[-1,3],[-2,2],[-3,1],[-2,0],[-13,26],[-9,16],[1,1],[0,1],[1,2],[0,1],[-1,2],[-1,1],[-1,2],[-1,1],[-3,1],[-2,0],[-4,1],[-6,2],[-96,85],[-7,7],[-9,9],[-16,20],[1,2],[0,2],[-1,3],[0,1],[2,2],[29,23],[5,-7],[3,3],[-5,7],[-103,158],[-2,3],[1,1],[-5,7],[4,3],[5,-7],[1,1],[1,-1],[102,84],[4,4],[0,-1],[1,0],[1,1],[109,-166],[3,-5],[1,1],[0,-1],[2,1],[-4,5],[0,1],[64,51],[1,0],[1,0],[18,-26],[0,-1],[0,-1],[-19,-17],[-1,0],[1,0],[2,-3],[1,0],[2,-3],[-1,0],[3,-5],[0,1],[19,15],[1,0],[1,0],[1,-1],[19,-30],[0,-1],[-47,-46],[0,-1],[-3,-2],[-2,1],[0,1],[0,1],[4,4],[-2,2],[-14,-13],[2,-2],[2,1],[1,1],[1,0],[0,1],[1,-1],[1,0],[0,-1],[-1,-1],[0,-1],[-3,-3],[-19,-19],[-5,0],[-4,-2],[-3,-3],[-1,-4],[0,-3],[2,-2],[4,-2],[3,1],[3,2],[5,5],[23,24],[5,4],[1,1],[3,0],[3,-6],[1,0],[1,0],[4,3],[1,0],[1,-2],[1,-1],[1,0],[0,1],[4,-7],[1,0],[33,35],[1,0],[2,0],[67,-2],[0,12],[3,0],[0,-12],[12,0],[0,-1],[1,0],[0,-1],[5,0],[0,-1],[1,-1],[0,-14],[0,-1],[-1,0],[-4,1],[0,-1],[-1,0],[0,-1],[0,-1],[-1,0],[-4,0],[-1,0],[0,-1],[-1,-49],[0,-1],[-1,0],[-80,2],[-1,0],[0,-5],[-1,-1],[-1,-2],[0,-1],[-1,-1],[-1,0],[-18,1],[-1,0],[-1,-1],[0,-1],[-1,-1],[0,-5],[-4,0],[0,1],[-1,2],[-1,2],[-2,0],[-3,0],[-2,0],[-1,-2],[-1,-2],[-1,-2],[0,-2],[1,-2],[1,-2],[2,-1],[2,-1],[12,-1],[132,-13],[4,-3],[1,-3],[9,-39],[18,-84],[2,-9],[0,-3],[1,-2],[2,-1],[2,-1],[2,0],[2,1],[2,1],[1,2],[0,2],[0,3],[-22,93],[0,1],[1,1],[3,1],[0,1],[0,1],[-25,106],[0,53],[1,0],[0,1],[15,-1],[1,0],[0,1],[1,0],[0,6],[0,1],[1,0],[3,0],[1,0],[6,0],[1,0],[6,0],[1,0],[50,-1],[0,-1],[5,-42],[-1,-1],[0,-1],[-39,-16],[-8,-3],[-5,-2],[-3,-1],[1,-2],[1,1],[2,1],[0,-1],[2,-3],[1,-2],[2,-3],[1,-1],[2,0],[1,0],[6,1],[1,0],[1,0],[0,-1],[1,0],[0,-1],[0,-1],[1,0],[1,0],[1,0],[0,-3],[1,0],[1,0],[58,24],[185,74],[1,1],[0,1],[-1,3],[0,1],[0,1],[1,1],[1,0],[5,2],[1,0],[1,0],[1,0],[1,-1],[6,-18],[1,-3],[1,-4],[-4,-2],[1,-3],[4,1],[3,-4],[0,-1],[5,-16],[1,-2],[-1,-1],[-23,-9],[-13,-5],[-2,-1],[-1,0],[-1,3],[-3,-1],[0,-1],[8,-27],[1,0],[2,-7],[-1,0],[0,-1],[1,0],[-1,0],[0,-1],[1,0],[2,-6],[0,-1],[-2,-1],[-2,0],[-1,-1],[-1,3],[1,1],[-1,1],[-1,2],[1,1],[-1,0],[0,1],[-1,0],[1,-2],[2,-7],[-170,-67],[-1,-2],[0,-1],[8,-21],[-1,-1],[0,-1],[-37,-15],[-7,-3],[-1,-1],[-1,-1],[0,-1],[0,-1],[-3,-2],[-1,0],[0,-1],[0,-1],[1,0],[0,-1],[1,0],[0,1],[3,1],[1,0],[1,-1],[1,0],[1,0],[3,1],[230,93],[6,2],[5,2],[3,0],[2,-1],[3,-1],[2,-2],[14,-13],[44,-46],[2,-2],[2,-1],[2,0],[2,0],[2,1],[1,2],[1,2],[0,2],[0,2],[-1,2],[-2,2],[-2,0],[-2,1],[-2,-1],[-5,5],[-11,11],[-24,24],[-1,2],[1,3],[0,1],[5,32],[6,35],[4,28],[3,0],[1,0],[18,-4],[3,-1],[17,-3],[2,0],[2,-1],[-10,-62],[0,-1],[-2,-12],[-1,-3],[0,1],[-2,-6],[-1,-2],[1,-2],[0,-1],[2,-1],[1,-1],[2,1],[1,0],[1,1],[5,6],[4,5],[1,2],[4,13],[0,1],[-1,1],[0,8],[1,8],[2,7],[0,2],[1,3],[1,3],[1,2],[2,2],[2,1],[4,2],[1,1],[0,-1],[2,1],[0,1],[1,2],[1,1],[0,1],[1,1],[1,1],[12,-1],[6,0],[7,-1],[8,-2],[6,-2],[10,-4],[24,-9],[25,-14],[28,-20],[22,-22],[25,-30],[15,-21],[37,-60],[48,-88],[23,-57],[12,-48],[10,-35],[18,-47],[15,-36],[25,-95],[7,-32],[20,-101],[7,-46],[1,-11],[2,-16],[6,-41],[4,-40],[0,-13],[1,-11],[-1,-10],[0,-11],[2,-25],[1,-10],[0,-11],[-1,-26],[-2,-21],[-2,-23],[-1,-29],[-2,-25],[-1,-11],[-1,-15],[0,-7],[-2,-9],[-4,-24],[-2,-16],[-2,-12],[-2,-12],[-2,-20],[-3,-17],[-3,-15],[-6,-20],[-5,-24],[-3,-11],[-3,-16],[-1,-12],[-3,-13],[-10,-29],[-2,-9],[-2,-6],[-2,-12],[-4,-13],[-3,-9],[-1,-5],[-3,-8],[-3,-9],[-4,-12],[-4,-11],[-5,-11],[-7,-11],[-9,-12],[-3,-5],[1,-5],[3,-19],[2,-14],[0,-10],[-4,-8],[-3,-5],[-6,-8],[-7,-11],[-6,-4],[-6,-4],[-6,-3],[-5,-4],[4,-6],[6,-8],[7,-8],[3,-11],[1,-7],[2,-13],[1,-11],[-3,-23],[2,-38],[-3,-22],[-1,-13],[-6,-10],[-8,-4],[-11,-12],[-10,-10],[-25,23],[-1,4],[-2,3],[-4,-1],[-2,-3],[1,-4],[4,-3],[0,-1],[21,-20],[6,-4],[17,-6],[16,-2],[14,-3],[4,-1],[1,-3],[1,-4],[2,-4],[1,-2],[-1,-7],[0,-5],[-3,-10],[-8,-35],[4,-28],[7,-18],[-5,-44]],[[13841,71428],[-62,-23],[-57,-1],[-135,31],[-162,72],[-106,43],[-115,-4],[-55,-55],[-37,-123],[-8,-115],[-25,-133],[-73,-78],[-78,-24]],[[12928,71018],[-46,-2],[-48,10],[-33,12],[-29,13],[-68,-6],[-72,-32],[-48,-2],[-316,110],[-102,69],[-46,100],[-20,31],[-140,150],[-105,223],[-30,95],[-46,43]],[[12394,72290],[2,-2],[9,-8],[18,-14],[11,-10],[13,-11],[5,-5],[10,-10],[10,-11],[17,-15],[10,-8],[8,-6],[24,-17],[17,-14],[7,-5],[10,-8],[12,-9],[10,-8],[7,-6],[6,-7],[5,-7],[3,-5],[7,-14],[5,-10],[6,-12],[20,-40],[9,-18],[6,-9],[4,-5],[3,-5],[9,-9],[2,-2],[2,-1],[3,-2],[15,-10],[4,1],[6,-5],[15,-3],[6,-1],[10,-2],[6,-1],[6,-2],[4,-2],[4,-2],[5,-4],[18,-13],[6,-4],[8,-3],[17,-6],[8,-2],[10,-3],[18,-5],[22,-6],[15,-5],[7,-2],[8,-2],[13,-5],[39,-18],[38,-15],[19,-6],[20,-6],[17,-2],[24,-2],[17,-4],[13,-5],[4,-2],[5,-2],[7,-4],[16,-7],[61,-31],[21,-11],[32,-17],[6,-3],[22,-12]],[[14354,71824],[18,10],[18,12],[15,7],[6,4],[9,3],[20,8],[18,8],[6,6],[9,12],[8,10],[6,6],[32,14],[102,11],[100,-6],[42,10],[106,26],[91,33],[75,67],[93,41],[22,8],[5,2],[35,2],[116,-30]],[[15306,72088],[-5,-26],[-31,-59],[4,-27],[19,-55],[30,3],[16,0],[33,4],[12,-11],[2,-54],[-1,-52],[0,-43],[-4,-46],[1,-58],[-35,-31],[-96,-37]],[[15251,71596],[-43,-19],[-26,-41],[-35,-16],[-71,9],[-109,-21],[-101,-85],[-154,-67],[-176,-74],[5,-29],[-2,-167],[4,-46],[-5,-45],[-3,-194],[-1,-39],[-3,-19],[-4,-24],[-11,-40],[-15,-36],[-14,-29],[-26,-38],[-19,-24],[-41,-41],[-251,-252],[-240,-239],[-5,-5],[-25,-16],[-49,-38],[-53,-26],[-33,-1],[-22,6],[-58,27],[-47,21],[-148,61],[-47,39],[-104,104],[-133,112],[-4,20],[-2,33],[-6,26],[-18,37],[-74,64],[-214,167],[-92,75],[-38,20],[-84,51],[-32,43],[-6,21],[1,25],[12,7],[62,-2],[61,-16],[25,-4],[38,0],[27,1],[40,27],[50,57],[11,8],[5,6],[2,20],[-3,8],[-8,11],[-11,9]],[[8796,76954],[0,-1],[0,-2],[1,0],[1,1],[0,2],[-1,0],[-1,0]],[[8792,76962],[-2,-1],[-1,-1],[0,-1],[1,-2],[1,-1],[1,0],[2,2],[0,2],[-1,1],[-1,1]],[[10567,75465],[90,36],[88,53],[121,-20],[133,54],[38,69],[61,37],[58,9],[53,1],[91,26],[64,36],[50,18],[54,-9],[41,-44],[59,-150],[80,-1],[103,119],[89,76],[5,93],[47,184],[44,212],[97,125],[150,111],[178,18],[134,76],[28,175],[28,223],[129,184],[179,189],[183,264],[105,125]],[[13147,77754],[-143,-13],[-270,-24],[-298,-21],[-242,99],[-143,137],[-237,226],[-138,85],[-155,70],[-62,4],[-46,14],[-136,60],[2,354],[9,280],[-25,87]],[[11263,79112],[-259,164],[-199,36],[-181,-111],[-244,48],[-179,78],[-112,-26],[-117,-219],[-104,-172],[-82,-165],[-7,-228],[-23,-173],[-10,-103],[-16,-171],[-78,-74],[-108,-44],[-103,63],[-326,-138],[-75,-69],[-31,-88],[-131,8],[-78,-70],[-52,-102],[-59,-27]],[[8689,77529],[11,-34],[22,-60],[11,-37],[2,-5],[3,-11],[11,-37],[7,-24],[11,-37],[15,-56],[11,-40],[8,-34],[5,-25],[5,-34],[2,-8],[1,-6],[1,-7],[5,-22],[7,-49],[0,-41],[-1,-5],[-2,-2],[-4,-2],[-4,0],[-4,0],[-2,1],[-2,0],[-2,0],[-4,-1],[-2,-1],[0,-1],[0,-2],[4,-3],[5,-4],[4,-3],[5,-4],[2,-1],[2,0],[3,1],[4,-1],[4,-5],[2,-10],[-3,-12],[-7,-6],[-4,-1],[-3,1],[-8,5],[-9,-1],[-9,-5],[-2,-6],[-1,-5],[3,-3],[5,-1],[4,0],[10,5],[6,2],[23,2],[6,-2],[6,-6],[10,-28],[11,-52],[5,-22],[5,-9],[8,-8],[10,-7],[9,-5],[10,-2],[3,-2],[3,-5],[-1,-9],[3,-3],[5,-2],[7,1],[5,3],[9,10],[10,7],[7,1],[9,-3],[24,-17],[19,-24],[6,-8],[2,-3],[4,-7],[5,-8],[12,-26],[12,-27],[11,-32],[20,-100],[6,-18],[10,-13],[12,-45]],[[11263,79112],[-19,135],[-106,245],[-141,213],[134,-67],[80,-1],[103,130],[-23,155],[-33,205],[-45,237],[-44,255],[-10,229],[78,117],[117,199]],[[11354,81164],[-9,119],[-52,-28],[-19,61],[-86,-35],[-101,-70],[-118,-47],[-183,59],[-56,125],[-153,69],[-211,50],[-108,-5],[-136,18],[-94,-16],[-115,80],[-73,42],[-85,48],[3,63],[-56,-80],[40,-78],[-94,-157],[-90,-181],[-2,-27],[-9,-111],[-28,-87],[-134,31],[-94,-11],[-120,-10],[-91,-21],[-144,-184],[-77,-118],[-68,-70],[-45,-101],[-30,-75],[-118,0],[-169,18],[-18,98],[4,106],[0,41],[-11,70]],[[8404,80750],[-200,19],[-193,-14],[-260,-65],[-233,-90],[-115,-111],[-58,-132],[52,-377],[14,-132],[-58,-26],[-48,-36],[-61,-33],[-27,-44],[-62,-18],[-41,-21],[-10,-35],[-41,-29],[-46,-59],[-19,-33],[-12,-20],[-17,-13]],[[6969,79481],[15,-24],[29,-63],[30,-62],[23,-33],[2,-5],[1,-3],[-1,-3],[-8,-8],[-1,-2],[1,-1],[5,-2],[43,7],[17,0],[5,-2],[3,-3],[4,-5],[3,-2],[5,0],[18,-2],[11,-12],[14,-16],[13,-22],[19,-45],[19,-57],[15,-60],[18,-127],[6,-50],[5,-48],[21,-64],[2,-13],[-2,-41],[1,-8],[3,-7],[14,-12],[16,-15],[20,-18],[10,-23],[9,-67],[8,-35],[4,-25],[1,-20],[-3,-13],[1,-10],[5,-9],[13,-8],[24,2],[10,-2],[5,-3],[3,-4],[0,-4],[-3,-6],[0,-3],[3,0],[4,1],[9,0],[21,-8],[37,0],[14,1],[11,2],[9,5],[3,0],[3,-1],[7,-6],[10,-13],[9,-15],[1,-4],[-1,-3],[1,-3],[2,-1],[8,-2],[7,0],[9,1],[8,-3],[8,-8],[8,-8],[3,-2],[3,-1],[5,2],[4,2],[3,0],[1,-1],[37,-26],[23,-30],[10,-12],[9,-13],[13,-20],[1,-2],[1,-3],[0,-4],[0,-2],[-10,-8],[0,-1],[1,-1],[3,1],[2,1],[2,1],[5,3],[3,3],[4,2],[8,4],[12,4],[15,6],[37,7],[36,10],[22,5],[12,3],[8,-1],[6,-2],[4,-3],[2,-2],[2,-1],[3,0],[2,0],[4,1],[10,1],[13,1],[22,1],[46,3],[14,-3],[19,-17],[3,-10],[6,-5],[7,-2],[18,2],[11,2],[10,-2],[20,-14],[10,-5],[16,-5],[7,-1],[5,0],[12,-2],[5,0],[55,-45],[7,-8],[8,-8],[13,-6],[11,-2],[17,-1],[15,1],[14,1],[5,0],[17,0],[10,-5],[14,-11],[21,-24],[26,-48],[32,-74],[18,-54],[15,-36],[38,-64],[59,-97],[24,-47],[50,-110],[34,-55]],[[4925,85917],[-3,-7],[-2,-3],[-2,-4],[-3,-2],[-1,-2],[-2,-3],[-2,-4],[-2,-6],[0,-5],[1,-5],[4,-7],[2,-1],[2,0],[2,0],[2,0],[2,-1],[6,-7],[1,-4],[2,-5],[1,-5],[1,-3],[1,-2],[2,-4],[1,-3],[-1,-4],[-2,-2],[-1,-2],[-3,0],[-3,0],[-3,2],[-5,2],[-2,0],[-3,0],[-4,-1],[-2,-2],[-2,-4],[0,-4],[0,-5],[1,-1],[0,-1],[0,-1],[-1,-1],[-2,-4],[-3,-2],[-4,-3],[-2,-2],[-2,-1],[-2,-1],[-2,0],[0,1],[0,3],[-1,1],[-1,0],[-1,-1],[-1,-2],[0,-5],[0,-2],[1,-4],[1,-4],[0,-5],[-4,-7],[-4,-5],[-5,-5],[-3,-2],[-3,-2],[-2,-3],[-2,-4],[-1,-7],[-1,-6],[-2,-6],[-2,-8],[-1,-10],[1,-3],[2,-6],[1,-3],[0,-4],[-1,-2],[-1,-1],[-5,-3],[-2,-2],[-3,-3],[-2,-4],[-3,-5],[-5,-8],[-2,-5],[1,-6],[-1,-2],[-1,-2],[-3,-2],[-8,-8],[-2,-3],[-2,0],[-2,0],[-5,2],[-1,0],[-1,-1],[0,-2],[0,-3],[-1,-4],[-2,-4],[0,-2],[1,-2],[1,-2],[1,-1],[-1,-2],[-1,-2],[-1,-1],[-1,-3],[-2,-5],[-1,-3],[1,-2],[2,-3],[0,-5],[-1,-3],[-3,-7],[-6,-6],[-6,-7],[-4,-5],[-1,-2],[-1,-1],[-1,-1],[-3,0],[-3,2],[-3,0],[-1,-2],[-1,-3],[-2,-9],[-4,-12],[-1,-6],[-2,-5],[-4,-10],[-22,-32],[-3,-5],[-2,-10],[-4,-11],[-2,-9],[-8,-17],[-5,-8],[-13,-23],[-1,-1],[1,-2],[2,-2],[1,-4],[1,-8],[-1,-8],[-1,-7],[-4,-6],[-27,-33],[-16,-27],[-2,-5],[-1,-6],[0,-6],[-4,-9],[-2,-3],[-4,-2],[-5,1],[-5,1],[-2,-1],[-3,-3],[-11,-17],[-18,-34],[-21,-46],[-3,-6],[-3,-8],[-7,-7],[-5,-5],[-4,-7],[-1,-2],[-2,-1],[-5,-9],[-3,-6],[0,-2],[-1,-1],[-9,-10],[-5,-8],[-2,-5],[-1,-3],[-1,-2],[-2,-3],[-3,-3],[-8,-16],[-7,-11],[-4,-6],[-4,-4],[-8,-13],[-7,-13],[-6,-10],[-5,-10],[-6,-8],[-4,-3],[-3,-5],[-4,-9],[-4,-8],[-3,-3],[-3,-3],[-1,-4],[-1,-5],[-1,-6],[-1,-3],[-3,-3],[-9,-4],[-8,0],[-2,-2],[-2,-7],[-3,-6],[-2,-9],[0,-3],[1,-2],[0,-1],[0,-1],[-2,-1],[-1,0],[-3,-3],[0,-1],[0,-2],[1,-4],[0,-3],[-4,-4],[-1,-1],[-1,1],[-3,6],[-2,2],[-2,-1],[-4,-3],[-4,-5],[-1,-6],[-3,-11],[-5,-11],[-6,-8],[-3,-7],[-3,-5],[-6,-5],[-2,-4],[-3,-4],[-3,-3],[-5,-2],[0,-1],[0,-2],[0,-2],[1,-6],[1,-8],[-1,-2],[-1,-1],[-4,-3],[-2,-3],[-4,-9],[-3,-8],[1,-8],[5,-21],[0,-8],[-1,-5],[-5,-5],[-6,-10],[-1,-5],[0,-2],[5,-3],[11,-9],[4,-6],[1,-6],[-1,-4],[-2,-1],[-8,0],[-6,0],[-4,-2],[-2,-4],[0,-3],[1,-6],[11,-26],[5,-5],[9,-2],[5,-1],[5,2],[2,5],[3,4],[3,1],[2,-2],[3,-4],[5,-16],[14,-27],[7,-42],[0,-40],[3,-41],[6,-13],[-5,-11],[-6,-3],[-5,-7],[-1,-7],[3,-7],[-2,-6],[-4,-3],[-6,0],[-5,0],[-3,-4],[-1,-7],[-1,-11],[-1,-13],[-7,-22],[-20,-28],[-20,-29],[-7,-12],[-5,-11],[-15,-30],[-22,-33],[-24,-32],[-16,-20],[-3,-5],[-2,-2],[-11,-17],[-57,-87],[-57,-82],[-51,-52],[-8,-9],[-11,-14],[-1,-7],[-2,-2],[-4,-2],[-6,3],[-6,-2],[-5,-4],[-5,-16],[-21,-24],[-8,-8],[-6,-8],[-8,-4],[-8,-3],[-2,-1],[-1,-3],[1,-9],[-6,-9],[-6,-4],[-6,-2],[-7,1],[-2,0],[-1,-2],[0,-6],[-5,-8],[-10,-8],[-8,-3],[-5,1],[-3,-1],[-3,-3],[-2,-6],[-1,-3],[3,-16],[-1,-6],[-5,-7],[-25,-20],[-20,-11],[-36,-16],[-4,0],[-4,1],[-9,5],[-6,0],[-8,-2],[-19,-16],[-9,-8],[-3,-7],[0,-8],[3,-16],[2,-14],[-3,-9],[-2,-3],[-3,-1],[-6,1],[-2,-1],[-1,-2],[3,-43],[-12,-44],[-14,-28],[-26,-57],[-6,-22],[-9,-26],[-11,-22],[-24,-26],[-4,-8],[-1,-11],[0,-27],[-12,-45],[0,-43],[-4,-9],[-3,-2],[-4,-1],[-5,0],[-2,-1],[-1,-2],[-1,-3],[-2,-11],[-7,-13],[-10,-9],[-3,-10],[-2,-16],[-2,-3],[-3,-3],[-8,-4],[-2,-5],[1,-6],[20,-27],[6,-11],[0,-12],[-3,-8],[-4,-6],[-16,-15],[-10,-17],[-3,-6],[0,-5],[-1,-4],[0,-2],[-1,-1],[-3,-1],[-2,-3],[-2,-6],[2,-4],[5,-6],[2,-7],[1,-17],[0,-12],[-3,-12],[1,-4],[0,-1],[2,-1],[2,1],[1,-1],[0,-2],[0,-2],[-2,-3],[-5,-7],[-1,-24],[-4,-19],[-9,-12],[-1,-3],[-1,-2],[0,-6],[1,-11],[-3,-11],[-4,-4],[-3,-3],[0,-3],[1,-5],[0,-10],[-2,-9],[-1,-2],[1,-1],[4,-5],[1,-5],[-2,-4],[-3,-2],[-1,-3],[0,-2],[0,-8],[-2,-2],[-2,-1],[-2,-1],[-2,-1],[0,-2],[-1,-5],[-7,-17],[-7,-13],[-6,-6],[-5,-1],[-10,4],[-2,0],[-2,-2],[-1,-6],[-3,-24],[-1,-1],[-1,0],[-2,0],[-3,0],[-2,-2],[-3,-6],[0,-11],[4,-15],[-2,-2],[-3,-1],[-3,3],[-3,0],[-2,-1],[-3,-3],[0,-3],[7,-16],[4,-7],[1,-7],[0,-1],[-2,0],[-2,1],[-4,-1],[-2,-3],[-2,-15],[-4,-29],[-7,-27],[4,-23],[0,-4],[-5,-2],[-3,1],[-3,5],[-3,5],[-6,2],[-5,-4],[-1,-10],[7,-15],[2,-11],[-1,-8],[-5,-18],[-10,-35],[-8,-39],[-4,-34],[-2,-26],[-1,-8],[-1,-1],[-2,-1],[-3,3],[-3,6],[-1,0],[-1,-1],[-16,-37],[-1,-6],[1,-5],[3,-7],[1,-12],[0,-9],[-3,-12],[0,-9],[0,-5],[9,-35],[5,-36],[1,-2],[1,-3],[4,-1],[3,0],[3,-2],[1,-2],[0,-5],[-1,-6],[-4,-9],[-3,-4],[-4,-1],[-8,-1],[-1,-2],[-1,-2],[1,-5],[3,-8],[1,-17],[0,-11],[0,-4],[2,-3],[3,-3],[2,-3],[0,-5],[-2,-25],[-10,-34],[-2,-3],[-3,-2],[-2,-1],[-1,-2],[-1,-2],[-6,-28],[-4,-28],[-4,-4],[-3,-2],[-3,0],[-5,2],[-2,-2],[-1,-2],[0,-5],[3,-6],[0,-3],[-1,-2],[-4,-5],[-1,-5],[0,-5],[6,-16],[-1,-20],[-3,-16],[-4,-16],[-5,-22],[-5,-17],[-8,-21],[-8,-21],[0,-2],[2,-1],[3,1],[3,0],[4,-1],[1,-3],[1,-4],[-1,-3],[-7,-7],[-1,-6],[1,-6],[6,-32],[1,-5],[-1,-8],[-2,-8],[-1,-10],[2,-18],[-1,-3],[-3,-2],[-29,4],[-3,-2],[-3,-3],[-2,-9],[0,-12],[0,-2],[3,-3],[13,-7],[3,-6],[1,-34],[-3,-19],[-4,-18],[2,-3],[4,0],[3,4],[3,0],[5,-2],[5,-8],[3,-15],[3,-26],[0,-17],[-4,-34],[-1,-15],[-1,-9],[1,-11],[1,-9],[3,-25],[-4,-24],[-2,-11],[-3,-9],[-4,-16],[-2,-12],[-1,-8],[0,-13],[0,-13],[2,-13],[2,-10],[2,-5],[3,-4],[7,-4],[5,-2],[9,-12],[6,-14],[4,-8],[4,-5],[7,-5],[8,-9],[7,-8],[5,-9],[1,0],[2,0],[2,4],[2,1],[1,-1],[3,-4],[0,-4],[1,-6],[2,-5],[7,-3],[5,0],[4,1],[4,-1],[12,-5],[17,-12],[12,-4],[10,-1],[9,1],[7,0],[7,-1],[44,-37],[17,-8],[13,-2],[8,1],[5,4],[6,5],[4,2],[5,0],[15,-3],[14,0],[13,4],[29,4],[15,-1],[18,-4],[26,-9],[27,-12],[32,-15],[12,-3],[19,0],[8,-3],[7,-6],[8,-3],[12,1],[6,2],[6,3],[6,0],[6,-3],[5,-5],[9,-3],[14,-1],[31,4],[30,12],[68,1],[38,-5],[27,0],[30,7],[42,22],[72,22],[50,12],[45,6],[60,4],[38,14],[42,12],[17,6],[21,4],[44,6],[19,13],[2,0],[2,-2],[-1,-4],[0,-2],[0,-1],[2,0],[48,27],[3,4],[0,10],[4,4],[4,0],[7,-3],[8,0],[29,14],[5,0],[3,-2],[10,-15],[0,-8],[3,-2],[3,-1],[4,2],[9,7],[3,1],[3,2],[5,0],[4,-1],[3,-1],[3,1],[10,8],[3,1],[2,-1],[2,-1],[1,-2],[-1,-2],[-1,-4],[1,-2],[4,-2],[3,0],[4,3],[2,1],[2,-1],[3,-3],[3,-5],[0,-4],[1,-1],[1,0],[12,9],[2,0],[1,-1],[-1,-2],[-8,-10],[1,-1],[1,-1],[1,0],[14,12],[13,11],[3,0],[2,0],[7,-7],[5,-6],[4,-3],[7,-3],[6,0],[9,0],[5,1],[8,1],[15,0],[16,1],[18,-5],[27,-12],[72,-1],[14,-3],[12,-7],[16,-6],[31,-14],[16,-14],[7,-4],[8,-2],[18,-3],[29,-13],[24,-6],[20,-5],[10,-2],[7,-5],[27,-21],[36,-20],[14,-10],[30,-35],[16,-14],[12,-12],[8,-8],[14,-14],[31,-20],[37,-11],[47,-33],[6,-3],[8,-2],[6,-1],[4,-4],[11,-11],[126,-119],[20,-13],[29,-10],[24,-2],[57,-2],[51,-11],[50,-19],[20,-9],[101,-51],[34,-7],[56,-20],[26,-12],[13,-18],[13,-27],[28,-29],[18,-28],[33,-79],[34,-49],[30,-45],[21,-33],[14,-18],[23,-28],[20,-34],[20,-21],[21,-24],[23,-39],[19,-32],[26,-9],[4,-8],[4,-5],[9,-3],[9,-3],[29,-11],[16,-7],[5,-4],[1,-1],[1,-3],[-1,-2],[0,-2],[1,-2],[3,-2],[6,-7],[28,-30],[34,-38],[82,-86],[60,-76],[72,-86],[42,-52],[42,-65],[8,-6],[13,-4],[31,-38]],[[8404,80750],[-43,282],[-70,181],[-61,181],[-28,132],[-21,192],[6,154],[-18,178],[7,108],[18,103],[118,118],[185,212],[108,163],[193,497],[5,13],[46,28],[15,25],[9,17],[47,-52],[52,26],[61,173],[-10,-181],[59,-8],[68,109],[120,-45],[108,24],[18,51],[-49,34],[12,78],[68,-72],[61,4],[-30,117],[58,-31],[21,8],[61,22],[3,94],[44,-10],[68,-158],[50,-8],[30,73],[42,54],[0,43],[-84,1],[87,96],[25,61],[12,-139],[106,39],[103,20],[101,28],[-28,89],[183,-75],[124,-3],[40,51],[-46,91],[42,24],[42,-145],[73,5],[49,64],[-5,212],[85,-103],[75,60],[63,110],[-8,74]],[[10874,84239],[-100,127],[-25,102],[-17,109],[10,124],[-101,346],[-195,-29],[-59,256],[-122,220],[-122,443],[-12,308],[-87,264],[43,281],[44,183],[28,186]],[[10159,87159],[-260,55],[-164,193],[-166,-103],[-249,-204],[-225,-192],[-137,-96],[-152,-143],[-262,107],[-294,49],[-196,37]],[[8054,86862],[-387,128],[-270,-19],[-328,-27],[-89,-211],[-77,-281],[-56,-283],[-116,-210],[-127,-239],[-70,-205],[-61,-69],[-48,62],[-99,69],[-123,33],[-151,8],[-166,70],[-188,36],[-173,-24],[-124,-73],[-66,-9],[-85,93],[-37,111],[-3,9],[-59,130],[-57,-10],[-40,-8],[-63,-35],[-66,9]],[[8054,86862],[-634,1826],[125,1035],[-894,390],[-57,285],[16,141],[70,622],[-141,473],[-31,13],[-629,251],[-619,101],[5,-12],[1,-16],[-2,-17],[-6,-14],[-4,-5],[-4,-1],[-3,2],[-1,-1],[0,-3],[4,-5],[-1,-3],[-11,-6],[-4,-5],[-4,-6],[-1,-4],[1,-5],[7,-3],[2,-3],[-1,-5],[-8,-1],[-3,-2],[0,-14],[5,-19],[6,-19],[1,-8],[0,-2],[-3,-4],[1,-2],[1,-1],[3,3],[2,3],[3,1],[3,-1],[2,-3],[2,-7],[1,-11],[-9,-28],[-3,-14],[-1,-11],[5,-39],[5,-15],[2,-5],[-1,-7],[-1,-5],[0,-4],[2,-3],[6,-1],[11,-1],[8,-4],[7,-8],[3,-12],[0,-27],[-3,-22],[0,-8],[-3,-2],[-11,1],[-8,-7],[-2,-11],[0,-11],[3,-7],[6,-11],[7,-13],[6,-12],[3,-3],[0,-3],[-1,-3],[-11,-11],[-7,-1],[-6,-3],[-3,-4],[-2,-8],[0,-7],[7,-8],[2,-5],[4,-12],[2,-9],[3,-7],[2,-8],[0,-3],[-1,-4],[-5,-4],[-1,-3],[0,-16],[2,-7],[0,-6],[-2,-2],[-4,-3],[-3,1],[-4,2],[-2,-1],[-2,-2],[1,-6],[-5,-6],[-3,-5],[-2,-1],[-4,-1],[-4,3],[-4,-1],[-2,-2],[0,-2],[7,-4],[3,-4],[0,-4],[-2,-5],[-3,-2],[-3,-3],[-5,0],[-4,-2],[-2,-1],[0,-1],[0,-1],[6,-3],[2,-2],[0,-2],[-1,-1],[-1,-1],[-7,-2],[-9,-3],[-4,-6],[0,-6],[1,-15],[-1,-2],[-6,-4],[-8,-6],[-1,-4],[1,-3],[6,-6],[9,-1],[4,-4],[3,-9],[-2,-14],[-4,-14],[-1,-11],[5,-12],[-1,-29],[-6,-14],[-2,-5],[-9,0],[-10,3],[-1,-2],[0,-4],[19,-13],[5,-19],[-1,-24],[-3,-5],[-6,-3],[-2,-3],[0,-3],[7,-2],[2,-2],[3,-10],[5,-11],[16,-18],[16,-17],[2,-2],[-1,-5],[1,-2],[1,-2],[8,1],[4,-2],[1,-2],[-3,-4],[-4,-3],[-1,-4],[3,-6],[3,-2],[1,-3],[-3,-5],[0,-2],[5,-7],[8,-1],[6,-2],[3,-2],[1,-3],[-1,-3],[-3,-2],[-8,0],[-2,-1],[-3,-11],[1,-7],[2,-4],[13,-3],[3,-3],[-1,-5],[-5,-1],[-7,0],[-8,1],[-1,-2],[1,-3],[8,-7],[5,-12],[3,-3],[3,-1],[9,1],[3,-2],[1,-5],[-1,-5],[-7,-7],[-2,-3],[4,-5],[4,-1],[10,4],[3,-2],[7,-14],[5,-8],[9,-8],[9,-4],[10,-8],[7,-11],[2,-17],[0,-4],[2,-4],[3,-1],[7,-6],[3,-8],[2,-11],[11,-17],[3,-14],[6,-28],[17,-53],[42,-90],[22,-29],[8,-12],[6,-15],[6,-20],[20,-32],[5,-15],[0,-10],[-1,-2],[0,-5],[3,-2],[5,1],[4,0],[7,-7],[2,-10],[2,-28],[0,-15],[0,-10],[-10,-61],[-5,-7],[-5,-4],[-11,-4],[-11,0],[-8,-4],[-7,-13],[-3,-2],[-3,-1],[-1,-1],[-1,-1],[1,-9],[-1,-11],[-5,-6],[-9,-4],[-8,-3],[-13,-14],[-3,-8],[0,-6],[3,-13],[0,-5],[-3,-3],[-1,-3],[2,-6],[-3,-4],[-14,-6],[-7,-3],[-3,-4],[-1,-4],[2,-14],[3,-3],[6,-6],[2,-3],[2,-12],[17,-27],[2,-6],[-2,-9],[-6,-7],[-1,-4],[1,-9],[0,-3],[-3,-6],[0,-9],[3,-11],[0,-7],[-9,-16],[-5,-12],[-3,-62],[-3,-10],[-5,-11],[-4,-15],[-1,-5],[8,-29],[0,-5],[-2,-7],[0,-13],[2,-8],[-1,-14],[-6,-7],[-2,-8],[-8,-8],[-3,-10],[-1,-9],[-4,-10],[-15,-13],[-7,-3],[-10,-6],[-3,-13],[2,-11],[2,-7],[-2,-6],[-2,-3],[-6,-3],[-10,-4],[-2,-4],[0,-15],[-2,-6],[-6,-1],[-12,-3],[-2,-1],[-2,-2],[-1,-14],[-5,-26],[-4,-35],[-3,-24],[-12,-19],[-8,-6],[-2,-4],[0,-3],[12,-28],[6,-20],[-3,-14],[-6,-7],[-10,-5],[-6,-5],[-18,-37],[-11,-33],[-12,-19],[-34,-100],[-9,-30],[-16,-28],[-4,-9],[1,-34],[-5,-11],[-4,-5],[-5,-1],[-5,1],[-4,-1],[-3,-1],[-1,-3],[1,-4],[0,-4],[-2,-1],[-6,-4],[-1,-1],[-1,-3],[-1,-5],[-2,-5],[-7,-12],[-5,-3],[-3,-6],[-6,-11],[-3,-6],[-4,-2],[-3,-3],[-4,-6],[-8,-20],[-2,-7],[-2,-5],[-2,-3],[0,-5],[-1,-3],[-2,-3],[-3,-3],[-1,-2],[3,-6],[2,-3],[1,-2],[0,-7],[0,-1],[3,-2],[1,-2],[0,-3],[-1,-1],[-3,-1],[-3,1],[-7,-4],[-6,-2],[-2,-2],[-1,-4],[-1,-8],[2,-21],[-1,-2],[-3,-1],[-10,-2],[-5,-8],[-3,-5],[-5,-2],[-5,2],[-2,1],[-1,-2],[0,-4],[2,-8],[0,-5],[-2,-5],[-7,-6],[-1,-1],[0,-5],[1,-4],[2,-7],[0,-1],[-2,-1],[0,-2],[2,-2],[0,-3],[-1,-3],[-2,0],[0,1],[-1,3],[-1,3],[-1,1],[-1,-2],[-1,-4],[0,-7],[-1,-1],[-2,-6],[-2,-4],[1,-1],[1,-1],[1,-2],[1,-9],[0,-2],[2,-1],[1,1],[1,2],[2,3],[3,1],[3,-2],[0,-1],[0,-1],[-2,-1],[0,-2],[1,-1],[3,1],[1,-1],[3,-5],[3,-4],[0,-10],[-2,-7],[0,-2],[2,-8],[-1,-1],[-1,-2],[-6,-5],[-1,-2],[-1,-2],[2,-3],[16,-8],[21,-20],[5,-3],[7,-2],[3,1],[1,2],[1,1],[7,0],[2,0],[2,-2],[4,0],[2,2],[1,8],[1,3],[2,0],[1,0],[1,-2],[2,-1],[2,1],[0,1],[3,3],[3,-1],[7,-7],[7,-10],[8,-12],[6,-16],[1,-8],[1,-1],[7,-25],[-1,-20],[-1,-9],[-8,-13],[-1,-9],[-1,-6],[3,-15],[-5,-11],[-6,-5],[9,-1],[2,-3],[-6,-11],[-12,6],[-5,-9],[-5,-6],[-3,-9],[-2,-8],[2,-5],[3,-9],[-1,-3],[-1,-14],[2,-3],[1,-3],[-6,-11],[-3,-11],[6,-9],[7,-3],[8,-2],[7,4],[7,7],[1,8],[0,2],[-3,2],[0,1],[0,1],[6,1],[-1,-3],[1,-3],[2,-1],[1,1],[1,2],[-1,3],[1,0],[3,1],[3,-16],[8,-4],[1,0],[1,1],[0,1],[0,2],[-6,3],[-3,15],[-1,2],[1,0],[2,-1],[1,-3],[2,2],[3,4],[3,2],[1,3],[8,2],[8,8],[11,15],[10,13],[3,5],[4,5],[4,3],[5,0],[3,3],[6,1],[6,3],[7,3],[11,2],[12,6],[5,3],[16,6],[13,3],[14,0],[8,0],[10,-2],[16,-3],[45,-15],[11,-7],[9,-9],[23,-23],[12,-13],[19,-15],[2,-2],[1,-1],[7,-7],[13,-12],[4,-2],[4,-1],[2,-1],[14,-13],[7,-10],[11,-27],[1,-8],[1,-5],[8,-10],[5,-6],[3,-8],[4,-11],[4,-13],[5,-8],[2,-6],[4,-12],[2,-17],[1,-13],[-5,-17],[0,-4],[1,-5],[1,-10],[0,-13],[-6,-25],[0,-4],[3,-12],[3,-9],[13,-20],[17,-16],[6,-4],[3,-5],[1,-5],[0,-5],[-2,-11],[2,-27],[-2,-12],[-6,-24],[-1,-5],[1,-5],[7,-13],[2,-11],[6,-20],[0,-13],[-3,-11],[-7,-6],[-6,-5],[-4,0],[-3,-2],[-2,-2],[0,-4],[-1,-3],[-2,-4],[-1,-6],[1,-7],[0,-3],[1,-4],[3,-12],[4,-7],[1,-6],[-3,-15],[0,-3],[1,-2],[3,-5],[1,-2],[0,-1],[0,-3],[0,-12],[2,-7],[3,-10],[2,-13],[0,-2],[1,-4],[3,-6],[0,-1],[-1,-7],[-2,-3],[-1,-4],[0,-2],[2,-7],[1,-7],[-1,-7],[1,-21],[0,-11],[-5,-21],[-1,-8],[-12,-56],[-20,-65],[-7,-24],[-9,-13],[-11,-12],[-9,-22],[-1,-16],[2,-11],[5,-16],[1,-4],[0,-7],[-28,-94],[-7,-21],[-7,-18],[-10,-23],[-7,-9],[-8,-6],[-12,-2],[-3,-1],[-1,-2],[-2,-6],[1,-4],[1,-3],[0,-2],[-1,-1],[-6,-8],[-5,-9],[-1,-8],[0,-5],[0,-4],[-1,-2],[-3,-1],[-5,0],[-3,2],[-1,0],[-1,-1],[0,-3],[1,-3],[0,-1],[-1,-7],[-2,-6],[-8,-10],[-3,-2],[-2,0],[-1,-2],[-3,-4],[-1,-1],[-1,0],[-3,3],[-4,4],[-4,0],[-2,-1],[-3,-5],[0,-6],[-1,-7],[-2,-6],[-1,-4],[-3,-5],[-3,-4],[0,-2],[2,-2],[6,-2],[1,-2],[3,-3],[6,-2],[2,-2],[1,-6],[0,-7],[-3,-2],[-5,-7],[-1,-2],[2,-10],[0,-3],[-1,-8],[-2,-2],[-4,-4],[-5,-7],[-2,-2],[1,-6],[0,-7],[1,-5],[2,-3],[1,-3],[-1,-2],[-3,-1],[-6,-3],[-5,0],[-1,-2],[-1,-4],[1,-2],[1,-1],[0,-2],[0,-2],[-2,-2],[-5,-6],[-3,-1],[-2,0],[-1,3],[-1,3],[-3,2],[-4,-1],[-4,-2],[-4,-4],[-1,-7],[-2,-32],[1,-9],[-3,-8],[-2,-5],[2,-11],[2,-10],[1,-2],[2,-2],[1,-2],[-1,-6],[-1,-4],[-3,-8],[-6,-9],[-7,-13],[-1,-7],[1,-14],[-2,-9],[-1,-6],[-2,-7],[1,-5],[12,-18],[5,-12],[2,-11],[-4,-12],[-10,-20],[-7,-14],[-3,-8],[-4,-6],[-4,-13],[-4,-10],[-7,-13],[-6,-9],[-5,-11],[-4,-10],[-6,-13],[-7,-11],[-9,-17],[-9,-20],[-11,-19],[-10,-16],[-12,-15],[-11,-12],[-13,-17],[-18,-24],[-25,-30],[-7,-4],[-6,-2],[-3,-3],[-1,-5],[0,-5],[-1,-8],[-3,-6],[-3,-4],[-8,-4],[-4,-5],[-1,-11],[-4,-13],[-9,-18],[-5,-10],[-5,-8],[-6,-7],[-5,-6],[-12,-10],[-12,-9],[-24,-20],[-17,-8],[-5,-3],[-5,-4],[-5,-5],[-2,-1],[-3,-1],[-13,2],[-7,1],[-4,-2],[-1,-7],[2,-5],[2,-4],[6,-2],[5,-4],[2,-5],[-3,-5],[-5,-1],[-3,0],[-1,-1],[1,-4],[1,-3],[7,-4],[3,-1],[2,-1],[-1,-7],[-5,-6],[-4,-4],[-1,-2],[3,-6],[2,-11],[0,-18],[-1,-21],[1,-16],[-1,-10],[3,-19],[3,-8],[0,-5],[-2,-13],[-4,-6],[-7,-8],[-4,-5],[-1,-7],[0,-19],[-3,-14],[-6,-14],[-3,-13],[1,-19],[-2,-15],[-5,-7],[-1,-1],[0,-2],[0,-2],[0,-2],[1,-1],[2,-1],[1,-2],[0,-8],[-2,-4],[-2,-2],[-6,-2],[-3,-1],[-3,-3],[-1,-3],[1,-3],[3,-3],[2,-2],[2,-3],[1,-12],[-1,-12],[0,-4],[-1,-8],[-3,-11],[-1,-3],[-1,-4],[0,-3],[1,-5],[-1,-5],[0,-2],[-3,-3],[-5,-1],[-5,-1],[-2,-1]],[[18747,73779],[-968,-69],[-235,47],[-418,-63],[-462,-38],[-115,246],[-73,179],[-202,416],[-131,307],[-68,277],[-14,124],[-160,91],[-108,65],[-73,67],[-80,147],[-91,288],[-52,339],[10,205],[11,189],[-192,150],[-155,112],[-148,116],[-192,125],[-287,54],[-103,-72],[-68,-138],[-24,-83],[-124,-18],[-84,94],[-69,242],[-28,171],[36,136],[83,116]],[[14163,77601],[274,33],[137,36],[187,145],[164,222],[26,154],[30,106],[49,213],[173,167],[136,-38],[61,-51],[173,-67]],[[15573,78521],[76,-30],[107,-87],[149,-153],[47,-277],[-2,-127],[78,-88],[199,-62],[235,-68],[167,-18],[51,54],[61,190],[47,111],[47,56],[249,-25],[303,-96],[108,-38],[30,-56],[-13,-97],[-5,-37],[164,-75],[202,-85],[101,-18],[33,70],[44,279],[12,202],[-7,150],[-82,104],[2,38],[73,34],[359,65],[272,96],[68,5],[71,-57],[354,77],[148,34]],[[19321,78592],[150,-87],[273,-387],[-22,-59],[10,-51],[50,-90],[8,-20],[5,-27],[0,-27],[-6,-26],[-1,-23],[7,-21],[20,-40],[3,-51],[1,-70],[16,-55],[-8,-109],[0,-46],[7,-43],[5,-30],[11,-58],[25,-69],[74,-72],[41,-58],[17,-143],[38,-100],[18,-101],[15,-54],[43,-34],[35,-93],[35,-30],[15,-53],[49,-150],[77,-124]],[[20332,76191],[-174,-90],[-54,27],[-254,-242],[-171,-538],[-203,-404],[-247,-325],[-13,-324]],[[19216,74295],[-267,-215],[-185,-274],[-17,-27]],[[13147,77754],[233,30],[42,5],[244,26],[254,1],[56,-25],[57,-37],[46,-30],[54,-53],[30,-70]],[[18747,73779],[-64,-109],[3,-190],[3,-43],[-5,-26],[-2,-36],[-9,-37],[-7,-18],[-13,-17],[-16,-19],[-19,-11],[-22,-11],[-18,-18],[-23,-81],[-30,-50],[-8,-32],[-41,-24],[9,-26],[1,-46],[-1,-27],[0,-36],[1,-17],[-7,-43],[-66,-173],[-39,-7],[-75,23],[-97,77],[-76,44],[-33,-2],[-35,-3],[-109,-39],[-134,-55],[-31,2],[-30,10],[-66,4]],[[17688,72743],[-10,-5],[-58,-46],[-73,-83],[-80,-156],[-54,-35],[-58,-10],[-61,-6],[-35,-35],[-63,-21],[-91,26],[-152,43],[-119,-31],[-62,-21],[-31,-7],[-31,-16],[-23,-27],[-13,-47],[-14,-18],[-19,-7],[-36,1],[-44,17],[-75,23],[-44,22],[-31,20],[-52,45],[-63,34],[-12,5],[-126,167],[-17,37],[-14,17],[-28,6],[-51,-16],[-46,-26],[-60,-28],[-34,-25],[-30,-46],[-94,-120],[-39,-35],[-53,-30],[-101,-9],[-37,-8],[-41,-25],[-23,-39],[-31,-39],[-47,-45],[-51,-27],[-27,-20],[-28,-9]],[[11354,81164],[64,-15],[65,-55],[92,-5],[30,-41],[97,-31],[152,-44],[45,49],[47,-19],[16,-56],[87,-23],[68,-9],[49,-20],[61,124],[136,238],[134,251],[164,357],[202,2],[251,-34],[236,23],[105,16],[179,30],[260,30],[361,20],[80,0],[226,-58],[237,-16],[260,111],[390,114],[195,77],[234,-31],[118,8]],[[15995,82157],[0,-234],[0,-218],[7,-352],[-19,-363],[-12,-211],[-56,-186],[-181,-107],[-227,-41],[-23,-39],[-17,-204],[63,-277],[96,-253],[237,-231],[90,-158],[61,-168],[7,-215],[-68,-94],[-46,-82],[-65,-68],[-74,-22],[-84,-54],[-111,-59]],[[16344,82612],[-168,324],[-134,-31],[-221,-11],[-85,-38],[-51,-24],[-171,-26],[-176,-33],[-259,10],[-52,-3],[-239,-12],[-145,38],[-85,119],[5,104],[9,115],[50,153],[42,163],[102,170]],[[14766,83630],[-6,29],[-68,49],[-199,119],[-141,124],[-169,193],[-165,203],[-100,121],[-65,175],[-52,94]],[[13801,84737],[-273,-380],[-99,31],[-141,127],[-129,85],[-120,-6],[-236,-10],[-151,8],[-11,36],[-69,70],[-82,62],[-134,49],[-140,73],[-123,40],[-23,-123],[-42,-68],[-31,-144],[-21,-65],[-61,-31],[-54,-39],[-84,-8],[-73,-39],[-43,-93],[-207,249],[-186,-5],[-78,-231],[-68,-61],[-115,-101],[-87,-33],[-7,133],[-39,-24]],[[15995,82157],[35,163],[30,165],[284,127]],[[10669,69473],[8,65],[4,43],[1,17],[2,18],[4,44],[5,68],[4,59],[4,54],[2,47],[16,192],[4,31],[5,27],[5,41],[8,46],[8,39],[4,17],[3,17],[6,36],[8,38],[8,40],[9,45],[16,67],[11,50],[8,38],[12,55],[7,36],[32,182],[6,46],[5,29],[6,34],[3,28],[8,43],[5,28],[8,42],[5,47],[7,62],[6,30],[5,42],[8,44],[14,81],[13,46],[8,39],[9,33],[5,17],[7,32],[7,28],[13,51],[6,61],[5,48],[3,12],[3,11],[12,37],[43,114]],[[15251,71596],[17,-315],[13,-310],[172,-17],[46,-3],[16,-1],[121,-17],[12,-1],[-57,-150],[-37,-107],[-16,-68]],[[15538,70607],[-190,54],[-61,-50],[-83,-166],[-78,-171],[32,-74],[62,-87],[113,-235],[19,-73],[6,-79],[93,-96],[95,-55],[53,-83],[45,-60],[28,-80],[-21,-119],[-77,-68],[-159,-68],[-91,-58],[-68,-49],[-92,-106],[-231,-387],[-89,-180],[-3,-6],[-5,-10]],[[14836,68301],[-95,47],[-95,62],[-178,144],[-243,196],[-204,133],[-112,72],[-84,56],[-159,-18],[-60,-25],[-159,25],[-227,-54],[-112,-25],[-148,54],[-429,135],[-506,101],[-533,83],[-498,115],[-325,71]],[[15538,70607],[61,-224],[316,-181],[465,-76],[474,-17],[457,-11],[322,-12],[115,71],[16,325]],[[17764,70482],[25,433],[26,483],[5,108],[15,260],[24,432],[72,-15],[0,8],[-2,47],[-9,191],[-97,107],[-135,207]],[[19538,73040],[-134,-126],[60,-250],[57,-105],[30,-163],[-36,-123],[-77,-37],[15,-100],[74,-1],[192,-350],[70,-161],[357,73]],[[20146,71697],[27,-219],[33,-210],[26,-155],[41,-259],[-116,-124],[-102,-97],[-70,-59],[-105,-1],[-58,69],[-93,-63],[-42,-43],[-74,-38],[-95,4],[-121,-104],[-155,-154],[-133,-122],[-187,-3],[-345,26]],[[18577,70145],[-593,250],[-220,87]],[[19216,74295],[242,-156],[-106,-133],[-12,-183],[92,-185],[-73,-251],[-4,-90],[125,-151],[58,-106]],[[18760,80171],[15,-146],[76,-883],[215,-401],[255,-149]],[[16344,82612],[186,51],[218,65],[270,81],[287,127],[255,107],[223,88],[200,48],[324,36],[218,71],[94,24],[82,186],[129,31],[167,-31],[158,5],[107,-98],[116,-229]],[[19378,83174],[-119,-84],[-151,-457],[-108,-1105],[-319,-571],[79,-786]],[[19378,83174],[1451,1024],[600,-223],[60,79],[70,93],[-552,635],[-136,704],[70,1029],[-69,534],[11,195]],[[20883,87244],[-128,232],[-210,363],[-70,273],[-294,167],[-393,395],[-299,291],[-450,30],[106,296],[-22,44],[-809,679],[-150,-246],[-2,-273],[-3,-403],[-70,25]],[[18089,89117],[-44,-216],[-32,-149],[-46,-193],[-83,-592],[-290,-526],[-137,-284],[-115,-279],[-241,-274],[-303,-408],[-188,-330],[-403,-469],[-224,-178],[-106,-175],[-178,-201],[-152,-204],[-247,-396],[-122,-152],[-261,-257],[-80,-131],[-71,-73]],[[18089,89117],[-201,71],[-299,105],[-226,80],[-281,99],[-571,-157],[-91,-253],[-124,-176],[-378,-190],[-413,-187],[-217,128],[-403,211],[-201,81],[-213,136],[-329,109],[-524,418],[-289,-243],[-290,48],[-149,130],[129,512],[-245,82],[-186,-403],[-237,-397],[-52,-134],[-80,-205],[-92,-236],[-81,-134]],[[12046,88612],[54,4],[80,24],[45,-141],[61,-67],[230,-196],[99,-73],[206,-108],[247,-119],[392,-325],[195,-284],[105,-217],[14,-198],[-33,-86],[-54,-129],[-119,-163],[-99,-132],[-77,-193],[-45,-212],[40,-83],[-12,-229],[10,-163],[28,-274],[85,-156],[110,-191],[108,-96],[85,-68]],[[12046,88612],[-168,-48],[-148,106],[-182,328],[-144,185],[-310,-35],[-118,-301],[-268,-431],[-204,-447],[-32,-86],[-180,-482],[-133,-242]],[[15714,67300],[-19,44],[-56,212],[17,155],[1,9],[-256,160],[-596,372],[31,49]],[[10669,69473],[-1,-33],[-3,-51],[-6,-37],[-2,-22],[-6,-37],[-7,-86],[-19,-102],[-15,-95],[-3,-51],[-4,-20],[-4,-20],[-11,-36],[-24,-88],[-18,-81],[-5,-30],[-7,-25],[-5,-22],[-7,-23],[-12,-40],[-13,-44],[-11,-19],[-1,-4],[4,-13],[1,-9],[-5,-7],[-5,-2],[-6,0],[0,-1],[-1,-1],[2,-5],[-5,-21],[-1,-7],[2,-9],[0,-6],[-3,-20],[-1,-8],[-1,-6],[-2,-8],[-4,-15],[-4,-8],[0,-3],[0,-2],[7,-10],[0,-2],[-3,-9],[1,-11],[9,-9],[-2,-11],[-3,-16],[-6,-20],[-11,-38],[-3,-6],[-4,-7],[-2,-6],[0,-5],[3,-6],[1,-6],[-13,-77],[-11,-46],[1,-3],[2,-2],[9,0],[7,-3],[4,-7],[1,-14],[-4,-17],[-12,-28],[0,-4],[9,-24],[0,-11],[-3,-4],[-6,-5],[-1,-8],[2,-8],[-2,-12],[-23,-59],[0,-7],[13,-18],[8,-10],[2,-16],[-2,-15],[-12,-39],[-3,-6],[-4,-3],[-5,-2],[-1,-4],[0,-3],[6,-4],[1,-3],[-2,-4],[-1,-2],[-3,0],[-5,1],[-2,0],[-2,-2],[0,-2],[1,-3],[1,-2],[-1,-2],[-3,-12],[-2,-7],[-2,-5],[-2,-6],[0,-2],[0,-4],[1,-4],[-1,-4],[0,-4],[-1,-4],[-1,-3],[0,-4],[-1,-4],[0,-4],[0,-3],[-2,-5],[-3,-3],[-4,-4],[-2,-3],[1,-3],[13,-7],[7,-11],[-2,-9],[-4,-10],[-3,-8],[-2,-4],[0,-3],[0,-9],[-1,-7],[-5,-11],[-1,-4],[1,-8],[5,-21],[-1,-7],[-10,-27],[-3,-8],[-7,-8],[-6,-8],[-1,-6],[9,-11],[4,-6],[0,-6],[-7,-56],[-5,-18],[-11,-27],[-7,-23],[-3,-14],[-7,-33],[-11,-33],[-7,-11],[-2,-4],[1,-4],[4,-9],[1,-8],[-2,-8],[-5,-20],[-1,-24],[7,-30],[1,-10],[-14,-58],[-18,-68],[-19,-61],[-24,-65],[-14,-51],[-38,-122],[-16,-44],[-22,-47],[-23,-60],[-28,-79],[-12,-46],[-11,-39],[-4,-11],[-5,-10],[-1,-7],[-1,-8],[3,-18],[0,-6],[-2,-7],[-2,-5],[-2,-5],[-6,-5],[-1,-2],[-1,-2],[1,-2],[6,-14],[6,-24],[9,-45],[0,-10],[-5,-7],[-10,-7],[-8,1],[-5,-1],[-5,-3],[-3,-4],[-1,-3],[-1,-4],[1,-3],[10,-8],[2,1],[1,2],[0,8],[1,2],[2,2],[2,0],[1,-1],[1,-2],[1,-7],[1,-6],[1,-5],[0,-4],[-1,-7],[0,-1],[2,0],[4,9],[2,2],[4,6],[7,9],[10,10],[14,1],[12,-6],[14,-14],[9,-12],[13,-27],[9,-36],[7,-48],[0,-11],[-2,-5],[-5,-4],[0,-5],[8,-7],[1,-9],[-2,-7],[-12,0],[-1,-2],[1,-2],[6,-2],[2,-2],[1,-2],[0,-5],[-2,-6],[-3,-1],[-4,1],[-2,7],[-1,1],[-2,0],[-5,-34],[-7,-51],[-7,-30],[-1,-5],[2,-3],[7,-4],[6,-4],[8,-5],[6,-4],[2,-11],[-7,-36],[1,-34],[6,-27],[-6,-48],[-36,-125],[-5,-33],[-7,-25],[-12,-48],[-10,-48],[-9,-40],[-9,-25],[-1,-9],[-1,-22],[-2,-29],[-1,-24],[0,-40],[-7,-24],[0,-6],[0,-4],[5,-11],[2,-10],[0,-9],[-6,-29],[-3,-13],[-2,-15],[-2,-13],[-4,-18],[-4,-14],[-5,-22],[-7,-37],[-12,-71]],[[10012,64892],[449,58],[751,130],[274,-109],[237,-96],[279,-26],[313,-144]],[[12315,64705],[84,131],[150,276],[262,168],[35,813],[164,128],[48,372],[345,322],[200,49],[272,-23],[101,-172],[220,13],[84,146],[156,72],[194,-91],[86,-223],[178,-13],[175,62],[248,383],[193,202],[204,-20]],[[15714,67300],[179,-219],[31,-29],[223,-210],[84,-136],[77,-100],[100,-372],[-279,-106],[-381,-203],[-105,70],[-71,-67],[134,-141],[-2,-182],[-108,-73],[-44,-105],[37,-242],[114,-58],[123,-26],[286,-67],[223,-156],[149,-231],[34,-268],[79,-223],[220,-262],[82,-378],[-8,-278],[12,-113],[13,-186],[88,-181],[392,-173]],[[17396,62585],[142,-14],[101,152],[291,169],[-68,143],[-55,268],[38,261],[-43,243],[-20,357],[-21,223],[-66,266],[201,-27],[265,-60],[78,-83],[213,-60],[92,-26],[96,-23],[114,26],[123,41],[90,11],[98,2],[477,125]],[[19542,64579],[48,159],[-60,104],[-37,132],[-88,81],[-60,143],[-234,113],[-132,84],[-56,99],[-224,18],[-45,431],[134,-26],[120,115],[263,228],[402,299],[257,208],[130,156],[351,247],[243,247],[97,121],[168,209],[180,230],[107,179],[-269,143]],[[20837,68299],[-35,35],[-172,166],[-36,36],[-85,82],[-118,115],[-58,57],[-44,42],[-116,114],[-297,223],[-345,259],[-954,717]],[[17071,66413],[-9,96],[-6,136],[-11,102],[19,92],[-35,95],[-12,103],[108,105],[130,20],[38,63],[68,38],[66,-2],[61,-28],[35,-37],[114,-84],[164,-95],[79,-17],[36,-65],[-5,-85],[-18,-121],[16,-21],[-17,-62],[-6,-218],[64,-251],[-156,-69],[21,-101],[-154,-35],[-34,-8],[-136,5],[-222,-25],[-72,27],[-64,-2],[23,85],[-18,96],[-29,131],[-38,132]],[[17396,62585],[45,-411],[-484,-10],[-507,-94],[-253,-104]],[[16197,61966],[-301,-81],[-605,-59],[-735,-65]],[[14556,61761],[-7,1352],[-1167,13],[21,611],[-397,-3],[2,335],[165,66],[90,70],[25,174],[-10,140],[-98,55],[-166,-11],[-134,-2],[-139,31],[-238,61],[-97,15],[-91,37]],[[10012,64892],[-16,-35],[-10,-24],[-19,-46],[-9,-37],[-3,-23],[0,-18],[2,-20],[2,-11],[0,-8],[0,-8],[-1,-19],[-3,-13],[-4,-13],[-4,-7],[-3,-6],[-3,-6],[-5,-8],[-4,-4],[-2,-6],[1,-5],[3,-7],[1,-10],[-3,-10],[-5,-16],[-5,-16],[-5,-10],[-6,-11],[-6,-15],[-10,-16],[-10,-14],[-1,-4],[-1,-3],[5,-13],[2,-24],[-7,-23],[-20,-42],[-9,-66],[-8,-19],[-3,-11],[-2,-35],[-7,-19],[-8,-8],[-3,-4],[-1,-3],[-4,-20],[-18,-33],[-8,-21],[-13,-22],[-5,-11],[-1,-21],[3,-23],[-6,-19],[-3,-6],[-1,-3],[1,-2],[7,-4],[2,-7],[-4,-34],[-7,-15],[-9,-42],[-6,-11],[-29,-22],[-1,-4],[3,-9],[9,-8],[5,0],[8,1],[2,-2],[1,-3],[-3,-6],[-5,-11],[0,-9],[2,-7],[4,-11],[4,-8],[1,-12],[0,-10],[0,-7],[-2,-8],[-2,-8],[-2,-5],[-2,-3],[-2,-4],[-1,-6],[0,-7],[-1,-6],[-3,-9],[-1,-5],[-2,-8],[-1,-11],[-5,-11],[-6,-5],[-9,-4],[-2,-5],[0,-6],[4,-11],[5,-6],[9,-5],[8,-8],[7,-8],[5,-8],[0,-10],[-4,-13],[-5,-20],[1,-28],[-4,-19],[-4,-15],[-2,-13],[-4,-11],[-7,-10],[-6,-9],[-2,-10],[8,-16],[-3,-19],[-9,-24]],[[9707,63380],[702,-47],[223,-270],[-136,-1423],[127,-260],[344,-876]],[[10967,60504],[1071,13],[269,856],[-260,148],[142,252],[170,-122],[289,307],[266,-60],[898,-101],[744,-36]],[[9707,63380],[-3,-9],[-5,-10],[-3,-9],[-3,-8],[-3,-10],[-6,-19],[-10,-29],[-22,-65],[-29,-55],[-14,-33],[-9,-18],[-10,-18],[-7,-14],[-10,-20],[-18,-43],[-5,-11],[-7,-10],[-12,-11],[-9,-15],[-2,-26],[6,-23],[5,-16],[-1,-8],[-20,-28],[-5,-3],[-7,-3],[-3,-3],[0,-3],[6,-27],[-1,-7],[-7,-7],[-8,-3],[-3,-2],[-1,-4],[-2,-17],[-1,-23],[-1,-15],[-3,-30],[0,-8],[0,-13],[-2,-13],[-3,-33],[-1,-8],[-3,-11],[-14,-23],[-2,-4],[1,-2],[3,-3],[3,-2],[0,-5],[0,-3],[-2,-10],[-1,-10],[-1,-7],[-1,-5],[-4,-8],[-2,-5],[-3,-8],[-1,-4],[-1,-7],[-4,-17],[-5,-10],[-1,-7],[0,-7],[0,-4],[-2,-5],[-15,-25],[-11,-16],[-2,-6],[0,-3],[3,-4],[2,-4],[0,-7],[-5,-23],[-7,-20],[-4,-10],[-10,-11],[-2,-5],[0,-4],[7,-5],[7,-10],[0,-4],[-1,-4],[-4,-4],[-1,-2],[0,-3],[4,-4],[2,-6],[0,-5],[-4,-16],[-2,-11],[1,-23],[0,-6],[-4,-12],[-48,-87],[-26,-48],[-7,-13],[-7,-22],[-9,-81],[-3,-9],[-2,-2],[-14,-15],[-12,-12],[-22,-27],[-32,-43],[-16,-23],[-16,-26],[-13,-22],[-27,-44],[-12,-21],[-11,-21],[-10,-17],[-16,-29],[-12,-24],[-26,-45],[-16,-30],[-31,-58],[-14,-25],[-12,-19],[-7,-12],[-15,-24],[-17,-28],[-17,-26],[-15,-25],[-10,-13],[-13,-21],[-8,-14],[-11,-19],[-13,-21],[-11,-14],[-15,-24],[-19,-30],[-18,-28],[-18,-25],[-28,-41],[-7,-8],[-5,-5],[-5,-5],[-13,-17],[-13,-23],[-6,-7],[-4,-2],[-4,0],[-4,0],[-2,-1],[-1,-2],[2,-4],[3,-7],[1,-5],[-1,-6],[-8,-12],[-1,-1],[-3,1],[-3,2],[-5,3],[-2,0],[-2,-2],[-14,-29],[-9,-16],[-1,-3],[0,-3],[3,-4],[4,-4],[0,-4],[-2,-3],[-3,-1],[-5,0],[-6,-4],[-3,-6],[-2,-11],[-4,-3],[-5,0],[-21,8],[-4,-2],[0,-4],[14,-15],[11,-6],[3,-6],[-1,-6],[-3,-13],[-7,-8],[-7,-2],[-7,3],[-8,12],[-2,2],[-4,1],[-4,-3],[-3,-3],[-1,-4],[2,-5],[10,-27],[1,-7],[-2,-6],[-6,-7],[0,-4],[1,-4],[7,-11],[8,-21],[1,-7],[-1,-7],[-14,-28],[-9,-23],[-9,-19],[-21,-34],[-6,-12],[-4,-15],[-14,-45],[-3,-7],[-4,-4],[-6,-4],[-2,-2],[1,-2],[7,-8],[3,-4],[0,-6],[-12,-26],[-5,-3],[-5,1],[-6,4],[-6,1],[-3,-3],[-1,-4],[1,-7],[12,-21],[0,-9],[-3,-8],[-24,-35],[-7,-12],[-2,-10],[-1,-15],[-1,-14],[-5,-14],[-8,-14],[-10,-14],[-11,-12],[-3,-9],[0,-9],[-1,-15],[-3,-24],[-7,-13],[-3,-9],[-1,-12],[-3,-27],[-2,-8],[-30,-58],[-14,-33],[-26,-37],[-8,-15],[-6,-17],[-3,-21],[-4,-17],[-4,-5],[-9,-5],[-13,-7],[-7,-7],[-5,-9],[-5,-18],[-3,-11],[2,-10],[2,-7],[0,-11],[-5,-20],[-2,-3],[-1,-2],[-4,-1],[-5,-1],[-6,-3],[-3,-3],[-1,-5],[-2,-14],[-2,-17]],[[8215,59847],[429,-142],[303,-112],[175,-71],[214,-86],[12,-5],[282,-151],[159,-164],[159,-312],[127,34],[85,-60],[135,-55],[430,269],[401,104]],[[11126,59096],[194,480],[-320,306],[-33,622]],[[8215,59847],[-14,-17],[-7,-8],[-4,-9],[-3,-12],[2,-23],[2,-12],[1,-14],[-5,-17],[-9,-21],[-14,-17],[-9,-11],[-9,-12],[-4,-5],[-1,-7],[0,-13],[-1,-39],[-1,-5],[-2,-6],[-3,-3],[-3,-3],[-1,-3],[0,-5],[1,-8],[0,-2],[-1,-2],[-19,-25],[-7,-9],[-3,-2],[-3,-1],[-4,3],[-2,-1],[-1,-1],[-1,-2],[1,-2],[2,-5],[0,-2],[0,-1],[-7,-15],[-2,-14],[-1,-12],[-1,-6],[-2,-4],[-3,-3],[-3,-1],[-1,-2],[0,-2],[1,-2],[0,-4],[-1,-3],[-8,-12],[-9,-8],[-9,0],[-10,3],[-7,-2],[-6,-5],[-2,-10],[1,-12],[5,-12],[3,-11],[3,-15],[-3,-11],[-4,-10],[-4,-6],[-4,-9],[-6,-9],[-6,-8],[-9,-17],[-7,-12],[-4,-7],[-2,-8],[1,-4],[2,-6],[0,-3],[-2,-5],[-6,-8],[-5,-4],[-4,-5],[-3,-9],[-3,-8],[-2,-7],[-2,-6],[-3,-5],[-5,-8],[-4,-7],[-3,-7],[1,-12],[0,-10],[-4,-10],[-7,-4],[-4,-6],[-6,-4],[-7,-4],[-6,-2],[-7,-6],[-4,-7],[-6,-18],[-5,-12],[-3,-10],[-3,-13],[-2,-8],[-3,-7],[-4,-1],[-8,-2],[-6,-5],[0,-6],[1,-5],[4,-3],[6,-3],[3,-5],[0,-14],[1,-18],[-1,-11],[-2,-11],[-3,-15],[-6,-17],[-11,-22],[-10,-20],[-5,-14],[-10,-10],[-18,-6],[-8,-4],[-5,-5],[-11,-20],[-3,-6],[-1,-5],[2,-5],[4,-6],[2,-5],[1,-4],[-4,-28],[-10,-36],[-10,-28],[-12,-20],[-12,-15],[-8,-9],[-4,-6],[-2,-18],[-2,-12],[-6,-12],[-8,-8],[-11,-13],[-8,-8],[-11,-7],[-8,-10],[-5,-14],[-3,-22],[-5,-26],[-9,-14],[-12,-16],[-11,-16],[-10,-16],[-4,-19],[-1,-20],[8,-25],[5,-16],[2,-16],[0,-12],[-26,-81],[-16,-38],[-17,-42],[-8,-18],[-12,-27],[-20,-70],[-11,-22],[-14,-23],[-19,-35],[-14,-27],[-17,-36],[-14,-27],[-16,-27],[-4,-17],[-2,-14],[-2,-28],[-1,-17],[-4,-14],[-9,-17],[-16,-25],[-17,-31],[-10,-25],[-11,-49],[-5,-31],[-9,-38],[-3,-16],[-1,-10],[-7,-6],[-11,-2],[-5,-1],[-1,-4],[4,-22],[-2,-7],[-4,-3],[-8,-2],[-7,1],[-3,0],[-1,-3],[1,-3],[6,-7],[1,-4],[-3,-9],[-2,-9],[-3,-15],[-8,-10],[-9,-10],[-10,0],[-5,3],[-5,8],[-5,5],[-7,-2],[-3,-5],[1,-9],[2,-15],[-1,-7],[-8,-22],[1,-8],[4,-5],[8,-6],[11,-6],[1,-5],[-3,-6],[-7,-3],[-9,0],[-11,6],[-10,6],[-10,-2],[-4,-7],[-4,-19],[-5,-19],[-11,-13],[-9,-6],[-7,-3],[-6,-7],[-5,-11],[1,-4],[3,-5],[7,-7],[6,-6],[4,-6],[1,-8],[-2,-5],[-8,-11],[-9,-15],[-3,-3],[-4,-1],[-8,2],[-9,3],[-4,-1],[-2,-3],[0,-5],[2,-5],[0,-3],[-2,-1],[-4,-1],[-1,-2],[3,-3],[5,-1],[2,-4],[1,-7],[-3,-3],[-4,-1],[-4,1],[-11,4],[-3,1],[-4,1],[-1,-2],[0,-4],[-1,-3],[-4,-4],[-2,-2],[1,-3],[3,-3],[0,-3],[-2,-4],[-3,-3],[-4,-1],[-4,-2],[-10,-9],[-4,-1],[-11,1],[-6,1],[-2,-1],[-1,-3],[1,-5],[5,-11],[2,-10],[0,-9],[1,-11],[2,-11],[4,-13],[4,-11],[3,-9],[-2,-3],[-3,-1],[-6,0],[-11,5],[-9,6],[-2,0],[-2,-2],[-5,-10],[-5,-6],[-10,-1],[-2,-2],[0,-3],[2,-18],[3,-13],[6,-8],[12,-10],[5,-7],[0,-5],[-2,-7],[-5,-6],[-5,-3],[-6,-1],[-7,2],[-9,15],[-5,9],[-6,14],[-2,3],[-3,3],[-3,1],[-2,-1],[0,-3],[2,-4],[7,-11],[3,-6],[3,-8],[6,-11],[1,-6],[-2,-4],[-4,-3],[-5,1],[-7,8],[-8,8],[-3,0],[-2,-2],[-1,-3],[7,-13],[5,-16],[0,-10],[-1,-3],[-2,-3],[-4,-2],[-5,0],[-2,-1],[-1,-2],[0,-3],[-1,-12],[-2,-4],[-3,-2],[-2,-1],[-9,2],[-18,5],[-7,1],[-6,1],[-3,0],[-2,-5],[-3,-6],[-2,-1],[-4,0],[-2,-1],[0,-6],[1,-9],[2,-7],[1,-8],[0,-7],[-3,-7],[1,-7],[1,-5],[8,-7],[5,-7],[2,-8],[-2,-7],[-3,-2],[-3,0],[-5,5],[-2,4],[-2,2],[-2,0],[-3,-3],[0,-3],[4,-3],[4,-2],[3,-4],[2,-6],[3,-5],[1,-6],[-4,-4],[-3,-2],[-7,1],[-10,5],[-9,3],[-5,0],[-1,0],[-1,0],[-1,-1],[1,-1],[2,-3],[1,-3],[-1,-3],[-3,-5],[-3,-4],[-3,-3],[-2,0],[-1,-1],[1,-2],[1,-1],[14,-10],[1,-2],[1,-2],[-7,-14],[-2,-6],[-3,-4],[-3,-1],[-3,0],[-13,6],[-7,4],[-3,2],[-4,0],[-1,-2],[1,-5],[10,-19],[3,-6],[3,-2],[6,-2],[4,-1],[2,-2],[-1,-4],[-3,-7],[-5,-5],[-10,-3],[-11,0],[-3,0],[-3,-1],[-1,-1],[-2,-2],[-12,-2],[-21,-4],[-5,-1],[-2,-2],[0,-6],[4,-11],[13,-21],[-1,-19],[-11,-59],[-3,-46],[-20,-39],[-11,-26],[0,-14],[18,-48],[5,-40],[4,-56],[4,-48],[-4,-38],[-21,-37],[-27,-21],[-5,-17],[0,-38],[-6,-17],[-17,-26],[-40,-30],[-10,-17],[-8,-52]],[[6663,55902],[665,79],[1007,-209],[1165,36],[679,102],[708,-254],[120,65],[110,364],[52,538],[1034,33]],[[12203,56656],[-11,781],[-715,1321],[-351,338]],[[12203,56656],[1031,11],[21,-326],[-295,-722]],[[12960,55619],[90,-57],[423,-252],[348,-71],[184,-2],[103,81],[231,-183],[156,-119],[33,-70]],[[14528,54946],[40,126],[84,232],[129,599],[47,201],[74,189],[-24,105],[-193,138],[-176,60],[-232,162],[-193,166],[-84,159],[464,360],[-4,320],[23,320],[50,492],[70,409],[741,-68],[77,-214],[135,-4],[73,265],[307,984],[73,448],[23,322],[51,596],[23,249],[124,310]],[[16230,61872],[-33,94]],[[14528,54946],[41,-86],[63,-134],[65,-139],[238,-261],[144,-158],[113,135],[147,175],[14,17],[125,-39],[231,-74],[105,-34],[134,-238],[55,-98],[4,-7],[62,-419],[29,-199],[11,-72]],[[16109,53315],[304,209],[332,354],[305,315],[492,107],[238,63],[218,159],[51,184],[-92,251],[94,433],[27,407],[-49,256],[-120,80],[-118,19],[-100,-98],[-110,-179],[-162,-269],[-127,-176],[-62,-92],[-86,-95],[-235,45],[-94,136],[18,185],[44,140],[157,167],[249,316],[465,267],[288,193],[34,1058],[-437,-62],[-51,-133],[-205,-11],[-58,86],[53,127],[258,180],[151,157],[45,429],[34,328]],[[17860,58851],[10,97],[68,702]],[[17938,59650],[-237,60],[-286,29],[-310,-10],[-75,26],[-45,174],[-107,364],[-162,216],[-213,476],[-121,437],[-94,287],[-58,163]],[[20781,57661],[-188,183],[-74,280],[-57,89],[-65,8],[-177,-148],[-144,-81],[-120,-37],[-96,55],[-236,256],[-207,231],[-230,271],[-81,122],[-170,-5],[-223,-60],[-249,76],[-54,-89],[-550,39]],[[16109,53315],[21,-144],[31,-210]],[[16161,52961],[165,264],[171,85],[219,91],[170,118],[153,53],[211,4],[258,-45],[191,-36],[234,-97],[109,-123],[143,-587],[-198,-212],[1477,-228],[710,61]],[[20174,52309],[67,291],[108,311],[83,281],[-105,292],[-158,234],[-446,345],[-119,70],[108,138],[57,162],[41,143],[-70,149],[79,154],[162,109],[350,342],[261,242],[230,75],[124,1],[67,-8],[99,-96]],[[21112,55544],[22,201],[-29,393],[19,265],[-19,120],[-40,45],[-134,36],[-241,125],[-276,190],[-178,162],[10,192],[124,172],[146,68],[145,130],[120,18]],[[22303,61938],[-147,169],[-74,101],[-214,156],[-160,205],[-216,65],[-147,113],[-164,-84],[-94,-104],[-217,44],[-270,128],[-162,119],[-122,198],[-95,172],[-124,233],[-174,310],[-78,141],[-102,187],[-92,225],[-49,144],[-60,119]],[[17938,59650],[273,21],[168,106],[181,235],[207,193],[206,124],[367,303],[98,145],[266,214],[270,190],[194,122],[212,161],[166,34],[64,-91],[28,-253],[280,-171],[166,-48],[191,-57],[140,28],[300,248],[207,264],[216,343],[165,177]],[[20781,57661],[56,-18],[212,29],[171,180],[146,91],[110,-39],[160,2],[197,89],[148,140],[86,149],[54,127],[14,164],[69,45],[105,5],[176,-68],[45,-101],[284,-30],[231,16],[90,76],[87,55],[54,38]],[[23276,58611],[71,50],[116,65],[15,118],[-44,104],[30,117],[14,351],[-211,115],[-35,231],[-35,477],[-178,173],[-175,91],[-118,59],[-95,62],[-56,117],[-23,106],[39,124],[32,104],[41,116],[77,101],[303,147]],[[23044,61439],[-12,42],[-15,56],[7,74],[21,75],[46,34],[69,31],[75,32]],[[23235,61783],[-39,13],[-80,27],[-173,124],[-249,-55],[-201,-30],[-152,-59],[-38,135]],[[24937,55988],[-10,-203],[-84,-302],[-136,-289],[-238,-289],[-319,-120],[-622,-23],[-629,-16],[-242,-287],[-263,-294],[-120,-326],[-154,-149],[-345,-488],[-359,-141],[-189,147],[-129,151],[-70,271],[-118,363],[18,244],[3,56],[74,261],[78,373],[28,286],[1,331]],[[23276,58611],[153,-111],[219,-157],[197,-164]],[[23845,58179],[21,-41],[96,-188],[96,-388],[120,-237],[131,-421],[129,-373],[110,-422],[124,-55],[265,-66]],[[22303,61938],[43,404],[115,141],[358,-314],[89,198],[25,34],[53,73],[108,91],[131,10],[113,5],[135,-52]],[[23473,62528],[-408,380],[-112,112],[-41,39],[-15,15],[-186,182],[-155,161],[-166,-31],[-48,-107],[-67,-111],[-160,96],[-144,169],[-86,57],[-30,190],[13,138],[-10,122],[-16,126],[13,98],[76,60],[-44,316],[-19,403],[19,343],[99,83],[206,26],[63,9],[305,44],[140,30],[127,12],[180,37],[140,-7],[82,-148],[188,-8],[383,104],[247,195],[185,197],[129,104],[213,189],[2,61],[13,324],[-94,177],[26,166],[148,224],[144,245]],[[24813,67350],[-314,474]],[[24499,67824],[-117,114],[-148,98],[-134,159],[-246,-179],[-357,184],[-122,73],[-92,54],[-126,138],[-298,-159],[-174,8],[-115,60],[-174,-231],[-110,61],[-252,69],[-27,8],[-64,17],[-70,19]],[[21873,68317],[-287,152],[-329,-22],[-420,-148]],[[23235,61783],[68,9],[92,-9],[65,-36],[43,-32],[79,-56],[11,-46],[-11,-45],[-26,-43],[-41,-45],[-49,-16],[-56,-48],[-67,-52],[-23,-16],[-40,32],[-46,57],[-26,13],[-88,-24],[-58,9],[-18,4]],[[26031,59622],[-78,-99],[-21,-261],[-96,-205],[-191,-24],[-102,74],[-50,63],[-89,90],[-48,42],[-76,-6],[-82,-87],[-156,-209],[-104,-112],[-186,-97],[-188,-91],[-210,-103],[-153,-102],[-171,-118],[-185,-198]],[[23473,62528],[160,-81],[78,-109],[159,-161],[177,-107],[143,-236],[214,-242],[105,-144],[79,-49],[133,-70],[192,6],[282,74]],[[25195,61409],[70,-59],[49,-42],[62,-43],[58,-47],[41,-17],[31,-23],[23,-33],[69,-78],[60,17],[33,-65],[3,-130],[17,-127],[35,-89],[29,-181],[66,-138],[19,-84],[30,-35],[55,-43],[48,-104],[27,-95],[14,-71],[-38,-104],[-32,-80],[67,-116]],[[28085,63616],[-386,780],[129,713],[-580,167],[-650,558],[-777,586],[-659,456],[-349,474]],[[25195,61409],[88,36],[84,32],[261,91],[112,84],[-41,186],[-92,117],[-69,106],[40,63],[114,42],[183,115],[232,130],[131,48],[85,95],[-33,210],[19,118],[2,15],[174,83],[38,-7],[178,-42],[383,-5],[232,13],[167,244],[83,-293],[65,-141],[143,-252],[97,4],[62,256],[114,130],[44,187],[44,177],[36,195],[-86,170]],[[28650,59788],[-347,-366],[-273,-250],[-216,-126],[-148,-150],[-55,-140],[-214,-117],[-115,-172],[-33,-200]],[[27249,58267],[-129,83],[-111,129],[-240,202],[-191,143],[-122,150],[-12,61],[35,94],[37,111],[47,110],[54,92],[18,120],[-24,87],[-59,24],[-97,50],[-69,48],[-152,-28],[-98,-25],[-105,-96]],[[28085,63616],[1223,-172],[1533,-896]],[[30841,62548],[-88,-85],[-33,-70],[2,-218],[64,-344],[-38,-133],[-163,-114],[-732,-179],[-356,-223],[-273,-239],[-473,-460],[-82,-289],[-56,-202],[37,-204]],[[25642,55833],[337,-337],[282,-383],[288,-516],[70,-218],[110,-496],[5,-195]],[[26734,53688],[59,-368],[77,-404],[245,-558]],[[27115,52358],[108,60],[211,46],[333,38]],[[27767,52502],[-49,335],[16,703],[582,127],[884,381],[768,-67],[217,252],[137,386],[325,728]],[[30647,55347],[-731,1309],[-55,99],[-105,215],[-169,358],[-171,528],[-108,758],[-83,562],[-575,612]],[[27249,58267],[-129,-223],[-189,-27],[-174,2],[-92,-35],[-33,-73],[-14,-140],[-7,-111],[-68,-12],[-75,25],[-77,98],[-102,60],[-199,1],[-81,-113],[-8,-88],[25,-150],[58,-139],[23,-87],[93,-203],[38,-228],[30,-173],[-19,-160],[-101,-169],[-172,-145],[-207,-227],[-127,-117]],[[20174,52309],[250,21],[437,-751],[-616,-579],[138,-268],[204,-396],[114,-220]],[[20701,50116],[244,32],[134,529],[547,5],[324,59]],[[21950,50741],[188,108],[428,227],[313,217],[201,175],[176,225],[148,377],[48,96],[232,150],[222,103],[313,195],[211,123],[232,180],[162,81],[1,1],[306,154],[218,73],[380,140],[480,114],[525,208]],[[25642,55833],[-63,-58],[-445,138],[-197,75]],[[21950,50741],[186,-218],[176,-356],[-550,-42],[375,-356],[234,-247],[405,-64],[503,-79],[-110,-137],[-30,-37],[-136,-19]],[[23003,49186],[71,-590]],[[23074,48596],[272,48],[376,66],[230,-22],[301,-170],[230,-131],[52,-29],[105,-60],[58,-112]],[[24698,48186],[44,401],[250,-11]],[[24992,48576],[-34,162],[20,217],[3,33],[-88,652],[161,204],[157,127],[34,67],[-6,81],[1,124],[67,180],[183,345],[188,158],[33,25],[44,39],[283,303],[182,195],[72,46],[65,22],[-8,72],[-7,129],[18,101],[194,193],[488,267],[73,40]],[[18760,80171],[200,52],[260,28],[390,156],[225,142],[201,91],[245,-83],[200,-137],[112,-127],[349,16],[470,28],[536,10],[272,8],[110,93],[73,5],[107,8],[101,-31],[104,150],[266,290],[90,220],[287,186],[31,33]],[[23389,81309],[221,119],[119,135],[63,243],[2,427],[8,325],[-59,357],[-23,452],[-27,306],[-8,92]],[[23685,83765],[-451,294],[-390,495],[-211,271],[169,434],[99,325],[-406,336],[-188,243],[-153,263],[-262,527],[-64,361],[-79,238]],[[21749,87552],[-738,-265],[-128,-43]],[[27584,88010],[33,-323],[35,-469],[42,-368],[5,-100],[13,-245],[36,-195],[16,-64],[18,-69],[61,-81],[139,-114],[102,-56],[37,-20],[369,-150],[120,-51],[264,-114],[119,-51],[171,-72],[53,-22],[175,-75],[305,-68],[109,-24],[375,-65]],[[30181,85214],[-203,-342],[-232,-160],[-137,-187],[-80,-109],[-14,-19],[-410,-148],[-93,-229],[-151,-110],[-52,-125],[-54,-128],[-21,-202],[-33,-188],[-54,-249],[-209,-199],[-16,-157],[192,-230],[179,-153],[2,-111],[-12,-148]],[[28783,82020],[-155,-183],[-112,-163]],[[28516,81674],[-85,168],[-84,111],[-158,248],[-77,143],[-97,105],[-218,6],[-286,34],[-13,2],[-126,-70],[-61,-33]],[[27311,82388],[20,64],[41,132],[53,134],[11,112],[-61,87],[-101,-5],[-155,-152],[-162,-168],[-136,36],[-16,136],[-28,249],[-43,295],[-2,23],[-22,209],[-1,385],[11,228],[7,103],[-59,99],[-72,82],[-212,-44],[-305,-54],[-143,178],[-48,171],[-237,158],[-236,-83],[-247,-370],[-98,-139],[-158,-16],[-178,-95],[-76,-357],[-201,-16],[-190,62],[-7,243],[-249,114],[-77,23],[-134,-258],[-115,-189]],[[21749,87552],[632,223],[638,356],[460,-203],[512,210],[791,-36],[708,-14],[1040,-149],[514,-103],[540,174]],[[27311,82388],[-44,-138],[-15,-32],[-112,-242],[-75,-235],[35,-98],[59,-52],[124,-59],[89,-60],[10,-150],[-11,-166],[-25,-238],[-25,-57],[-59,-134],[-75,-121],[-82,-153],[108,-202],[-125,-246],[-152,-251],[-122,-390],[-89,-212]],[[26725,79152],[-383,-5],[-390,-19],[-260,-36],[-312,-62],[-104,-303],[-183,-88],[-174,-31],[-187,-25],[-67,6]],[[24665,78589],[-280,99],[-531,148],[-440,100],[-256,-3],[-191,42],[-302,51]],[[22665,79026],[-46,149],[296,511],[242,458],[134,425],[141,525],[-43,215]],[[21582,76298],[133,319],[141,388],[96,18],[-4,479],[-19,379],[291,613],[233,245],[212,287]],[[20332,76191],[108,-55],[232,-168],[12,-9],[64,-47],[458,306],[195,70],[181,10]],[[24665,78589],[-235,-300],[-40,-296],[-35,-157],[-93,-522],[-57,-625],[-28,-248],[-117,-495],[-56,-425],[-286,-279],[-90,-6],[-307,-682]],[[23321,74554],[-150,40],[-293,-98]],[[22878,74496],[-48,247],[-49,350],[-59,428],[-192,5],[26,288],[-64,60],[-180,88],[-254,49],[2,74],[-28,91],[-91,89],[-80,0],[-85,-47],[-194,80]],[[21626,74252],[69,39],[61,111],[279,148],[532,-8],[311,-46]],[[19538,73040],[141,66],[224,87],[241,102],[121,92],[89,160],[176,-67],[223,160],[181,218],[140,132],[167,72],[203,84],[182,106]],[[20146,71697],[-26,171],[252,41],[36,-184],[273,-10],[230,-326],[216,149],[152,137],[118,-61],[-20,-63],[14,-84],[12,-126],[-12,-156],[-44,-54],[-65,-100],[82,-61],[101,-53],[67,-78],[90,10],[87,-10],[24,9],[2,4],[59,126],[170,108],[72,153],[83,114],[91,178]],[[22210,71531],[38,149]],[[22248,71680],[-119,390],[-193,48],[-167,-67],[-53,-51],[-102,-59],[-60,116],[-37,116],[-41,67],[-45,48],[-91,86],[-92,283],[-2,140],[-100,158],[-52,336],[91,77],[131,114],[134,111],[197,138],[226,174]],[[21873,73905],[-110,168],[-137,179]],[[21873,73905],[424,-16],[-98,-438],[87,-215],[364,171],[260,97],[17,-97],[169,75],[64,-179],[206,-145]],[[23366,73158],[-202,-110],[-207,-95],[-208,-77],[-122,-239],[-78,-249],[-47,-221],[-151,-194],[132,-249],[-28,-174],[-207,130]],[[25549,72137],[275,282],[70,158]],[[25894,72577],[-275,1133],[681,37],[-113,497],[96,106],[120,140],[306,182],[29,295]],[[26738,74967],[-263,35],[-243,6],[-241,-180],[-213,116],[-124,69],[-65,10],[-55,-9],[-165,2],[-242,-82],[-72,-180],[-137,-104],[-218,14],[-225,15],[-352,62],[-338,-178],[-105,-37],[-194,-15],[-165,43]],[[23366,73158],[190,28],[279,-13],[165,-147],[155,-83],[67,142],[125,337],[392,-373],[152,-166],[160,-197],[157,-23],[130,13],[148,-386],[63,-153]],[[22210,71531],[168,-183],[142,-260],[85,-210],[116,-258]],[[22721,70620],[39,-92],[80,-184],[139,31],[93,-70],[134,60],[-12,225],[170,-184],[133,-57],[104,-33],[157,5],[37,-143],[99,23],[54,-129],[50,13],[18,-156],[141,-21],[159,-62],[52,-21],[228,-55],[295,-28],[467,-23],[163,130],[328,264],[127,83]],[[25976,70196],[338,649],[-444,49],[-277,49],[-373,-39],[-171,55],[-26,150],[63,161],[35,143],[43,155],[2,68],[-99,20],[-11,229],[139,70],[-19,239],[66,69],[94,-26],[83,-41],[130,-59]],[[21873,68317],[-22,195],[41,35],[14,12],[68,59],[-36,351],[-24,153],[-22,137],[75,138],[63,75],[145,112],[69,104],[89,51],[-23,84],[-6,111],[29,161],[7,239],[21,119],[235,83],[125,84]],[[26736,68329],[-436,583],[-195,347],[21,127],[31,289],[-151,-29],[-234,-13],[-31,158],[235,405]],[[24499,67824],[46,42],[91,85],[262,62],[329,5],[259,-11],[631,192],[619,130]],[[30841,62548],[85,55],[82,169],[80,78],[129,52],[195,-36],[210,-167],[267,-356],[220,-145]],[[32109,62198],[33,215],[14,203],[29,120],[-52,117],[-61,34],[-94,13],[-148,150],[-122,195],[7,149],[-7,130],[-134,88],[-254,36],[-114,99],[72,278],[-172,317],[-112,136],[-237,215],[-108,151],[-159,-73],[-148,133],[-40,127],[-75,221],[-183,-10],[-92,434],[-5,467],[-35,372],[-263,304],[-342,233],[-216,21],[-87,369],[-186,306],[-690,777],[-225,302]],[[27903,68827],[-545,-282],[-622,-216]],[[26429,72808],[75,168],[124,104],[139,-150],[158,-181],[220,48],[91,26],[85,-36],[134,174],[148,114],[176,-259],[141,-389],[-170,-55],[-265,-41],[-162,-73],[-67,-62],[110,-173],[157,-98]],[[27523,71925],[153,21],[257,-32],[106,-273],[-94,-153],[24,-55],[101,11],[479,140],[401,78],[369,148]],[[29319,71810],[373,248],[2,83],[-61,8],[-288,91],[-226,88],[-64,397],[-42,365],[-406,16],[-63,135],[-242,106],[-26,666],[-300,78],[21,435]],[[27997,74526],[-371,152],[-178,74],[-27,15],[-64,38],[-111,-33],[-144,-21],[-143,52],[-52,35],[-35,118]],[[26872,74956],[-134,11]],[[25894,72577],[105,-13],[141,-15],[102,36],[56,114],[131,109]],[[27523,71925],[-120,-100],[-113,-94],[134,-134],[214,8],[136,-161],[-68,-145],[-122,-296],[-129,-75],[-181,-42],[-91,151],[-188,287],[-54,109],[-132,179],[-171,265],[47,290],[-252,0],[-28,122],[5,254],[19,265]],[[29963,77767],[188,36],[160,62],[58,52],[-65,166],[-40,160],[174,47],[295,126],[266,143],[132,147]],[[31131,78706],[63,-84],[39,-24],[97,-9],[72,-26],[15,-53],[-15,-150],[-30,-205],[102,-160],[165,-248],[88,-182],[93,-186],[110,-32],[117,-54]],[[32047,77293],[9,-104],[51,-234],[-5,-52],[-1,-10],[-14,-112],[-32,-62],[-30,-76],[-8,-51],[-33,-83],[-45,-99],[-41,-50],[44,-87],[-6,-102],[27,-204],[22,-122],[39,-158],[1,-4],[35,-115],[58,-164]],[[32118,75404],[21,-60],[-7,-61],[-57,-36],[-70,-63],[-61,-47],[-65,-31],[-89,0],[-57,-49],[-73,-84],[-105,-75],[-90,-53],[-74,-27],[-81,-24],[-69,4],[-138,-66],[-40,-38],[-17,-41],[-6,-33],[-5,-28],[-17,-21],[-23,-17],[-45,-30],[-88,-41],[-101,125],[-22,-19],[-24,-76],[-63,-9],[-148,-48],[-117,-80],[-74,-44]],[[30313,74332],[-107,171],[-94,-18],[-204,39],[-7,194],[-78,148],[61,153],[-56,135],[-59,163],[19,129],[-7,7],[-21,22],[-6,5],[-18,18],[-7,7],[-49,50],[-77,75],[19,40],[65,129],[87,145],[144,165],[314,114],[68,70],[35,138],[-2,158],[120,227],[86,96],[58,145],[-198,145],[-137,138],[-117,284],[-113,68],[-69,75]],[[26268,76801],[54,123],[40,63],[159,-93],[221,-126],[100,-57],[303,-107],[58,65],[84,20],[104,-28],[-30,-78],[11,-49],[96,-8],[124,54],[139,153],[9,11],[134,152],[228,255],[117,242],[101,155],[103,159],[55,130],[68,217],[305,272]],[[28851,78326],[75,-118],[47,-76],[8,-12],[121,-180],[10,-4],[4,-2],[201,-100],[250,-52],[194,-40],[55,-11],[147,36]],[[30313,74332],[-87,14]],[[30226,74346],[-145,17],[-166,-34],[-150,-50],[-233,-13],[-190,-61],[-273,18],[-293,-2],[-134,51],[-183,68],[-423,170],[-39,16]],[[26872,74956],[28,75],[-32,148],[-5,226],[-39,238],[-36,112],[-54,364],[-7,284],[-33,131],[-65,60],[-361,207]],[[31182,72408],[-196,185],[-160,137],[-205,169],[-49,111],[35,182],[80,197],[120,233],[-5,41],[-3,32],[-2,17],[-35,318],[-59,72],[-184,221],[-188,-21],[-105,44]],[[29319,71810],[-442,-602],[413,-441],[-285,-798],[-19,-133]],[[28986,69836],[589,552],[243,234]],[[29818,70622],[371,357],[679,569],[79,464],[235,396]],[[31182,72408],[98,166],[215,356],[-8,346],[0,4],[64,72],[96,138],[-9,202],[-83,135],[-136,342],[143,113],[53,44],[3,2],[8,7],[98,-41],[94,-40],[107,-119],[206,-223],[218,-259],[129,-16],[136,107],[162,-120],[315,13],[136,-13],[300,-116],[348,-119],[200,-69]],[[34075,73320],[-15,328],[-28,601],[-80,446],[-6,94],[-13,214],[-23,245],[326,268]],[[34236,75516],[-222,21],[-133,5],[-101,64],[-141,63],[-32,78],[-30,58],[-39,62],[-53,40],[-68,10],[-61,-31],[-62,-55],[-93,22],[-75,-41],[-113,-30],[-134,24],[-72,25]],[[32807,75831],[-68,-68],[-85,-154],[-117,-92],[-113,-56],[-148,2],[-76,-33],[-82,-26]],[[29818,70622],[165,-335],[291,-750],[237,-428],[265,-434],[188,-304],[80,-241],[108,-283],[2,-203],[-87,-329],[-35,-361],[89,-148]],[[31121,66806],[99,231],[204,-99],[204,-49],[432,-89],[188,99]],[[32248,66899],[-108,216],[-45,226],[-35,189],[28,182],[97,177],[68,542],[25,309],[29,426],[-3,342],[-63,146],[-167,52],[-61,181],[49,107],[111,111],[141,42],[173,-34],[284,-49],[195,18],[172,28],[194,63],[31,83],[75,285],[108,363],[45,221],[108,98],[204,325],[82,394],[96,301],[94,425],[127,254],[94,143],[82,108]],[[34478,73173],[-282,104],[-121,43]],[[27903,68827],[134,69],[375,262],[574,678]],[[30841,62548],[142,-76],[74,-52],[97,-46],[80,-67],[118,-464],[203,-317],[174,-257],[141,-202],[263,-396],[157,-198],[108,-230],[103,-206],[167,-254],[133,-171]],[[32801,59612],[43,-55],[183,-208],[181,-175],[183,-151],[194,-34],[247,76],[216,229],[68,268],[19,185],[75,289],[26,34],[78,109]],[[34314,60179],[-122,231],[-71,227],[-242,161],[-129,203],[-12,130],[32,206],[3,15],[106,50],[104,265],[101,146],[89,106],[26,120],[-15,174],[-63,104],[-228,78],[-108,156],[-172,288],[-490,-21]],[[33123,62818],[-79,-133],[-313,-324],[-253,-195],[-204,-2],[-165,34]],[[31121,66806],[136,-169],[183,-138],[223,-135],[200,112],[-47,-185],[188,-272],[277,-408],[300,-312],[247,-268],[213,-26],[-7,-317]],[[33034,64688],[-126,-413],[-90,-309],[472,-689],[96,-86],[-30,-182],[-233,-191]],[[30647,55347],[254,257],[220,297],[49,226],[-9,313],[72,150],[78,155],[193,170],[20,87],[-27,149],[7,373],[200,281],[170,81],[44,61],[54,179],[-140,176],[23,218],[242,182]],[[32097,58702],[102,89],[161,130],[170,193],[143,315],[128,183]],[[27767,52502],[940,-138],[269,-130],[1383,-1030],[537,-326],[453,-327],[408,-332],[328,-322]],[[32085,49897],[141,277],[118,971],[78,229],[-34,170],[-47,247],[-13,225],[-146,324],[-272,302],[-275,631],[-56,136],[-89,459],[-66,399],[-66,286],[-3,80],[10,161],[165,36],[417,148],[341,198],[429,349],[233,376],[246,398],[174,237]],[[33370,56536],[-9,253],[-226,266],[-178,291],[-52,177],[-30,170],[-24,185],[-2,135],[4,224],[-38,470],[-157,92],[-145,-116],[-108,-188],[-39,-27],[-65,2],[-53,30],[-73,86],[-35,86],[-43,30]],[[35759,54828],[96,-677],[49,-228],[-25,-461],[2316,31],[108,-277],[-1391,-313],[-1162,-856],[-9,-662],[136,-644]],[[35877,50741],[-32,-103],[-157,-335],[-328,-348],[-340,-345],[-364,-157],[-191,-92]],[[34465,49361],[-1065,-49],[-855,241],[-420,58]],[[32125,49611],[6,125],[-24,94],[-12,30],[-10,37]],[[33370,56536],[63,-211],[104,-224],[117,-211],[195,-161],[244,-123],[242,-91],[141,-112],[204,-186],[217,-256],[164,-259],[72,-84],[169,-41],[192,86],[209,141],[56,24]],[[36248,57909],[-182,350],[-191,358],[-198,260],[-65,139],[-57,122],[-216,281],[-40,328]],[[35299,59747],[-584,250],[-401,182]],[[35759,54828],[807,327],[98,531],[-53,281],[-73,392],[-92,278],[-11,40],[-170,657],[-8,138],[-9,437]],[[39367,57763],[-1132,389],[-240,-169],[-74,14],[-244,49],[-354,66],[-247,56],[-341,157],[-245,34],[-167,-58],[-85,-111],[10,-281]],[[35299,59747],[459,270],[578,377],[6,4],[866,593],[52,25],[874,422],[715,515],[32,23],[262,185],[34,24]],[[39177,62185],[88,-264],[20,-59],[203,-354],[100,-133],[80,-106],[282,-252],[117,-149],[106,-39],[143,-104],[98,-80],[111,13],[98,-154],[95,-76],[38,-31],[32,-132],[58,-141],[3,-120],[-12,-88],[61,-128],[77,-67],[54,-86],[73,-37]],[[41102,59598],[-87,-67],[-84,-78],[-42,-52],[-104,-19],[-67,-89],[-1,-2],[-53,-182],[48,-151],[-58,-161],[-155,-261],[-287,-185],[-232,-184],[-138,-120],[-216,-133],[-174,-94],[-85,-57]],[[45275,56334],[-261,-78],[-132,-12],[-188,5],[-501,-81],[-232,-53],[-482,359],[-856,-25],[-715,-238],[-824,-33],[-506,29],[-214,248],[-672,836],[-75,93],[-50,78],[-148,232],[-18,31],[-34,38]],[[41102,59598],[153,-39],[162,55],[133,122],[87,136],[171,28],[275,34],[186,0],[267,-18],[-16,164],[14,187],[-171,234],[-60,195],[-74,196],[138,143],[106,140],[0,172],[-21,271],[-5,158],[148,57],[47,138],[75,146],[-89,83],[-47,44],[40,138],[89,177],[110,268],[181,239],[146,13],[18,96],[118,42],[98,10],[66,-15]],[[43447,63212],[85,-73],[121,-120],[226,-135],[340,-200],[425,-221],[362,-125],[6,-54],[15,-136],[-30,-95],[-45,-147],[12,-28],[40,-93],[23,-53],[96,-471],[92,-226],[211,-237],[157,-195],[161,-231],[41,-61],[82,-130],[75,-255],[-47,-257],[-28,-292],[15,-2],[560,-84],[154,-53]],[[46596,59238],[-354,-135],[-71,-133],[-51,-418],[-142,-424],[-39,-113],[-21,-62],[-146,-157],[-149,-124],[-15,-97],[-10,-53],[-3,-45],[-56,-119],[-94,-341],[-54,-259],[-4,-16],[-112,-408]],[[39177,62185],[-18,33],[-118,219],[56,353],[-42,97]],[[39055,62887],[202,148],[431,-50],[355,-50],[95,-14],[29,-4],[44,-6],[63,-9],[341,164],[195,91],[106,174],[289,372],[66,263],[11,92]],[[41282,64058],[50,427],[80,115],[73,-55],[75,-23],[76,64],[119,89],[94,146],[115,-42],[311,135],[350,132]],[[42625,65046],[165,-288],[190,-327],[207,-203],[49,-252],[14,-200],[73,-193],[98,-273],[26,-98]],[[26268,76801],[-219,85],[-50,50],[3,150],[-99,225],[-101,332],[13,15],[226,251],[49,52],[211,227],[214,270],[10,212],[228,225],[-28,257]],[[28516,81674],[13,-60],[-1,-41],[-6,-110],[-72,-162],[-134,-318],[-270,-38],[54,-138],[153,-313],[167,-222],[44,-61],[71,-96],[215,-168],[152,-106],[9,-7],[195,-57],[-5,-74],[-22,-280],[5,-406],[31,-440],[-128,-111],[-136,-140]],[[31668,83065],[12,160]],[[31680,83225],[122,91],[370,29],[273,244],[187,128],[162,196],[466,225],[355,-45],[441,-45],[359,-159],[80,0],[321,3],[177,-53]],[[34993,83839],[22,-28],[113,-149],[35,-346],[108,-448],[75,-333],[36,-107],[61,-196],[16,-36],[18,-86]],[[35477,82110],[-38,-84],[-110,-140],[-112,-106],[-179,-127],[-100,-152],[-68,-146],[-115,-160],[-113,-135],[-98,-88],[-87,2],[-120,51],[-74,54],[-86,87],[-131,115],[-69,41],[-168,-17],[-74,-49],[-92,-97],[-113,-116],[-128,-186],[-96,-159],[-199,-210],[-79,-169],[-117,-171],[-135,-206],[-53,-149],[-40,-221],[-72,-246],[-45,-195],[16,-215],[22,-67],[93,-60],[41,-98],[41,-123],[-2,-89]],[[32777,78479],[-41,-57],[-54,4],[-89,46],[-69,8],[-82,-57],[-48,-151],[-30,-101],[-30,-113],[-38,-124],[-43,-123],[-32,-75],[-27,-143],[-13,-122],[-32,-70],[-102,-108]],[[31131,78706],[75,135],[129,339],[-35,173],[-66,212],[-5,16],[-91,251],[-68,375],[100,317],[58,70],[165,199],[102,162],[16,54],[55,183],[88,368],[-9,269],[2,153],[35,284],[54,186],[-11,217],[14,218],[-71,178]],[[28783,82020],[411,3],[207,264],[216,199],[183,-44],[30,-8],[89,70],[94,233],[31,16],[178,95],[66,29],[224,100],[81,36],[23,14],[165,97],[98,-28],[36,-10],[169,-13],[44,0],[29,1],[100,1],[162,8],[249,-18]],[[30181,85214],[13,22],[193,367],[1,1],[320,284],[522,450],[124,272]],[[31354,86610],[164,-3],[205,2],[195,-8],[149,13],[106,-9]],[[32173,86605],[108,-321],[127,-163],[4,-136],[-158,-64],[-112,-102],[-14,-292],[-21,-175],[0,-27],[0,-118],[0,-212],[-84,-85],[-193,-41],[-150,-39],[-225,-21],[-8,-45],[-9,-50],[68,-212],[68,-204],[111,-153],[2,-131],[0,-39],[-45,-161],[-35,-162],[0,-155],[59,-140],[14,-132]],[[30459,91658],[63,-67],[41,-68],[101,-107],[110,-145],[61,-146],[64,-103],[29,-108],[50,-52],[60,-46],[61,-84],[79,-89],[84,-195],[-15,-92],[-23,-149],[-4,-28],[7,-139],[49,-203],[-4,-139],[77,-161],[25,-182],[4,-212],[-70,-157],[-72,-146],[-1,-185],[15,-187],[-52,-157],[-26,-177],[36,-237],[47,-351],[80,-248],[0,-12],[9,-250],[-7,-292],[17,-134]],[[27584,88010],[126,41],[1,60],[3,152],[11,526],[122,950],[158,577],[855,500],[1050,370],[549,472]],[[74563,39860],[-241,671],[-103,639],[33,408],[652,753],[907,847],[835,544],[934,994],[1412,837],[1085,283],[1591,156],[-17,1253],[-132,538],[-141,272],[-169,574],[5,402],[-62,565],[-224,813],[127,637],[-254,407],[-521,506],[-48,210],[151,254]],[[80383,52423],[492,80],[748,77],[1012,-109],[507,-36],[400,82],[536,355],[563,464],[413,933],[611,923],[468,861],[330,728],[295,693],[432,573],[728,5],[1271,-295],[732,-271],[767,-194],[127,380],[-5,708],[-174,505],[-516,542],[-479,619],[-460,583],[-52,411],[66,635],[197,723],[-42,1154],[-207,557],[-554,805],[-633,541],[-1218,391],[-515,-53],[-343,-63],[-248,-36],[-169,-94]],[[85463,65600],[-430,330],[-305,406],[-286,703],[-76,325],[76,379],[149,284],[-147,228],[-218,116],[-538,55],[-404,83],[-199,117],[-92,283],[-242,285],[-279,320],[-290,577],[-217,525],[-154,116],[-103,133]],[[81708,70865],[2678,719],[708,-267],[436,-551],[726,1023],[11,414],[-136,996],[164,1293],[-178,671],[786,103],[590,-1297],[838,200],[1247,267],[1239,381],[498,473],[379,21],[231,-412],[182,-300],[86,-78],[-137,-412],[160,-412],[658,-68],[1050,-1376],[743,-1135],[995,-909],[41,-885],[-1266,-1095],[-893,-1054],[2377,-2824],[395,-711],[-534,-1864],[785,-1719],[2220,720],[277,-238],[617,-14],[318,-302],[-94,-663],[-1187,-432],[-855,-929],[60,-293],[-10,-208],[207,-474],[79,-815],[-42,-680],[112,-420],[30,-221],[48,-399],[209,-858],[5,-717],[84,-759],[-21,-542],[179,-916],[195,-676],[-614,-743],[-335,-867],[86,-649],[432,-618],[15,-565],[-412,-650],[-198,-642],[-295,-798],[-272,-754],[-275,-86],[-264,-106],[-250,-166],[-276,-135],[-208,-175],[-288,-198],[-109,-42],[-45,-46],[-23,-66],[19,-62],[-13,-37],[-42,-29],[-134,-115],[-82,-107],[-46,-61],[-128,-115],[-237,-153],[-131,-63],[-99,23],[-29,21],[-24,43],[44,146],[-17,80],[-57,39],[-319,-55],[-144,-29],[-310,0],[-218,42],[-167,60],[-206,24],[-187,27],[-192,42],[-199,42],[-147,-96],[0,-203],[-196,-53],[-196,4],[-195,16],[-191,-28],[-185,-63],[-196,11],[-195,10],[-195,-10],[-193,-36],[-187,-60],[-181,-82],[-182,-82],[-184,-72],[-173,-99],[-111,-181],[-116,-176],[-129,-165],[-119,-173],[-109,-181],[-115,-177],[-137,-157],[-149,-142],[-169,-108],[-190,-48],[-195,-18],[-195,13],[-190,45],[-196,5],[-195,-3],[-194,25],[-191,45],[-192,40],[-192,39],[-187,66],[-161,121],[-132,162],[-130,163],[-184,72],[-193,-27],[-194,-26],[-196,9],[-187,53],[-164,120],[-155,134],[-165,118],[-185,63],[-195,8],[-195,-14],[-195,-26],[-192,30],[-195,5],[-189,-60],[-190,-48],[-192,26],[-152,136],[-139,150],[-190,21],[-194,-35],[-191,-46],[-173,-100],[-162,-123],[-189,-59],[-169,106],[-182,77],[-195,3],[-190,51],[-192,44],[-181,77],[-166,116],[-163,121],[-157,130],[-178,85],[-185,71],[-183,74],[-188,60],[-194,28],[-192,-37],[-187,-62],[-194,-1],[-191,55],[-192,22],[-182,-73],[-167,-115],[-168,-113],[-169,-108],[-171,-105],[-171,-105],[-178,-90],[-184,-74],[-184,-72],[-185,-70],[-181,-81],[-179,-87],[-174,-100],[-168,-111],[-160,-125],[-156,-130],[-151,-139],[-142,-149],[-138,-155],[-133,-159],[-133,-161],[-127,-166],[-60,-83]],[[76487,57870],[-217,78],[-617,292],[-359,252],[-260,217],[-166,295]],[[74868,59004],[-245,636],[-72,595],[-60,399],[-206,437],[-53,366],[-118,338],[-159,161],[-61,245],[20,191],[66,187],[96,209]],[[74076,62768],[147,334],[219,316],[-178,523],[59,380],[-78,213],[-86,373],[66,472],[50,538],[-33,697],[449,550],[454,789],[401,700],[437,818],[1046,1512],[342,416],[41,51],[242,662],[301,223],[1065,-515],[881,-280],[1061,-298],[746,-377]],[[85463,65600],[-296,-239],[-352,-260],[-230,-158],[-320,-161],[-380,-156],[-317,-143],[-279,-182],[-235,-99],[-399,-153],[-73,-302],[-59,-609],[-201,-418],[-160,-340],[-213,-232],[-429,-285],[-395,-430],[-552,-544],[-692,-885],[-963,-249],[-427,-154],[-296,-229],[-314,-268],[-256,-367],[-312,-357],[-371,-276],[-455,-234]],[[76487,57870],[253,-339],[247,-457],[249,-594],[151,-839],[18,-714],[105,-668],[83,-494],[391,-320],[614,-285],[648,-350],[499,-324],[548,-77],[90,14]],[[74563,39860],[-63,-86],[-133,-160],[-137,-156],[-132,-160],[-134,-159],[-133,-159],[-137,-156],[-138,-154],[-133,-160],[-132,-161],[-120,-172],[-161,-189],[-128,-131],[-156,-122],[-200,-69],[-174,-55],[-184,-60],[-88,-30],[-84,-33],[-143,-71],[-153,-71],[-125,-53],[-141,9],[-137,44],[-93,6],[-169,0],[-170,-51],[-229,-86],[-175,-42],[-179,-100],[-131,-44],[-211,-69],[-221,-72],[-169,-38],[-172,-44],[-184,-23],[-142,-26],[-96,-19]],[[68956,36738],[-239,513],[-277,445],[-205,681],[-2,552],[-21,827],[9,367],[-145,908],[-26,494],[-225,612],[-334,576],[-326,269],[-300,377],[-411,536],[-517,468],[-362,242],[-281,92],[-503,141],[-370,24],[-228,44],[-47,136],[-84,136],[-223,139],[-231,213],[-173,254],[47,230],[94,316],[26,246],[89,342],[9,348],[61,462],[50,522],[94,381],[129,368],[72,136]],[[64106,49135],[55,122]],[[64161,49257],[161,385],[198,229],[173,220],[190,185],[315,162],[120,326],[298,321],[296,242],[68,165],[103,130],[300,235],[343,378],[141,154],[171,107],[726,415],[199,156],[399,269],[139,135],[-167,232],[-178,326],[122,243],[202,310],[-78,263],[-190,328],[-59,154],[336,117],[298,232],[183,211],[394,357],[531,396],[751,571],[660,661],[482,444],[308,326],[375,236]],[[72471,58878],[708,-21],[953,52],[736,95]],[[65205,66577],[-205,-33],[-188,-84],[-211,-179],[-64,-41],[-216,-139],[-299,-175],[-292,-285],[-219,-211],[-289,-284],[-344,-461]],[[62878,64685],[24,-158],[89,-591],[115,-448],[80,-315],[153,-549],[72,-222],[118,-363],[0,-4],[79,-509],[43,-739],[218,-463],[-30,-455],[-5,-685],[-85,-189],[-72,-159],[-313,-386],[-427,-328],[-376,-313],[-35,-312],[-75,-399],[-80,-432],[-204,-294],[-202,-337],[-274,-226],[-423,-312],[-272,-358],[-294,-225],[-310,-184],[-265,-144],[-323,-148],[-186,-87]],[[59618,54351],[-68,-339],[188,-299],[258,-216],[155,-113],[71,-51],[288,-261],[207,-237],[202,-23],[185,-180],[265,-191],[195,-169],[44,-248],[57,-308],[64,-326],[119,-347],[139,-224],[176,-212],[166,-141],[331,-266],[247,-146],[392,-279],[223,-201],[260,-110],[247,-136],[132,-71]],[[72471,58878],[23,105],[-21,246],[-123,135],[-278,404],[229,437],[47,252],[-181,268],[-244,177],[-100,365],[-308,137],[-162,312],[-155,318],[-108,197],[-254,24],[-159,-68],[-208,-200],[-282,-179],[-263,-245],[-204,-49],[-275,-94],[-195,-297],[-73,-244],[-42,-346],[-205,119],[-615,224],[-448,380],[-532,515],[-901,918],[-264,556],[-110,293],[-78,207],[-127,366],[-14,341],[-131,265],[-134,366],[-169,250],[-113,272],[-28,317],[-4,232],[-14,218],[-43,205]],[[54987,58703],[108,-326],[171,-164],[18,-13],[180,-130],[168,-224],[113,-180],[86,-111],[29,-37],[86,-417],[32,-453],[375,-667],[308,-443],[324,-310],[307,-182],[512,8],[732,36],[308,-57],[328,-243],[284,-180],[162,-259]],[[62878,64685],[-227,-315],[-138,-114],[-563,-1477],[-214,-563],[-19,-49],[-889,655],[-44,1],[-923,24],[-122,-4],[-854,-27],[-1193,253],[-365,192],[-281,148]],[[57046,63409],[-126,66],[-73,16],[-87,18],[-793,168],[-564,-461],[-249,-669],[-56,-1046],[-147,-352]],[[54951,61149],[-93,-620],[-58,-240],[-16,-97],[-71,-328],[-23,-294],[29,-149],[3,-166],[53,-108],[31,-129],[18,-130],[163,-185]],[[45275,56334],[-55,-202],[-62,-497],[-18,-508],[0,-321],[97,-586],[4,-371],[-10,-341],[13,-282],[70,-315],[59,-222],[82,-214],[89,-222],[131,-195],[5,-154],[159,-196],[137,-182]],[[45976,51526],[249,107],[213,65],[221,128],[434,195],[237,145],[514,226],[343,133],[427,208],[368,199],[337,237],[194,195],[136,199],[282,-110],[211,81],[291,-52],[390,211],[261,308],[342,383],[242,412],[134,302],[7,404],[-52,411],[-18,282],[116,81],[181,2],[233,-18],[117,0],[157,190],[64,125]],[[52607,56575],[-567,716],[-328,655],[-634,1612],[-1266,-490],[-243,86],[-279,92]],[[49290,59246],[-888,-92],[-454,-47],[-386,235],[-512,-33],[-454,-71]],[[54987,58703],[-371,-39],[-301,-240],[-179,-240],[-156,-542],[-314,-571],[-390,-230],[-669,-266]],[[45976,51526],[113,-183],[16,-159],[-113,-97],[-188,-54],[-331,-42],[-241,44]],[[45232,51035],[-726,-561],[-197,-185],[-565,-151],[-130,-274],[52,-348],[-160,-255],[-338,-267],[-284,-65],[-650,-26],[-104,-306],[-105,-185],[-228,-266],[-153,-115],[125,-159],[399,-13],[263,-84],[-71,-152],[-84,-261],[179,-193],[298,-243],[275,-225],[555,-376],[301,-402],[328,-272],[207,-269],[209,-376],[305,-87],[296,11],[374,-115],[107,-92],[63,-347],[215,-442],[156,-340],[167,-201],[200,-306],[113,-259],[30,-212],[-40,-201],[-82,-267],[-58,-238],[-33,-275],[-99,-277],[23,-168]],[[46365,41190],[139,254],[275,223],[86,196],[23,307],[144,194],[180,270],[198,212],[183,338],[63,125],[92,160],[258,287],[286,387],[351,494],[169,455],[211,298],[317,282]],[[49340,45672],[488,99],[478,214],[416,200],[185,169],[348,807],[483,690],[369,425],[425,280],[293,248],[279,21],[472,73],[700,104],[192,-44],[392,-45],[453,-7],[312,15],[90,-102],[68,-112],[77,-89],[40,-112]],[[55900,48506],[326,-31],[388,18],[544,47],[686,52],[469,24],[977,73],[417,109],[486,92],[493,133],[355,78],[352,71],[284,-167],[352,-230],[265,5],[456,52],[277,58],[380,68],[465,122],[234,55]],[[55737,49826],[-42,-24],[-38,-99],[-96,-25],[-94,12],[-108,-1],[-4,126],[3,162],[3,121],[-23,118],[-122,18],[-38,7],[-4,61],[-11,191],[14,171],[-1,97],[-41,71],[41,193],[10,165],[36,145],[178,64],[203,25],[146,-46],[-34,-161],[99,-133],[-18,-59],[70,-41],[52,-156],[17,-110],[-6,-160],[-1,-25],[168,-26],[115,-132],[87,-146],[34,-137],[-15,-198],[-93,-90],[-116,-60],[-150,-21],[-101,75],[-59,17],[-61,11]],[[35877,50741],[175,194],[125,231],[253,175]],[[36430,51341],[113,89],[50,39],[73,73],[286,260],[244,193],[183,11],[172,-29],[260,-68],[411,-172],[202,-37],[137,8],[220,152],[180,-118],[223,-161],[195,-73],[139,122],[220,209],[125,167],[200,219],[-38,143],[-54,321],[33,433],[77,50],[111,57],[133,-89],[-4,-185],[-7,-206],[115,-242],[185,-178],[326,32],[216,75],[270,94],[526,73],[331,104],[373,102],[294,73],[93,-75],[222,-156],[1,-1],[249,-52],[158,120],[307,-3],[233,-129],[178,-111],[296,-222],[169,-383],[237,-462],[139,-373]],[[36430,51341],[67,-225],[27,-527],[-119,-601],[-187,-951],[-38,-643],[24,-684],[-91,-1109],[-510,-543],[151,-844],[22,-126],[277,-648],[-291,-773],[106,-726],[376,-608],[38,-64],[168,-280],[359,-300],[322,-498],[211,-394],[479,-748],[392,-463],[254,-565],[124,-374]],[[38591,38647],[80,-79],[77,-176],[10,-251],[-31,-296],[284,-296],[134,-251],[164,-95],[181,-47],[157,50],[146,71],[246,154],[190,100],[181,180],[340,302],[156,227],[129,163],[54,68],[119,31],[193,-18],[96,-16],[92,13],[119,-108]],[[41708,38373],[91,171],[104,194],[172,254],[187,251],[209,293],[233,275],[199,335],[120,238],[260,76],[354,89],[379,95],[404,57],[237,73],[244,160],[248,-183],[193,-136],[420,-173],[246,-16],[88,89],[44,45],[66,172],[75,194],[84,264]],[[48059,38191],[-15,101],[-67,435],[-9,435],[62,372],[93,379],[85,194],[207,230],[89,129]],[[48504,40466],[-285,520],[236,456],[249,470],[377,427],[346,306],[457,316],[87,288],[-71,361],[-59,392],[-39,588],[-104,507],[-19,374],[-339,201]],[[41708,38373],[31,-295],[68,-202],[73,-185],[107,-213],[217,-220],[386,-248],[176,-391],[165,-254],[174,-320],[59,-584],[-64,-257],[-44,-372],[-64,-267]],[[42992,34565],[111,259],[267,152],[411,213],[464,330],[632,534],[418,399],[575,482],[523,521],[17,463],[72,257],[177,47],[204,26],[126,-34],[299,-133],[124,220],[164,-21],[198,-25],[51,-7],[142,-35],[92,-22]],[[48504,40466],[549,175],[704,-29],[247,-65],[159,-307],[176,-154],[254,24],[392,141],[551,21],[477,-196],[326,-207],[440,-244],[546,-604],[584,-574]],[[53909,38447],[290,-416],[-717,-639],[-198,-158],[-454,-361],[554,-759],[-554,-800],[-543,-1093],[-222,-708],[-221,-760],[188,-220],[51,-672],[345,-155],[57,-333]],[[52485,31373],[-462,89],[-528,105],[-266,-128],[-174,16],[-234,230],[-294,250],[-309,209],[-212,229],[-153,144],[-192,176],[-308,472],[-284,398],[-235,108],[-164,251],[-331,341],[-110,454],[-10,430],[-238,490],[-169,458],[-358,302],[-91,262],[186,340],[75,283],[-17,251],[-50,29],[15,343],[129,84],[256,79],[107,18],[-5,105]],[[53909,38447],[381,786],[409,756],[96,675],[268,822],[183,539],[227,479],[80,455],[197,512],[261,690],[-165,654],[-199,512],[-24,246],[65,308],[188,410],[43,225],[-105,45],[-45,20],[-392,-196],[-291,-164],[30,162],[354,503],[204,413],[144,337],[38,456],[11,129],[33,285]],[[68956,36738],[-177,-1],[-209,10],[-197,-11],[-180,-5],[-201,9],[-183,16],[-225,43],[-198,106],[-184,53],[-194,49],[-197,59],[-158,61],[-190,35],[-166,18],[-144,4],[-168,-36],[-204,-85],[-148,-69],[-92,-72],[-90,-184],[-39,-147],[38,-227],[-18,-213],[-13,-168],[-48,-174],[-54,-178],[-73,-155],[-95,-224],[-60,-207],[-78,-261],[-40,-118],[-78,-102],[-56,-35],[-112,-54],[-132,1],[-108,-14],[-115,20],[-224,0],[-201,-41],[-149,-43],[-160,-35],[-159,-74],[-165,-91],[-192,-100],[-175,-80],[-178,-51],[-188,-78],[-168,-50],[-116,-54],[-192,-122],[-149,-68],[-123,-96],[-196,-118],[-171,-142],[-157,-87],[-132,-92],[-192,-159],[-154,-132],[-181,-151],[-138,-150],[-177,-152],[-115,-106],[-171,-174],[-93,-95],[-38,-51],[-35,-84],[-13,-113],[-28,-182],[-37,-81],[-84,-80],[-36,-17],[-65,-32],[-165,-28],[-207,-16],[-186,-60],[-158,-57],[-170,-70],[-170,-86],[-47,-29],[-40,-27],[-28,-16],[-21,-12],[-38,-31],[-32,-30],[-13,-17],[-13,-18],[-25,-24],[-16,-10],[-22,-23],[-16,-23],[-17,-14],[-37,-16],[-18,-17],[-21,-10],[-25,-17],[-26,-9],[-21,-12],[-15,-14],[-50,-34],[-41,-15],[-34,-25],[-30,-24],[-23,-22],[-65,-60],[-71,-72],[-65,-61],[-44,-29],[-42,-23],[-56,-32],[-23,-26],[-84,-72],[-71,-88],[-49,-52],[-54,-51],[-45,-52],[-48,-37],[-29,-37],[-24,-23],[-157,-162],[-129,-172],[-111,-152],[-117,-163],[-114,-169],[-98,-145],[-51,-70],[-48,-72],[-20,-31],[-51,-109],[-26,-60],[-19,-36],[-27,-26],[-31,-26],[-44,-24],[-40,-18],[-45,-25],[-37,-20],[-58,-37],[-114,-62],[-84,-52],[-164,-121],[-180,-131],[-137,-132],[-198,-152],[-112,-102],[-203,-129],[-162,-81]],[[54546,27301],[-296,542],[-174,381],[26,396],[-176,284],[-232,498],[-491,541],[-298,444],[-125,635],[-295,351]],[[54546,27301],[-28,-14],[-71,-48],[-205,-98],[-208,-127],[-156,-78],[-70,-45],[-55,-46],[-72,-53],[-77,-70],[-60,-63],[-35,-31],[-25,-30],[-33,-14],[-34,-21],[-23,-17],[-38,-27],[-16,-15],[-27,-32],[-33,-21],[-23,-23],[-33,-20],[-23,-25],[-38,-33],[-18,-9],[-103,-89],[-108,-77],[-79,-62],[-146,-128],[-166,-149],[-197,-127],[-191,-159],[-184,-131],[-128,-99],[-104,-101],[-161,-135],[-69,-74],[-44,-30],[-21,-14],[-67,-52],[-73,-76],[-63,-49],[-53,-53],[-112,-92],[-166,-133],[-76,-69],[-120,-93],[-115,-84],[-134,-83],[-149,-128],[-252,-158],[-143,-56],[-111,-63],[-75,-40],[-87,-46],[-99,-48],[-99,-61],[-147,-107],[-162,-101],[-133,-94],[-104,-100],[-64,-33],[-68,-44],[-200,-176],[-105,-93],[-154,-145],[-157,-158],[-111,-86],[-72,-67],[-56,-47],[-68,-33],[-56,-31],[-50,-34],[-123,-109],[-69,-64],[-107,-98],[-156,-133],[-180,-140],[-169,-134],[-98,-87],[-84,-44],[-73,-64],[-26,-28],[-29,-37],[-24,-21],[-54,-59],[-44,-39],[-67,-59],[-58,-45],[-57,-54],[-151,-123],[-293,-245],[-427,-451],[-98,-88],[-414,-453],[-501,-574],[-366,-454],[-328,-373],[-246,-462],[-77,-97],[-48,-54],[-43,-56],[-73,-87],[-150,-130],[-667,-528],[-107,-52],[-118,-63],[-255,-153],[-265,-144],[-290,-117]],[[41408,16314],[-151,643],[-289,866],[-307,687],[27,732]],[[40688,19242],[142,95],[46,15],[46,18],[47,21],[46,29],[92,49],[47,34],[37,49],[16,57],[5,52],[20,60],[72,85],[51,39],[53,81],[24,49],[9,55],[-3,54],[-9,52],[-39,169],[-5,49],[12,60],[32,49],[44,44],[21,57],[-5,50],[-34,36],[-28,41],[-9,63],[14,54],[50,96],[21,60],[10,65],[-3,49],[-7,52],[-25,57],[-79,93],[-42,37],[-95,60],[-42,30],[-19,34],[-9,36],[0,36],[9,11],[21,23],[64,54],[24,27],[35,28],[34,26],[32,34],[29,34],[38,66],[13,41],[-3,38],[-21,66],[-5,36],[0,50],[11,65],[31,140],[6,41],[0,38],[-10,77],[-25,86],[-18,52],[-11,46],[0,50],[5,42],[8,44],[11,42],[19,48],[11,38],[7,43],[-5,118],[-14,39],[-13,49],[-7,59],[2,72],[16,79],[27,102],[29,75],[42,63],[67,93],[24,46],[14,36],[7,40],[-8,97],[3,55],[9,57],[26,54],[51,47],[58,104],[54,71],[42,79],[29,72],[38,147],[22,75],[16,72],[40,111],[29,84],[23,43],[28,32],[24,29],[18,19],[144,158],[21,31],[22,37],[16,52],[0,38],[-3,37],[-2,60],[4,50],[8,43],[14,55],[19,43],[37,63],[22,34],[31,52],[24,30],[59,67],[46,44],[108,93],[24,29],[40,43],[29,32],[33,35],[31,45],[34,44],[35,59],[11,55],[-13,68],[15,59],[38,25],[56,61],[44,73],[38,68],[19,66],[21,62],[26,45],[51,66],[24,33],[5,56],[5,72],[14,49],[26,35],[60,51],[13,29],[11,30],[33,22],[62,24],[70,7],[59,6],[51,23],[30,27],[29,55],[32,47],[35,46],[32,118],[-3,112],[19,122],[63,97],[49,76],[7,82],[26,53],[30,42],[62,65],[44,36],[18,48],[14,90],[42,126],[50,106],[42,92],[38,113],[6,109],[-29,93],[-12,116],[-19,103],[-5,103],[10,96],[-5,86],[-63,111],[-53,78],[-41,90],[-22,49],[-39,98],[-77,53],[-60,47],[-89,57],[-57,66],[-35,78],[-22,57],[-75,59],[-84,42],[-83,17],[-49,28],[-78,77],[-64,69],[-84,72],[-37,75],[-43,70],[-13,42],[-38,62],[-13,59],[-48,79],[-63,92],[-78,75],[-80,23],[-99,54],[-61,37],[-139,168],[24,220],[300,226],[323,139],[154,176],[156,220],[52,270],[-91,291],[-282,338],[-177,288],[-57,95],[-137,307],[176,375]],[[38591,38647],[-319,-292],[-333,-288],[-458,466],[-451,539],[-394,-39],[-252,-77],[-147,-173],[-315,-238],[-325,-374],[-248,-629],[-271,-450],[-288,-404],[-195,-106]],[[34595,36582],[-145,-186],[-167,-196],[10,-139],[115,-225],[-153,-139],[-157,-265],[-320,-320],[-164,-204],[-151,-275],[-140,-302],[-145,-222],[-108,-166],[96,-388],[87,-220],[363,-105],[296,-26],[-44,-100],[-144,-346],[-117,-370],[-44,-228],[-71,-328],[-13,-162],[53,-126],[132,-202],[89,-176],[133,-150],[235,-112],[85,-146],[204,-179],[158,-168],[422,-118]],[[34990,30293],[517,56],[63,-506],[105,-155],[430,-493],[441,-270],[698,-365],[412,-192],[24,-670],[-101,-557],[-115,-570],[-57,-512],[-65,-712],[-35,-633],[-235,-269],[-157,-410],[126,-449],[196,-350],[232,-534],[-26,-573],[802,-300],[484,-108],[359,-523],[503,-421],[199,-477],[507,-644],[257,-395],[134,-19]],[[34990,30293],[-303,-261],[-312,-309],[-935,-872],[-615,-735],[-333,-473],[-493,-583],[-455,-630],[-177,-337],[-265,-607],[-170,-517],[-223,-53],[-137,11],[-192,-56],[-83,-139],[-63,-184],[-14,-158],[-402,-244],[-539,-395],[-552,-418],[-539,-444],[-519,-487],[-493,-389],[-159,-124],[-372,-291],[-531,-771],[-605,-456],[-791,-442],[-857,-455],[-657,-316],[-440,-127],[-92,-18]],[[22672,19013],[-574,-390],[-106,-1661],[715,-549],[718,-1079],[523,-774],[1873,-327],[1771,-121],[766,-997],[147,-830],[-74,-591],[1428,-1639],[961,-1865],[2224,-3183],[815,-1168],[2785,-3791],[37,-48],[4,1277],[0,1514],[3,1330],[12,1124],[-13,1175],[4,2800],[17,1212],[-22,1429],[-2,611],[216,221],[423,413],[409,442],[435,550],[434,588],[201,231],[95,85],[83,70],[81,51],[50,34],[29,22],[27,25],[48,28],[76,61],[214,118],[136,68],[122,62],[16,8],[249,145],[337,156],[458,221],[101,52],[61,30],[18,9],[26,11],[33,15],[33,12],[47,24],[60,20],[64,23],[142,47]],[[24070,33156],[-7,441],[-10,428],[-47,320],[3,236],[-131,659],[52,686],[58,365],[42,373],[98,431],[118,363],[16,450],[-66,466],[-4,286],[108,183],[174,42],[1068,45],[272,12],[1254,63],[331,-31],[129,-24],[165,-28]],[[27693,38922],[520,-45],[601,88]],[[28814,38965],[1833,572],[1324,892],[704,-31],[212,-508],[156,-374],[618,-1250],[168,-350],[214,-279],[256,-129],[242,-151],[128,-569],[-192,-12],[118,-194]],[[22672,19013],[-943,205],[-298,1247],[-230,1109],[-78,476],[358,491],[48,65],[-30,588],[-8,142],[-435,186],[-249,106],[173,666],[244,776],[-10,532],[-311,1002],[1913,697],[-911,-1335],[85,-380],[291,-137],[641,505],[706,673],[212,376],[-622,756],[33,269],[847,619],[1029,913],[157,239],[14,380],[-14,422],[-279,1175],[-79,124],[-316,496],[-28,270],[-249,167],[-263,323]],[[1955,49256],[162,-95],[136,47],[298,-41],[191,-65],[-7,-139],[270,-89],[359,-36],[164,-79],[133,-157],[48,-57],[178,-221],[141,-390],[277,-470],[-322,-648],[193,-465]],[[4176,46351],[-319,-75],[-200,-86],[-103,-272],[-52,-251],[17,-282],[25,-335],[59,-287],[-44,-319],[-50,-311],[-73,-225],[-129,-222]],[[3307,43686],[-371,-743],[-112,5],[-658,-42],[-333,-227],[-12,-8],[-169,-130],[-237,-181],[-216,-152],[-414,-199],[-320,-131],[-179,521],[-80,524],[-2,15],[190,269],[61,120],[50,149],[-25,147],[-14,187],[35,234],[51,195],[32,164],[-113,84],[-127,142],[-52,74],[54,92],[11,121],[69,109],[48,146],[-289,599],[-13,255],[-44,158],[-119,25],[-1,3],[-6,12],[-2,11],[1,9],[5,11],[18,15],[12,10],[9,6],[8,5],[11,9],[9,15],[2,16],[-1,14],[-5,6],[-15,4],[-26,14],[-6,6],[-1,10],[6,33],[8,9],[15,3],[13,-2],[11,4],[9,9],[80,147],[10,12],[11,8],[10,12],[12,25],[18,25],[30,43],[11,17],[8,4],[14,3],[10,3],[11,9],[6,18],[5,14],[7,8],[55,27],[37,32],[15,14],[26,23],[13,14],[15,34],[8,22],[13,41],[17,73],[8,12],[28,10],[4,21],[-11,19],[-4,14],[3,10],[10,5],[5,0],[6,-10],[28,19],[10,25],[1,33],[17,25],[11,8],[8,0],[10,-8],[6,0],[5,2],[10,17],[5,30],[1,27],[2,12],[3,14],[6,18],[12,25],[3,12],[1,18],[1,16],[1,13],[3,19],[5,29],[6,27],[1,14],[-7,34],[-7,6],[-9,1],[-17,-4],[-4,2],[-2,6],[27,51],[13,21],[39,56],[4,12],[2,14],[-11,39],[1,11],[7,8],[56,31],[14,14],[8,17],[15,46],[3,4],[5,2],[9,-1],[10,2],[15,8],[12,7],[7,6],[35,68],[15,21],[68,77],[44,45],[24,23],[32,31],[76,144],[4,11],[0,14],[-4,17],[-7,28],[-1,10],[2,4],[27,29],[31,43],[31,37],[31,45],[8,14],[7,10],[19,22],[36,35],[35,26],[20,18],[28,22],[55,47],[47,44],[37,41],[22,25],[16,17],[14,18],[16,19],[12,17],[11,15],[12,14],[14,15],[37,42],[26,31],[24,24],[19,18],[34,47],[21,24],[18,23],[39,44]],[[3450,42776],[-103,-404],[-14,-54],[-129,-500],[-85,-18],[-124,-133],[-52,-71],[-93,-126],[-182,-298],[-46,-188],[124,-128],[141,-189],[268,-60],[35,-152],[155,-170],[80,-118],[28,-206],[121,-113],[92,-239],[157,-95],[78,-33],[158,-284],[164,-52],[124,-150],[128,-19],[19,-2],[115,0],[108,-13],[2,1],[16,4],[13,7],[11,10],[8,10],[10,4],[10,6],[10,13],[7,11],[6,11],[3,12],[0,11],[0,13],[3,12],[7,13],[13,11],[14,9],[16,7],[10,2],[11,7],[9,5],[12,4],[14,4],[10,5],[10,-4],[9,-9],[9,-6],[11,-4],[14,-4],[11,-7],[8,-4],[9,2],[10,8],[10,2],[9,0],[8,2],[10,8],[231,41],[313,34],[18,2],[219,-10],[155,-8],[81,-2],[222,-4],[327,170],[19,22],[258,315],[42,4],[282,26],[220,701]],[[7447,40428],[59,240]],[[7506,40668],[-457,-112],[-198,-78],[-283,-65],[-303,-6],[-148,169],[-138,247],[-154,276],[-81,345],[-169,185],[-110,216],[-201,19],[-136,97],[-67,1],[-152,-7],[-137,-3],[-161,6],[-114,87],[-64,91],[-12,138],[23,107],[4,134],[4,66],[-10,69],[-98,13],[-66,-30],[-69,-98],[-80,-125],[-107,-104],[-75,-6],[-79,38],[-95,76],[-102,169],[-62,112],[-31,81],[-128,0]],[[7506,40668],[33,101],[146,531],[145,344],[25,233],[82,236],[100,122],[80,99],[92,222],[-101,295],[-160,103],[-272,30],[-360,555],[-349,424],[-182,234],[-357,340],[-377,400],[-90,173],[-10,253],[-54,168],[-83,139],[-81,241],[-77,123],[-130,124]],[[5526,46158],[-404,97],[-531,219],[-415,-123]],[[3307,43686],[94,-366],[1,-15],[48,-529]],[[7232,46694],[40,219],[38,308],[68,369],[-127,99],[-74,150],[-107,163],[-95,114],[-135,155],[-40,118],[-131,-13],[-40,120],[-19,201],[61,94],[96,211],[153,24],[106,109],[-17,58],[-124,162],[63,34],[305,-32],[308,-180],[338,-360],[396,216],[188,361],[24,245],[-21,198],[218,402]],[[8704,50239],[-322,241],[-241,237],[-99,261],[-326,-50],[-120,1080],[197,660],[157,853],[169,563],[-563,188],[-194,135],[-102,71],[-312,229],[-425,297],[-145,105],[-149,86]],[[6229,55195],[-13,-61],[-5,-14],[-13,-10],[-32,-28],[-2,-12],[2,-10],[23,-25],[0,-13],[-3,-6],[-8,-4],[-12,1],[-7,15],[-6,3],[-9,-2],[-34,-29],[-32,-138],[-22,-10],[-14,10],[-7,-5],[-46,-78],[0,-6],[15,-14],[18,-19],[49,-41],[4,-11],[-6,-25],[1,-2],[3,-1],[11,5],[4,-1],[4,-3],[2,-8],[7,-22],[-2,-9],[-6,-7],[-9,0],[-3,-3],[-1,-3],[6,-38],[-6,-27],[-6,-31],[-16,-38],[-1,-8],[5,-21],[-3,-20],[-47,-100],[-9,-14],[-8,-16],[-10,-18],[-13,-26],[-33,-58],[-45,-79],[-39,-59],[-25,-20],[-8,-9],[-6,-12],[-7,-13],[-15,-32],[-12,-17],[-13,-21],[-12,-17],[-22,-30],[-9,-11],[-10,-11],[-14,-10],[-19,-13],[-12,-22],[-13,-30],[-31,-27],[-12,-18],[-12,-23],[-14,-38],[-7,-18],[-7,-18],[-22,-31],[-23,-24],[-26,-29],[-25,-28],[-12,-14],[-17,-20],[-21,-23],[-19,-22],[-11,-15],[-9,-12],[-20,-27],[-19,-22],[-15,-22],[-16,-20],[-14,-18],[-14,-18],[-5,-38],[-7,-30],[-16,-22],[-16,-15],[-18,-17],[-21,-27],[-31,-40],[-16,-28],[-25,-49],[-16,-25],[-13,-16],[-10,-13],[-10,-16],[-11,-25],[-14,-23],[-11,-14],[-12,-16],[-15,-19],[-23,-63],[-2,-19],[1,-12],[0,-18],[-1,-28],[0,-15],[-3,-10],[-4,-9],[-4,-8],[-4,-6],[-2,-3],[-3,-3],[-3,-2],[-2,-3],[-1,-4],[0,-5],[0,-7],[-1,-6],[-2,-1],[-3,-1],[-5,4],[-1,-1],[-1,-1],[6,-5],[1,-1],[0,-2],[-3,-4],[-2,-6],[-3,-6],[-2,-3],[-2,-3],[-1,-2],[-1,-2],[-1,-2],[-1,-2],[0,-2],[-1,-4],[0,-3],[1,-4],[1,-2],[0,-3],[-2,-2],[-2,-2],[-2,-3],[0,-4],[2,-4],[1,-3],[0,-4],[-1,-4],[-1,-3],[-3,-3],[-2,-2],[-1,-3],[2,-7],[0,-6],[-1,-4],[-1,-4],[-1,-3],[-1,-4],[-2,-4],[-4,-4],[-4,-5],[-5,-6],[-2,-4],[-2,-4],[-1,-6],[-2,-8],[-1,-13],[-4,-12],[-3,-8],[-8,-10],[-7,-8],[-10,-9],[-28,-37],[-12,-17],[-20,-28],[-18,-21],[-11,-11],[-21,-24],[-42,-46],[-9,-3],[-3,-5],[2,-12],[-2,-14],[-35,-46],[-67,-81],[-52,-59],[-10,-4],[-14,-5],[-11,-12],[-22,-32],[-61,-70],[-104,-119],[-34,-42],[-59,-64],[-39,-52],[-25,-23],[-16,-18],[-23,-29],[-18,-22],[-17,-20],[-43,-50],[-26,-36],[-44,-57],[-27,-36],[-56,-73],[-60,-59],[-99,-120],[-148,-163],[-229,-258],[-206,-222],[-29,-34],[-145,-145],[-48,-40],[-45,-37],[-16,-16],[-35,-39],[-49,-50],[-125,-115],[-66,-62],[-49,-46],[-34,-32],[-44,-42],[-48,-44],[-56,-50],[-39,-34],[-26,-22],[-28,-27],[-45,-41],[-29,-32],[-26,-24],[-52,-53],[-46,-51],[-47,-41],[-29,-29],[-8,-9],[-24,-29],[-33,-35]],[[5526,46158],[439,168],[469,130],[512,186],[286,52]],[[7447,40428],[160,-53],[38,146],[78,0],[130,-15],[15,81],[5,18],[24,85],[4,200],[-1,59],[82,2],[34,-18],[19,20],[30,-7],[41,-3],[56,-20],[71,-42],[100,-40],[38,-91],[136,-41],[-3,-10],[-3,-10],[-3,-12],[-3,-10],[-5,-19],[0,-13],[1,-12],[1,-15],[1,-20],[-1,-7],[-2,-14],[-3,-17],[-6,-7],[-12,-13],[-6,-8],[-5,-17],[-4,-12],[-4,-14],[-12,-37],[-5,-10],[-5,-11],[-6,-15],[0,-14],[-2,-32],[4,-14],[4,-10],[3,-9],[5,-15],[4,-12],[7,-14],[0,-8],[0,-9],[0,-14],[-1,-20],[0,-11],[0,-21],[1,-12],[0,-13],[2,-10],[2,-12],[2,-12],[-2,-14],[7,-14],[-1,-6],[-4,-13],[-2,-11],[2,-19],[2,-12],[3,-15],[-23,-30],[-3,-7],[-6,-11],[-5,-10],[3,-12],[6,-12],[5,-13],[145,19],[150,95],[73,-180],[161,-127],[105,-53],[144,-23],[156,-51],[258,-18],[23,-358],[-50,-269],[-2,-12],[-75,-253],[10,-278],[44,-306],[110,155],[62,10],[82,-87],[181,60],[152,-44],[-70,131],[42,277],[54,147],[82,118],[49,147],[-117,91],[-40,162],[2,348],[-42,299],[-47,194],[-185,149],[-94,136],[-35,110],[197,36],[181,-130],[113,-173],[7,-11],[84,-128],[216,-301],[70,-272],[183,-128],[111,-11],[213,-18],[162,10],[136,165],[99,443],[19,340],[-17,314],[54,191],[296,193],[357,118]],[[12244,41172],[396,215],[104,44],[-43,71],[-4,141],[112,358],[-35,220],[-108,238],[-180,220],[-179,180],[-282,207],[-255,222],[-242,290],[89,76],[164,89],[484,306],[303,277]],[[12568,44326],[-395,217],[-173,89],[-61,196],[-247,102],[-409,185],[-312,515],[-139,371],[-184,255],[-755,86],[-361,136],[-398,130],[-219,57]],[[8915,46665],[-224,25],[-161,17],[-619,49],[-336,0],[-343,-62]],[[9732,49613],[-237,58],[-324,43],[-350,322],[-117,203]],[[8915,46665],[146,867],[399,1131],[178,653],[94,297]],[[6229,55195],[11,9],[14,10],[8,2],[22,-7],[7,3],[1,8],[-22,16],[-1,19],[8,23],[32,11],[42,38],[7,51],[16,21],[14,15],[20,34],[15,26],[25,44],[36,87],[12,6],[12,-5],[4,4],[-4,17],[13,15],[12,-4],[5,2],[1,5],[-7,12],[0,6],[4,8],[22,21],[15,23],[16,27],[22,32],[14,27],[23,42],[9,31],[6,28]],[[12960,55619],[-322,-62],[-188,-144],[-232,-182],[-167,-133],[-234,-172],[-338,-409],[-343,-668],[-273,-547],[-136,-509],[-385,-566],[181,-787],[106,-530],[19,-363],[284,-281],[502,5],[289,-30],[162,-127],[127,-145]],[[12012,49969],[-151,-184],[-296,-78],[-218,-50],[-282,-95],[-331,-66],[-429,-28],[-395,95],[-178,50]],[[16161,52961],[-58,-110],[-82,-240],[-172,-284],[-126,-269],[-111,-243],[-50,-140],[193,-122],[174,-21],[84,-80],[-3,-141],[-11,-168],[-14,-163],[113,-112],[8,-141],[-121,-227],[-142,-199],[-55,-146],[57,-215],[57,-132],[112,-217]],[[16014,49591],[-482,278],[-30,-105],[-3,-112],[19,-219],[33,-230],[35,-224]],[[15586,48979],[-248,-84]],[[15338,48895],[4,44],[-35,130],[-3,120],[-126,187],[-150,214],[-79,116],[-124,89],[-155,79],[-128,59],[-167,57],[-134,89],[-115,127],[-116,74],[-98,-61],[-45,-158],[67,-157],[-61,-143],[-183,79],[-35,-43],[25,-206],[48,-226],[-25,-86],[-78,-147],[-424,56],[-349,69],[-234,158],[-163,128],[-223,266],[-220,160]],[[13697,45168],[-129,405],[-68,269],[-188,133],[-38,92],[7,143],[-2,236],[-19,300],[85,139],[124,101],[124,26],[254,-10],[347,-21],[324,29],[7,594],[45,260],[45,277],[31,197],[73,116],[43,-29],[97,-193],[85,-100],[111,64],[122,141],[100,155],[50,240],[7,126],[4,37]],[[12568,44326],[115,152],[486,439],[230,172],[131,42],[167,37]],[[13697,45168],[15,-62],[70,-142],[186,-328],[161,-255],[54,-93],[145,-257],[154,-136],[145,-90],[78,-70],[92,-159],[137,-100],[39,-87],[130,-59],[179,9],[154,-7]],[[15436,43332],[229,183],[304,121],[239,157]],[[16208,43793],[315,141],[131,123],[232,264],[190,138],[205,105],[28,99],[72,282],[50,136],[-17,283],[42,137],[60,197],[-20,240],[-32,225]],[[17464,46163],[-52,207],[-79,122],[-212,110],[-165,143],[-210,139],[-64,156],[-165,141],[-112,73],[-41,134],[-78,193],[-116,125],[-50,423],[-172,179],[-227,323],[-135,348]],[[19382,48261],[61,235],[49,216],[104,144],[145,222],[41,38],[189,179],[242,172],[218,190],[155,118],[0,136],[0,140],[4,89],[50,24],[61,-48]],[[23003,49186],[-69,-51],[-167,24],[-43,54],[-147,40],[-83,-47],[-129,-42],[-72,-86],[19,-65],[-127,5],[-125,10],[-119,-81],[-104,-135],[-255,-157],[-87,-118],[-237,-185],[-83,-63],[-93,-130],[-92,-128],[-89,-259],[-146,-185],[-35,-240],[-209,-87],[-326,-67],[-183,-24]],[[20002,47169],[-12,120],[77,112],[-11,63],[-64,376],[-91,160],[-150,94],[-141,47],[-108,91],[-120,29]],[[17464,46163],[148,-62],[211,-66],[179,-2],[183,57],[68,18],[74,-86],[39,-110],[136,-99],[230,-36],[256,20],[378,87],[216,120],[133,193]],[[19715,46197],[151,243],[54,170],[82,120],[14,128],[0,175],[-14,136]],[[19382,48261],[-237,10],[-197,0],[-181,47],[-77,60],[-52,60],[46,115],[10,138],[-98,136],[-132,92],[-127,70],[-96,-34],[-103,-47],[-83,-60],[-110,89],[-89,65],[-104,76],[-51,5],[-87,-39],[-115,-94],[-82,-50],[-79,-10],[-158,-29],[-115,47],[-153,-89],[-127,-52],[-70,31],[-204,58],[-28,128],[-36,130],[-49,186],[-91,154],[-192,81],[-101,56]],[[20882,45569],[99,247],[21,125],[65,202],[52,209],[143,135],[233,173],[317,110],[356,65],[139,334],[202,264],[101,180],[63,68],[19,157],[-141,202],[52,133],[61,73],[89,113],[54,94],[47,79],[87,88],[133,-24]],[[24698,48186],[20,-69],[-11,-171],[-78,-145],[-15,-175],[-89,-151],[-136,-193],[-124,-160],[-24,-141],[94,-183],[94,-109],[-247,-314],[-225,-397],[-96,-157],[270,-355],[279,-293],[25,-34],[44,36],[8,8],[27,-17],[15,-21],[17,-12],[18,-26],[44,-15],[27,-18],[17,-32],[0,-65],[3,-16],[23,-56],[-28,-69],[-10,-34],[-40,-25],[-38,-51],[-4,-74],[-28,-22],[-6,-27],[-10,-25],[-59,-7],[-44,4],[-22,-34],[-32,-23],[-12,-43],[-27,-27],[-41,-32],[-47,-8],[-33,3],[-16,-7],[-14,-12],[-32,-42],[-35,-13],[-20,-22],[-14,-9],[-17,-25],[-17,-16],[-4,-14],[-22,-9],[-27,-14],[-27,-6],[-13,-10],[-11,-8],[-5,1],[-20,-14],[-15,-4],[-19,-10],[-18,-23],[-17,-17],[-46,-59],[-29,-39],[-32,-45],[-48,-58],[-69,-182]],[[23610,43754],[-357,-345],[117,-414],[-152,-612],[-5,-3],[-223,-167],[-146,-60],[-145,8],[-228,26],[-244,32],[-216,-24],[-157,-196],[-101,-92],[162,-165],[91,-94],[362,-185],[54,-155],[52,-193],[-242,-100],[-343,191],[-160,136],[-216,3],[-213,-68],[-209,-115],[-106,-136],[-124,-225]],[[20861,40801],[-340,230],[-238,170],[-269,361]],[[20014,41562],[51,186],[106,285],[-21,264],[5,255],[24,199],[23,107],[82,408],[76,164],[16,382],[-45,209],[72,154]],[[20403,44175],[200,109],[216,147],[263,167],[159,146],[24,147],[-5,123],[-169,198],[-282,79],[31,159],[42,119]],[[23610,43754],[173,-160],[186,-131],[340,-168],[73,-63],[164,12],[237,-19],[267,81],[172,-21],[40,-14]],[[25262,43271],[49,171],[-4,157],[37,243],[71,251],[23,139],[-7,112],[24,212],[26,248],[156,120],[282,238],[252,267],[159,151],[129,217],[91,141],[50,176],[82,101],[69,209],[189,343],[23,252],[7,24],[45,160]],[[27015,47203],[-9,204],[-61,318],[-84,207],[-630,344]],[[26231,48276],[-261,116],[-98,60],[-84,72],[-55,64],[-101,22],[-67,-14],[-37,-12],[-19,4],[-84,-15],[-131,-22],[-302,25]],[[29288,48493],[-24,204],[-25,242],[-24,392],[-26,180],[-4,191],[-21,104],[51,110],[-41,78],[-375,18],[-335,10],[-258,9],[-313,57],[-155,-55],[-208,-311],[-19,-28],[-144,-174],[-142,-172],[-442,-560],[-40,-38],[-251,-247],[-261,-227]],[[32125,49611],[-1,-220],[-80,-266],[-85,-266],[-105,-408],[-106,-418],[-59,-443],[-28,-259],[-148,-285],[-220,-18],[-345,-3],[-294,32],[-277,10],[-242,282],[-352,614],[-209,360],[-40,162],[-112,58],[-134,-50]],[[20882,45569],[-56,30],[-36,99],[-75,94],[-138,73],[-164,102],[-162,40],[-261,54],[-275,136]],[[27015,47203],[170,29],[230,44],[418,-23],[216,-87],[328,-65]],[[28377,47101],[301,593],[145,232],[124,94],[92,97],[99,196],[33,83],[61,79],[56,18]],[[34465,49361],[130,-307],[30,-316],[20,-132],[30,-202],[84,-796],[-115,-677],[-254,-419],[-114,-451],[-184,-279],[-232,-254],[-99,-301],[-169,-183],[-84,-357],[-174,-243],[-152,-194],[-247,-185],[-239,-364],[-97,-256],[-269,220],[-381,334],[-298,181],[-208,0],[-406,-55],[-475,-45],[-356,-225],[-318,-76],[-301,-112],[-205,-113],[-154,-146]],[[29228,43408],[-96,290],[-326,665],[-161,394],[-249,408],[-103,256],[-40,204],[-101,395],[-59,271],[-16,209],[75,303],[84,128],[141,170]],[[29228,43408],[-137,-196],[-108,-311],[-42,-241],[7,-232],[32,-233],[26,-256],[17,-437],[-5,-453],[-14,-646],[-49,-618],[-16,-334],[-69,-273],[-56,-213]],[[27693,38922],[-26,210],[-32,199],[-94,211],[-183,479],[-115,432],[-37,450],[-54,513],[-66,261],[-54,521],[0,204],[-238,236],[-367,217],[-201,113],[-482,162],[-273,67],[-209,74]],[[24070,33156],[-263,327],[-145,673],[-150,370],[-151,656],[-375,1537],[126,319],[155,372],[42,226],[-103,188],[-246,292],[-13,14],[-295,323],[-340,418],[-324,388],[-33,288],[-73,188],[-204,273],[-282,235],[-274,242],[-137,174],[-124,142]],[[20403,44175],[-73,-40],[-192,-49],[-176,55],[-71,34],[-105,109],[-96,76],[-99,39],[-87,-47],[-54,-102],[-188,-135],[-227,-16],[-148,83],[-28,-159],[-80,-497],[-136,-199],[-70,-98],[-10,-14],[-71,-16],[-124,19],[-108,94],[-16,-157],[-36,-73],[-171,-6],[-160,-7],[-164,-37],[-14,-149],[-23,-256],[-52,-204],[-134,-144],[-124,-123],[-120,-94],[-160,36],[-314,178],[-209,264],[-207,573],[-112,431],[-36,249]],[[16420,40270],[-59,149],[-96,167],[-82,71],[-111,-13],[-209,13],[-194,47],[-188,162],[-165,225],[19,194],[85,316],[14,427],[14,306],[21,183],[-80,114],[12,209],[66,294],[-31,198]],[[20014,41562],[-327,10],[-385,19],[-49,141],[-176,126],[-228,36],[-220,47],[-131,-59],[-101,-50],[-118,-106],[-289,64],[-167,-37],[-185,-42],[-54,-26],[-77,-139],[-31,-167],[-66,-188],[-8,-16],[-126,-228],[-77,-358],[-89,-199],[-416,3],[-65,-301],[-122,-155],[-40,204],[-47,129]],[[12244,41172],[202,-450],[317,-633],[453,-251],[-40,-487],[413,-236],[352,-194],[73,291],[44,267],[78,270],[49,110],[26,366],[110,-152],[101,-173],[26,-175],[66,-147],[220,45],[324,194],[404,-74],[214,-196],[312,-296],[122,265],[54,104],[-17,102],[-23,147],[-2,238],[298,163]],[[57261,95455],[-222,-123],[-72,-49],[-32,-841],[-256,-899],[-194,-597],[-62,-189],[-361,-660]],[[56062,92097],[107,-88],[233,-133],[320,-100],[228,-126],[337,-211],[301,-123],[264,103],[319,96],[250,60],[132,-92],[177,-76],[217,-114],[238,-131],[142,-248],[118,-230],[96,-320]],[[59541,90364],[198,83],[182,128],[134,177],[110,158],[301,9],[367,38]],[[60833,90957],[176,32],[94,14],[107,17],[168,44],[90,105],[108,159],[3,161],[-24,132],[-42,64],[-213,54],[-148,10],[-156,51],[-97,133],[-106,129],[-45,55],[-22,45],[-25,49],[-9,21],[-91,177],[-127,155],[-107,117],[-209,267],[-130,277],[-284,105],[-285,238],[-233,176],[-348,377],[-383,254],[-387,342],[-486,262],[-127,201],[-234,275]],[[57261,95455],[187,769],[175,752],[442,928],[2113,1351],[-417,744],[867,-431],[267,291],[373,-690],[305,-25],[517,-188],[131,-48],[88,-28],[-26,-34],[-204,-122],[-104,-104],[-64,-174],[-63,-160],[-38,-195],[-65,-237],[32,-205],[154,-320],[189,-399],[314,-446],[-86,-357],[435,-631],[-173,-635],[11,-1027],[-101,-1079],[-101,-262],[-67,-434],[-39,-1198],[-6,-30],[-108,-592],[58,-941]],[[62257,89298],[-58,102],[-73,159],[-37,79],[-65,114],[-233,94],[-174,93],[-176,93],[-169,81],[-196,94],[-69,156],[-139,344],[-17,137],[-18,113]],[[51736,87975],[52,69],[211,272],[298,446],[239,457],[284,400],[341,390],[478,559],[486,615]],[[54125,91183],[450,-208],[985,472],[416,494],[86,156]],[[59541,90364],[8,-50],[14,-155],[44,-219],[32,-259],[-34,-237],[-171,-159],[-177,-143],[-63,-102],[2,-276],[-25,-245],[-66,-276],[-27,-76],[-128,-349],[-95,-356],[-131,-486],[-31,-110],[-80,-283],[-101,-241],[-187,-241],[-74,-272],[-82,-323],[-71,-201],[-3,-97],[99,-167],[89,-120]],[[58283,84921],[-98,-198],[-63,-81],[-10,-12],[-160,-54],[-57,-19],[-274,27],[-198,103],[-76,129],[-206,-52],[-67,-93],[-31,-133],[-71,-59],[-124,34],[-29,-86],[-134,1],[-89,-54],[-42,-1]],[[56554,84373],[-27,53],[-89,30],[-20,145],[-50,160],[-28,91],[-96,80],[-179,67],[-197,16],[-204,0],[-226,-22],[4,148],[-66,-5],[-132,-11],[-310,-20],[-385,-22],[-214,14],[-79,26],[37,71],[77,65],[122,49],[99,82],[88,54],[167,126],[279,42],[343,58],[156,159],[391,299],[128,137],[54,264],[-49,245],[-37,393],[-42,178],[-90,369],[-572,269],[-356,160]],[[55051,88143],[-65,57],[-101,78],[-112,137],[-44,-77],[-88,-73],[-154,-84],[-376,-101],[-449,-63],[-444,-48],[-644,-121],[-172,-38],[-302,-67],[-76,1],[-288,231]],[[62257,89298],[566,-289],[55,-28],[57,-29],[778,215],[364,100],[462,46],[549,42],[-1026,-840],[-25,-20],[-73,-176],[-225,-540],[319,-927],[-78,-645],[-159,-266],[-179,73],[29,-231],[-118,-240],[-286,1],[-294,-369],[-64,-83]],[[62909,85092],[-57,4],[-233,-15],[-186,1],[-331,24],[-231,82],[-117,99],[-62,162],[-70,161],[-121,100],[-146,62],[-256,70],[-135,24],[-64,12],[-295,112],[-230,19],[-165,32],[-213,67],[-11,4],[-223,87],[-174,-182],[-256,-204],[-258,-235],[-210,-217],[-185,-184],[-80,-38],[-215,-101],[-102,-117]],[[66741,81690],[-85,-30],[-43,-36],[-51,-43],[-108,59],[-209,194],[-314,138],[-233,121],[-261,80],[-260,52],[-221,-6],[-190,-131],[-155,-75],[-251,-21],[-106,-62],[-32,-173],[-46,-163],[-91,-267],[-53,-191],[-134,-135],[-144,-15],[-166,-5],[-118,-65],[-206,-34],[-207,-7],[-185,0],[-176,2],[-190,-5]],[[62506,80872],[-307,-99],[-170,-15],[-269,-57],[-188,38],[-79,88],[-175,321],[-139,285],[-204,273],[-43,161],[-50,179],[-103,70],[-144,-56],[-151,-131],[-128,-77],[-31,238],[-121,214],[-275,321],[-202,289],[-235,55],[-283,58],[-241,102],[-241,238],[-102,39],[-122,-97],[-142,-160],[-246,-131],[-266,-58],[-359,-168],[-115,-198],[-145,-125],[-22,5],[-88,23],[-141,85],[-114,20],[-115,-28],[-110,-32],[-107,-74],[-29,-57],[120,-74],[61,-91]],[[56685,82246],[-95,21],[-102,-5],[-219,-1],[-263,29],[-206,-24],[-254,-72],[-183,-97],[-201,-125],[-274,-47],[-213,-69]],[[54675,81856],[112,335],[129,300]],[[54916,82491],[132,460],[145,114],[205,80],[94,103],[54,261],[4,329],[-53,189],[307,64],[213,-12],[253,0],[219,25],[82,19],[23,91],[-40,159]],[[62909,85092],[986,-123],[1543,-114],[514,-67],[493,-64],[268,-34],[31,-280],[105,-582],[4,-14],[160,-671],[26,-111],[54,-1086],[-352,-256]],[[66741,81690],[402,-1614],[378,-877],[157,-293],[216,-308],[138,-327],[120,-66],[64,-35],[-48,-33],[-331,-227],[-403,-276],[-321,-41],[-345,-43],[-57,-7],[-326,-453],[-310,-429],[-49,-69],[-215,-298],[-211,-293],[-274,-109]],[[65326,75892],[-88,166],[-148,238],[-190,272],[9,287],[-169,254],[-136,207],[-80,103],[-117,149],[-322,264],[-272,258],[-178,218],[-179,210],[-11,93],[-172,-78],[-237,-122],[-160,-56],[-314,7],[-275,78]],[[62287,78440],[81,132],[209,80],[121,75],[127,148],[101,158],[102,140],[54,121],[144,93],[-194,88],[-233,150],[-111,95],[-78,66],[-202,191],[-33,112],[34,111],[92,238],[82,217],[-41,122],[-36,95]],[[63744,72402],[-65,-214],[-204,-148],[-225,-65],[-214,7],[-153,66],[-148,-124],[-235,-80],[-150,-50],[-481,130],[-232,154],[-315,126],[-176,70],[-340,458],[-230,307],[-136,153]],[[60440,73192],[6,106],[-10,81],[-91,77],[-183,94],[-217,95],[-204,94],[-247,119],[-143,114],[-174,212],[-67,260],[-36,287],[16,537],[35,274],[-238,265],[303,430],[123,168],[46,130],[82,145],[162,243],[109,274],[177,125],[323,157],[120,120],[8,145],[16,300]],[[60356,78044],[381,23],[98,158],[23,54],[238,32],[316,25],[247,29],[149,-60],[92,-2],[99,67],[131,66],[157,4]],[[65326,75892],[-103,-40],[-216,-86],[-593,-382],[-290,-187],[-97,-24],[-112,-27],[-127,-31],[-158,-147],[-80,-74],[-91,-532],[-15,-88],[-1,-5],[-61,-269],[42,-461],[34,-107],[29,-91],[6,-20],[7,-30],[11,-40],[4,-14],[10,-42],[54,-203],[54,-148],[111,-442]],[[57239,72127],[125,64],[210,106],[159,57],[205,179],[211,57],[120,87],[122,198],[19,31],[61,261],[96,279],[58,80],[449,-75],[246,-24],[200,-31],[279,29],[300,-31],[167,-79],[174,-123]],[[60356,78044],[-551,-67],[-296,-67],[-243,-73],[-428,-85],[-298,-55],[-223,-14],[-44,-27]],[[58273,77656],[5,-171],[2,-151],[0,-95],[-2,-78],[-90,-83],[-132,-80],[-167,-70],[-92,-39],[-140,-36],[-232,-36],[-74,106],[-98,0],[-153,28],[-223,68],[-218,180]],[[56659,77199],[-207,-276],[-226,-236],[-38,-21],[-213,-116],[71,-200],[129,-101],[56,-62],[-48,-64],[-48,-135],[-12,-125],[-19,-272],[6,-22],[22,-87],[10,-41],[162,-158],[6,-6],[56,-55],[35,-35],[20,-20],[-86,-13],[69,-104],[85,-184],[-224,39],[-411,181],[-91,25],[-93,24],[-154,-49],[-85,-109],[-102,-42],[-40,-17],[-139,62]],[[55150,74980],[-64,-106],[-127,-138],[96,-93],[167,-88],[177,-184],[82,-155],[26,-187],[82,-119],[136,-57],[0,-171],[-75,-122],[26,-231],[79,-179],[324,-59],[184,-99],[109,-145],[-149,-213],[60,-327],[85,-292],[106,-223],[112,-97]],[[56586,71695],[291,203],[244,168],[118,61]],[[57655,78242],[-123,123],[-275,153],[-194,-83],[-198,-78],[-244,70],[-172,173],[-201,39],[-97,-93],[-56,-140],[39,-181],[-138,-54],[-118,-18],[-32,-101],[1,-163],[25,-114],[130,-83],[139,-114],[82,-39],[138,-26],[113,-152],[72,-71],[113,-91]],[[58273,77656],[-72,20],[-158,86],[-87,88],[-153,158],[-148,234]],[[56685,82246],[32,-68],[11,-15],[5,-8],[0,-5],[0,-6],[17,-33],[27,-155],[15,-188],[2,-17],[14,-129],[39,-123],[90,-59],[107,-43],[111,21],[87,-19],[35,-244],[23,-202],[50,-182],[5,-16],[58,-210],[16,-165],[36,-120],[-46,-74],[-84,-29],[28,-155],[-109,-52],[-2,-122],[105,-144],[28,-161],[68,-111],[152,-119],[98,-181],[75,-135],[-15,-230],[-11,-99],[-72,-142],[-40,-150],[15,-114]],[[53467,76661],[-76,214],[-49,114],[-415,692],[-280,-153],[-301,-67],[-358,-3],[-205,1],[-124,-84],[-205,-253],[-255,69],[-20,13],[-471,296],[-310,313],[-322,316],[322,253],[130,231],[149,29],[223,77],[165,106],[136,169],[-43,212],[-79,320],[-106,205],[32,150],[23,103],[191,-56],[66,-40],[256,-157],[214,34],[169,170],[122,241],[-21,240],[-267,132],[-199,141],[-393,141],[-185,-12],[-255,214]],[[50726,81032],[39,68],[142,72],[481,60],[451,85],[505,54],[123,319],[100,263],[75,127],[178,-3],[95,-54],[246,-67],[149,-49]],[[53310,81907],[277,-129],[312,-88],[178,-3],[186,55],[281,87],[131,27]],[[55150,74980],[-190,112],[-158,106],[-212,202],[-65,-4],[-66,-4],[-280,-138],[-131,-64],[-322,-8],[-179,-114],[-162,6],[-61,49],[-42,142],[51,81],[74,131],[62,187],[-58,213],[-95,256],[36,215],[49,148],[66,165]],[[55051,88143],[-325,-485],[-319,-362],[-448,-77],[-327,-90],[38,-101],[230,-364],[190,-320],[-108,-173],[-206,-321],[-229,-387],[-81,-233],[56,-382],[14,-351],[17,-197],[77,-31],[263,-129],[385,-240],[-108,-507],[28,-160],[99,-357],[85,-193],[155,-99],[155,-54],[224,-39]],[[47447,82559],[-118,-34],[-227,26],[-221,28],[-226,3],[-78,-93],[130,-29],[245,-156],[73,-35],[-237,-170],[-286,-146]],[[46502,81953],[147,-118],[207,-138],[148,-181],[260,-256],[191,77],[659,176],[864,298],[216,180],[498,380],[120,-631],[331,209],[184,-515],[399,-402]],[[53310,81907],[-229,176],[-201,266],[-242,362],[-260,372],[-203,225],[-199,223],[-135,-47],[-169,-109],[-145,-72],[-210,189],[-40,54],[-89,-10],[-156,-19],[-232,-18],[-158,-13]],[[50642,83486],[-313,3],[-307,-13],[-339,-44],[-435,-119],[-458,-261],[-289,-124],[-366,-121],[-284,-23],[-202,-107],[-122,-75],[-80,-43]],[[48036,86362],[310,-34],[467,-142],[825,-157],[343,-114],[66,-45]],[[50047,85870],[50,-64],[38,-167],[-17,-295],[-42,-382],[-33,-248],[-149,-300],[-49,-183],[151,-34],[226,-70],[138,-59],[85,-217],[83,-96],[119,-75],[-5,-194]],[[47447,82559],[3,9],[50,89],[18,72],[10,39],[0,2],[-16,187],[-20,242],[-134,287],[-115,277],[-355,31],[-210,18],[-13,140],[-7,64],[203,450],[44,503],[251,220],[355,532],[-26,147],[28,88],[111,63],[141,-86],[122,-18],[81,183],[68,264]],[[42625,65046],[461,131]],[[43086,65177],[331,65],[294,329],[177,328],[208,327],[105,135],[277,-148],[382,-158],[240,-99],[357,-31],[302,-281],[269,75],[240,148],[55,344],[-10,402],[-56,299],[-178,351],[-80,283],[-87,288],[-47,452],[-92,1168],[-2,327]],[[45771,69781],[102,228],[145,293],[211,268],[273,85],[226,-18],[341,-194],[287,-281],[305,-324],[40,-156],[-43,-306],[21,-522],[85,-498],[47,-234],[-12,-400],[-9,-472],[-3,-161],[83,-509],[-64,-499],[0,-405],[26,-463],[70,-455],[108,-647],[69,-561],[192,-684],[7,-26],[-12,-185],[-84,-197],[7,-679],[-49,-822],[143,-276],[239,-247],[308,-279],[324,-210],[209,-120],[68,-208],[-10,-196],[-131,-175]],[[54951,61149],[-307,121],[-684,382],[-8,7],[-498,435],[0,234],[12,491],[-183,377],[-169,385],[-192,228],[-64,76],[-117,176],[-134,204],[-2,1],[-135,138],[-22,23],[-60,61],[-74,96],[-69,89],[-57,41],[-117,84],[-107,77],[-181,142],[-85,66],[-223,213],[-87,118],[-48,64],[-156,276],[-216,272],[-155,234],[-109,176],[-144,232],[-33,273],[-15,179],[-20,228],[6,310],[61,350],[53,151],[158,215],[91,208],[23,231],[-18,156],[-67,142],[-131,127],[-100,99],[121,213]],[[50689,69550],[83,241],[86,353],[245,535],[135,544],[78,306],[2,242],[-42,345],[-142,503],[28,93],[130,301],[80,264],[-30,166],[-221,322],[-223,298],[-199,220],[-341,249],[-188,184],[-354,116],[-166,39]],[[49650,74871],[-115,-75],[-122,-80],[-158,-134],[-145,-121],[-122,64],[-66,120],[-163,42],[-277,-119],[-154,-53],[-141,-100],[-43,-124],[-14,-231],[-19,-137]],[[48111,73923],[-21,-202],[-33,-231],[-5,-116],[-269,-105],[-136,-88],[-61,-163],[-12,-75],[-14,-86],[-19,-104],[-134,-15],[-59,-8],[-63,-8],[-178,-59],[-192,-21],[-69,-8],[-9,-101],[91,-110],[10,-12],[1,0],[189,-67],[88,-208],[-1,-145],[9,-156],[14,-277],[59,-88],[-96,-208],[-134,-238],[-261,-39],[-324,-65],[-187,-55],[-104,-7],[-14,98],[-16,52],[-277,62],[-332,10]],[[45552,71080],[22,-326],[113,-581],[84,-392]],[[39951,68556],[-40,-185],[-107,-316],[-101,-143],[-174,-174],[-30,-156],[16,-156],[7,-335],[40,-327],[5,-205],[101,-307],[155,-382],[258,-293],[298,-351],[282,-296],[235,-296],[272,-359],[114,-217]],[[43086,65177],[-176,709],[-68,514],[-85,460],[-5,421],[81,409],[25,131],[-68,93],[-204,260]],[[42586,68174],[-23,-156],[-282,-44],[-273,-2],[-260,-6],[-322,-23],[-211,60],[-85,-68],[-117,-59],[-211,64],[-120,130],[-237,122],[1,275],[-168,-44],[-129,47],[-87,62],[-111,24]],[[45552,71080],[-4,63],[-9,298],[-409,42],[-126,322],[-3,7],[-35,88],[-392,65],[-184,16],[-384,33],[-578,47],[-481,34],[-80,-265],[-130,-237]],[[42737,71593],[-129,-291],[168,-322],[157,-774],[68,-630],[89,-519],[17,-156],[-47,-202],[-261,-328],[-213,-197]],[[42737,71593],[-134,53],[-520,151],[-246,147],[-392,0],[-224,-42],[-117,-74],[-443,223],[-129,173],[-223,-15],[-155,86],[-430,46]],[[39724,72341],[-35,140],[-129,488]],[[39560,72969],[502,57],[174,-231],[204,-106],[348,-166],[237,-91],[121,72],[-72,159],[-94,205],[-110,274],[-35,91],[-139,-67],[-63,122],[-50,82],[-25,200],[339,33],[144,-77],[223,10],[265,78],[253,88],[118,86],[120,212],[52,109],[-308,0],[-84,91],[-57,251],[-7,293],[-23,288],[56,186],[163,166],[310,36],[287,-145],[184,-119],[139,33],[19,4],[53,12],[315,104],[93,199],[90,412],[25,368],[31,298]],[[43358,76586],[323,28],[255,18],[16,1],[18,2],[255,18]],[[44225,76653],[52,-73],[20,-28],[7,-119],[-7,-51],[-9,-70],[-17,-99],[35,-62],[94,-16],[65,-10],[200,-49],[141,26],[149,79],[-29,75],[-14,35],[5,114],[74,12],[4,0],[17,-21],[26,-34],[76,-97],[85,-119],[91,-127],[138,-264],[43,-73],[139,35],[45,11],[226,94],[172,104],[177,48],[425,11],[284,85],[285,-41],[150,-150],[66,-176],[-30,-158],[-99,-298],[-14,-179],[7,-210],[87,-243],[134,-164],[154,-171],[167,-186],[265,-171]],[[53467,76661],[-194,39],[-354,41],[-390,94],[-38,9],[-58,14],[-530,124],[-289,-376],[-1,-1],[-64,-83],[-366,-653],[-570,-428],[-963,-570]],[[50689,69550],[545,-26],[43,-207],[95,-278],[50,-166],[168,-239],[5,16],[29,103],[41,93],[110,146],[51,11],[295,67],[561,135],[148,-413],[178,29],[303,-24],[789,-124],[366,-58],[161,-131],[17,-14],[76,122],[1,273],[0,81],[1,163],[-26,327],[38,96],[87,223],[83,119],[124,180],[230,308],[502,594],[342,366],[484,373]],[[65205,66577],[-18,180],[-34,186],[-29,162],[113,23],[494,140],[287,172],[196,147],[195,226],[-58,294],[75,168],[92,204],[4,9],[-5,262],[-46,258],[-176,336],[-611,889],[-420,2415],[-43,249],[-33,189],[-45,259],[-235,-307],[-245,-163],[-234,-169],[-277,-116],[-264,-122],[-144,-66]],[[57239,72127],[76,-336],[59,-451],[19,-277],[-12,-63],[-37,-207],[-235,-454],[-164,-405],[70,-122],[178,-291],[54,-283],[66,-228],[83,-141],[51,-87],[44,-309],[-42,-457],[-54,-146],[45,-90],[70,-141],[64,-363],[211,-221],[-193,-192],[-70,-317],[-26,-226],[-90,-546],[-65,-641],[-105,-741],[-142,-788],[-48,-195]],[[34993,83839],[-29,87],[-42,431],[-64,228],[14,165],[181,75],[176,85],[169,-26],[124,-53],[127,-75],[181,131],[294,200]],[[36124,85087],[262,84]],[[36386,85171],[-293,39],[-251,20],[-171,104],[-64,124],[82,95],[82,124],[-110,251],[40,170],[110,261],[29,300],[-50,188],[-143,201],[-26,27],[-216,216],[-131,245],[-13,30],[-126,275]],[[35135,87841],[-77,-188],[-371,-116],[-15,18],[-15,19],[-32,38],[-102,126]],[[34523,87738],[-186,-21],[-216,-90],[-183,-83],[-314,-67],[-148,-59],[-221,-253],[-270,-176],[-275,-253],[-241,-111],[-296,-20]],[[30459,91658],[500,429],[344,308],[364,390],[165,152],[35,32],[75,70],[17,15],[57,27],[69,31],[175,82],[118,93],[193,-51],[224,-205],[142,-144],[147,-171],[79,-332],[167,-255],[254,-156],[-159,-376],[348,-311],[91,-175],[52,-491],[239,-353],[-90,-555],[42,-684],[75,-539],[341,-751]],[[37044,86895],[-4,-69],[-3,-426],[9,-395],[-23,-370],[-118,-273],[-138,-119],[-102,-19],[-4,-1],[-14,-2],[-13,-3],[-2,0],[-93,-18],[-112,-21],[-41,-8]],[[35135,87841],[-40,377],[57,297],[-75,617],[379,221]],[[35456,89353],[280,-36],[379,-49],[404,-3],[342,-75],[265,-322],[-26,-704],[17,-372],[-50,-524],[-23,-373]],[[35456,89353],[206,120],[432,480],[571,636],[219,126],[408,-456],[671,-134],[484,-141],[77,-2],[338,-11],[565,70],[813,-289],[10,-3],[797,-133],[21,1]],[[41068,89617],[-24,-238],[-54,-219],[-176,-58],[-16,-157],[39,-129]],[[40837,88816],[-161,-132],[-202,-185],[-101,-176],[-36,-157],[-70,-230],[-41,-130],[-14,-45],[-96,-302],[-112,-339],[-118,-368],[-133,-246],[-144,-137],[-171,-98],[-164,-11],[-298,57],[-381,140],[-363,175],[-493,174],[-486,99],[-209,-10]],[[41372,84158],[-152,496],[-54,372],[-33,504],[75,475],[-60,320],[-104,359]],[[41044,86684],[-7,106],[-26,398],[-2,330],[89,331],[51,333],[-166,358],[-146,276]],[[36124,85087],[139,-160],[173,-186],[149,-178],[104,-126],[235,-235],[437,-244],[453,-35],[463,147],[586,328],[218,-100],[263,-155],[441,-96],[379,-477],[218,-357],[216,-102],[277,-121]],[[40875,82990],[111,492],[157,439],[189,196],[40,41]],[[40875,82990],[234,-240],[266,-201],[10,-121]],[[41385,82428],[-66,-142],[-6,-121],[-21,-168],[22,-104],[-91,-224]],[[41223,81669],[-100,23],[-105,-109],[-148,-86],[-112,-64],[-37,83],[-74,166],[-70,139],[-123,70],[-281,78],[-277,-34],[-365,-68],[-361,-232],[-312,-601],[-522,-670],[-279,-391],[-128,-133]],[[37929,79840],[-219,459],[-162,488],[-129,331],[-178,54],[-308,-315],[-202,129],[-126,142],[-120,127],[-178,-10],[-47,155],[117,258],[19,215],[-104,158],[-159,62],[-252,-13],[-196,18],[-208,12]],[[37929,79840],[47,-142]],[[37976,79698],[-183,-73],[-87,-60],[-124,-86],[-390,-204],[-108,-25],[-179,-267],[-60,-68],[-42,-48],[-403,-422],[-110,-256],[-71,-325],[4,-21],[-11,-8],[-162,-505]],[[36050,77330],[-146,33],[-180,24],[-179,-43],[-161,22],[-106,7],[-150,-11],[-71,-7],[-52,-17],[-52,-21],[-43,-1]],[[34910,77316],[8,18],[-17,13],[12,141],[118,118],[22,192],[-35,122],[-87,-130],[-139,-106],[-192,-179],[-28,109],[-85,368],[-56,181],[-42,142],[42,153],[-59,98],[-68,86],[-117,44],[-136,0],[-165,-47],[-89,-90],[-138,-39],[-125,-2],[-179,2],[-168,23],[-161,-13],[-164,-26],[-85,-15]],[[32871,76117],[-60,189],[-77,119],[-78,45],[-5,86],[-8,9],[-31,38],[-135,-47],[-87,-48],[-44,181],[-78,-21],[-18,80],[218,61],[52,15],[13,4],[209,61],[81,52],[23,217],[259,-101],[83,23],[72,133],[45,23],[113,59],[204,111],[65,-144],[113,-249],[76,-306],[33,-99]],[[33909,76608],[-423,-284],[-138,-75],[-271,-132],[-206,0]],[[32807,75831],[11,120],[10,94],[43,72]],[[33909,76608],[137,183],[139,132],[255,108],[306,142],[164,143]],[[37431,75400],[80,114],[162,256],[140,169],[38,215],[26,215],[9,173],[-87,202],[-63,111],[104,252],[34,246]],[[37874,77353],[-235,14],[-269,22],[-182,37],[-205,65],[-149,49],[-351,-71],[-295,-91],[-138,-48]],[[34236,75516],[153,-62],[84,-69],[243,-152],[169,107],[176,117],[296,173],[331,-13],[455,-179],[295,-106],[292,-93],[247,-37],[226,-2],[86,7],[142,193]],[[37431,75400],[82,-156],[157,-274],[125,-166],[175,-50],[221,45],[223,7],[226,-41],[233,-52],[53,-60],[82,-225],[73,-295],[143,-330],[-202,-160],[-356,-221],[2,-57]],[[38668,73365],[-235,-28],[-331,-49],[-251,-52],[-258,-65],[-148,-23],[-129,-60],[0,-93],[87,-60],[135,18],[149,-192],[141,-236],[16,-176],[-21,-184],[-71,-153],[-164,-169],[-242,-39],[-148,-7],[-124,-164],[-37,-104],[-69,-90],[-297,22],[-192,38],[-185,49]],[[36294,71548],[-118,78],[-282,180],[-355,195],[-439,295]],[[35100,72296],[-122,115],[-117,197],[-87,184],[-61,195],[-57,88],[-178,98]],[[40703,78560],[-155,-112],[-184,-59],[-29,-9],[-141,-120]],[[40194,78260],[-288,43],[-325,258],[-124,119],[-73,69],[-19,19],[-1,0],[-5,5],[-39,37],[-1344,888]],[[41223,81669],[-146,-275],[-76,-168],[215,-150],[83,-57],[60,-41]],[[41359,80978],[-314,-386],[-217,-248],[-199,-228],[172,-170],[429,-451],[317,-345]],[[41547,79150],[-90,-148],[-194,-143],[-102,-77],[-242,-127],[-216,-95]],[[40703,78560],[82,-180],[50,-499],[124,-611],[246,-277],[357,-306],[214,-152],[352,126],[256,57],[232,-20],[240,-153],[227,7],[275,34]],[[39560,72969],[-31,147],[0,135],[-82,-2],[-64,-149],[-133,9],[-186,-6],[-168,-228],[-71,130],[-91,192],[-66,168]],[[37874,77353],[-55,79],[-82,130],[44,169],[-41,121],[-10,28],[52,109],[48,213],[-45,197],[395,-252],[303,-256],[154,-694],[94,-210],[50,-84],[63,-107],[49,-20],[200,-83],[190,-23],[138,43],[64,21],[50,15],[182,55],[223,165],[210,174],[70,57],[42,220],[4,162],[0,24],[1,21],[58,247],[-21,247],[-110,139]],[[34330,67460],[157,-164],[233,-223],[230,-125],[237,-98],[195,-34],[180,-88],[186,-109],[150,-125],[108,-182],[66,-195],[49,-166],[174,-218],[232,-146],[167,-169],[70,-195],[174,-51],[277,-136],[45,-205],[9,-182],[113,-23],[122,-135],[199,-296]],[[37703,64195],[-104,-45],[-218,-276],[-101,-260],[-92,-148],[-116,-29],[-69,-18],[-248,-5],[-310,133],[-256,169],[-218,107],[-55,9],[-173,30],[-218,72],[-243,0],[-220,162],[-151,-123],[-109,65],[-103,136],[-210,-40],[-178,-72],[-183,39],[-123,56],[-142,17],[-117,-24],[-33,89],[-85,65],[-286,239],[-308,145]],[[32248,66899],[152,52],[118,65],[272,99],[162,67],[78,73],[-12,-122],[37,-73],[52,-26],[115,-15],[94,-42],[0,-112],[136,-41],[24,143],[65,13],[104,49],[126,60],[134,80],[122,114],[125,185],[47,47],[65,0],[66,-55]],[[35100,72296],[181,-544],[310,-98],[103,-182],[122,-238],[16,-267],[0,-333],[-16,-368],[-19,-436],[-197,-262],[-373,-223],[-426,-242],[-290,-184],[19,-392],[17,-174],[-67,-231],[-127,-301],[-23,-361]],[[37703,64195],[127,-143],[357,-404],[394,117],[301,-546],[94,-181],[79,-151]],[[37703,64195],[228,137],[209,109],[235,172],[321,221],[202,150],[-127,260],[-134,247],[-169,320],[-158,267],[-304,429],[-127,361],[-129,267],[-138,265],[-94,289],[-5,137],[141,270]],[[37654,68096],[106,-36],[196,54],[214,146],[148,187],[153,296],[37,159]],[[38508,68902],[66,-63],[80,18],[131,57],[54,-96],[71,-151],[169,19],[100,-139],[90,-38],[52,78],[82,41],[33,68],[9,88],[115,-75],[199,-75],[192,-78]],[[36294,71548],[-55,-78],[-89,-83],[-59,-50],[9,-158],[89,-181],[-30,-146],[7,-111],[82,-88],[9,-153],[49,-151],[62,-101],[112,-257],[84,-193],[151,-175],[181,-154],[223,-153],[195,-150],[7,-200],[-38,-252],[40,-239],[77,-150],[118,-128],[136,-101]],[[46333,89878],[18,-98],[66,-376],[15,-317],[-35,-367],[-58,-248]],[[46339,88472],[-425,-1],[-270,23],[-33,3],[-198,17],[-363,6],[-250,51],[-181,50],[-75,-41],[-106,-65],[-150,-133],[-197,-103],[-88,-4],[-119,-5],[-19,-150],[136,-137],[-32,-176],[21,-134],[-23,-114],[46,-211],[52,-93],[-246,-114],[-362,-56],[-242,-101],[-357,-116],[-357,-80],[-361,-47],[-305,-3],[-215,-17],[-147,-11],[-309,-16],[-120,-10]],[[41068,89617],[665,45],[1002,-249],[913,277],[242,-43],[236,-224],[264,-54],[215,22],[387,-13],[355,44],[81,10],[410,258],[93,56],[115,69],[109,32],[178,31]],[[44713,84679],[-206,11],[-377,-49],[-211,-126],[-206,-228],[-216,-204],[-64,26],[5,114],[-14,318],[-56,30],[-29,-134],[-25,-287],[-92,18],[-89,215],[-103,269],[-69,144],[-95,-44],[-55,-230],[50,-304],[-83,-81],[-87,57],[-356,-65],[-47,-170],[-68,85],[-146,-17],[-30,-3],[-84,234],[-76,45],[-77,-11],[-54,-87],[-76,-106],[-83,-53],[-83,40],[-47,22],[-92,50]],[[46339,88472],[-58,-254],[-5,-503],[-42,-432],[17,-114],[141,-5],[-36,-123],[-274,-104],[-468,-85],[-336,-206],[-49,-234],[-26,-125],[-37,-574],[-2,-538],[-24,-164],[-314,-3],[-56,-86],[-50,-204],[-7,-39]],[[41385,82428],[100,-11],[618,-64],[143,-388],[52,256],[37,172],[63,-49],[2,-2],[223,-174],[146,-150],[-74,-280],[-29,-113],[-108,-349],[-30,-97],[-179,-134],[-57,-263],[-122,77],[-26,-2],[-201,-19],[-258,0],[-197,57],[-93,60],[-36,23]],[[44713,84679],[-51,-268],[24,-155],[12,-80],[2,-17],[14,-146],[27,-289],[51,-392],[1,-4],[18,-134],[27,-197],[44,-164],[22,-53],[13,-41],[176,-36]],[[45093,82703],[-15,-63],[-25,-108],[-331,-101],[-376,-118],[-159,-47],[-152,-45],[-20,-6],[-345,-114],[-230,-86],[-124,-151],[-33,-35],[-34,-64],[-158,-301],[-151,-297],[-41,-153],[215,-103],[-228,-507]],[[42886,80404],[-56,-106],[-96,-135],[-90,-176],[-23,-26],[-87,-98],[-77,-207],[-86,-176],[-89,-184],[-59,-79],[-3,-3],[-37,-49],[-136,-85],[-134,41],[-192,76],[-174,-47]],[[42886,80404],[115,-300],[134,-251],[114,-73],[9,-6],[128,-82],[263,-59],[308,-13],[156,5]],[[44113,79625],[105,-249],[-196,-240],[-2,-15],[-69,-371],[-4,-23],[-47,-414],[5,-414],[-5,-133],[-7,-211],[78,-283],[63,-217],[153,-127],[70,-122],[-32,-153]],[[46333,89878],[239,41],[375,65],[320,56],[39,11]],[[47306,90051],[127,-254],[115,-291],[214,-398],[112,-382],[-375,-309],[-74,-76],[-130,-133],[30,-210],[68,-286],[5,-214],[-61,-215],[-57,-152],[-82,-175],[57,-145],[-92,-207],[178,-67],[141,-57],[158,-49],[194,-10],[202,-59]],[[46502,81953],[-138,86],[-122,75],[-95,66]],[[46147,82180],[84,145],[-277,145],[-424,201],[-344,166],[-36,18],[-57,-152]],[[46147,82180],[-67,-108],[-133,-274],[-282,-385],[-167,-309],[-337,-542],[-202,-233],[-535,-455],[-311,-249]],[[50047,85870],[56,198],[118,182],[37,58],[203,234],[319,290],[221,333],[-115,346],[-37,82],[-155,346],[-173,388],[672,-215],[130,-41],[413,-96]],[[47306,90051],[362,109],[286,86],[175,52],[238,261],[217,239],[329,361],[747,276],[826,305],[318,118],[444,163],[777,-374],[1310,-101],[790,-363]],[[39724,72341],[141,-54],[49,-88],[85,-161],[127,-49],[159,-187],[111,-213],[155,-301],[44,-145],[-59,-239],[-117,-249],[-190,-142],[-387,-252],[-367,-267],[-335,-153],[-209,-159],[-190,-246],[-129,-255],[-38,-101],[-66,-178]],[[65205,66577],[572,50],[344,-195],[36,-21],[14,-8],[499,109],[419,226],[526,309],[620,-569],[141,-130],[533,-271],[554,532],[1086,-725],[219,-191],[1454,82],[438,-1069],[598,-1118],[304,-422],[514,-398]]],"bbox":[-10.0100872,28.3110599,-6.3536511,31.166586],"transform":{"scale":[0.00003656472664726646,0.000028555546555465542],"translate":[-10.0100872,28.3110599]},"license":"ODbL-1.0","attribution":"© OpenStreetMap contributors, opendatacommons.org/licenses/odbl/1-0/","source":"OpenStreetMap admin_level=8 relations, matched to HCP communes on ref:MA:HCP"}
