{"type":"Topology","objects":{"communes":{"type":"GeometryCollection","geometries":[{"type":"Polygon","arcs":[[0,1,2,3,4]],"properties":{"code":"115370501","name":"Akhfennir"}},{"type":"Polygon","arcs":[[5,6,7,8,9]],"properties":{"code":"113210301","name":"Boukraa"}},{"type":"Polygon","arcs":[[10,11,12,13,14]],"properties":{"code":"115370303","name":"Daoura"}},{"type":"Polygon","arcs":[[15,16,4,17,-14]],"properties":{"code":"115370305","name":"El Hagounia"}},{"type":"Polygon","arcs":[[18,19]],"properties":{"code":"113210101","name":"El Marsa"}},{"type":"Polygon","arcs":[[20,21]],"properties":{"code":"113210103","name":"Laâyoune"}},{"type":"Polygon","arcs":[[22,23,24,-15,-18,0]],"properties":{"code":"115370507","name":"Tah"}},{"type":"Polygon","arcs":[[25,-24]],"properties":{"code":"115370105","name":"Tarfaya"}},{"type":"Polygon","arcs":[[26,21,27,12,15,28,8]],"properties":{"code":"113210303","name":"Dcheira"}},{"type":"Polygon","arcs":[[-10,26,-21,27,-12,29,-19,30,31]],"properties":{"code":"113210305","name":"Foum El Oued"}},{"type":"Polygon","arcs":[[32,33,34]],"properties":{"code":"111210101","name":"Boujdour"}},{"type":"Polygon","arcs":[[35,36,37,38]],"properties":{"code":"111210301","name":"Gueltat Zemmour"}},{"type":"Polygon","arcs":[[35,39,32,40]],"properties":{"code":"111210303","name":"Jraifia"}},{"type":"Polygon","arcs":[[5,41,-37,39,-35,42,31]],"properties":{"code":"111210305","name":"Lamssid"}},{"type":"Polygon","arcs":[[43,44,3,-17,28,-8,45]],"properties":{"code":"112210307","name":"Sidi Ahmed Laaroussi"}},{"type":"Polygon","arcs":[[43,46,47]],"properties":{"code":"112210101","name":"Es-Semara"}},{"type":"Polygon","arcs":[[-38,-42,6,45,-48,48,49,50]],"properties":{"code":"112210301","name":"Amgala"}},{"type":"Polygon","arcs":[[51,-49,-47,44,-3,52,53]],"properties":{"code":"112210303","name":"Haouza"}},{"type":"Polygon","arcs":[[54,-54,55]],"properties":{"code":"112210305","name":"Jdiriya"}},{"type":"Polygon","arcs":[[54,51,49,56]],"properties":{"code":"112210309","name":"Tifariti"}}]}},"arcs":[[[44166,87507],[-368,1353],[-438,702],[-322,669],[-337,608],[-454,820],[-304,622],[-156,358],[-117,205],[-151,348],[-58,392],[176,249],[231,384],[138,519],[14,101],[41,294],[95,47],[73,36],[313,20],[231,198],[146,213],[-9,104],[-136,158]],[[42774,95907],[140,10],[36,34],[37,23],[139,53],[35,9],[158,50],[191,64],[69,19],[72,32],[51,28],[66,28],[56,21],[46,22],[92,29],[10,7],[10,2],[13,1],[14,0],[4,0],[6,1],[60,15],[68,25],[55,16],[140,46],[199,80],[110,40],[75,25],[41,10],[28,11],[22,8],[40,8],[49,16],[114,35],[144,50],[79,27],[9,11],[3,7],[2,11],[3,3],[2,1],[3,0],[3,-2],[2,1],[24,14],[89,45],[13,9],[63,29],[30,17],[57,30],[101,44],[71,26],[30,13],[15,13],[2,3],[0,3],[-1,6],[0,1],[1,1],[1,1],[-1,6],[1,1],[1,3],[0,1],[-1,5],[0,1],[1,2],[3,3],[0,1],[1,9],[1,1],[2,1],[1,1],[3,10],[1,5],[3,7],[2,3],[1,5],[2,4],[6,15],[1,4],[0,3],[-1,3],[0,3],[2,2],[3,1],[4,4],[2,9],[1,1],[2,2],[2,9],[0,8],[1,1],[8,0],[0,1],[1,0],[0,1],[-1,1],[-4,4],[0,1],[0,1],[6,4],[2,1],[0,1],[0,1],[-2,0],[0,1],[1,5],[8,9],[3,2],[6,0],[10,8],[12,22],[5,4],[11,0],[1,0],[2,8],[6,5],[10,2],[4,5],[10,2],[5,-1],[2,2],[2,6],[5,7],[20,8],[2,2],[0,3],[1,3],[2,3],[1,0],[2,-2],[2,0],[3,1],[3,3],[1,10],[0,2],[2,2],[3,1],[1,2],[1,4],[2,4],[3,1],[5,-1],[5,0],[4,6],[3,6],[2,4],[2,0],[5,0],[4,1],[1,1],[0,6],[0,3],[0,2],[2,0],[3,0],[4,5],[8,3],[2,1],[1,1],[0,1],[-2,4],[0,1],[8,-1],[1,-1],[0,-4],[2,0],[1,1],[2,2],[3,11],[1,5],[9,8],[7,0],[3,1],[2,3],[0,7],[1,1],[2,1],[3,-2],[3,2],[1,2],[0,1],[-2,4],[-1,2],[1,3],[2,1],[4,0],[4,2],[2,3],[3,10],[0,4],[1,0],[2,1],[2,0],[1,0],[2,4],[4,5],[2,0],[6,-1],[3,2],[8,11],[2,3],[1,0],[4,0],[5,2],[8,1],[4,3],[2,3],[4,10],[3,4],[4,1],[3,1],[1,4],[1,5],[3,2],[3,-1],[1,-4],[1,0],[6,6],[2,0],[6,-1],[2,2],[1,2],[2,13],[2,6],[4,3],[5,-1],[7,-3],[3,-4],[2,1],[2,3],[3,9],[1,3],[4,4],[5,4],[6,4],[4,2],[1,0],[4,-1],[3,2],[1,5],[0,5],[1,1],[2,1],[7,7],[3,1],[14,-4],[1,0],[3,5],[4,1],[7,2],[3,-1],[9,-5],[3,0],[10,6],[18,9],[7,7],[9,9],[6,6],[8,9],[13,8],[21,7],[1,1],[3,7],[2,2],[5,0],[5,2],[0,3],[0,3],[1,1],[10,0],[9,5],[4,7],[4,5],[2,7],[1,1],[6,1],[12,8],[6,0],[5,4],[4,6],[1,6],[2,2],[3,0],[7,1],[3,3],[4,9],[2,9],[4,6],[8,4],[8,1],[14,-5],[6,2],[10,10],[11,12],[11,4],[26,20],[10,5],[4,1],[2,1],[6,7],[26,22],[32,19],[5,0],[3,0],[1,3],[6,9],[22,26],[4,1],[16,-5],[5,2],[10,17],[5,4],[12,5],[8,2],[10,6],[6,2],[3,-1],[3,2],[25,20],[6,7],[3,7],[9,8],[6,1],[5,-2],[5,3],[6,5],[3,7],[1,0],[2,1],[4,3],[6,15],[10,6],[1,-1],[1,-1],[1,-3],[2,0],[11,12],[5,9],[2,9],[1,2],[6,1],[8,8],[3,4],[7,1],[5,0],[4,0],[4,2],[5,4],[8,4],[17,16],[13,14],[4,7],[2,9],[13,20],[8,8],[6,7],[0,1],[0,11],[0,2],[2,0],[9,-1],[5,1],[4,4],[7,12],[1,0],[3,0],[4,0],[12,16],[8,11],[1,1],[9,2],[13,8],[14,14],[2,2],[8,6],[4,6],[2,1],[2,-1],[7,6],[6,8],[3,8],[4,2],[5,2],[8,8],[7,6],[4,2],[3,2],[4,9],[7,4],[4,1],[4,0],[8,9],[13,16],[6,10],[3,10],[1,3],[4,2],[4,0],[5,-2],[4,-2],[2,0],[4,2],[12,10],[6,5],[4,2],[3,2],[3,1],[2,1],[3,2],[3,0],[7,1],[10,9],[11,11],[5,3],[7,7],[8,11],[9,8],[9,6],[4,6],[8,9],[17,11],[9,11],[14,2],[15,7],[11,7],[12,8],[16,6],[20,14],[10,13],[7,11],[6,5],[7,6],[4,6],[5,2],[2,1],[3,1],[4,0],[5,2],[4,5],[3,7],[4,3],[30,22],[13,12],[10,4],[7,-2],[9,0],[6,2],[5,4],[12,11],[17,7],[12,5],[8,5],[8,7],[19,15],[8,8],[4,2],[7,-2],[7,2],[42,28],[6,6],[11,4],[15,16],[25,17],[22,6],[20,1],[5,3],[4,7],[5,1],[17,14],[16,14],[2,1],[4,-2],[3,0],[2,3],[4,10],[8,7],[4,1],[5,-6],[3,1],[3,2],[9,10],[5,18],[6,6],[7,1],[5,0],[6,0],[16,12],[16,17],[11,4],[17,6],[11,2],[13,7],[3,10],[7,8],[23,7],[26,8],[4,2],[3,6],[10,12],[54,42],[11,6],[3,-1],[7,-1],[17,3],[5,1],[5,5],[5,2],[3,0],[6,4],[5,10],[3,2],[4,0],[8,2],[4,2],[3,5],[4,3],[5,0],[11,5],[10,4],[21,14],[22,9],[9,11],[8,3],[7,6],[5,8],[7,5],[14,10],[9,3],[19,8],[17,7],[1,-1],[3,-3],[2,0],[1,0],[4,4],[2,2],[3,1],[4,-1],[3,2],[1,2],[3,1],[5,-1],[4,1],[2,2],[8,13],[1,1],[12,1],[9,-1],[2,-2],[2,0],[4,10],[4,2],[8,2],[8,8],[2,1],[2,-1],[15,-31],[19,-31],[30,18],[21,11],[0,2],[0,1],[-10,24],[0,22],[1,19],[11,23],[3,2],[26,11],[6,9],[5,4],[15,8],[26,16],[3,3],[7,1],[9,2],[9,4],[6,5],[4,5],[3,1],[4,0],[5,2],[3,2],[3,6],[1,2],[2,1],[4,-1],[4,0],[6,4],[8,8],[7,4],[16,7],[11,5],[15,7],[3,0],[3,0],[6,1],[6,4],[6,8],[3,6],[3,2],[11,2],[9,3],[4,3],[2,1],[4,-2],[1,-1],[3,0],[3,2],[7,17],[1,2],[2,0],[3,-2],[4,-2],[5,0],[7,1],[2,-1],[7,1],[2,3],[21,10],[1,3],[1,1],[2,1],[6,-1],[4,2],[6,5],[7,2],[4,1],[2,1],[2,2],[3,7],[10,12],[4,3],[9,3],[8,7],[4,3],[2,0],[4,-2],[3,-1],[3,2],[2,5],[2,7],[1,2],[7,2],[10,6],[5,7],[5,7],[8,3],[10,3],[1,1],[3,5],[2,1],[8,0],[18,9],[11,8],[1,2],[4,19],[1,2],[5,2],[2,-1],[4,-7],[3,-1],[2,1],[15,11],[12,7],[3,1],[16,12],[10,5],[2,1],[2,4],[1,1],[12,5],[10,3],[9,6],[5,8],[13,13],[11,8],[3,0],[3,-2],[2,-1],[6,-1],[7,3],[13,14],[10,6],[14,8],[9,8],[7,9],[7,8],[14,7],[34,8],[2,1],[5,10],[6,7],[6,4],[4,-1],[9,3],[1,2],[2,4],[2,6],[1,2],[2,0],[4,0],[2,1],[11,11],[5,3],[6,2],[17,2],[4,3],[7,9],[4,9],[1,1],[1,0],[4,1],[6,3],[2,3],[4,8],[6,5],[7,5],[3,1],[3,-2],[9,-3],[6,0],[6,6],[8,15],[4,7],[5,3],[4,3],[5,0],[13,-1],[12,8],[11,6],[3,5],[2,9],[1,2],[4,0],[4,-3],[4,-1],[12,9],[24,21],[17,13],[2,1],[6,-2],[7,1],[6,3],[8,16],[5,14],[3,2],[6,0],[4,-4],[6,-2],[6,2],[5,5],[3,6],[3,1],[12,-1],[9,4],[8,4],[4,7],[13,11],[34,17],[1,2],[1,3],[-2,2],[-2,3],[-2,5],[-1,8],[1,5],[1,1],[2,0],[11,-17],[1,-5],[1,-1],[1,0],[8,3],[10,6],[10,12],[5,2],[5,0],[3,-2],[2,0],[6,3],[3,5],[7,5],[16,5],[5,1],[12,7],[7,11],[1,1],[3,0],[9,-5],[6,-6],[6,-7],[4,-15],[6,-15],[11,-16],[5,4],[12,8],[4,3],[8,5],[157,-733],[470,-880],[501,-631],[201,-1689],[536,-1737],[49,-109],[422,-936],[410,-1083],[410,-1170],[539,-773],[207,-150],[851,-612]],[[54812,89452],[-347,-87]],[[54465,89365],[-495,20],[-848,-176],[-651,-599],[-562,-482],[-548,-504],[-999,-888],[-378,-509],[-314,-551]],[[49670,85676],[-140,81],[-641,320],[-1094,522],[-974,631],[-908,440],[-1747,-163]],[[25292,55549],[216,-170],[988,-744],[1367,-984],[1600,-970],[1303,-2080],[1684,-2122],[1008,-976],[1582,-1316],[531,-305],[313,-659],[450,-1058],[1050,-534]],[[37384,43631],[903,2200],[-64,1231],[-110,1408],[-149,1201],[-204,1473]],[[37760,51144],[-204,1261],[-133,1029],[206,1028],[160,866],[-5,1010],[221,946],[576,1014],[369,1133]],[[38950,59431],[-869,-104],[-889,97],[-1145,659],[-878,368],[-971,597],[-1065,740],[-974,840],[-410,436],[-275,1008],[-1054,1143],[-861,1031],[-517,603],[-642,731],[-586,663],[-756,545]],[[27058,68788],[-104,-713],[-269,-1653],[-168,-1255],[-193,-1863],[14,-1096],[-148,-664],[-160,-969],[-297,-1529],[-253,-1514],[-149,-1431],[-39,-552]],[[27721,85629],[-5,-15],[-4,-10],[-5,-16],[-6,-18],[-11,-26],[-13,-38],[-9,-26],[-10,-27],[-13,-39],[-10,-27],[-5,-16],[-10,-30],[-7,-21],[-11,-31],[-6,-18],[-7,-27],[-6,-19],[-11,-41],[-7,-30],[-4,-13],[-20,-45],[-15,-39],[-15,-40],[-8,-23],[-3,-8],[-5,-11],[-5,-11],[-7,-15],[-16,-42],[-7,-16],[-6,-15],[-2,-7],[-2,-9],[-4,-11],[-5,-12],[-3,-8],[-3,-11],[-1,-5],[-16,-38],[-15,-37],[-8,-27],[-8,-29],[-7,-29],[-5,-21],[-7,-38],[-1,-19],[-1,-25],[1,-17],[1,-21],[1,-17],[-1,-11],[-3,-18],[-6,-20],[-4,-17],[-4,-28],[-4,-16],[-5,-23],[-4,-20],[-6,-27],[-7,-35],[-6,-33],[-6,-36],[-1,-24],[0,-18],[0,-9],[-2,-11],[-2,-10],[-3,-11],[-7,-29],[-7,-23],[-5,-21],[-2,-22],[-3,-26],[-2,-21],[1,-21],[-1,-21],[0,-38],[0,-33],[-1,-13],[-1,-7],[1,-5],[1,-8],[2,-6],[0,-6],[-1,-16],[-2,-17],[-1,-11],[-4,-15],[0,-3],[0,-2],[0,-3],[1,-5],[1,-5],[-1,-6],[-2,-11],[-5,-18],[-2,-14],[-2,-10],[-4,-21],[-5,-23],[-4,-18],[-6,-31],[-3,-20],[-2,-27],[-4,-37],[-4,-25],[-7,-32],[-3,-22],[-4,-19],[-6,-24],[-17,-62],[-3,-12],[-2,-8],[-1,-5],[-1,-3],[0,-4],[1,-5],[-1,-6],[-6,-21],[-6,-19],[-5,-23],[-4,-17],[-7,-25],[-10,-34],[-11,-35],[-9,-26],[-9,-25],[-7,-20],[-7,-28],[-10,-28],[-10,-27],[-17,-43],[-6,-16],[-5,-11],[-3,-12],[-6,-19],[-5,-17],[-5,-17],[-3,-16],[-5,-30],[-2,-13],[-1,-15],[0,-19],[1,-28],[1,-23],[-1,-33],[-1,-22],[-3,-24],[-9,-50],[-8,-44],[-4,-27],[-5,-31],[-5,-28],[-5,-37],[-6,-32],[-7,-45],[-7,-33],[-11,-54],[-8,-37],[-9,-48],[-11,-50],[-8,-48],[-4,-33],[-4,-33],[-7,-60],[-11,-59],[-4,-30],[-4,-33],[-7,-36],[-9,-53],[-8,-36],[-4,-29],[-7,-46],[-10,-51],[-7,-33],[-4,-13],[-5,-21],[-11,-32],[-16,-48],[-13,-34],[-7,-22],[-9,-33],[-10,-29],[-12,-39],[-16,-50],[-20,-65],[-13,-49],[-14,-42],[-16,-51],[-14,-48],[-10,-43],[-10,-42],[-9,-25],[-9,-27],[-4,-18],[-4,-24],[-5,-21],[-4,-18]],[[26601,80712],[103,-77],[268,-427],[494,-555],[416,-537],[412,-610],[303,-567],[337,-372],[454,-460],[269,-307]],[[29657,76800],[151,-183],[256,-235],[253,-197],[359,26],[586,221],[427,143],[572,166],[581,161],[535,271],[586,342],[792,456],[819,513],[580,568]],[[36154,79052],[487,809],[413,964],[361,1335],[327,1176],[515,1263],[141,375],[238,634],[138,475]],[[38774,86083],[-1219,-695],[-1007,-37],[-1332,-195],[-1784,25],[-951,610],[-1272,-66],[-1076,-96],[-1120,-31],[-867,-20],[-315,37],[-47,4],[-46,3],[-17,7]],[[36154,79052],[-613,-1633],[-438,-1186],[-19,-705],[-41,-1513],[184,-1192],[517,-809],[344,-308],[1024,-829],[875,-798],[545,-587],[688,-1057],[710,-1019],[682,-958],[660,-1011],[489,-671]],[[41761,64776],[662,1183],[555,2212],[229,657],[311,1211],[313,703],[229,578],[308,1001],[151,761],[83,638],[-83,709],[87,916],[116,693],[280,908],[452,1831],[577,1419],[917,1242],[900,1209],[412,594],[380,422],[251,453],[1150,1092],[-371,468]],[[44166,87507],[-592,80],[-572,342],[-869,-63],[-1645,-787],[-1044,-833],[-670,-163]],[[23280,68495],[255,-85],[296,-25],[371,-59],[252,-7],[114,34],[96,192],[122,638],[66,727],[-6,425],[-91,780],[-159,232],[-108,123],[-206,164],[-171,72],[-227,28]],[[23884,71734],[-9,-60],[-3,-29],[2,-35],[-3,-53],[-4,-46],[-8,-70],[-21,-102],[-25,-112],[-20,-69],[-18,-68],[-53,-176],[-123,-12],[-2,-2],[-2,-2],[0,-4],[2,-3],[5,0],[11,2],[2,-1],[-15,-100],[-10,-78],[1,-2],[2,-1],[2,1],[1,2],[0,3],[-1,1],[4,28],[1,1],[11,-4],[5,-3],[9,-14],[2,0],[1,0],[1,2],[0,2],[-1,2],[-2,2],[-7,11],[-7,2],[0,4],[3,-1],[10,63],[6,-2],[1,7],[11,-3],[3,0],[0,4],[-2,2],[-11,4],[0,4],[-7,3],[1,10],[2,-1],[5,35],[71,7],[-10,-66],[21,-7],[-1,-8],[-3,1],[-1,-3],[3,-1],[0,-4],[-3,0],[-1,-3],[3,-1],[-1,-4],[-2,1],[0,-4],[2,-1],[0,-3],[-3,0],[0,-3],[2,-2],[-1,-3],[-2,0],[0,-3],[2,-1],[-1,-4],[-3,0],[0,-3],[3,-1],[-1,-4],[-3,0],[0,-3],[2,-1],[0,-4],[-3,1],[0,-4],[2,-1],[0,-3],[-3,0],[0,-3],[2,-2],[-1,-3],[-2,0],[0,-2],[1,-2],[1,-1],[0,-2],[-2,-3],[0,-1],[-1,-2],[-1,0],[-1,1],[-1,0],[-1,0],[-1,-1],[-1,-1],[-21,6],[0,2],[-2,1],[-2,1],[-1,-1],[-1,-2],[0,-3],[1,-2],[2,-1],[26,-7],[3,0],[3,2],[2,4],[1,4],[4,21],[19,145],[1,-1],[3,-1],[3,-2],[7,-1],[4,-9],[5,-14],[2,-5],[3,-3],[1,-3],[0,-4],[2,-4],[6,-9],[7,-8],[4,-3],[3,-2],[3,0],[3,-1],[3,-5],[1,-11],[0,-4],[1,-4],[18,-34],[12,-26],[4,-15],[4,-18],[8,-37],[2,-12],[3,-17],[1,-12],[0,-19],[-1,-25],[-4,-36],[-3,-20],[-1,-3],[-2,-2],[-2,-1],[-2,0],[-1,-1],[0,-1],[-1,-1],[-1,-1],[-1,-1],[-1,-1],[-1,-1],[-3,-34],[-8,-43],[-1,-6],[0,-6],[-1,-5],[0,-3],[-5,-18],[-12,-43],[-15,-41],[-18,-57],[-16,-39],[-11,-19],[-3,-2],[-1,0],[-1,0],[-1,0],[-1,-1],[0,-1],[1,-2],[3,-5],[0,-1],[0,-3],[-1,-3],[-15,-33],[-16,-44],[-13,-39],[-14,-40],[-13,-37],[-11,-33],[-7,-22],[-9,-22],[-4,-7],[-2,-2],[-3,-1],[-3,-1],[-81,43],[-9,6],[-12,5],[-6,1],[-1,0],[-1,-1],[-1,-3],[1,-3],[1,-5],[1,-4],[3,-4],[4,-2],[4,-2],[3,0],[2,0],[5,-2],[17,-6],[7,-4],[32,-17],[25,-11],[10,-4],[4,-2],[5,-4],[2,-4],[1,-5],[2,-11],[0,-11],[-1,-20],[-2,-27],[-5,-27],[-14,-65],[-3,-16],[-19,-78],[-11,-44],[-10,-38],[-8,-42],[-18,-74],[-20,-33],[-127,61],[-2,6],[0,2],[-1,1],[-9,5],[-1,1],[-2,1],[-1,0],[-2,0],[-1,-1],[-1,-2],[0,-3],[0,-3],[-12,-49],[0,-2],[0,-3],[0,-2],[1,-2],[11,-16],[0,-1],[3,-4],[1,-1],[1,-1],[1,0],[1,1],[1,1],[0,1],[0,1],[1,2],[-1,1],[0,1],[-1,1],[-3,2],[-6,9],[2,2],[-3,6],[-2,-3],[-2,3],[0,1],[2,10],[1,3],[2,-1],[5,21],[8,-4],[1,2],[15,-7],[-4,-18],[3,-6],[7,-3],[4,0],[20,-10],[1,0],[0,2],[1,3],[2,14],[13,-4],[1,0],[1,0],[0,2],[59,-30],[2,-49],[-3,-39],[-3,-30],[-9,-35],[-13,-48],[-14,-38],[-12,-40],[-14,-45],[-15,-55],[-12,-43],[-8,-28],[-9,-27],[-13,-38],[-15,-45],[-11,-34],[-15,-52],[-3,-11],[-2,-7],[-3,-17],[-6,-21],[-6,-17],[-6,-25],[-6,-19],[-9,-26],[-14,-48],[-14,-42]],[[27678,73159],[-92,45],[-99,15],[-101,0],[-84,-6],[-121,-13],[-179,-46],[-59,-37],[-74,-78],[-133,-152],[-68,-160],[-49,-180],[-52,-195],[-36,-183],[11,-73],[17,-125],[31,-208],[29,-334],[112,-232],[98,-122],[176,-100],[190,-25],[172,24]],[[27367,70974],[157,47],[280,-25],[127,34],[125,56],[138,90],[215,185],[150,172],[95,389],[75,279],[-40,205],[-220,253],[-315,210],[-217,133],[-259,157]],[[42774,95907],[-175,-22],[-52,4],[-12,-3],[-35,-17],[-39,-11],[-28,-12],[-47,-11],[-94,-28],[-90,-30],[-147,-46],[-67,-22],[-129,-38],[-123,-34],[-282,-74],[-389,-97],[-151,-45],[-60,-15],[-240,-71],[-37,-14],[-50,-15],[-240,-80],[-43,-14],[-42,-15],[-29,-6],[-9,1],[-6,0],[-6,-1],[-11,-1],[-9,-1],[-8,-5],[-11,-4],[-10,-4],[-5,-2],[-12,-2],[-16,-6],[-4,-2],[-2,0],[-2,0],[-4,2],[-1,1],[-4,-1],[-3,-2],[-6,-5],[-9,-3],[-7,-1],[-6,0],[-2,-1],[-4,-4],[-3,0],[-5,-1],[-4,-3],[-2,-2],[-2,-2],[-1,0],[-4,-2],[-4,-2],[-4,-2],[-5,0],[-10,4],[-4,2],[-3,-1],[-5,-6],[-3,-3],[-5,-4],[-3,-2],[-7,-1],[-7,-3],[-9,-2],[-3,0],[-6,2],[-8,-1],[-5,-2],[-8,-6],[-5,-2],[-5,0],[-3,0],[-7,-2],[-7,-3],[-4,-1],[-5,1],[-3,0],[-4,-5],[-3,-1],[-3,0],[-7,1],[-1,0],[-5,-3],[-2,-1],[-5,1],[-4,0],[-4,-1],[-12,-8],[-23,-10],[-9,-1],[-5,1],[-5,0],[-9,-5],[-4,-1],[-5,0],[-4,-3],[-11,-1],[-14,-7],[-12,-3],[-6,0],[-6,0],[-5,0],[-3,1],[-1,1],[-4,0],[-4,-1],[-2,-1],[-2,-2],[-4,-5],[-4,-3],[-2,-1],[-4,-1],[-3,-1],[-7,-4],[-5,-3],[-3,0],[-3,0],[-5,-1],[-5,-1],[-7,0],[-5,-1],[-4,2],[-3,2],[-2,0],[-2,-1],[-5,-3],[-9,-5],[-3,-2],[-2,-1],[-4,-4],[-3,-3],[-2,-1],[-3,0],[-2,0],[-3,0],[-1,0],[-2,-1],[-1,-1],[-1,-1],[-6,-3],[-10,-1],[-9,-1],[-3,0],[-3,1],[-3,2],[-1,0],[-4,-1],[-6,-2],[-9,-3],[-4,0],[-3,0],[-2,0],[-4,0],[-3,-2],[-2,-1],[-3,-1],[-1,-1],[-2,-2],[-2,-1],[-2,-1],[-5,0],[-3,-1],[-2,-1],[-3,-1],[-4,-3],[-3,0],[-2,-1],[-1,0],[-2,-1],[-2,1],[-1,0],[-1,1],[-1,0],[-4,-1],[-4,-1],[-5,-1],[-5,-1],[-3,0],[-2,-1],[-4,-2],[-1,-1],[-2,0],[-2,0],[-1,0],[-1,0],[-6,-1],[-5,-1],[-2,1],[-2,0],[-2,0],[-2,-1],[-8,-1],[-3,-3],[-4,-4],[-3,-2],[-3,-1],[-3,0],[-6,-1],[-6,-2],[-3,0],[-3,-1],[-2,1],[-4,0],[-3,1],[-4,0],[-7,-2],[-3,-1],[-2,-1],[-3,-1],[-4,-1],[-4,0],[-3,0],[-3,1],[-3,0],[-3,-1],[-3,-2],[-14,-4],[-3,0],[-3,1],[-3,-1],[-8,-2],[-11,-3],[-3,-1],[-3,-1],[-1,-1],[-5,1],[-5,-2],[-3,-3],[-3,-2],[-4,-5],[-4,-3],[-3,-2],[-3,-1],[-4,-1],[-3,0],[-3,-1],[-4,0],[-5,-1],[-4,-1],[-5,-1],[-5,0],[-6,-4],[-5,-1],[-2,0],[-1,-1],[-4,0],[-5,-1],[-6,-3],[-6,-2],[-7,-2],[-5,-1],[-5,0],[-4,1],[-2,0],[-3,-1],[-3,-1],[-5,-6],[-3,-1],[-5,-3],[-4,-2],[-3,-2],[-3,-2],[-5,-1],[-5,-2],[-8,-4],[-8,-3],[-18,-7],[-6,-2],[-5,-1],[-4,-2],[-2,-1],[-2,-2],[-2,-2],[-4,-1],[-6,0],[-9,0],[-15,-1],[-10,-2],[-5,-2],[-4,-2],[-3,-1],[-2,-3],[-1,-3],[-3,-4],[-4,-5],[-3,-5],[-3,-2],[-2,-1],[-2,0],[-3,1],[-3,2],[-3,0],[-5,-1],[-2,-1],[-2,-3],[-2,-5],[-1,0],[-1,1],[-1,3],[-2,1],[-1,1],[-3,0],[-3,-1],[-2,-1],[-3,-1],[-7,-1],[-6,-1],[-3,0],[-3,0],[-2,-1],[-3,0],[-4,0],[-3,-1],[-2,-1],[-2,-2],[-2,-2],[-3,0],[-1,0],[-1,1],[-2,0],[-1,-1],[-2,-2],[-5,0],[-5,-1],[-4,0],[-6,2],[-8,2],[-8,1],[-10,-1],[-6,-4],[-4,-1],[-8,-5],[-9,-2],[-6,1],[-8,2],[-4,1],[-5,0],[-3,0],[-4,-1],[-2,-1],[-2,0],[-2,-1],[-1,-1],[-2,-1],[-1,-1],[-1,-1],[-2,-2],[-2,-3],[-1,-2],[-2,-2],[-3,-1],[-2,0],[-4,0],[-3,2],[-2,0],[-5,-1],[-5,-1],[-4,-1],[-4,-2],[-3,-1],[-6,-1],[-5,0],[-3,0],[-3,-1],[-6,-1],[-3,-2],[-2,-3],[-2,-2],[-2,-2],[-4,-2],[-5,0],[-8,-1],[-5,0],[-5,-2],[-2,-1],[-5,-3],[-10,-4],[-17,-2],[-21,-3],[-22,-5],[-16,-1],[-8,-1],[-5,-1],[-7,-2],[-6,-1],[-10,-2],[-8,0],[-6,-1],[-8,-1],[-5,0],[-6,0],[-6,-2],[-4,-2],[-4,-2],[-4,-2],[-4,0],[-5,0],[-5,-1],[-5,-1],[-4,-3],[-6,-4],[-3,-3],[-2,0],[-4,0],[-4,1],[-6,0],[-9,-2],[-6,-2],[-17,-6],[-19,-4],[-15,-2],[-16,-5],[-17,-3],[-16,-3],[-10,-1],[-21,-7],[-20,-3],[-19,-6],[-11,-3],[-14,-6],[-9,-4],[-11,-3],[-19,-10],[-24,-9],[-20,-9],[-13,-7],[-12,-6],[-14,-4],[-45,-12],[-33,-14],[-36,-20],[-22,-12],[-18,-12],[-16,-11],[-13,-14],[-13,-12],[-2,0],[-2,0],[-1,0],[-1,0],[0,-1],[-1,-3],[0,-2],[-1,-1],[-12,-8],[-5,-1],[-7,0],[-4,-2],[-5,-3],[-4,-3],[-6,0],[-4,0],[-4,-1],[-3,-2],[-2,-1],[-3,-2],[-3,0],[-4,-1],[-2,0],[-3,-2],[-5,-4],[-9,-4],[-7,-2],[-7,-3],[-6,-4],[-4,-3],[-2,-1],[-3,-1],[-6,1],[-4,0],[-3,-2],[-4,-3],[-4,-2],[-5,-1],[-10,-2],[-9,-3],[-8,-4],[-5,-3],[-3,-3],[-2,-2],[-2,-1],[-2,-2],[-2,-1],[-2,-1],[-3,0],[-2,1],[-2,0],[-1,0],[-2,0],[-3,-1],[-2,-1],[-2,1],[-2,0],[-3,0],[-2,-1],[-5,-2],[-9,-7],[-3,-1],[-4,-1],[-2,0],[-15,-2],[-13,-3],[-16,-5],[-14,-4],[-6,-3],[-3,-3],[-2,-4],[-2,-2],[-1,-1],[-3,0],[-4,1],[-3,1],[-5,0],[-11,-2],[-11,-2],[-9,-2],[-7,-2],[-11,-4],[-8,-3],[-6,-2],[-6,-3],[-9,-4],[-8,-1],[-6,-1],[-9,0],[-7,-2],[-7,-1],[-9,-3],[-11,-2],[-15,-3],[-8,-3],[-6,-3],[-3,-3],[-1,-2],[-2,0],[-1,2],[-1,1],[-2,0],[-1,0],[-2,-2],[-2,-1],[-3,0],[-3,1],[-4,0],[-4,0],[-3,-1],[-3,0],[-3,-2],[-3,0],[-6,0],[-6,-1],[-4,-1],[-2,-1],[-1,-2],[-1,-1],[-1,-1],[-1,-1],[-1,0],[-1,1],[0,1],[-1,1],[-1,1],[0,1],[-1,-1],[0,-1],[1,-1],[-1,0],[0,-1],[-1,0],[0,-1],[-1,0],[-1,0],[-3,0],[-3,1],[-8,-2],[-8,-3],[-5,-3],[-3,-2],[-3,-2],[-2,-1],[-2,0],[-2,1],[-2,1],[-1,1],[-2,0],[-3,-1],[-3,-1],[-2,-1],[-3,-3],[-1,-1],[-3,0],[-2,0],[-2,1],[-2,0],[-3,0],[-3,0],[-7,-1],[-5,0],[-6,-2],[-4,-2],[-5,-5],[-3,-2],[-2,-1],[-2,1],[-4,1],[-7,0],[-14,-1],[-11,1],[-7,-1],[-7,-2],[-7,-2],[-4,-2],[-2,-1],[-2,0],[-2,-1],[-5,0],[-4,-1],[-4,-1],[-4,-3],[-5,-2],[-5,-1],[-4,-1],[-2,-1],[-1,0],[-1,1],[-1,1],[0,1],[-1,0],[-1,-1],[-1,-1],[0,-1],[-1,0],[-2,-1],[-4,0],[-7,-1],[-5,-1],[-4,0],[-5,-1],[-3,-1],[-5,-1],[-3,-2],[-2,-1],[-2,-1],[-1,0],[-1,0],[-1,0],[-1,0],[-1,-1],[-1,-1],[-1,0],[-1,1],[-1,1],[-1,0],[-1,0],[-1,-1],[-1,0],[-1,0],[0,-1],[-1,0],[-1,-1],[0,-1],[-1,0],[-1,0],[-1,0],[0,1],[-1,0],[-1,0],[-1,-1],[-1,-1],[-1,0],[-2,-1],[-4,-2],[-2,-1],[-1,0],[-2,-1],[-1,0],[-1,1],[0,1],[-1,0],[-1,0],[-1,-1],[-1,1],[-1,1],[-1,0],[-1,1],[0,1],[-1,0],[-1,0],[0,-1],[-1,0],[0,-1],[0,-1],[0,-1],[0,1],[-1,1],[0,2],[-1,0],[0,-1],[0,-1],[0,-1],[0,-1],[0,-1],[-1,0],[-1,0],[-2,0],[-3,0],[-3,1],[-1,0],[-1,0],[-1,0],[-1,-1],[-1,-1],[-2,0],[-1,0],[-1,1],[0,1],[-1,0],[-1,-1],[-1,-1],[-1,-2],[-1,-1],[-1,0],[-1,0],[-1,0],[-1,1],[-1,1],[-1,0],[-2,0],[-2,0],[-1,-1],[-2,-1],[-2,-1],[-1,-1],[-2,0],[-2,0],[-1,1],[0,1],[-1,1],[-1,0],[-1,0],[-1,-1],[-1,0],[-1,1],[-1,0],[-1,0],[-1,-1],[0,1],[-1,0],[0,-1],[-1,0],[0,1],[-1,0],[-1,0],[0,-1],[-1,-1],[-1,-1],[0,-1],[-1,-2],[-1,-1],[0,-1],[-1,0],[-1,0],[0,1],[-1,0],[-1,0],[-1,-1],[0,-1],[-1,0],[-1,0],[-1,1],[-1,0],[-1,0],[-3,-1],[-2,0],[-5,-2],[-5,-2],[-2,0],[-1,0],[-1,0],[-2,0],[-1,0],[-1,0],[-1,0],[0,-1],[-1,0],[0,-1],[-1,0],[-1,0],[-5,-1],[-3,-1],[-6,-1],[-5,0],[-4,-1],[-2,-2],[-1,0],[-1,0],[-1,0],[-2,0],[-2,-1],[-1,0],[-3,-1],[-6,-1],[-27,-5],[-24,-6],[-13,-2],[-9,-3],[-13,-4],[-21,-7],[-16,-6],[-13,-6],[-7,-2],[-6,-1],[-6,-1],[-5,-3],[-22,-6],[-20,-7],[-22,-6],[-35,-8],[-29,-7],[-54,-10],[-66,-12],[-27,-3],[-19,-3],[-15,-5],[-11,-3],[-18,-4],[-15,-4],[-24,-4],[-26,-5],[-27,-6],[-24,-5],[-25,-4],[-17,-4],[-28,-9],[-29,-8],[-23,-5],[-34,-10],[-16,-4],[-23,-5],[-45,-10],[-28,-8],[-31,-4],[-28,-7],[-33,-6],[-27,-4],[-30,-6],[-55,-8],[-61,-8],[-53,-6],[-20,-1],[-14,-2],[-4,0],[-5,1],[-6,-1],[-8,-1],[-20,1],[-21,0],[-37,-4],[-26,-7],[-32,-5],[-32,-4],[-23,-3],[-30,-4],[-34,-6],[-40,-7],[-27,-7],[-18,-4],[-7,-2],[-5,-1],[-3,0],[-4,0],[-3,0],[-3,-1],[-6,-2],[-8,1],[-16,0],[-26,-2],[-16,-3],[-21,-2],[-19,-2],[-30,-1],[-5,0],[-6,-1],[-3,1],[-4,-1],[-13,-1],[-12,-2],[-6,-2],[-10,-3],[-13,-8],[-9,-6],[-7,-3],[-11,-3],[-9,-3],[-13,-5],[-14,-7],[-17,-7],[-15,-6],[-16,-4],[-25,-7],[-31,-8],[-23,-7],[-25,-7],[-14,-3],[-16,-4],[-18,-4],[-23,-4],[-27,-6],[-52,-11],[-33,-5],[-28,-4],[-27,-7],[-22,-5],[-30,-5],[-33,-6],[-38,-6],[-34,-3],[-37,-3],[-31,-5],[-25,-3],[-20,-3],[-18,-3],[-17,-2],[-24,-4],[-27,-3],[-28,-4],[-32,-6],[-29,-3],[-17,1],[-21,0],[-38,-3],[-17,-3],[-14,-3],[-17,-3],[-19,-5],[-16,-2],[-12,-4],[-14,-4],[-20,-8],[-24,-8],[-18,-4],[-13,-3],[-35,-3],[-39,-3],[-28,-3],[-30,-3],[-18,-3],[-25,-6],[-31,-5],[-47,-7],[-33,-3],[-14,-1],[-13,-2],[-22,-3],[-10,-2],[-17,-7],[-7,-1],[-9,-1],[-13,-1],[-33,0],[-12,0],[-13,-3],[-6,-1],[-9,-2],[-12,-3],[-27,-5],[-21,-4],[-16,-3],[-15,-4],[-11,0],[-11,-3],[-14,-4],[-5,-2],[-3,-3],[-3,-2],[-3,-1],[-2,-1],[-2,0],[-1,-2],[-2,-1],[-1,-1],[-7,-1],[-3,-1],[-2,1],[-1,-1],[-2,0],[-7,-3],[-5,-4],[-4,-1],[-4,-1],[-3,-2],[-10,-8],[-7,-3],[-6,-4],[-8,-1],[-8,-3],[-3,-1],[-3,-1],[-1,0],[-2,-1],[-1,0],[-4,-2],[-2,-1],[-2,-1],[-4,-4],[-3,-3],[-2,-1],[-6,-3],[-6,-4],[-8,-7],[-5,-5],[-4,-3],[-6,-3],[-4,-1],[-3,-1],[-12,-9],[-7,-6],[-4,-3],[-4,-5],[-4,-6],[-7,-9],[-7,-9],[-2,-3],[-2,-1],[-3,-2],[-6,-3],[-6,-4],[-3,-4],[-1,-2],[-1,-1],[-1,1],[-2,0],[-2,0],[-2,-2],[-2,-2],[0,-1],[-1,0],[0,1],[-1,0],[-1,1],[-1,0],[-1,0],[0,-1],[-1,0],[-1,0],[-1,1],[-1,-1],[-1,-1],[-2,-2],[-6,-3],[-2,-2],[-2,-1],[-10,-2],[-22,-2],[-15,-3],[-19,-2],[-4,-1],[-4,0],[-12,1],[-14,1],[-16,0],[-12,0],[-12,-1],[-8,-2],[-9,-2],[-12,-3],[-9,-2],[-5,-1],[-13,-3],[-16,-4],[-6,-1],[-2,0],[-1,0],[-2,-1],[-1,0],[-3,0],[-3,0],[-3,0],[-2,0],[-4,-3],[-9,-5],[-6,-4],[-10,-6],[-7,-2],[-3,0],[-3,0],[-3,1],[-2,-1],[-2,-2],[-2,-2],[-8,-7],[-4,-2],[-3,-1],[-2,-1],[-2,-2],[-1,-3],[-3,-3],[-6,-2],[-8,-2],[-6,-2],[-16,-4],[-22,-3],[-36,-5],[-25,-3],[-17,0],[-19,-2],[-28,-3],[-40,-1]],[[32520,93320],[4,-54],[11,-232],[7,-226],[-13,-308],[-38,-206],[-75,-232],[-72,-151],[-117,-164],[-172,-232],[-250,-269],[-154,-95],[-279,-38],[-373,106],[-224,37],[-28,17]],[[30747,91273],[4,-5],[3,-6],[3,-8],[3,-9],[1,-11],[2,-10],[1,-12],[1,-8],[-1,-11],[0,-8],[-2,-10],[-1,-10],[0,-8],[-1,-13],[0,-18],[-2,-17],[-4,-26],[-4,-18],[-4,-17],[-4,-15],[-5,-18],[-3,-13],[-4,-15],[-3,-9],[-2,-12],[-1,-11],[-1,-10],[-1,-17],[-1,-37],[-2,-21],[-5,-22],[-12,-56],[-6,-20],[-4,-8],[-3,-8],[-11,-15],[-13,-24],[-10,-18],[-16,-22],[-18,-21],[-13,-16],[-5,-7],[-5,-10],[-2,-6],[-3,-4],[-2,-1],[-3,-2],[-2,-3],[-4,-7],[-5,-14],[-3,-18],[-3,-31],[-5,-31],[-7,-28],[-6,-31],[-8,-26],[-6,-18],[-5,-21],[-4,-21],[-3,-19],[-1,-22],[-4,-27],[-3,-28],[-4,-23],[-4,-12],[-3,-12],[0,-9],[1,-16],[5,-26],[1,-11],[0,-13],[0,-12],[0,-8],[0,-7],[-1,-6],[0,-12],[0,-14],[0,-6],[-1,-15],[-3,-16],[-2,-18],[-2,-14],[-2,-10],[-4,-13],[-3,-9],[-4,-11],[-8,-15],[-7,-13],[-9,-19],[-6,-15],[-4,-7],[-4,-8],[-2,-5],[-4,-8],[-5,-11],[-4,-8],[-1,-5],[-1,-6],[-1,-10],[-2,-18],[-3,-25],[-1,-17],[0,-19],[-2,-23],[-2,-20],[-1,-11],[-2,-7],[-4,-8],[-2,-7],[-1,-5],[0,-4],[1,-4],[1,-4],[0,-6],[1,-26],[-1,-18],[-2,-17],[-1,-15],[-3,-17],[-3,-23],[-3,-30],[-2,-15],[-3,-12],[-3,-15],[-5,-9],[-6,-12],[-7,-12],[-8,-11],[-10,-14],[-9,-12],[-14,-11],[-10,-9],[-12,-7],[-21,-11],[-24,-15],[-8,-6],[-5,-4],[-10,-11],[-24,-24],[-24,-22],[-19,-17],[-14,-13],[-15,-18],[-13,-16],[-4,-8],[-7,-14],[-13,-34],[-2,-8],[-3,-6],[-7,-8],[-8,-13],[-6,-11],[-7,-16],[-6,-17],[-8,-27],[-5,-15],[-7,-32],[-5,-21],[-5,-14],[-7,-17],[-7,-18],[-6,-20],[-5,-28],[-4,-16],[-3,-9],[-3,-9],[-4,-18],[-5,-21],[-5,-17],[-7,-17],[-6,-16],[-7,-15],[-8,-19],[-7,-19],[-4,-13],[-3,-18],[-2,-10],[-8,-20],[-8,-25],[-10,-40],[-6,-29],[-3,-13],[-4,-15],[-6,-24],[-4,-20],[-5,-20],[-5,-20],[-4,-14],[-6,-20],[-6,-22],[-5,-21],[-8,-29],[-4,-16],[-2,-16],[-2,-11],[-2,-9],[-4,-11],[-7,-19],[-3,-9],[-3,-8],[-5,-14],[-11,-21],[-9,-16],[-6,-9],[-4,-7],[-6,-10],[-8,-13],[-7,-13],[-8,-19],[-7,-18],[-5,-11],[-4,-16],[-3,-12],[-4,-7],[-6,-8],[-5,-10],[-10,-22],[-8,-24],[-3,-8],[-4,-7],[-8,-8],[-20,-22],[-20,-25],[-23,-28],[-11,-17],[-11,-19],[-14,-18],[-22,-28],[-17,-25],[-22,-30],[-20,-27],[-16,-19],[-11,-12],[-35,-45],[-28,-34],[-17,-18],[-19,-16],[-23,-18],[-36,-22],[-28,-15],[-28,-14],[-25,-13],[-18,-9],[-25,-11],[-28,-14],[-35,-14],[-35,-18],[-39,-22],[-30,-17],[-33,-18],[-20,-14],[-16,-11],[-16,-10],[-20,-13],[-24,-16],[-36,-22],[-28,-18],[-17,-9],[-19,-12],[-18,-11],[-19,-12],[-25,-14],[-10,-6],[-6,-4],[-12,-11],[-12,-13],[-20,-21],[-12,-12],[-9,-12],[-11,-17],[-10,-21],[-9,-18],[-11,-17],[-16,-23],[-17,-22],[-18,-23],[-17,-18],[-8,-7],[-7,-4],[-4,-3],[-6,-8],[-15,-17],[-17,-21],[-14,-18],[-9,-10],[-14,-17],[-15,-16],[-18,-17],[-18,-14],[-14,-14],[-15,-10],[-19,-12],[-9,-7],[-8,-5],[-7,-4],[-17,-7],[-24,-10],[-16,-11],[-28,-16],[-34,-17],[-17,-9],[-16,-4],[-12,-5],[-14,-5],[-22,-10],[-19,-8],[-11,-5],[-9,-6],[-9,-7],[-16,-13],[-16,-13],[-19,-11],[-21,-12],[-20,-10],[-15,-7],[-17,-9],[-6,-4],[-7,-8],[-10,-14],[-12,-17],[-8,-8],[-6,-8],[-4,-8],[-12,-28],[-6,-15],[-7,-17],[-6,-15],[-4,-15],[-2,-14],[-3,-15],[0,-10],[1,-16],[1,-16],[0,-10],[0,-11],[-3,-11],[-5,-15],[-6,-21],[-8,-26],[-3,-12],[-2,-10],[-2,-14],[-2,-8],[0,-2],[-1,-12],[1,-13],[0,-23],[0,-23],[-1,-18],[-2,-18],[-6,-24],[-5,-22],[-6,-20],[-4,-12],[-5,-17],[-7,-15],[-6,-13],[-7,-16],[-5,-17],[-5,-19],[-8,-40],[-4,-16],[-3,-14],[-2,-8],[-2,-8],[-1,-10],[0,-12],[-2,-12],[-3,-9],[-2,-6],[-5,-10],[-5,-8],[-9,-15],[-5,-11],[-4,-13],[-4,-14],[-3,-16],[-3,-11],[-2,-14],[-3,-18],[-3,-17],[-3,-12],[-5,-14]],[[32520,93320],[-33,-1],[-22,2],[-14,0],[-15,-2],[-24,-4],[-15,-2],[-15,-1],[-21,-1],[-38,-2],[-35,-2],[-49,-2],[-63,5],[-43,-2],[-33,0],[-36,-1],[-16,0],[-13,1],[-13,-1],[-13,-4],[-12,-4],[-13,-5],[-20,-1],[-33,-3],[-27,-3],[-13,-3],[-10,-5],[-11,-5],[-9,-6],[-4,-4],[-2,-6],[-5,-17],[-2,-10],[-1,-10],[-2,-15],[-1,-6],[-2,-8],[-5,-6],[-6,-9],[-9,-9],[-4,-7],[-6,-8],[-6,-9],[-7,-9],[-10,-9],[-8,-7],[-11,-6],[-12,-6],[-10,-5],[-7,-5],[-7,-7],[-7,-7],[-5,-5],[-4,-3],[-3,-2],[-1,0],[-14,-13],[-8,-7],[-8,-4],[-6,-1],[-5,-3],[-4,-2],[-5,-6],[-3,-6],[-9,-15],[-6,4],[-2,0],[-16,9],[-4,3],[-6,3],[-2,1],[-7,4],[-10,5],[-16,9],[-3,1],[-9,6],[-1,1],[-1,-1],[-1,0],[-1,-1],[0,-1],[-1,-2],[1,-1],[0,-1],[1,-1],[0,-1],[1,0],[1,1],[7,-3],[19,-10],[1,-2],[0,-4],[-1,-1],[-8,-11],[-5,-9],[-13,-20],[-19,8],[-1,0],[-1,-1],[-39,-57],[-27,15],[-1,0],[-1,0],[0,-1],[-1,-1],[0,-1],[-1,-1],[1,-1],[0,-1],[1,-1],[0,-1],[26,-12],[1,-45],[0,-1],[1,-1],[0,-1],[1,0],[1,0],[1,0],[1,1],[0,1],[0,1],[-1,36],[0,4],[8,12],[1,-2],[24,36],[3,-5],[5,6],[9,-15],[0,-7],[-1,-1],[1,-3],[2,-7],[1,-1],[1,-2],[0,-1],[2,-1],[1,-1],[1,0],[1,1],[1,1],[1,2],[0,1],[0,2],[-1,2],[-1,1],[-1,1],[-1,1],[-1,4],[2,3],[2,4],[1,2],[-2,3],[20,29],[14,20],[11,-7],[4,-3],[5,-3],[23,-15],[0,-1],[0,-1],[0,-2],[-1,-1],[0,-1],[0,-2],[0,-1],[-1,-3],[-10,-52],[0,-2],[1,-1],[4,-6],[0,-2],[0,-1],[-1,-2],[-13,-20],[-1,0],[-1,0],[-1,2],[-1,0],[-2,-1],[-1,-2],[-15,29],[1,2],[0,1],[-1,4],[-1,2],[-2,0],[-2,-1],[-1,-2],[-1,-2],[1,-2],[0,-2],[1,-2],[2,-1],[16,-32],[-1,-6],[-7,-10],[-9,-16],[-3,-2],[-15,9],[-1,1],[-1,0],[-1,1],[-1,0],[0,1],[-11,6],[0,9],[0,18],[0,1],[-1,1],[-1,0],[-1,0],[0,-1],[-1,-1],[0,-27],[0,-2],[1,-1],[1,-1],[15,-10],[1,-10],[0,-11],[-2,-9],[-3,-16],[-6,-11],[-9,-5],[-3,-2],[-2,-2],[-2,-4],[-2,-5],[1,-7],[0,-3],[0,-4],[1,-12],[-1,-2],[-1,-2],[0,-3],[1,-4],[1,-4],[1,-9],[-2,-14],[-5,-13],[-5,-12],[-2,-8],[-2,-5],[-2,-5],[-1,-2],[-2,-4],[-2,-3],[-2,-3],[-7,-5],[-6,-5],[-7,-3],[-13,-6],[-6,-2],[-1,-2],[-2,-6],[-1,-1],[-3,-1],[-2,0],[-1,-1],[-1,-1],[-2,-5],[0,-1],[-10,-5],[-3,-1],[-7,-4],[-10,-5],[-15,-5],[-16,-7],[-25,-15],[-3,0],[-3,1],[-2,1],[-9,-5],[-3,-1],[-1,0],[-9,-7],[-15,-9],[-5,-1],[-1,0],[-1,1],[-1,-1],[-1,0],[-5,-9],[-2,-1],[-4,-1],[-2,0],[-2,1],[-3,2],[-1,0],[-1,0],[0,-1],[-1,-4],[0,-1],[-1,0],[-4,-1],[-3,0],[-3,1],[-2,0],[-2,-3],[-2,-4],[-1,-7],[0,-6],[-2,-5],[-1,-3],[-3,-4],[-4,-6],[-2,-5],[-1,-3],[-2,-2],[-3,0],[-14,3],[-10,1],[-3,-2],[-2,-2],[-2,0],[-3,-2],[-2,-3],[-2,-5],[-2,-6],[-4,-6],[-7,-9],[-4,-5],[-6,-7],[-7,-9],[-9,-5],[-7,-9],[-3,-4],[-14,-29],[-4,-10],[-5,-14],[-3,-9],[-5,-9],[-3,-7],[-3,-11],[-5,-14],[-3,-15],[0,-11],[-1,-6],[-1,-12],[-1,-6],[-1,-7],[0,-5],[-1,-6],[1,-6],[0,-3],[-1,-6],[0,-5],[-1,-9],[-1,-11],[-3,-18],[-3,-12],[-1,-9],[-2,-5],[-1,-7],[-1,-4],[0,-2],[-1,-2],[0,-3],[0,-2],[-1,-5],[-1,-3],[0,-3],[0,-2],[0,-2],[-6,-13],[-8,-22],[-6,-13],[-6,-14],[-4,-7],[-3,-11],[-3,-14],[-3,-8],[-1,-3],[-1,-3],[1,-1],[1,-1],[0,-1],[0,-1],[-1,-1],[0,-1],[0,-1],[0,-1],[-1,0],[-1,0],[0,-1],[1,-2],[0,-2],[0,-1],[0,-1],[-1,0],[-1,-1],[-1,-3],[-1,-6],[-2,-7],[-5,-9],[-4,-7],[-6,-7],[-3,-3],[-1,-3],[-1,-3],[-1,-2],[-1,-3],[-1,-4],[-3,-5],[-7,-9],[-5,-9],[-4,-10],[-5,-13],[-3,-12],[-3,-7],[-4,-4],[-4,-4],[-7,-3],[-3,-3],[-3,-4],[-1,-6],[-1,-7],[0,-8],[0,-7],[0,-4],[-2,-5],[0,-2],[0,-3],[1,-5],[0,-4],[-1,-3],[-1,-4],[-5,-5],[-10,-8],[-7,-4],[-8,-7],[-13,-9],[-14,-10],[-16,-9],[-17,-5],[-12,-5],[-5,-4],[-7,-6],[-7,-8],[-5,-6],[-5,-6],[-4,-4],[-3,-6],[-5,-9],[-3,-10],[-3,-9],[-2,-9],[-5,-22],[-4,-15],[-2,-11],[-2,-10],[-2,-7],[-1,-6],[-10,-21],[-6,-13],[-5,-12],[-5,-16],[-4,-17],[-1,-10],[-1,-5],[1,-4],[2,-5],[3,-3],[7,-3],[4,-2],[3,-4],[3,-6],[2,-9],[0,-11],[-1,-12],[-2,-11],[-3,-10],[-5,-12],[-5,-10],[-10,-16],[-12,-13],[-11,-13],[-16,-15],[-10,-7],[-6,-4],[-8,-9],[-4,-4],[-3,-3],[-3,-3],[-1,-1],[-4,-6],[-7,-14],[0,-3],[-1,-3],[1,-3],[2,-4],[3,-2],[4,-2],[5,-3],[8,-4],[7,-5]],[[27058,68788],[92,633],[121,722],[96,831]],[[27678,73159],[91,236],[121,249],[133,285],[93,301],[115,298],[76,220],[77,278],[136,389],[114,368],[192,207],[254,100],[286,348],[227,235],[64,127]],[[41761,64776],[-912,-1592],[-1002,-1328],[-499,-1339],[-398,-1086]],[[26601,80712],[-7,-14],[-6,-17],[-6,-19],[-6,-18],[-4,-21],[-5,-23],[-3,-12],[-8,-29],[-7,-33],[-4,-20],[-6,-23],[-22,-75],[-12,-43],[-13,-50],[-13,-55],[-9,-42],[-10,-48],[-12,-50],[-8,-30],[-13,-38],[-8,-28],[-12,-42],[-9,-31],[-7,-29],[-5,-28],[-5,-30],[-3,-18],[-4,-19],[-4,-36],[-7,-43],[-6,-33],[-14,-50],[-12,-47],[-4,-16],[-3,-20],[-5,-21],[-13,-45],[-18,-61],[-14,-52],[-10,-33],[-7,-31],[-7,-48],[-8,-37],[-15,-71],[-8,-42],[-10,-59],[-9,-43],[-11,-48],[-8,-36],[-7,-40],[-6,-35],[-3,-15],[-4,-16],[-9,-26],[-11,-36],[-14,-46],[-6,-22],[-3,-15],[-2,-25],[-3,-35],[-3,-33],[-4,-29],[-5,-40],[-4,-29],[-4,-29],[-6,-38],[-6,-34],[-6,-20],[-6,-21],[-5,-20],[-2,-16],[-3,-19],[-5,-21],[-8,-25],[-7,-20],[-6,-21],[-9,-32],[-7,-22],[-11,-31],[-10,-26],[-9,-25],[-8,-22],[-7,-20],[-9,-30],[-5,-19],[-9,-32],[-8,-33],[-6,-36],[-9,-37],[-14,-46],[-18,-53],[-16,-40],[-14,-32],[-11,-20],[-9,-13],[-16,-29],[-19,-34],[-11,-20],[-14,-32],[-32,-69],[-12,-27],[-11,-23],[-10,-23],[-6,-20],[-4,-21],[-2,-19],[0,-25],[1,-45],[1,-63],[-3,-49],[-4,-41],[-6,-45],[-8,-45],[-1,-18],[-1,-18],[-1,-12],[-2,-12],[-2,-22],[-6,-28],[-2,-14],[-3,-13],[-11,-47],[-11,-31],[-9,-23],[-4,-15],[-4,-20],[-4,-21],[-6,-21],[-8,-22],[-13,-34],[-10,-24],[-10,-22],[-7,-13],[-8,-25],[-9,-26],[-12,-28],[-15,-35],[-19,-44],[-13,-28],[-13,-39],[-9,-32],[-8,-28],[-7,-27],[-8,-27],[-14,-33],[-9,-26],[-9,-25],[-6,-20],[-7,-24],[-8,-29],[-9,-34],[-8,-23],[-24,-64],[-10,-27],[-26,-62],[-17,-42],[-11,-26],[-12,-27],[-14,-30],[-19,-42],[-16,-41],[-13,-29],[-14,-26],[-28,-62],[-10,-20],[-12,-21],[-11,-18],[-14,-25],[-9,-15],[-9,-15],[-5,-11],[-2,-6],[-12,-27],[-13,-21],[-17,-29],[-11,-13],[-15,-18],[-12,-17],[-7,-12],[-6,-13],[-7,-16],[-9,-24],[-10,-30],[-11,-30],[-4,-7],[-5,-10],[-17,-29],[-5,-7],[-5,-12],[-5,-10],[-3,-3],[-1,-5],[-1,-9],[-1,-3],[0,-2],[-4,-7],[-2,-6],[-2,-13],[-2,-12],[-2,-4],[-1,-3],[-1,-1],[0,-2],[0,-3],[0,-2],[-5,-16],[-6,-12],[-20,-34],[-9,-15],[-12,-22],[-4,-4],[-2,0],[-2,0],[-3,0],[-1,0],[0,-2],[1,-1],[1,-2],[5,-6],[2,-2],[1,-3],[0,-4],[0,-3],[0,-5],[-7,-21],[-13,-34],[-8,-17],[-7,-11],[-13,-22],[-24,-36],[-7,-11],[-13,-28],[-12,-28],[-14,-29],[-15,-28],[-7,-14],[-3,-10],[-4,-9],[-10,-20],[-11,-25],[-14,-27],[-5,-13],[-5,-16],[-9,-26],[-14,-34],[-9,-19],[-1,-4],[-1,-4],[1,-3],[2,-3],[1,-2],[2,-5],[1,-9],[1,-12],[0,-8],[-1,-9],[-3,-19],[-5,-18],[-6,-22],[-10,-29],[-12,-36],[-6,-16],[-4,-11],[-5,-11],[-2,-9],[-2,-8],[-5,-10],[-5,-11],[-3,-9],[-10,-27],[-7,-22],[-7,-26],[-21,-71],[-29,-74],[-16,-47],[-31,-74],[-28,-71],[-6,-16],[-8,-17],[-24,-52],[-38,-100],[-39,-89],[-9,-16],[-5,-13],[0,-3],[0,-2],[1,-3],[1,-2],[4,-7],[4,-6],[1,-4],[0,-7],[-1,-8],[-2,-13],[-3,-14],[-11,-33],[-12,-35],[-9,-24],[-14,-34],[-8,-19],[-10,-20],[-9,-26],[-7,-15],[-9,-26],[-13,-30],[-14,-25],[-16,-33],[-16,-28],[0,-2],[0,-1],[-5,-12],[-9,-20],[-4,-10],[-8,-16],[-20,-40],[-9,-18],[-3,-6],[0,-4],[-2,-6],[-2,-5],[-2,-3],[-6,-9],[-5,-13],[-6,-15],[-4,-8],[-1,-2],[0,-2],[0,-2],[0,-3],[-1,-3],[-3,-7],[-1,-3],[0,-4],[-1,-4],[-1,-4],[-4,-10],[-1,-1],[-1,0],[-1,-1],[0,-1],[1,-1],[0,-1],[-1,-1],[-1,0],[0,-1],[-1,-1],[0,-1],[0,-1],[-1,-2],[-2,-4],[-4,-11],[-6,-17],[0,-1],[-1,0],[-1,0],[-1,-3],[0,-1],[0,-1],[0,-1],[1,-1],[-1,-2],[-1,-2],[-2,-5],[-3,-7],[0,-1],[-1,0],[-1,0],[0,-1],[0,-2],[0,-1],[-1,-3],[-6,-14],[-6,-11],[-5,-10],[-4,-7],[-2,-4],[-2,-3],[-1,-3],[-2,-4],[0,-4],[0,-3],[1,-5],[1,-7],[-1,-6],[0,-5],[-1,-3],[-6,-13],[-1,-4],[0,-5],[0,-5],[-1,-13],[-2,-23],[0,-4],[0,-3],[1,-3],[0,-2],[-1,-4],[-1,-5],[-1,-3],[-1,-4],[1,-6],[1,-9],[1,-4],[5,-13],[2,-7],[1,-7],[0,-3],[0,-4],[1,-2],[1,-1],[1,-1],[2,-12],[2,-17],[0,-9],[-2,-20],[-4,-19],[-2,-8],[0,-2],[0,-2],[3,-2],[0,-1],[1,-2],[1,-4],[-1,-4],[-2,-14],[-5,-26],[-8,-29],[-1,-5],[0,-2],[0,-2],[1,-1],[1,-2],[1,-4],[0,-5],[-3,-16],[-6,-21],[-6,-22],[-4,-10],[-1,-3],[0,-1],[0,-2],[1,-2],[1,-1],[0,-6],[-1,-7],[-4,-17],[-3,-11],[-4,-24],[-1,-5],[-2,-4],[-1,-2],[-1,-1],[0,-3],[-1,-2],[1,-2],[1,-1],[1,0],[0,-2],[0,-2],[-2,-23],[-3,-26],[-6,-30],[-5,-25],[-5,-21],[-5,-28],[-6,-26],[-8,-34],[-6,-23],[-3,-17],[-3,-14],[-2,-15],[-2,-24],[-1,-17],[-2,-18],[-2,-15],[-3,-13],[-5,-22]],[[23280,68495],[-11,-37],[-13,-38],[-10,-27],[-9,-27],[-5,-22],[-7,-26],[-6,-20],[-10,-27],[-9,-27],[-12,-29],[-12,-31],[-10,-22],[-6,-17],[-6,-23],[-7,-25],[-4,-16],[-4,-13],[-4,-14],[-7,-24],[-5,-24],[-7,-37],[-4,-41],[-3,-28],[-9,-36],[-4,-20],[-4,-23],[-7,-23],[-7,-22],[-10,-29],[-11,-32],[-5,-20],[-9,-26],[-13,-46],[-9,-30],[-6,-27],[-10,-35],[-12,-49],[-10,-32],[-9,-31],[-9,-29],[-12,-37],[-7,-19],[-5,-22],[-8,-40],[-7,-40],[-4,-31],[-3,-26],[1,-6],[0,-9],[0,-9],[-4,-20],[-5,-27],[-6,-28],[-6,-32],[-6,-28],[-6,-32],[-5,-35],[-5,-60],[-5,-48],[-2,-33],[-3,-17],[-5,-18],[-10,-26],[-8,-21],[-9,-31],[-9,-33],[-12,-45],[-7,-23],[-10,-34],[-8,-28],[-11,-38],[-9,-33],[-8,-24],[-4,-25],[-8,-35],[-8,-29],[-6,-28],[-3,-22],[-6,-21],[-7,-25],[-6,-31],[-5,-26],[-2,-25],[1,-18],[3,-13],[3,-12],[4,-9],[2,-16],[0,-20],[-4,-27],[-2,-14],[-1,-4],[0,-1],[-1,-2],[-1,-1],[0,-1],[1,-2],[1,-2],[0,-2],[0,-5],[-1,-3],[0,-2],[-1,-1],[-1,-1],[0,-1],[0,-2],[2,-6],[2,-13],[1,-5],[0,-25],[-1,-19],[-1,-16],[-4,-24],[-5,-18],[-5,-12],[-2,-6],[0,-6],[-2,-17],[-2,-14],[-4,-20],[-5,-25],[-5,-20],[-4,-21],[-9,-33],[-8,-39],[-5,-25],[-3,-17],[-5,-18],[-2,-15],[-1,-10],[-6,-18],[-6,-17],[-7,-16],[-6,-12],[-2,-3],[-1,-1],[0,-3],[-1,-7],[-3,-19],[-5,-26],[-6,-23],[-5,-26],[-3,-23],[-2,-19],[-3,-19],[-2,-11],[-1,-8],[-2,-2],[-1,-1],[-1,-1],[0,-1],[0,-1],[1,-3],[1,-6],[1,-2],[0,-3],[-1,-2],[-1,-1],[-1,-2],[-1,0],[0,-1],[0,-2],[0,-5],[0,-3],[-1,-2],[-1,-2],[-2,-3],[0,-1],[0,-2],[1,-2],[0,-1],[0,-2],[-2,-7],[-3,-7],[-2,-2],[-1,-1],[0,-1],[0,-1],[1,-1],[1,0],[1,0],[0,-1],[1,-2],[1,-4],[0,-10],[0,-7],[-1,-5],[-2,-9],[-6,-24],[-5,-18],[-6,-19],[-2,-4],[-1,-1],[-1,-2],[0,-1],[1,-1],[0,-3],[0,-1],[-1,-5],[-3,-15],[-2,-8],[-1,-3],[-2,-5],[0,-3],[0,-5],[1,-10],[-1,-5],[-1,-4],[-3,-8],[-2,-4],[-2,-2],[-1,-2],[0,-3],[0,-3],[0,-4],[-1,-4],[-4,-10],[-7,-19],[-5,-15],[-9,-34],[-7,-22],[-7,-20],[-7,-21],[-7,-20],[-8,-22],[-4,-22],[-7,-27],[-5,-20],[-22,-75],[-10,-27],[-3,-13],[-2,-9],[0,-6],[0,-6],[-1,-4],[-1,-11],[-4,-12],[-2,-9],[-8,-21],[-5,-15],[-9,-22],[-5,-12],[-3,-11],[-1,-4],[0,-4],[-1,-11],[0,-9],[0,-3],[-1,-4],[-1,-4],[-3,-8],[-5,-15],[-11,-26],[-11,-34],[-6,-18],[-5,-13],[-6,-15],[-10,-26],[-13,-43],[-10,-38],[-12,-37],[-9,-26],[-10,-32],[-8,-22],[-8,-23],[-7,-27],[-1,-5],[0,-5],[0,-4],[0,-5],[-3,-11],[-3,-10],[-4,-10],[-3,-6],[-1,-5],[-2,-13],[-4,-15],[-7,-13],[-7,-14],[-4,-3],[-3,-3],[-2,-4],[-2,-6],[-2,-21],[0,-9],[0,-4],[0,-3],[1,-3],[1,-3],[0,-3],[-1,-2],[-7,-18],[-7,-15],[-9,-15],[-9,-16],[-8,-20],[-2,-10],[-1,-11],[-3,-12],[-7,-17],[-6,-16],[-6,-9],[-2,-2],[-2,-4],[-1,-9],[-2,-8],[-3,-4],[-3,-2],[0,-2],[0,-3],[1,-9],[0,-6],[0,-5],[-2,-9],[-5,-11],[-9,-12],[-6,-6],[-2,-6],[1,-13],[-2,-7],[-3,-3],[-2,-6],[0,-8],[3,-11],[1,-4],[1,-6],[0,-4],[-3,-11],[-5,-13],[-5,-6],[-4,-3],[-2,-2],[-1,-5],[0,-4],[3,-5],[3,-2],[5,-2],[2,-2],[1,-4],[0,-3],[0,-1],[1,-1],[1,0],[1,-1],[5,-10],[0,-6],[1,-8],[-2,-16],[-3,-23],[-3,-20],[-4,-14],[-5,-15],[-4,-7],[-3,-8],[-2,-4],[-1,-6],[1,-10],[0,-10],[0,-11],[0,-12],[0,-8],[-5,-16],[-4,-16],[-3,-8],[-2,-3],[-1,-1],[0,-1],[0,-2],[0,-4],[0,-5],[0,-7],[0,-6],[-2,-7],[-7,-19],[-2,-4],[-1,-2],[-3,-3],[-2,-4],[-1,-3],[0,-2],[-1,-1],[-1,-1],[-1,-1],[0,-1],[1,-3],[0,-3],[-3,-7],[-1,-1],[-1,-1],[-1,0],[-1,0],[0,-2],[1,-2],[1,-3],[0,-4],[0,-3],[-1,-2],[1,-1],[0,-5],[0,-4],[-2,-7],[-4,-13],[-6,-15],[-7,-20],[-7,-20],[-10,-25],[-5,-10],[-7,-14],[-7,-10],[-4,-6],[-5,-10],[-7,-14],[-9,-17],[-5,-14],[-2,-7],[0,-5],[-2,-10],[-2,-6],[-9,-17],[-7,-17],[-4,-14],[-2,-5],[-2,-4],[-3,-3],[-6,-9],[-4,-9],[-3,-12],[-3,-13],[-4,-8],[-4,-6],[-5,-4],[-3,-4],[-4,-5],[-6,-11],[-10,-19],[-3,-8],[-2,-7],[-1,-6],[0,-5],[1,-4],[0,-4],[1,-5],[0,-7],[-1,-7],[-1,-8],[1,-7],[-1,-2],[0,-1],[-1,-2],[0,-1],[1,-1],[1,0],[2,-1],[1,-4],[1,-4],[-2,-6],[-5,-14],[0,-1],[-1,0],[-1,1],[-1,0],[0,-2],[0,-1],[1,-3],[-1,-2],[-3,-9],[-9,-21],[-1,-2],[-2,-1],[-1,0],[-2,-1],[-1,-1],[-3,-6],[-2,-6],[-1,-2],[1,-2],[1,-3],[1,-3],[-1,-3],[-3,-9],[-5,-10],[-3,-6],[-3,-4],[-3,-3],[-2,-5],[-3,-6],[-1,-2],[-3,-3],[-4,-4],[-9,-11],[-2,-5],[-1,-3],[-1,-3],[-1,-12],[0,-9],[0,-2],[-1,-2],[-1,-3],[-1,-2],[-2,-6],[0,-9],[0,-3],[1,-2],[1,-2],[2,-3],[0,-2],[-1,-7],[0,-1],[-1,-1],[-1,-1],[-2,-1],[-2,-7],[-1,-6],[-1,-13],[-1,-12],[0,-2],[-1,-1],[-1,0],[-1,0],[-2,0],[-1,-1],[0,-1],[-1,-2],[0,-4],[1,-3],[1,-3],[0,-2],[0,-2],[-1,-3],[-2,-6],[-3,-5],[-2,-4],[-3,-2],[0,-1],[0,-1],[0,-1],[0,-6],[0,-1],[-1,0],[-1,0],[-1,0],[0,-1],[0,-2],[0,-1],[0,-1],[-1,-1],[0,-1],[0,-1],[0,-1],[0,-2],[-1,-1],[0,-1],[0,-1],[0,-2],[0,-1],[-1,-1],[-1,0],[0,-1],[0,-1],[0,-1],[-1,-1],[0,-1],[-1,0],[0,-1],[0,-1],[0,-1],[-1,0],[-1,-1],[-1,0],[0,-1],[0,-1],[0,-2],[0,-2],[0,-2],[-2,-1],[-1,-1],[-2,0],[-1,0],[-1,-1],[0,-2],[1,-3],[0,-1],[0,-2],[-1,0],[-2,-1],[-1,0],[0,-2],[0,-3],[1,-3],[0,-3],[-1,-2],[-2,-3],[-5,-6],[-3,-5],[-1,-2],[-1,-2],[0,-3],[-1,-2],[-2,-7],[-7,-15],[-8,-15],[-3,-4],[-3,-3],[-4,-3],[-3,-2],[-1,-4],[-1,-5],[1,-6],[2,-7],[1,-3],[0,-3],[-2,-7],[-1,-4],[-8,-12],[-2,-5],[-2,-3],[-2,-1],[-1,-2],[-2,-6],[-3,-8],[-7,-11],[-7,-9],[-8,-13],[-9,-20],[-5,-14],[-4,-11],[-3,-8],[-3,-5],[-2,-1],[-3,1],[-3,0],[-2,-3],[-1,-3],[0,-3],[1,-3],[2,-2],[3,-8],[1,-4],[-1,-5],[-2,-4],[-2,-3],[-2,0],[-3,-1],[-2,0],[0,-2],[0,-2],[1,-1],[1,-2],[1,-1],[0,-3],[-1,-4],[-1,-2],[-2,-2],[-1,-1],[-1,-1],[0,-3],[1,-1],[1,-3],[1,-4],[-1,-6],[-2,-8],[-2,-2],[-2,-1],[-3,-1],[-2,1],[-2,-1],[-1,-2],[0,-3],[0,-4],[-1,-4],[0,-3],[1,-1],[1,-2],[1,-4],[0,-4],[-1,-5],[-2,-3],[-2,-1],[-2,-2],[0,-3],[0,-3],[0,-10],[0,-7],[-2,-6],[-4,-10],[-8,-14],[-4,-9],[-2,-1],[-1,-1],[-3,0],[-1,0],[-1,-2],[1,-2],[1,-3],[0,-3],[0,-2],[-2,-2],[-2,-3],[-1,-4],[-2,-5],[-3,-3],[-3,-2],[-5,-1],[-1,0],[-4,-6],[-1,-2],[0,-4],[0,-4],[1,-6],[0,-3],[-1,-4],[0,-3],[1,-2],[1,-1],[4,-2],[1,-2],[0,-2],[0,-3],[-1,-4],[-3,-7],[-2,-1],[-2,-1],[-1,0],[-1,-1],[-1,-1],[1,-1],[0,-3],[0,-2],[0,-6],[-1,-5],[-2,-4],[-1,-1],[-2,-1],[-3,-1],[-2,-1],[-1,-1],[0,-4],[-1,-3],[1,-3],[0,-1],[3,-3],[2,-2],[1,-2],[-1,-3],[0,-3],[-1,-1],[-1,-1],[-1,-1],[-1,-2],[0,-4],[-1,-2],[-2,-2],[-2,-2],[-2,-1],[-1,-2],[-1,-1],[-1,-5],[0,-3],[0,-1],[0,-1],[0,-1],[0,-3],[-1,-6],[-1,-1],[-1,-1],[-1,0],[-1,0],[-1,-1],[0,-1],[0,-2],[0,-1],[0,-2],[0,-2],[-1,-5],[-1,-6],[1,-5],[-1,-3],[-2,-5],[-6,-11],[-6,-8],[-2,-4],[-2,-2],[-2,-2],[-2,-5],[-2,-8],[-1,-2],[0,-2],[1,-2],[1,-2],[0,-1],[-1,-1],[-2,-4],[-2,-4],[-3,-4],[-3,-7],[-4,-6],[-3,-4],[-3,-2],[-3,-3],[-4,-8],[-2,-1],[-2,-1],[-2,-1],[-1,-1],[-1,-2],[-2,-1],[-1,0],[-1,0],[0,-1],[0,-1],[0,-2],[1,-2],[2,-2],[1,-2],[0,-2],[0,-2],[-1,-2],[-1,0],[-3,0],[-2,-1],[-2,0],[-2,0],[-1,1],[-1,-1],[-1,-1],[0,-3],[0,-5],[-1,-3],[-1,-3],[-5,-13],[-1,-1],[0,-2],[0,-2],[0,-3],[-1,-2],[0,-3],[-1,-5],[0,-3],[-1,-3],[0,-3],[-5,-8],[-6,-11],[-9,-15],[-2,-4],[-1,-1],[-3,-2],[-4,-1],[-2,-1],[-1,-1],[-1,-2],[-1,-2],[0,-1],[0,-1],[0,-3],[0,-3],[0,-2],[-1,-3],[-4,-8],[-3,-6],[-2,-1],[-1,0],[-1,0],[-1,1],[-2,2],[-1,0],[-1,0],[-2,-2],[-2,-2],[0,-3],[0,-1],[1,-1],[1,0],[1,-2],[0,-2],[0,-1],[-1,-2],[-2,-3],[-1,0],[-1,0],[-1,0],[-1,0],[-1,-1],[1,-2],[1,-1],[0,-2],[1,-2],[-1,-1],[-1,-1],[-1,0],[-1,0],[-1,0],[-1,0],[-1,-1],[0,-3],[-1,-5],[0,-5],[0,-2],[-1,-2],[-3,-3],[-7,-12],[-4,-9],[-1,-7],[-4,-8],[-3,-6],[-3,-3],[-4,-5],[-1,-3],[-1,-2],[-4,-4],[-7,-6],[-3,-3],[-5,-8],[-9,-15],[-10,-18],[-10,-17],[-9,-14],[-9,-15],[-10,-17],[-11,-16],[-11,-19],[-7,-11],[-6,-8],[-7,-6],[-7,-8],[-5,-9],[-5,-11],[-8,-16],[-4,-7],[-4,-4],[-3,-1],[-4,1],[-1,-1],[-4,-2],[-5,0],[-3,0],[-2,0],[-3,-3],[-2,-5],[-1,-2],[0,-5],[-2,-4],[-1,-2],[-4,-4],[-2,-2],[0,-2],[-1,-3],[0,-2],[0,-2],[1,-1],[1,-2],[2,-5],[0,-1],[1,0],[1,-1],[1,-1],[1,-1],[0,-2],[0,-2],[-2,-4],[-4,-8],[-4,-6],[-8,-7],[-2,-2],[-1,-1],[-2,0],[-2,1],[-2,0],[-1,-1],[-2,-1],[-3,0],[-3,0],[-2,0],[-1,-1],[-1,-1],[1,-2],[0,-3],[1,-2],[5,-6],[1,-1],[1,-2],[0,-3],[-2,-5],[-1,-2],[-2,-1],[-1,-1],[-3,1],[-3,2],[-3,-1],[-3,-2],[-2,-1],[-1,-2],[-1,-3],[0,-2],[1,-3],[1,-2],[1,-1],[1,-2],[1,-3],[-1,-3],[-1,-2],[-3,-4],[-3,-1],[-3,-1],[-4,2],[-3,-1],[-2,-2],[-1,-3],[0,-4],[1,-3],[1,-3],[0,-3],[-1,-2],[-2,-1],[-2,-1],[-2,1],[-3,-1],[-2,-1],[0,-2],[0,-3],[-1,-3],[0,-1],[-1,-2],[-2,-2],[0,-1],[0,-2],[0,-2],[1,-4],[0,-3],[0,-3],[-1,-1],[-2,-1],[-3,1],[-3,-1],[-4,-2],[-6,-7],[-5,-8],[-4,-4],[-3,-2],[-3,0],[-3,1],[-2,0],[-3,-3],[-1,-3],[-1,-6],[1,-5],[-1,-4],[-1,-2],[-1,-1],[-1,0],[-1,0],[-2,0],[-1,-1],[-1,0],[-1,-1],[0,-3],[-1,-10],[0,-2],[1,-2],[1,-3],[0,-5],[0,-1],[-1,-1],[-1,0],[0,1],[-1,1],[-1,0],[-2,1],[-4,2],[-2,0],[-1,-2],[0,-2],[0,-1],[0,-3],[-1,-3],[-5,-11],[-8,-16],[-1,-2],[0,-2],[1,-4],[0,-4],[0,-3],[-1,-2],[0,-2],[0,-2],[1,-3],[1,-5],[0,-5],[-2,-3],[-1,-2],[-3,-1],[-4,0],[-3,-2],[-3,-1],[-2,-2],[-2,-7],[-3,-7],[-3,-8],[-2,-4],[-2,-1],[-2,-1],[-2,1],[-1,1],[-1,-1],[-1,-1],[-2,-3],[-2,-2],[-5,-2],[-7,0],[-3,-2],[-2,-3],[-3,-4],[-1,-1],[-1,-3],[0,-2],[0,-4],[1,-4],[0,-3],[0,-2],[-1,-3],[-3,-3],[-1,-3],[-1,-3],[1,-6],[1,-3],[0,-1],[-1,-1],[-1,0],[-3,0],[-2,0],[-2,0],[-1,1],[-2,0],[0,-1],[-1,-2],[0,-2],[-2,-1],[-3,-2],[-1,-1],[0,-3],[0,-2],[0,-1],[0,-1],[-1,-1],[-1,0],[-2,0],[-1,0],[-1,-2],[0,-4],[0,-3],[0,-2],[-2,-2],[-3,-4],[-4,-5],[-4,-5],[-4,-8],[-3,-10],[-4,-8],[-5,-7],[-3,-4],[-4,-3],[-3,-3],[-5,-9],[-5,-10],[-6,-8],[-6,-10],[-3,-8],[-4,-6],[0,-1],[0,-2],[0,-1],[-1,-1],[-1,-3],[-3,-3],[-4,-4],[-5,-6],[-4,-6],[-4,-7],[-5,-7],[-6,-8],[-5,-8],[-7,-10],[-7,-15],[-8,-11],[-3,-7],[-3,-4],[-3,-3],[-5,-4],[-2,-4],[-2,-6],[-4,-12],[-3,-13],[-2,-6],[-2,-4],[-3,-2],[-3,-1],[-1,-2],[-2,-3],[-2,-2],[-5,-4],[-3,-3],[-1,-4],[-1,-3],[0,-2],[-1,-3],[-2,-1],[-2,-1],[-1,-1],[-2,-4],[-1,-5],[-4,-4],[-3,-5],[-4,-5],[-2,-3],[-2,-4],[-1,-4],[-1,-2],[-2,-1],[-2,0],[-2,-1],[-3,-2],[-4,-4],[-3,-6],[-6,-9],[-2,-4],[-1,-4],[0,-4],[-1,-2],[-3,-2],[-2,-1],[-3,0],[-4,-3],[-1,-3],[0,-4],[-1,-1],[-2,-3],[-4,-3],[-4,-4],[-2,-3],[0,-2],[0,-3],[0,-3],[-1,-1],[-1,-2],[-2,0],[-3,1],[-2,0],[-5,-3],[-2,-3],[-5,-8],[-5,-8],[-5,-6],[-2,-3],[-1,-5],[1,-4],[0,-3],[-1,-2],[-3,-3],[-4,-4],[-4,-6],[-3,-5],[-3,-3],[-4,-1],[-6,-3],[-6,-6],[-4,-7],[-1,-3],[0,-5],[0,-3],[-1,-2],[-1,-1],[-2,-1],[-2,0],[-3,1],[-3,0],[-2,-1],[-2,0],[-1,-2],[-2,-5],[-3,-5],[-5,-9],[-4,-4],[-5,-6],[-3,-4],[-2,-4],[-1,-5],[-1,-3],[-1,-2],[-1,-1],[-3,-1],[-3,0],[-3,-2],[-2,-3],[-1,-3],[-1,-2],[-2,-2],[-2,-1],[-2,-2],[-5,-5]],[[20493,60092],[34,-80],[40,-95],[156,-281],[412,-638],[395,-537],[357,-531],[691,-685],[569,-496],[497,-279],[514,-268],[813,-400],[321,-253]],[[9840,43654],[-463,199],[-490,241],[-449,207],[-239,78],[-324,148],[-437,152],[-257,109],[-234,122],[-128,63],[-120,63],[-24,6]],[[6675,45042],[-4,18],[-2,13],[-1,7],[-1,10],[-1,7],[-2,6],[-2,7],[-1,5],[-3,9],[-2,7],[-4,13],[-5,14],[-5,13],[-5,12],[-6,16],[-6,11],[-2,3],[-3,4],[-3,3],[-1,5],[-9,31],[-3,4],[-2,14],[-2,10],[-1,1],[-2,0],[-31,-22],[-1,-2],[-2,0],[-1,1],[-1,2],[0,2],[0,3],[2,1],[2,1],[0,-1],[0,-1],[1,0],[21,15],[-10,34],[2,1],[-1,6],[6,5],[-2,5],[0,1],[-2,5],[0,1],[-2,6],[0,1],[-1,5],[-15,-9],[-1,-1],[4,-12],[0,-1],[0,-3],[-21,-14],[-1,2],[-1,1],[-2,4],[-5,-10],[-1,-3],[-1,-3],[0,-4],[0,-4],[0,-5],[17,-51],[1,-2],[2,0],[2,-3],[1,-3],[0,-3],[-1,-3],[-2,-1],[-2,-1],[-3,2],[-1,2],[-20,61],[-1,8],[1,6],[1,8],[3,6],[27,51],[3,7],[0,9],[1,1],[-3,6],[-1,5],[0,1],[-1,2],[0,2],[0,1],[-1,1],[-2,0],[-1,2],[-1,5],[-3,5],[0,1],[2,3],[0,3],[0,4],[0,3],[-1,5],[-4,11],[-1,5],[-1,4],[-4,9],[-5,8],[-4,6],[-2,4],[0,1],[-2,0],[-2,0],[-1,0],[-2,2],[-1,2],[0,3],[-1,1],[-1,2],[-1,4],[-5,4],[-5,4],[-5,2],[-4,0],[-3,-1],[-3,-1],[-2,-3],[-1,-2],[-1,-2],[0,-1],[1,-1],[2,-2],[1,-2],[0,-1],[0,-2],[0,-1],[-1,0],[-1,-1],[-1,0],[-2,2],[-1,2],[-5,10],[0,2],[-1,2],[1,3],[8,25],[2,9],[0,5],[0,4],[0,4],[-2,10],[-1,3],[-1,4],[-2,2],[-3,4],[-1,2],[0,2],[0,2],[2,2],[1,1],[1,2],[1,3],[1,5],[-1,4],[0,4],[0,3],[-1,5],[-1,3],[0,4],[1,4],[7,25],[10,42],[5,19],[6,22],[8,25],[6,18],[3,9],[2,9],[2,10],[2,14],[12,37],[7,31],[6,22],[6,22],[6,22],[6,22],[7,22],[8,24],[10,30],[5,13],[7,20],[4,14],[5,12],[3,8],[7,16],[6,17],[8,23],[12,36],[10,32],[7,20],[6,18],[3,8],[4,8],[3,7],[2,12],[3,22],[8,41],[4,15],[4,14],[10,32],[3,13],[3,15],[3,13],[4,12],[3,11],[4,14],[9,32],[5,17],[6,14],[7,14],[10,18],[6,12],[5,14],[6,14],[9,16],[6,12],[6,10],[5,11],[12,31],[11,31],[4,11],[0,5],[0,4],[0,5],[0,5],[1,5],[1,4],[6,16],[1,7],[1,7],[1,9],[3,15],[4,16],[3,12],[1,13],[0,7],[1,6],[2,7],[2,6],[2,6],[1,6],[0,9],[1,8],[2,5],[5,9],[7,15],[7,17],[8,19],[12,24],[22,41],[11,25],[7,15],[8,15],[12,18],[10,19],[11,25],[11,28],[14,30],[16,32],[11,20],[10,21],[13,22],[7,12],[9,15],[8,15],[7,18],[6,19],[13,32],[8,21],[12,38],[6,22],[8,20],[12,24],[12,21],[12,14],[15,17],[15,21],[18,30],[8,15],[11,24],[5,16],[7,26],[6,14],[6,12],[8,15],[1,7],[2,9],[2,11],[5,15],[7,18],[7,12],[6,9],[5,7],[4,10],[0,2],[-1,3],[0,1],[0,1],[0,1],[0,1],[1,0],[2,1],[1,3],[1,2],[0,1],[-1,2],[1,1],[1,1],[1,0],[3,2],[4,7],[7,13],[17,26],[5,11],[3,8],[0,5],[1,5],[2,5],[4,6],[3,4],[3,6],[4,11],[5,12],[5,12],[8,13],[9,15],[15,21],[6,9],[3,7],[7,13],[5,5],[17,22],[8,12],[8,18],[5,15],[5,13],[5,9],[8,15],[8,11],[19,35],[12,25],[13,29],[10,20],[4,13],[2,8],[1,12],[3,14],[3,12],[5,11],[6,11],[8,13],[15,20],[12,14],[28,30],[30,29],[19,18],[16,15],[20,25],[12,17],[13,22],[17,23],[16,23],[12,20],[7,18],[9,21],[12,23],[11,16],[13,16],[12,14],[6,10],[5,10],[3,16],[3,8],[19,25],[10,16],[11,16],[13,22],[12,20],[11,27],[6,16],[0,9],[-1,7],[-3,8],[-1,5],[1,5],[3,9],[7,10],[13,22],[8,15],[12,15],[10,11],[14,14],[15,12],[17,11],[19,10],[16,6],[22,9],[15,8],[10,3],[11,1],[13,0],[10,2],[15,5],[15,3],[10,-1],[18,-4],[15,-2],[17,2],[31,3],[24,3],[41,7],[23,4],[16,2],[31,4],[45,9],[31,9],[32,8],[20,4],[16,4]],[[8598,49265],[47,-177],[77,-367],[175,-562],[293,-959],[195,-1018],[157,-850],[136,-739],[112,-622],[50,-317]],[[16251,1739],[298,1313],[187,2059],[-11,1588],[262,2862],[129,2681],[107,2036],[-71,1467],[176,1831],[165,1907],[5,2255],[97,1828],[115,2073],[0,2000],[116,1379],[195,959],[454,1091],[152,1689],[156,1426],[-228,1215],[257,931]],[[18812,36329],[803,-677],[583,-851],[329,-337],[364,-570],[531,-451],[518,-201],[1007,-619],[770,-689],[795,-436],[1056,-191],[1067,-204],[674,-284],[522,-338],[478,-391],[548,-373],[941,-301],[685,105],[270,323],[242,599],[-40,718],[381,681],[413,438],[502,725],[425,588],[549,737],[680,745],[482,746],[652,864],[637,1271],[348,584],[437,827],[205,745],[207,919],[516,1432],[123,466],[272,606]],[[37784,43535],[497,359],[564,-572],[182,-616],[410,-580],[881,8],[1261,12],[918,8],[770,8],[1094,8],[716,2],[1030,10],[448,6]],[[46555,42188],[0,-650],[0,-23],[0,-108],[0,-885],[0,-856],[4,-854],[0,-8],[0,-885],[0,-863],[0,-877],[2,-387],[3,-476],[0,-885],[0,-862],[-14,-878],[0,-863],[5,-862],[0,-878],[0,-862],[0,-294],[0,-584],[4,-863],[0,-346],[0,-531],[0,-863],[0,-455],[0,-17],[0,-391],[5,-877],[0,-502],[0,-361],[0,-884],[-14,-856],[0,-884],[5,-863],[0,-878],[0,-550],[0,-312],[0,-878],[4,-862],[0,-878],[0,-863],[0,-877],[2,-453],[3,-410],[0,-877],[0,-863],[-14,-877],[0,-863],[0,-877],[5,-863],[0,-878],[0,-862],[4,-878],[0,-862],[0,-878],[0,-863],[0,-877],[5,-863],[0,-373],[-1812,796],[-1030,295],[-399,130],[-995,165],[-883,-148],[-645,-344],[-2391,-788],[-493,-154],[-669,-92],[-481,83],[-382,163],[-804,464],[-724,521],[-2006,1098],[-498,322],[-546,173],[-239,76],[-1860,640],[-1100,302],[-1360,-196],[-1441,-184],[-1449,-778],[-830,-423],[-1221,-865],[-2048,-783],[-767,-340],[-735,245],[-1230,740],[-1275,481]],[[18812,36329],[-529,461],[-806,819],[-973,1768],[-1013,641],[-1541,899],[-1475,1059],[-996,727],[-545,371],[-1094,580]],[[6675,45042],[4,-25],[3,-16],[2,-14],[3,-17],[1,-9],[5,-20],[2,-11],[2,-11],[2,-6],[1,-6],[1,-13],[1,-16],[2,-10],[1,-9],[4,-15],[3,-11],[2,-9],[2,-9],[2,-4],[1,-1],[1,-2],[0,-2],[0,-3],[1,-5],[1,-4],[0,-4],[0,-7],[-1,-15],[0,-12],[2,-12],[3,-10],[1,-7],[0,-11],[-1,-15],[-1,-12],[-1,-15],[-3,-18],[-1,-5],[-1,-5],[0,-6],[0,-8],[1,-6],[0,-9],[-1,-7],[-1,-5],[-1,-4],[0,-3],[1,-2],[0,-2],[0,-1],[-1,-7],[-2,-8],[-1,-7],[-1,-11],[-2,-12],[-1,-10],[-1,-9],[1,-7],[1,-5],[-1,-5],[-2,-7],[-1,-9],[0,-12],[0,-9],[0,-4],[-3,-16],[0,-9],[1,-9],[-1,-5],[-2,-12],[-1,-8],[0,-10],[0,-9],[0,-7],[-3,-15],[0,-5],[1,-3],[1,-4],[1,-6],[0,-4],[-3,-23],[-3,-18],[-3,-16],[-2,-11],[-2,-6],[-3,-5],[-2,-3],[-1,-2],[0,-3],[1,-5],[1,-3],[0,-6],[-3,-12],[-5,-23],[-2,-4],[-3,-3],[-1,-2],[0,-2],[0,-2],[2,-3],[1,-4],[-1,-4],[-2,-6],[-2,-5],[-3,-7],[-2,-9],[-1,-6],[0,-4],[2,-4],[1,-4],[1,-5],[-1,-9],[-2,-10],[0,-5],[1,-4],[0,-6],[-1,-14],[0,-3],[1,-3],[1,-3],[1,-2],[0,-4],[-2,-7],[0,-1],[1,-3],[1,-2],[0,-3],[0,-5],[-2,-9],[-4,-10],[-1,-4],[0,-4],[1,-4],[2,-6],[0,-4],[0,-12],[-2,-34],[1,-16],[1,-9],[3,-7],[9,-14],[2,-5],[2,-7],[1,-11],[-4,-21],[-3,-12],[-2,-10],[-1,-7],[1,-9],[0,-12],[-2,-11],[-4,-13],[0,-5],[0,-3],[2,-7],[1,-8],[1,-4],[-1,-1],[0,-2],[1,-1],[0,-1],[1,-3],[0,-6],[0,-13],[-1,-10],[1,-11],[0,-6],[-2,-7],[-3,-7],[-1,-2],[-1,-2],[0,-1],[-1,-3],[0,-2],[0,-2],[2,-4],[1,-1],[0,-1],[0,-3],[0,-2],[-2,-6],[-1,-8],[0,-6],[0,-4],[2,-7],[2,-10],[2,-18],[0,-17],[0,-18],[0,-8],[1,-4],[1,-8],[1,-5],[1,-3],[-1,-5],[-1,-3],[-1,-2],[-1,-3],[0,-3],[1,-2],[-1,-8],[0,-3],[1,-2],[-1,-3],[0,-1],[-2,-2],[0,-3],[-1,-2],[1,-3],[1,-3],[2,-4],[1,-3],[-1,-4],[0,-4],[-1,-7],[1,-6],[1,-9],[2,-8],[0,-14],[0,-9],[1,-10],[3,-9],[4,-12],[4,-13],[3,-11],[2,-9],[1,-9],[-1,-6],[-1,-7],[0,-7],[2,-10],[2,-12],[0,-16],[-4,-30],[0,-6],[1,-6],[1,-4],[2,-6],[1,-6],[-1,-6],[-3,-21],[-8,-33],[-3,-21],[-6,-24],[-6,-18],[-4,-11],[-2,-10],[-2,-10],[-4,-17],[-6,-26],[-5,-17],[-6,-16],[-4,-14],[-3,-13],[-6,-20],[-8,-26],[-5,-18],[-4,-11],[-4,-12],[-3,-12],[-2,-16],[-1,-24],[-2,-14],[0,-11],[1,-9],[3,-18],[2,-20],[4,-23],[4,-24],[1,-19],[0,-22],[-2,-22],[-4,-23],[-5,-19],[-6,-16],[-5,-25],[-7,-23],[-4,-14],[-1,-8],[-1,-9],[-1,-9],[-3,-17],[-3,-17],[-2,-35],[0,-32],[0,-16],[1,-9],[2,-13],[0,-17],[-2,-23],[-4,-21],[-6,-59],[-2,-35],[-8,-54],[-7,-26],[-5,-23],[-6,-30],[-7,-24],[-9,-31],[-5,-22],[-3,-20],[0,-22],[1,-18],[2,-7],[1,-9],[0,-8],[-2,-7],[-6,-12],[-10,-23],[-17,-31],[-9,-19],[-10,-23],[-7,-19],[-6,-15],[-6,-16],[-5,-14],[-7,-42],[-7,-38],[-5,-16],[-6,-15],[-7,-13],[-14,-28],[-11,-22],[-12,-23],[-14,-35],[-13,-36],[-4,-17],[-2,-21],[-3,-17],[-6,-25],[-12,-43],[-4,-21],[-4,-20],[-4,-16],[-4,-14],[-7,-18],[-8,-30],[-7,-22],[-5,-28],[-3,-27],[-2,-27],[0,-27],[-3,-29],[-3,-25],[-4,-19],[-7,-31],[-3,-17],[-2,-15],[-1,-12],[-3,-16],[-5,-22],[-11,-30],[-13,-27],[-11,-23],[-15,-30],[-9,-17],[-9,-15],[-9,-14],[-15,-22],[-17,-24],[-8,-10],[-5,-8],[-2,-7],[-5,-17],[-10,-27],[-9,-27],[-10,-27],[-5,-18],[-4,-18],[-4,-29],[-6,-39],[-8,-43],[-6,-27],[-5,-16],[-2,-12],[-2,-13],[-3,-20],[0,-26],[1,-20],[1,-10],[3,-7],[3,-10],[2,-14],[-1,-20],[-4,-38],[-3,-17],[-5,-21],[-6,-18],[-6,-22],[-7,-24],[-11,-33],[-10,-33],[-7,-16],[-4,-8],[-5,-10],[-6,-24],[-9,-43],[-5,-21],[-5,-26],[-4,-13],[-7,-17],[-22,-45],[-6,-16],[-7,-25],[-8,-25],[-6,-16],[-10,-28],[-23,-65],[-13,-36],[-17,-41],[-16,-41],[-12,-32],[-12,-28],[-30,-72],[-18,-54],[-11,-31],[-11,-31],[-16,-47],[-13,-32],[-10,-25],[-10,-23],[-10,-21],[-10,-27],[-8,-19],[-6,-14],[-20,-43],[-13,-30],[-8,-18],[-8,-20],[-11,-30],[-12,-37],[-11,-39],[-8,-23],[-8,-23],[-12,-28],[-13,-30],[-8,-25],[-9,-28],[-2,-9],[-1,-12],[-1,-14],[-2,-10],[-2,-10],[1,-9],[2,-13],[3,-17],[1,-18],[1,-15],[0,-10],[-2,-11],[-3,-11],[-4,-12],[-7,-21],[-6,-17],[-7,-21],[-4,-15],[-2,-9],[-2,-17],[-2,-14],[-7,-26],[-5,-20],[-5,-21],[-7,-20],[-8,-18],[-8,-17],[-7,-17],[-4,-9],[-4,-14],[-4,-9],[-7,-13],[-17,-29],[-8,-14],[-16,-27],[-9,-15],[-9,-19],[-9,-16],[-6,-12],[-11,-23],[-4,-10],[-2,-9],[-1,-10],[-1,-10],[-1,-8],[-4,-12],[-7,-18],[-7,-18],[-6,-12],[-5,-10],[-11,-20],[-14,-23],[-15,-24],[-12,-18],[-12,-18],[-9,-12],[-8,-12],[-9,-12],[-10,-16],[-6,-13],[-3,-9],[-2,-8],[-3,-9],[-4,-11],[-3,-8],[-4,-8],[-9,-17],[-5,-15],[-3,-6],[-3,-6],[-5,-10],[-3,-10],[-3,-7],[-6,-10],[-4,-9],[-5,-12],[-4,-9],[-4,-11],[-5,-10],[-5,-18],[-2,-11],[-2,-12],[-1,-5],[0,-7],[0,-6],[-2,-6],[-3,-8],[-7,-14],[-6,-8],[-6,-11],[-6,-9],[-8,-11],[-6,-11],[-4,-6],[-5,-6],[-5,-7],[-7,-12],[-7,-11],[-6,-9],[-4,-7],[-4,-12],[-5,-18],[-3,-12],[-4,-14],[-4,-10],[-4,-13],[-5,-17],[-6,-22],[-3,-12],[-2,-9],[-3,-18],[-3,-11],[-3,-8],[-6,-13],[-1,-2],[-2,-2],[-1,-1],[-1,0],[-1,-1],[0,-3],[-1,-3],[-3,-8],[-5,-14],[-4,-13],[-2,-5],[-2,-2],[-2,-2],[-1,-1],[0,-2],[-1,-5],[-2,-6],[-3,-9],[-9,-17],[-6,-13],[-4,-7],[-5,-6],[-2,-5],[-2,-7],[-2,-6],[-2,-7],[-4,-8],[-5,-7],[-7,-8],[-5,-9],[-10,-15],[-3,-3],[-2,-1],[-4,-2],[-2,-2],[0,-2],[0,-3],[-2,-5],[-3,-5],[-6,-10],[-1,-1],[-1,0],[-1,0],[-2,-1],[-2,-3],[-1,-3],[-1,-3],[0,-2],[1,-1],[1,-1],[0,-2],[-1,-2],[-7,-12],[-7,-10],[-7,-9],[-6,-13],[-7,-11],[-5,-6],[-1,-1],[-1,-3],[-2,-3],[-2,-3],[-1,-1],[-2,-2],[-1,-2],[-1,-2],[0,-3],[-3,-4],[-3,-5],[-2,-1],[-1,0],[-1,0],[-1,-1],[0,-1],[0,-3],[-1,-5],[-1,-4],[-2,-7],[-5,-7],[-2,-4],[-1,-4],[0,-7],[-1,-6],[-1,-3],[-1,-2],[-3,-2],[-1,0],[-1,-1],[0,-1],[0,-2],[0,-1],[0,-2],[-1,-1],[-1,-1],[0,-1],[0,-1],[0,-2],[-1,-1],[-1,-1],[-1,0],[-1,-1],[0,-1],[0,-2],[0,-2],[-1,-1],[-1,0],[0,-1],[0,-1],[1,-1],[0,-1],[0,-2],[-1,-1],[-2,-1],[-1,-2],[-5,-10],[-4,-4],[-1,-1],[-1,0],[-1,-1],[0,-2],[1,-1],[0,-1],[-1,-1],[-1,-1],[0,-2],[0,-1],[0,-1],[-1,-1],[-1,0],[-1,0],[0,-1],[0,-1],[0,-1],[0,-1],[0,-2],[-1,-2],[-3,-7],[-3,-7],[-4,-11],[-3,-8],[-5,-8],[-1,-1],[-2,-2],[-2,-3],[0,-5],[-3,-7],[-6,-14],[-4,-9],[-4,-9],[-4,-7],[-3,-5],[-4,-4],[-5,-3],[-3,-3],[-4,-4],[-2,-4],[-2,-6],[-1,-7],[0,-7],[-2,-6],[-3,-5],[-6,-7],[-7,-7],[-6,-5],[-5,-3],[-3,-3],[-3,-5],[-3,-4],[-2,-6],[-4,-6],[-7,-8],[-11,-8],[-22,-17],[-23,-18],[-14,-11],[-14,-10],[-8,-6],[-6,-6],[-4,-5],[-5,-8],[-3,-6],[-3,-6],[-4,-5],[-7,-6],[-8,-7],[-11,-11],[-9,-8],[-9,-7],[-7,-8],[-6,-6],[-6,-7],[-7,-5],[-8,-7],[-8,-7],[-8,-7],[-9,-8],[-6,-8],[-6,-11],[-13,-23],[-16,-30],[-7,-16],[-5,-16],[-7,-31],[-7,-23],[-3,-15],[-1,-11],[1,-11],[3,-17],[-1,-19],[0,-15],[0,-18],[0,-13],[-3,-24],[-1,-22],[0,-55],[-1,-15],[-2,-12],[-5,-22],[-8,-35],[-5,-30],[-6,-30],[-3,-26],[-5,-26],[-7,-23],[-7,-25],[-3,-11],[-1,-6],[1,-5],[1,-6],[2,-8],[0,-10],[-2,-21],[-2,-22],[-5,-37],[-6,-39],[-5,-21],[-6,-20],[-8,-21],[-7,-22],[-9,-22],[-8,-25],[-5,-17],[-2,-15],[-2,-25],[-3,-19],[-4,-20],[-4,-11],[0,-6],[0,-10],[0,-7],[-3,-19],[-5,-22],[-7,-14],[-3,-5],[0,-4],[0,-6],[0,-7],[0,-8],[-2,-7],[-2,-9],[0,-4],[0,-3],[2,-4],[1,-4],[0,-8],[-4,-36],[-7,-38],[-10,-46],[-5,-29],[-4,-12],[-4,-19],[-3,-17],[-6,-39],[-4,-14],[-6,-19],[-2,-17],[-5,-21],[-3,-18],[-2,-38],[-4,-13],[-6,-13],[-6,-12],[-4,-9],[-6,-13],[-5,-12],[-4,-14],[-3,-13],[-2,-12],[-3,-15],[-2,-6],[-2,-8],[-5,-10],[-6,-10],[-4,-8],[-3,-15],[-3,-17],[-1,-14],[-1,-12],[-1,-6],[-3,-6],[-3,-8],[-2,-9],[-1,-11],[-4,-11],[-5,-10],[-4,-13],[-4,-16],[-3,-12],[-2,-6],[-2,-2],[-3,-3],[-3,-5],[-1,-3],[-1,-5],[-1,-9],[-1,-4],[0,-6],[-1,-9],[0,-6],[0,-3],[0,-4],[0,-2],[-1,-2],[-1,-2],[0,-3],[1,-3],[0,-2],[-1,-2],[0,-3],[0,-2],[1,-4],[-1,-4],[-2,-5],[-2,-5],[-3,-4],[-1,-3],[0,-5],[1,-7],[0,-3],[-1,-3],[-2,-3],[-1,-3],[-1,-4],[0,-6],[-1,-4],[-2,-6],[-5,-7],[-1,-7],[-1,-9],[1,-12],[2,-13],[-1,-8],[-4,-26],[-4,-15],[-2,-8],[-2,-7],[-2,-5],[-3,-3],[-5,-5],[-3,-6],[-3,-11],[-2,-12],[0,-12],[-1,-17],[-1,-37],[0,-6],[0,-5],[1,-5],[1,-6],[0,-3],[0,-2],[-1,-2],[-1,0],[0,-2],[0,-1],[1,-1],[1,-2],[0,-1],[0,-2],[-1,0],[-1,-1],[0,-1],[0,-1],[1,-1],[0,-1],[0,-1],[0,-4],[-1,-7],[0,-5],[1,-5],[0,-5],[0,-5],[-1,-5],[1,-3],[1,-3],[0,-2],[0,-2],[0,-2],[1,-2],[2,-5],[0,-5],[0,-11],[-1,-11],[-1,-11],[-1,-10],[1,-4],[1,-3],[0,-6],[-1,-5],[-2,-9],[-5,-9],[-1,0],[-1,-1],[-1,-1],[-1,-2],[-1,-6],[0,-5],[0,-3],[1,-3],[1,-2],[0,-3],[-1,-1],[0,-1],[0,-1],[0,-2],[0,-3],[-2,-11],[-3,-9],[-2,-7],[-1,-1],[-2,0],[-1,0],[0,-1],[0,-1],[0,-1],[-1,-1],[-1,-1],[-2,0],[-1,0],[0,-1],[0,-1],[0,-1],[1,-1],[1,0],[2,-1],[1,-2],[1,-2],[0,-3],[0,-2],[0,-2],[-1,-2],[0,-1],[1,-4],[0,-3],[0,-5],[-1,-4],[-2,-2],[-2,-1],[-1,-1],[-1,-2],[0,-2],[1,-1],[0,-2],[0,-3],[-1,-3],[-1,-4],[-2,-3],[-2,-9],[-3,-15],[-3,-12],[-4,-9],[-2,-3],[-1,-1],[-2,0],[-1,0],[-1,-1],[-1,-1],[0,-1],[1,-3],[2,-3],[0,-2],[0,-1],[0,-2],[-1,-1],[-1,-1],[-2,1],[-1,-1],[-1,-1],[0,-1],[0,-3],[1,-3],[2,-6],[2,-6],[2,-6],[0,-4],[0,-3],[-2,-5],[-1,-2],[-1,-1],[-1,0],[-3,0],[-2,-1],[-1,-1],[-1,-1],[0,-1],[1,-1],[2,-1],[2,-2],[1,-2],[0,-4],[0,-5],[0,-1],[0,-2],[1,-3],[1,-7],[0,-4],[-1,-6],[-2,-5],[-2,-5],[0,-3],[0,-3],[0,-4],[0,-6],[0,-1],[0,-2],[-1,-1],[0,-1],[1,-1],[1,-2],[0,-1],[-1,-1],[-1,-1],[0,-1],[1,-1],[2,-3],[1,-2],[1,-2],[0,-3],[-1,-4],[0,-2],[1,-2],[0,-1],[3,-5],[1,-3],[0,-3],[-1,-2],[-1,-1],[0,-1],[-1,0],[-1,0],[-1,0],[0,-1],[1,-1],[1,0],[1,-1],[2,0],[1,0],[1,-1],[1,-2],[1,-4],[-1,-5],[0,-6],[-3,-12],[-3,-9],[0,-6],[-1,-5],[0,-6],[-2,-5],[-1,-3],[-4,-9],[-4,-15],[-11,-32],[-5,-17],[-6,-20],[-5,-26],[-3,-12],[-3,-12],[-2,-10],[-4,-7],[-2,-1],[-2,-3],[-1,-6],[-2,-5],[-3,-5],[-5,-7],[-4,-14],[-5,-19],[-3,-18],[-3,-15],[-5,-12],[-6,-6],[-3,-4],[-1,-2],[-1,-5],[1,-5],[-1,-7],[-4,-19],[-7,-15],[-4,-8],[-3,-9],[-1,-8],[0,-9],[-2,-9],[-8,-20],[-12,-27],[-5,-8],[-3,-4],[-2,-2],[-1,-1],[-1,-1],[-1,0],[-2,0],[0,-1],[0,-1],[0,-1],[0,-1],[-1,-2],[-1,-1],[-1,-1],[-1,0],[0,-1],[0,-1],[0,-1],[0,-1],[1,-1],[0,-1],[0,-1],[0,-1],[-1,-3],[-1,-2],[-1,-1],[-1,0],[-2,2],[-1,-1],[1,-1],[0,-2],[0,-1],[0,-2],[-1,-2],[-1,-2],[-2,-1],[-3,-1],[-3,1],[-1,0],[-1,-2],[1,-3],[2,-4],[6,-13],[8,-19],[3,-10],[1,-13],[-2,-16],[-2,-26],[0,-16],[-1,-17],[-3,-21],[-1,-16],[-2,-23],[-1,-21],[0,-13],[-4,-22],[-10,-40],[-8,-29],[-5,-19],[-5,-18],[-5,-15],[-8,-23],[-6,-17],[-6,-15],[-10,-26],[-5,-16],[-10,-36],[-4,-15],[-6,-20],[-2,-9],[0,-8],[0,-12],[-1,-8],[-5,-15],[-4,-12],[-4,-11],[-6,-14],[-11,-23],[-9,-16],[-16,-31],[-7,-14],[-7,-16],[-12,-30],[-4,-16],[-2,-17],[0,-18],[3,-17],[5,-15],[4,-9],[5,-10],[4,-14],[3,-11],[2,-10],[1,-12],[1,-18],[-1,-28],[1,-10],[0,-15],[-1,-15],[-2,-21],[-2,-24],[-3,-11],[-3,-6],[-1,-7],[1,-8],[2,-9],[3,-22],[0,-12],[0,-12],[-3,-22],[-2,-16],[-1,-14],[-1,-9],[-2,-10],[-3,-13],[-2,-7],[-3,-7],[-1,-6],[0,-3],[2,-4],[2,-5],[1,-7],[0,-8],[-2,-9],[-1,-13],[1,-11],[0,-9],[-1,-11],[-2,-15],[-3,-17],[-1,-12],[0,-13],[0,-15],[-1,-7],[-1,-5],[0,-1],[0,-2],[2,-2],[3,-6],[3,-11],[2,-15],[1,-10],[1,-12],[3,-12],[4,-10],[3,-5],[2,-5],[2,-9],[0,-5],[-1,-6],[-1,-4],[0,-5],[2,-10],[1,-9],[1,-6],[2,-9],[-1,-2],[-1,-3],[0,-3],[0,-4],[1,-5],[-1,-6],[-2,-6],[-3,-5],[-2,-5],[1,-7],[2,-10],[-1,-12],[-1,-8],[-2,-9],[-1,-9],[1,-14],[0,-7],[-3,-10],[-1,-11],[0,-15],[0,-37],[-2,-17],[-1,-10],[-4,-15],[-2,-13],[-4,-29],[-8,-36],[-1,-14],[-2,-15],[-3,-12],[-1,-8],[-3,-10],[-3,-12],[-1,-8],[-2,-11],[-4,-16],[-2,-12],[-1,-13],[-2,-12],[-3,-18],[-3,-16],[-5,-14],[-5,-10],[-2,-9],[-3,-11],[-3,-12],[-8,-41],[0,-13],[0,-5],[0,-7],[0,-11],[0,-8],[-1,-9],[-4,-12],[-4,-15],[-4,-14],[-5,-14],[-9,-24],[-2,-10],[-4,-5],[-2,-5],[0,-7],[1,-13],[0,-8],[-2,-7],[-8,-20],[-7,-16],[-6,-13],[-3,-4],[-1,-8],[-1,-13],[-3,-10],[-11,-28],[-4,-16],[-2,-3],[0,-3],[0,-4],[1,-9],[1,-3],[-1,-4],[-3,-14],[-1,-10],[0,-6],[0,-8],[1,-4],[1,-5],[-1,-4],[-1,-4],[-1,-3],[-2,-2],[-1,-4],[-4,-21],[-3,-18],[-5,-24],[-3,-21],[-4,-26],[-1,-13],[-3,-9],[-4,-10],[-7,-12],[-5,-10],[-4,-8],[-7,-11],[-9,-18],[-9,-20],[-7,-23],[-9,-22],[-6,-11],[-3,-3],[-1,-2],[0,-3],[-1,-4],[-2,-3],[-3,-4],[-2,-4],[-2,-9],[-3,-11],[-8,-19],[-2,-9],[-1,-11],[0,-5],[0,-6],[-2,-3],[-3,-3],[-1,-2],[-1,-4],[1,-6],[0,-6],[-1,-3],[-2,-3],[-5,-3],[-2,-2],[-1,-2],[-1,-3],[-1,-9],[-1,-11],[0,-9],[-3,-10],[-7,-16],[-10,-16],[-12,-19],[-8,-13],[-5,-8],[-3,-5],[-2,-6],[0,-7],[0,-6],[0,-5],[-1,-5],[-4,-6],[-2,-2],[-2,0],[-1,0],[-1,1],[-1,-1],[0,-1],[1,-1],[0,-1],[0,-2],[-1,-2],[-1,-7],[-1,-7],[-1,-7],[0,-5],[-1,-9],[-1,-9],[0,-12],[-3,-14],[-1,-9],[-1,-3],[-2,-2],[-2,-2],[-1,-2],[-1,-3],[0,-6],[0,-4],[0,-3],[0,-1],[0,-1],[0,-1],[1,-2],[0,-2],[0,-3],[-1,-4],[-2,-3],[-2,-4],[-4,-6],[-2,-7],[-4,-8],[-5,-14],[-6,-11],[-4,-14],[-3,-7],[-4,-17],[-3,-12],[-3,-11],[-3,-10],[-5,-11],[-3,-7],[-5,-9],[-4,-9],[-6,-13],[-5,-6],[-1,-3],[0,-3],[-2,-11],[-4,-11],[-3,-7],[-3,-11],[-2,-14],[-1,-10],[0,-11],[0,-10],[-5,-14],[-3,-14],[-5,-19],[-5,-16],[-3,-11],[-3,-11],[-1,-7],[-4,-8],[-3,-9],[-3,-10],[-3,-9],[-4,-14],[-2,-12],[-3,-16],[-5,-21],[-9,-24],[-7,-17],[-8,-12],[-5,-13],[-5,-11],[-4,-11],[-14,-28],[-8,-12],[-5,-10],[-5,-10],[-4,-7],[-5,-9],[-6,-8],[-6,-11],[-6,-8],[-7,-11],[-7,-13],[-6,-11],[-10,-11],[-7,-6],[-7,-8],[-3,-6],[-3,-9],[-3,-9],[-5,-7],[-5,-6],[-4,-8],[-4,-10],[-7,-22],[-2,-6],[-6,-6],[-1,-6],[-2,-8],[-1,-4],[0,-4],[1,-6],[0,-6],[0,-6],[-2,-6],[-4,-8],[-3,-4],[-3,-4],[-3,-9],[-4,-8],[-3,-11],[-1,-13],[1,-8],[0,-7],[-2,-5],[-2,-3],[-2,-5],[-1,-3],[0,-6],[-1,-8],[-5,-11],[-6,-11],[-6,-5],[-2,-3],[-5,-11],[-5,-10],[-3,-4],[-1,-4],[-1,-10],[-2,-3],[-1,-2],[-2,-2],[-1,-4],[-2,-4],[-2,-5],[-3,-4],[-2,-5],[-2,-7],[-2,-3],[-2,-4],[-2,-3],[-3,-3],[-1,-3],[-1,-3],[-1,-5],[-2,-4],[-12,-12],[-4,-5],[-2,-4],[-1,-4],[-3,-5],[-8,-12],[-6,-7],[-4,-4],[-3,-5],[-2,-5],[-2,-3],[-1,-3],[-3,-3],[-5,-8],[-5,-9],[-2,-8],[-2,-5],[-1,-3],[-2,-4],[-2,-3],[-3,-5],[-2,-3],[-4,-3],[-3,-5],[-1,-2],[-1,-3],[-1,-4],[-2,-4],[-7,-12],[-3,-6],[-1,-3],[-1,-4],[-3,-5],[-5,-8],[-6,-8],[-8,-8],[-11,-10],[-4,-4],[-1,-1],[-1,0],[-2,0],[-1,-1],[0,-1],[0,-2],[0,-2],[0,-1],[-1,-1],[-2,0],[-2,-1],[-4,-2],[-7,-6],[-5,-6],[-4,-8],[-2,-7],[-1,-8],[-3,-6],[-4,-4],[-5,-4],[-2,-4],[-3,-6],[-2,-7],[-2,-7],[-3,-7],[-3,-4],[-6,-6],[-4,-4],[-3,-5],[-2,-1],[-2,-2],[-2,-4],[-2,-7],[-2,-4],[-2,-11],[-1,-6],[-3,-4],[-2,-2],[-1,-3],[-1,-4],[-2,-6],[-3,-4],[-4,-3],[-2,-4],[-1,-4],[-1,-2],[0,-2],[-1,-1],[-4,-2],[-5,-2],[-7,-5],[-3,-3],[-2,-2],[0,-4],[-1,-4],[-1,-11],[-4,-10],[-4,-9],[-4,-9],[-2,-6],[-2,-4],[-6,-10],[-1,-1],[-1,-1],[-1,0],[-1,0],[-1,-1],[-4,-3],[-2,-2],[-1,0],[-1,0],[-1,-1],[0,-1],[-1,-2],[-1,-3],[-2,-7],[-5,-7],[-3,-4],[-1,-3],[0,-3],[0,-5],[0,-4],[-2,-6],[-3,-3],[-2,-2],[-2,0],[-1,-1],[-1,-1],[-1,-4],[-3,-8],[-2,-3],[-3,-3],[-2,-3],[-2,-4],[-2,-5],[-2,-6],[-2,-3],[-2,-1],[-4,-3],[-3,-5],[-2,-4],[-1,-6],[-4,-7],[-9,-15],[-4,-7],[-2,-5],[-5,-10],[-4,-9],[-3,-5],[-4,-4],[-6,-4],[-7,-4],[-2,-1],[0,-2],[0,-6],[0,-2],[-1,-2],[-1,0],[-1,0],[-2,2],[-1,0],[-2,-3],[-4,-5],[-3,-4],[-2,-4],[-2,-7],[-2,-6],[-3,-3],[-2,-2],[-1,-1],[-1,-1],[0,-2],[-2,-4],[-3,-2],[-4,-1],[-2,-2],[-2,-3],[-1,-5],[-1,-8],[-2,-9],[-3,-9],[-3,-4],[-2,-2],[-5,-3],[-2,-3],[-1,-3],[-1,-8],[-1,-15],[-1,-15],[0,-5],[-1,-2],[-1,-1],[0,-2],[-1,-4],[0,-1],[0,-1],[-2,-2],[-1,-2],[-2,-3],[-1,-8],[-3,-8],[-4,-6],[-1,-1],[-1,-1],[0,-3],[-1,-2],[-2,-6],[-6,-12],[-5,-12],[-6,-9],[-7,-8],[-10,-14],[-4,-5],[-2,-1],[-2,-1],[-2,-1],[-1,-1],[0,-1],[0,-1],[0,-4],[-1,-5],[-2,-4],[-1,-3],[-3,-2],[-2,0],[-2,1],[-1,-1],[-6,-9],[-1,-1],[1,-3],[0,-2],[1,-3],[0,-3],[-1,-5],[-3,-5],[-3,-2],[-2,-1],[-2,1],[-2,-1],[0,-2],[-1,-3],[-2,-4],[-3,-3],[-1,-3],[0,-4],[-1,-4],[-3,-5],[-3,-7],[-1,-3],[1,-3],[-1,-2],[-2,-2],[-1,-1],[-1,-1],[0,-2],[-1,-2],[-2,-1],[-1,-2],[1,-3],[1,-4],[0,-4],[0,-7],[-4,-7],[-3,-8],[-2,-2],[-2,-1],[-2,-2],[0,-3],[0,-5],[0,-3],[-1,-4],[-2,-3],[-4,-4],[-3,-4],[-3,-2],[-4,-3],[-2,-3],[-8,-22],[-4,-8],[-4,-10],[-2,-8],[0,-10],[1,-10],[4,-15],[0,-8],[-1,-4],[-2,-5],[-2,-5],[0,-5],[0,-4],[2,-19],[0,-3],[-1,-4],[-1,-2],[-3,-3],[-4,-3],[-1,-1],[-1,-2],[-1,-3],[0,-3],[0,-5],[2,-8],[1,-6],[-1,-5],[0,-3],[0,-3],[1,-3],[0,-3],[-1,-2],[-4,-8],[-4,-7],[-2,-3],[0,-5],[0,-5],[-1,-4],[-2,-3],[-2,-1],[-1,-2],[0,-2],[-2,-7],[-3,-11],[-2,-6],[-8,-14],[-6,-8],[-2,-7],[-3,-8],[-1,-8],[0,-2],[-1,-3],[0,-2],[-2,-2],[-1,-1],[-2,1],[-1,0],[-2,-1],[-3,-3],[-3,-6],[-3,-4],[-3,-5],[-3,-2],[-3,-2],[-2,-3],[-2,-6],[-1,-3],[-1,-7],[-3,-8],[-4,-8],[-2,-6],[-2,-12],[-1,-5],[-3,-6],[-3,-1],[-1,0],[-2,1],[-1,0],[-1,0],[-1,-1],[0,-2],[0,-1],[1,-3],[-1,-3],[-2,-6],[-6,-7],[-5,-7],[-2,-5],[-2,-6],[-2,-4],[-1,-2],[-1,-3],[1,-3],[0,-2],[-1,-3],[-2,-1],[-1,1],[-1,-1],[-1,-1],[0,-2],[0,-2],[-1,-4],[-2,-4],[-6,-8],[-2,-2],[-1,-1],[0,-1],[0,-2],[1,-2],[-1,-3],[-2,-4],[-3,-6],[-3,-5],[-3,-3],[-2,-1],[-2,-2],[-2,-2],[0,-2],[-1,0],[-1,0],[-3,0],[-4,-3],[-2,-3],[-2,-2],[-4,-5],[-2,-4],[-2,-2],[0,-2],[0,-1],[1,-1],[1,-2],[-1,-2],[-1,-1],[-1,-1],[-1,-2],[-1,-2],[0,-2],[1,-1],[0,-2],[0,-3],[0,-2],[-1,-1],[0,-1],[0,-2],[0,-1],[0,-2],[-1,-1],[-2,-2],[0,-3],[0,-3],[1,-5],[1,-8],[1,-7],[1,-7],[-1,-7],[-1,-5],[-1,-1],[-1,0],[0,-1],[-1,0],[0,-2],[-1,-4],[-3,-7],[-1,-7],[-3,-8],[-2,-9],[-1,-4],[-1,-5],[-2,-5],[-1,-2],[-1,-1],[0,-1],[1,-2],[0,-2],[0,-3],[0,-6],[0,-4],[1,-9],[-1,-6],[-2,-2],[-1,-1],[-1,0],[0,-1],[0,-1],[0,-2],[0,-1],[1,-2],[0,-4],[-2,-4],[-1,-2],[-3,0],[-1,0],[0,-2],[1,-1],[0,-2],[0,-4],[0,-3],[-1,-2],[0,-4],[0,-3],[0,-4],[0,-4],[1,-7],[-1,-4],[0,-2],[-1,-3],[-1,0],[-1,-1],[0,-1],[0,-2],[1,-2],[-1,-3],[-3,-5],[-3,-3],[-2,-1],[-2,-2],[-2,-4],[-3,-5],[-2,-5],[-2,-5],[-1,-4],[-1,-3],[0,-4],[1,-8],[-1,-5],[-1,-8],[-1,-5],[1,-3],[1,-3],[0,-6],[-1,-5],[-1,-6],[-2,-6],[-1,-5],[-1,-9],[0,-15],[-2,-9],[-2,-7],[-2,-7],[-3,-4],[-2,-2],[-1,-2],[0,-3],[0,-3],[-2,-6],[-2,-9],[-1,-10],[-2,-9],[-3,-10],[-2,-11],[-2,-8],[-3,-8],[-2,-9],[1,-10],[0,-6],[-1,-3],[-2,-5],[-5,-6],[-2,-4],[0,-5],[1,-6],[0,-5],[-1,-6],[-2,-9],[0,-8],[0,-7],[-1,-3],[-2,-6],[-2,-5],[1,-4],[1,-12],[0,-6],[-2,-5],[-3,-7],[-1,-7],[0,-7],[1,-3],[0,-3],[0,-4],[0,-2],[-1,-5],[-2,-5],[0,-8],[0,-9],[-1,-13],[0,-7],[0,-4],[1,-5],[1,-5],[5,-12],[3,-9],[0,-4],[-1,-4],[0,-6],[1,-7],[2,-21],[-1,-6],[-1,-3],[-2,-6],[-2,-6],[0,-9],[-1,-8],[-1,-5],[-1,-4],[1,-3],[1,-4],[1,-5],[0,-5],[-1,-4],[1,-7],[4,-17],[2,-8],[1,-7],[1,-7],[3,-8],[3,-11],[1,-9],[0,-7],[-2,-5],[-1,-7],[0,-11],[2,-22],[0,-3],[1,-2],[1,-4],[3,-10],[0,-4],[-1,-4],[0,-4],[0,-10],[0,-10],[0,-5],[0,-6],[0,-4],[1,-5],[0,-3],[0,-1],[2,-3],[2,-4],[3,-14],[1,-12],[1,-16],[0,-17],[-2,-19],[-2,-10],[-2,-16],[-3,-22],[-2,-10],[-3,-12],[-3,-9],[-5,-6],[-5,-8],[-4,-7],[-2,-9],[-2,-6],[0,-5],[1,-7],[0,-3],[-1,-2],[-3,-4],[-1,-4],[1,-4],[0,-3],[0,-3],[0,-2],[-5,-5],[-1,-2],[0,-6],[0,-2],[1,-4],[0,-2],[-1,-10],[0,-7],[0,-5],[-2,-5],[-5,-7],[-1,-4],[-2,-8],[-2,-5],[-2,-3],[-6,-5],[-9,-6],[-2,-3],[-1,-3],[-1,-5],[-1,-3],[1,-4],[1,-6],[-2,-8],[-3,-13],[-3,-9],[-3,-7],[-2,-6],[-1,-5],[0,-4],[1,-5],[1,-5],[0,-7],[0,-7],[0,-5],[-1,-5],[-1,-3],[-5,-10],[-2,-4],[-1,-7],[0,-6],[1,-8],[1,-4],[-2,-8],[0,-1],[-1,-2],[-1,-1],[0,-1],[0,-2],[1,-3],[-1,-3],[0,-1],[0,-2],[0,-2],[0,-3],[-5,-11],[-1,-2],[-2,-1],[-1,0],[-1,1],[-1,0],[0,-1],[0,-1],[0,-1],[-1,-2],[-1,0],[0,-1],[-1,-1],[0,-1],[1,-2],[0,-4],[0,-4],[0,-5],[-1,-3],[-3,-5],[-2,-7],[-1,-9],[-2,-5],[0,-1],[0,-2],[0,-1],[0,-2],[-1,-3],[-2,-3],[-2,-2],[-3,-1],[-2,-2],[-1,-3],[0,-5],[-1,-14],[0,-6],[-1,-4],[-3,-4],[-3,-4],[-2,-2],[-1,-5],[-1,-10],[0,-9],[-1,-7],[0,-3],[-1,-7],[-1,-6],[-3,-8],[-4,-7],[-3,-5],[-4,-5],[-2,-4],[-1,-6],[-1,-8],[-2,-6],[-8,-14],[-3,-5],[-2,-3],[-3,-2],[-5,-8],[-3,-12],[-1,-7],[0,-7],[-1,-11],[-1,-5],[-2,-4],[-2,-3],[-2,-1],[-2,-2],[-3,-3],[-2,-4],[-2,-5],[-2,-5],[-3,-5],[0,-3],[-1,-4],[0,-3],[-1,-2],[-1,0],[-2,-1],[-2,-1],[-2,-2],[-1,-3],[-1,-6],[-2,-9],[-3,-8],[-4,-9],[-3,-5],[-4,-7],[-2,-6],[-1,-6],[-1,-4],[-1,-6],[-3,-4],[-4,-6],[-3,-8],[-3,-7],[-1,-5],[-2,-8],[-3,-8],[-4,-9],[-3,-6],[-2,-7],[-2,-5],[-5,-12],[-9,-17],[-7,-13],[-5,-10],[-11,-14],[-5,-3],[-6,-4],[-4,-4],[-2,-3],[-2,-5],[-3,-6],[-4,-8],[-5,-8],[-2,-8],[-2,-11],[1,-10],[2,-16],[2,-12],[2,-15],[4,-25],[2,-12],[1,-4],[0,-5],[-2,-8],[-2,-5],[-2,-3],[-3,-2],[-4,-2],[-2,-5],[-1,-5],[0,-9],[1,-10],[2,-8],[0,-6],[1,-8],[0,-8],[1,-10],[1,-6],[0,-6],[1,-6],[2,-8],[1,-10],[3,-11],[3,-10],[1,-10],[0,-4],[-1,-5],[1,-5],[0,-2],[1,-4],[1,-3],[1,-4],[1,-3],[0,-4],[1,-5],[1,-5],[1,-5],[1,-7],[1,-4],[1,-4],[1,-6],[2,-11],[5,-20],[1,-6],[1,-7],[-1,-5],[-3,-5],[-5,-8],[-4,-6],[-3,-5],[-1,-2],[-1,-3],[0,-6],[0,-8],[0,-4],[-2,-5],[-1,-4],[-1,-5],[0,-12],[0,-3],[-1,-3],[-1,-3],[-8,-6],[-1,-3],[-1,-4],[-2,-6],[-1,-4],[0,-6],[-1,-5],[-1,-4],[-1,-3],[0,-2],[1,-2],[0,-1],[0,-1],[-1,-1],[-1,-2],[-3,-2],[-2,-2],[-1,-3],[0,-2],[-2,-2],[-1,-2],[-1,-4],[1,-5],[0,-3],[-1,-2],[-2,-3],[0,-3],[0,-4],[-1,-4],[-3,-6],[-3,-3],[-2,-4],[-4,-11],[-3,-13],[-3,-11],[-2,-9],[-2,-10],[0,-6],[-2,-7],[-6,-8],[-2,-4],[0,-5],[-1,-5],[-4,-8],[-3,-11],[-3,-8],[-3,-9],[-3,-6],[-5,-7],[-5,-12],[-5,-6],[-3,-4],[-2,-6],[-1,-7],[-5,-9],[-4,-16],[-3,-9],[-4,-18],[-5,-12],[-6,-11],[-3,-8],[-5,-14],[-4,-6],[-11,-9],[-4,-8],[-2,-10],[1,-9],[0,-10],[-4,-30],[-7,-17],[-5,-7],[-4,-2],[-4,-3],[-2,-4],[-2,-9],[1,-9],[-2,-8],[-4,-13],[-4,-9],[-5,-8],[-4,-8],[-4,-8],[-4,-6],[-6,-8],[-5,-5],[-2,-4],[-3,-5],[-3,-5],[-3,-9],[-2,-11],[-1,-11],[-2,-10],[-1,-7],[-1,-9],[-2,-14],[-2,-12],[-1,-10],[0,-11],[-1,-10],[1,-29],[1,-10],[2,-11],[3,-11],[2,-16],[0,-6],[-1,-4],[-3,-10],[0,-14],[-1,-5],[-1,-4],[-1,-3],[-1,-2],[0,-2],[0,-5],[1,-7],[-2,-9],[-1,-4],[0,-6],[0,-5],[0,-7],[-1,-6],[0,-9],[2,-19],[3,-17],[2,-15],[2,-9],[0,-7],[0,-6],[2,-10],[0,-5],[0,-5],[-2,-3],[-2,-3],[-2,-6],[-1,-7],[0,-7],[0,-6],[-1,-6],[-2,-6],[-2,-6],[0,-10],[2,-11],[2,-7],[4,-8],[2,-5],[3,-6],[2,-6],[2,-7],[2,-9],[7,-22],[5,-15],[2,-12],[2,-17],[1,-14],[1,-11],[1,-7],[2,-8],[2,-8],[3,-10],[2,-6],[3,-7],[3,-7],[5,-13],[0,-5],[0,-10],[1,-21],[0,-14],[-1,-11],[-3,-8],[-1,-6],[-1,-6],[-1,-5],[-1,-6],[0,-5],[1,-6],[2,-6],[1,-7],[0,-8],[1,-4],[1,-5],[1,-4],[2,-4],[1,-4],[1,-6],[2,-9],[1,-4],[2,-4],[0,-2],[0,-6],[-1,-4],[-1,-3],[-2,-4],[0,-3],[1,-11],[1,-6],[1,-10],[0,-5],[0,-4],[0,-5],[-1,-11],[1,-11],[1,-5],[0,-6],[-2,-5],[-3,-5],[-3,-7],[-2,-11],[-3,-17],[0,-8],[0,-11],[0,-9],[1,-7],[1,-7],[-1,-10],[-1,-9],[0,-6],[0,-13],[1,-9],[-1,-3],[-2,-4],[-2,-3],[-1,-4],[0,-5],[-1,-4],[-3,-5],[-1,-5],[0,-6],[1,-6],[-1,-3],[-1,-5],[0,-8],[1,-6],[-2,-10],[-3,-7],[-2,-8],[0,-10],[1,-13],[0,-4],[-2,-4],[0,-4],[0,-7],[0,-6],[-1,-8],[-4,-17],[-4,-12],[-1,-4],[-1,-6],[3,-16],[-1,-5],[-1,-4],[-2,-4],[0,-5],[1,-12],[0,-9],[-1,-10],[-3,-12],[-2,-11],[-8,-23],[-4,-11],[-3,-8],[-5,-10],[-3,-7],[-1,-6],[-2,-10],[-4,-11],[-3,-9],[-2,-7],[-5,-6],[-6,-5],[-6,-5],[-2,-6],[-1,-19],[-2,-12],[-2,-6],[-1,-4],[-2,-5],[-1,-4],[-2,-3],[-2,-1],[-3,-1],[-1,-1],[-1,-3],[0,-3],[-2,-5],[-2,-2],[-2,-1],[-1,-3],[0,-5],[0,-12],[-1,-7],[-5,-12],[0,-7],[0,-5],[-2,-9],[-2,-10],[-3,-11],[-2,-4],[-3,-3],[-1,-2],[-1,-5],[1,-8],[-1,-4],[-4,-6],[-4,-3],[-1,-2],[-1,-4],[0,-8],[1,-6],[-1,-5],[-5,-11],[-3,-9],[-3,-12],[-3,-7],[-1,-7],[1,-8],[-2,-8],[-1,-6],[-3,-8],[-4,-10],[-4,-11],[-2,-10],[-4,-24],[-2,-8],[-5,-16],[-2,-15],[-3,-10],[-1,-6],[-2,-14],[-2,-18],[-1,-5],[-3,-4],[-2,-4],[-4,-11],[-1,-7],[0,-7],[-1,-7],[-2,-14],[-2,-18],[-4,-11],[-7,-14],[-13,-21],[-3,-9],[-3,-5],[-2,-7],[-1,-9],[-2,-9],[-3,-8],[-3,-10],[-5,-22],[-2,-6],[-1,-4],[-2,-7],[-2,-11],[-4,-8],[-2,-5],[-3,-9],[-3,-10],[-5,-19],[-2,-7],[-1,-3],[-1,-2],[-3,-2],[-2,-7],[-1,-8],[-1,-7],[0,-3],[-2,-1],[0,-2],[-1,-2],[0,-3],[0,-2],[-1,-1],[-1,-2],[-1,-4],[0,-3],[0,-3],[-2,-5],[-1,-4],[0,-5],[-9,-24],[-3,-19],[0,-13],[1,-16],[0,-4],[0,-3],[-2,-3],[-2,-5],[-3,-8],[-1,-14],[1,-13],[-1,-9],[-1,-13],[-1,-15],[1,-9],[2,-6],[3,-7],[1,-5],[1,-4],[1,-7],[0,-29],[-1,-3],[-1,-1],[-2,-1],[-1,-1],[0,-1],[1,-1],[2,-1],[1,-2],[3,-5],[0,-6],[0,-7],[-2,-3],[-4,-6],[-2,-3],[0,-3],[0,-3],[1,-9],[0,-7],[1,-16],[0,-5],[1,-5],[2,-6],[0,-3],[0,-5],[0,-4],[2,-6],[3,-10],[0,-5],[-1,-6],[1,-8],[1,-23],[1,-10],[1,-10],[-1,-7],[-1,-9],[0,-2],[2,-3],[2,-3],[1,-4],[2,-7],[1,-6],[0,-6],[-3,-8],[0,-7],[0,-7],[3,-7],[4,-11],[4,-6],[2,-8],[0,-6],[0,-6],[1,-4],[1,-6],[6,-14],[6,-11],[1,-4],[-1,-3],[0,-6],[-1,-4],[0,-4],[0,-4],[1,-5],[3,-4],[2,-7],[1,-10],[3,-9],[1,-9],[1,-5],[0,-6],[-2,-4],[-1,-5],[0,-5],[2,-10],[1,-8],[3,-10],[1,-17],[2,-3],[1,-3],[2,-4],[0,-5],[0,-5],[1,-4],[2,-3],[2,-3],[1,-4],[0,-4],[-1,-4],[0,-4],[3,-10],[4,-18],[4,-10],[1,-7],[-1,-8],[-1,-10],[1,-5],[1,-4],[2,-5],[0,-3],[-1,-3],[-2,-4],[-1,-4],[-1,-4],[1,-5],[5,-11],[1,-6],[0,-6],[-1,-21],[1,-15],[4,-17],[3,-11],[0,-9],[0,-10],[-1,-9],[1,-9],[1,-9],[3,-10],[2,-9],[3,-10],[1,-9],[2,-6],[1,-7],[0,-6],[1,-5],[1,-6],[2,-6],[4,-10],[4,-21],[2,-18],[1,-13],[3,-18],[1,-9],[4,-16],[1,-10],[0,-26],[-1,-27],[-1,-22],[-1,-5],[0,-3],[1,-2],[3,-3],[0,-4],[1,-9],[1,-25],[-1,-12],[-2,-18],[0,-12],[2,-19],[-1,-11],[-4,-12],[-5,-10],[-1,-5],[0,-6],[1,-6],[1,-8],[-1,-8],[-6,-12],[-1,-5],[0,-4],[0,-5],[2,-6],[0,-7],[0,-5],[0,-5],[1,-5],[0,-5],[-1,-5],[-1,-4],[1,-4],[2,-11],[0,-3],[-1,-6],[-1,-5],[0,-6],[0,-7],[-2,-10],[-1,-5],[1,-6],[0,-4],[0,-4],[-2,-4],[-3,-4],[-2,-4],[0,-4],[1,-6],[0,-4],[-1,-9],[-4,-15],[-2,-15],[1,-8],[1,-9],[-1,-16],[-3,-12],[-1,-9],[1,-6],[3,-8],[2,-8],[1,-5],[-1,-4],[0,-6],[-2,-7],[1,-7],[1,-4],[2,-7],[0,-10],[-1,-14],[-1,-9],[-1,-6],[-3,-8],[-1,-11],[-1,-29],[-2,-16],[-1,-10],[1,-15],[0,-8],[0,-4],[0,-2],[-2,-3],[-3,-4],[-2,-3],[-2,-3],[-2,-7],[-4,-12],[-2,-6],[0,-8],[-1,-6],[0,-4],[-3,-8],[-7,-16],[-6,-14],[-4,-11],[-3,-16],[-5,-10],[-5,-7],[-3,-5],[-1,-4],[1,-10],[-1,-7],[-1,-10],[-3,-9],[-3,-9],[-5,-14],[-4,-17],[-5,-17],[-3,-4],[-8,-5],[-2,-3],[-2,-3],[-1,-5],[-1,-2],[1,-1],[1,0],[0,1],[2,0],[1,-1],[0,-1],[1,-3],[-1,-4],[0,-3],[-4,-5],[-2,-3],[-1,-5],[-2,-5],[-5,-10],[-2,-9],[1,-9],[2,-10],[5,-12],[4,-11],[5,-14],[5,-11],[6,-9],[2,-10],[2,-12],[0,-6],[2,-9],[3,-13],[2,-5],[4,-6],[2,-3],[3,-4],[2,-4],[1,-5],[2,-7],[3,-10],[2,-11],[4,-10],[3,-8],[3,-6],[4,-7],[3,-4],[4,-8],[2,-3],[1,-3],[1,-2],[0,-2],[-2,-5],[-1,-4],[0,-4],[1,-7],[-1,-9],[0,-16],[0,-11],[1,-7],[1,-6],[1,-8],[3,-7],[1,-8],[1,-8],[1,-8],[1,-5],[3,-5],[1,-4],[1,-6],[-1,-7],[0,-5],[-1,-5],[0,-4],[1,-5],[0,-4],[-1,-19],[-1,-11],[-1,-15],[2,-7],[2,-4],[4,-2],[3,-2],[2,-4],[1,-6],[-1,-9],[0,-7],[1,-7],[2,-6],[2,-5],[3,-6],[3,-4],[4,-7],[4,-7],[2,-5],[1,-7],[0,-7],[2,-16],[2,-5],[2,-10],[2,-17],[2,-12],[3,-10],[2,-7],[2,-9],[0,-13],[-1,-24],[-4,-35],[-7,-28],[-7,-22],[-4,-7],[-4,-4],[-2,-4],[0,-5],[0,-4],[1,-3],[1,-5],[0,-6],[-4,-19],[-3,-39],[-2,-23],[-2,-14],[-5,-16],[-6,-18],[-8,-26],[-5,-15],[-2,-13],[-1,-8],[-1,-8],[-1,-4],[-1,-3],[-4,-4],[-3,-6],[-3,-8],[0,-12],[1,-14],[3,-9],[2,-7],[2,-6],[2,-9],[1,-12],[2,-15],[0,-9],[1,-13],[1,-9],[-1,-3],[-1,-2],[-1,-1],[0,-2],[1,-2],[2,-3],[7,-12],[8,-9],[2,-5],[4,-4],[3,-3],[5,0],[5,0],[7,-2],[7,-3],[8,-7],[8,-10],[9,-13],[9,-12],[11,-13],[5,-6],[5,-7],[4,-5],[3,-3],[2,-1],[4,0],[2,-1],[6,-5],[7,-12],[8,-9],[4,-4],[2,-1],[4,-1],[5,-3],[4,-4],[3,-4],[6,-9],[2,-7],[2,-7],[2,-11],[3,-11],[2,-6],[2,-5],[11,-14],[8,-9],[8,-6],[5,-5],[2,-5],[2,-5],[3,-15],[3,-11],[3,-15],[2,-10],[3,-7],[5,-8],[4,-14],[4,-30],[1,-18],[1,-11],[0,-3],[-1,-2],[0,-3],[2,-5],[1,-8],[1,-19],[0,-6],[1,-4],[4,-10],[8,-22],[9,-22],[6,-21],[3,-15],[0,-4],[1,-5],[2,-4],[5,-21],[3,-12],[2,-7],[3,-5],[3,-3],[4,-8],[2,-10],[2,-9],[4,-12],[5,-11],[6,-12],[4,-6],[1,-6],[2,-13],[3,-16],[2,-23],[4,-20],[1,-19],[-1,-26],[1,-12],[2,-10],[0,-10],[1,-6],[3,-7],[4,-10],[3,-11],[0,-13],[-2,-13],[-2,-16],[-1,-11],[3,-21],[-1,-11],[0,-9],[0,-7],[-2,-8],[-1,-8],[-1,-9],[2,-10],[1,-7],[-2,-20],[1,-10],[2,-7],[3,-6],[1,-6],[-2,-8],[-2,-8],[-1,-9],[2,-12],[1,-10],[-1,-10],[-4,-30],[-4,-27],[-1,-17],[-6,-43],[-5,-25],[-1,-16],[-2,-4],[-1,-3],[1,-8],[-2,-22],[-2,-13],[-1,-8],[-2,-7],[-2,-6],[-1,-11],[0,-7],[0,-7],[0,-8],[2,-20],[0,-15],[-2,-17],[-2,-10],[-1,-11],[0,-10],[1,-9],[2,-10],[0,-7],[-2,-9],[-6,-13],[-1,-8],[1,-11],[0,-13],[-2,-8],[-2,-6],[0,-7],[0,-9],[-3,-11],[-4,-19],[-5,-13],[-3,-13],[0,-9],[2,-20],[2,-15],[1,-11],[2,-19],[-2,-16],[0,-15],[-3,-13],[-4,-7],[-1,-4],[1,-4],[1,-3],[1,-3],[-4,-22],[1,-4],[1,-5],[3,-6],[2,-11],[1,-6],[2,-4],[2,-4],[2,-5],[1,-10],[0,-11],[-4,-22],[-3,-16],[-2,-12],[-4,-12],[-3,-11],[-5,-15],[-4,-14],[-3,-18],[-1,-13],[-1,-17],[2,-4],[1,-3],[4,-5],[7,-8],[2,-6],[1,-14],[1,-17],[1,-15],[1,-17],[1,-13],[1,-20],[0,-18],[-3,-28],[-3,-20],[-2,-16],[0,-13],[2,-19],[1,-9],[0,-12],[-2,-25],[-3,-9],[-1,-5],[0,-17],[-1,-22],[0,-8],[-3,-16],[-2,-12],[0,-6],[-1,-11],[2,-20],[0,-15],[-3,-18],[-3,-18],[-3,-17],[-1,-2],[-1,-2],[-2,-1],[-1,-2],[0,-1],[1,-3],[1,-2],[1,-2],[-3,-11],[-3,-12],[-1,-12],[0,-13],[-4,-21],[-5,-17],[-3,-12],[-1,-12],[1,-15],[0,-13],[1,-20],[2,-19],[2,-19],[3,-12],[2,-14],[3,-25],[1,-29],[-2,-42],[-3,-24],[-4,-13],[-3,-8],[0,-8],[2,-8],[2,-9],[-1,-8],[-2,-11],[-2,-12],[-2,-5],[-2,-3],[-2,-4],[-3,-21],[-1,-2],[-1,-3],[0,-2],[1,-2],[0,-2],[-1,-5],[-1,-9],[0,-12],[-1,-8],[-3,-15],[-6,-17],[-3,-9],[-5,-15],[-4,-9],[-5,-13],[-5,-13],[-6,-16],[-7,-12],[-5,-7],[-5,-4],[-2,-5],[-2,-9],[0,-9],[-1,-9],[0,-13],[2,-8],[2,-7],[-1,-7],[-4,-14],[-8,-27],[-7,-17],[-8,-22],[-2,-10],[-3,-11],[-1,-11],[0,-11],[0,-13],[-1,-30],[-2,-15],[0,-8],[1,-9],[2,-9],[0,-11],[0,-11],[-4,-31],[-6,-27],[-1,-4],[0,-6],[0,-15],[-1,-11],[1,-15],[0,-11],[0,-10],[1,-10],[2,-15],[1,-10],[-1,-21],[-3,-15],[-4,-11],[-7,-18],[-2,-4],[-1,-5],[0,-8],[3,-16],[2,-13],[1,-11],[2,-6],[1,-4],[3,-6],[2,-6],[0,-5],[0,-4],[-1,-5],[-2,-8],[1,-5],[1,-8],[0,-11],[1,-6],[2,-6],[3,-8],[3,-13],[3,-20],[-1,-13],[-3,-23],[-4,-17],[-3,-12],[0,-3],[1,-4],[2,-5],[8,-12],[2,-6],[2,-8],[1,-8],[2,-8],[2,-12],[3,-12],[1,-19],[1,-16],[1,-20],[0,-12],[0,-12],[0,-3],[1,-2],[2,-3],[1,-3],[0,-4],[0,-5],[-1,-12],[-2,-20],[-2,-13],[-3,-9],[0,-5],[1,-4],[2,-5],[1,-8],[1,-13],[-1,-18],[-1,-17],[0,-13],[-2,-13],[-1,-13],[-1,-14],[1,-24],[1,-23],[1,-3],[1,-2],[2,-4],[2,-3],[0,-3],[0,-10],[-1,-10],[-3,-18],[-2,-18],[-1,-7],[-2,-5],[-1,-2],[0,-2],[0,-7],[3,-13],[3,-22],[3,-17],[2,-10],[1,-20],[2,-13],[2,-9],[4,-9],[2,-3],[3,-2],[2,-1],[4,-2],[1,-2],[2,-12],[-2,-30],[-4,-33],[-2,-14],[-4,-10],[-4,-7],[-3,-7],[-2,-4],[-2,-6],[-2,-5],[-4,-10],[-3,-10],[-5,-12],[-2,-11],[-1,-11],[-1,-12],[-4,-12],[-5,-14],[0,-4],[1,-6],[0,-5],[-1,-6],[-2,-6],[-1,-4],[0,-4],[0,-4],[0,-5],[0,-3],[-1,-4],[-1,-4],[-3,-10],[-5,-17],[-2,-5],[-2,-4],[1,-5],[1,-7],[0,-4],[0,-4],[-3,-6],[-2,-6],[0,-5],[-1,-7],[0,-5],[1,-3],[2,-3],[2,-5],[0,-7],[-1,-8],[-3,-12],[-3,-9],[-3,-6],[-3,-11],[-1,-5],[0,-9],[-1,-6],[-1,-2],[-3,-4],[-2,-2],[-2,-5],[-2,-5],[-2,-8],[1,-3],[3,-9],[0,-6],[0,-6],[-2,-8],[-4,-9],[-5,-12],[-2,-7],[-2,-1],[-1,-1],[-2,-3],[-3,-4],[-1,-5],[-1,-8],[-2,-6],[-1,-5],[-1,-1],[-1,-1],[-2,-1],[-3,-2],[-5,-6],[-3,-8],[-8,-21],[0,-5],[1,-5],[2,-7],[1,-5],[0,-8],[-1,-15],[-11,-40],[-6,-18],[0,-4],[1,-5],[1,-5],[1,-6],[-2,-12],[-2,-11],[-1,-6],[1,-10],[-1,-6],[-2,-3],[-2,-2],[-2,-4],[-1,-4],[1,-2],[0,-3],[-1,-1],[0,-1],[-1,-1],[-1,0],[0,-1],[0,-1],[0,-1],[1,-1],[-1,-2],[-2,-4],[-2,-4],[-2,-4],[-4,-4],[-2,-1],[-2,-2],[0,-2],[1,-5],[2,-12],[0,-8],[-2,-6],[-4,-4],[-3,-2],[-6,3],[-2,-1],[0,-1],[0,-3],[3,-8],[2,-7],[0,-7],[1,-8],[0,-2],[-1,-2],[-1,-2],[0,-4],[1,-5],[1,-4],[0,-2],[-1,-3],[-2,-4],[-1,-4],[-1,-3],[0,-2],[1,-4],[0,-4],[-1,-11],[-3,-14],[-3,-8],[-3,-3],[-3,-1],[-2,-2],[-2,-4],[0,-2],[-1,-3],[-3,-5],[-4,-7],[-2,-8],[-2,-7],[-2,-4],[-6,-5],[-4,-7],[-5,-10],[-6,-16],[-3,-10],[-5,-15],[-1,-13],[0,-13],[0,-4],[-1,-6],[-8,-19],[-6,-10],[-4,-1],[-7,-2],[-2,-3],[-1,-6],[0,-8],[1,-9],[-1,-6],[-3,-4],[-5,-8],[-3,-6],[-1,-7],[0,-11],[1,-14],[-1,-8],[-3,-7],[-4,-13],[-3,-5],[-3,-2],[-1,-3],[0,-5],[1,-5],[1,-4],[1,-5],[1,-2],[-1,-2],[-1,-3],[0,-3],[1,-2],[2,-2],[1,-3],[0,-4],[-1,-2],[-1,-1],[-3,0],[-1,-1],[-1,-1],[0,-3],[1,-2],[-1,-2],[-1,-1],[-1,-1],[-2,-3],[-1,-3],[-1,-5],[0,-3],[2,-5],[2,-7],[1,-7],[1,-7],[-1,-11],[-1,-7],[-3,-11],[-2,-5],[-2,-5],[-2,-7],[0,-4],[1,-4],[0,-6],[-1,-5],[-3,-6],[0,-3],[0,-8],[0,-6],[-3,-10],[-1,-3],[-1,-1],[-1,-1],[-1,-2],[1,-2],[3,-5],[0,-2],[0,-3],[-1,-4],[-1,-8],[-2,-4],[-2,-3],[0,-4],[0,-4],[0,-5],[-3,-12],[-3,-7],[-3,-11],[-1,-14],[-1,-17],[-1,-13],[-2,-5],[0,-5],[0,-11],[-4,-20],[-1,-7],[-3,-7],[-4,-8],[-4,-7],[-3,-5],[0,-3],[-1,-4],[0,-3],[0,-4],[-1,-6],[-3,-12],[-2,-12],[-2,-7],[-1,-6],[1,-6],[0,-4],[0,-2],[0,-1],[-1,-1],[0,-1],[1,-3],[0,-4],[-1,-5],[-1,-3],[-1,-2],[-2,0],[-1,-1],[0,-2],[0,-2],[0,-2],[-2,-5],[-3,-3],[-3,-3],[-2,-3],[-3,-7],[0,-4],[1,-4],[0,-6],[-4,-9],[-6,-12],[-7,-10],[-4,-6],[-7,-10],[-9,-10],[-7,-6],[-1,-4],[0,-2],[1,-3],[0,-4],[0,-8],[-1,-6],[-4,-6],[-2,-5],[-2,-5],[-1,-7],[-2,-6],[-6,-10],[-5,-7],[-4,-8],[-2,-6],[-1,-10],[0,-11],[0,-13],[-3,-15],[-3,-9],[-3,-4],[-2,-2],[-1,-2],[-1,-4],[0,-3],[-1,-2],[0,-2],[-1,-2],[-1,-18],[0,-1],[-1,-2],[0,-1],[0,-2],[2,-3],[1,-1],[0,-2],[0,-2],[-1,-2],[1,-2],[0,-3],[-2,-7],[-1,-2],[-1,-1],[-1,-1],[-1,-2],[-1,-1],[0,-2],[1,-2],[-1,-1],[-1,-2],[-1,-1],[1,-1],[1,-1],[0,-3],[1,-7],[1,-6],[0,-2],[0,-2],[-1,-4],[0,-5],[0,-5],[-1,-8],[-2,-7],[-4,-13],[-8,-19],[-4,-10],[-1,-1],[-1,0],[-1,0],[-1,0],[0,-2],[0,-2],[0,-2],[0,-2],[-2,-2],[-1,-2],[-1,-4],[-1,-6],[-1,-4],[-1,-1],[-1,-1],[0,-1],[1,-2],[0,-1],[-2,-6],[-1,-2],[-1,-2],[-1,-1],[0,-1],[0,-2],[1,-2],[1,-3],[0,-4],[-1,-5],[-2,-5],[0,-2],[-4,-12],[-3,-8],[-2,-11],[-3,-10],[-2,-3],[-4,-3],[-5,-1],[-3,-1],[-2,0],[-1,-1],[0,-2],[1,-2],[1,-3],[0,-4],[0,-6],[-1,-10],[-2,-8],[-2,-3],[-5,-3],[-3,-4],[-4,-6],[-4,-13],[-5,-16],[-9,-21],[-7,-18],[-7,-13],[-2,-6],[-1,-6],[-2,-1],[-1,-1],[-1,-1],[1,-8],[-1,-3],[-5,-12],[-4,-6],[-3,-8],[-3,-8],[-3,-11],[-2,-13],[-1,-2],[-2,-1],[-2,-1],[-1,-2],[0,-4],[-1,-2],[-1,0],[0,-1],[0,-2],[0,-2],[0,-5],[-1,-2],[0,-4],[-1,-4],[0,-6],[1,-8],[-1,-6],[-1,-3],[-4,-7],[-3,-8],[-2,-8],[-1,-13],[-2,-6],[-4,-7],[-6,-12],[-2,-2],[-2,-1],[-1,1],[-2,-1],[-1,-2],[-1,-3],[-1,-5],[-8,-17],[-4,-11],[-3,-15],[-3,-15],[-1,-7],[1,-3],[1,-4],[1,-4],[-1,-7],[-2,-11],[-2,-13],[-4,-8],[-1,-8],[-1,-12],[-3,-9],[-3,-9],[-5,-8],[-7,-8],[-1,-4],[1,-4],[1,-3],[3,-4],[1,-9],[-1,-11],[-1,-8],[-6,-20],[-2,-7],[-1,-5],[-1,-4],[1,-8],[2,-8],[-1,-10],[-2,-13],[-5,-17],[-3,-8],[-2,-6],[-2,-9],[-1,-7],[-3,-5],[-1,-3],[1,-5],[3,-11],[0,-4],[0,-1],[-1,-2],[0,-1],[0,-2],[0,-1],[1,-3],[-1,-2],[0,-1],[0,-1],[0,-1],[1,-1],[0,-6],[0,-5],[1,-14],[0,-15],[1,-5],[1,-4],[-1,-13],[0,-1],[-1,-1],[-1,-1],[1,-1],[-1,-2],[-1,-1],[-2,1],[0,-1],[-1,-1],[1,-1],[2,-2],[0,-2],[0,-1],[-1,-2],[0,-3],[1,-2],[3,-4],[4,-4],[2,-7],[2,-13],[0,-15],[-5,-30],[-6,-15],[-1,-4],[0,-3],[-2,-7],[-1,-5],[0,-5],[0,-4],[-3,-10],[-1,0],[-1,-1],[0,-2],[0,-3],[-2,-8],[-2,-9],[-3,-11],[-2,-9],[-3,-10],[-3,-6],[-2,-3],[-2,0],[-1,-1],[0,-1],[1,-3],[2,-4],[1,-5],[0,-6],[-4,-23],[-2,-5],[-1,-3],[-2,-3],[-3,-7],[-2,-6],[-1,-5],[0,-4],[0,-3],[-2,-5],[-2,-2],[-1,-2],[-2,-3],[0,-4],[1,-4],[0,-2],[-3,-6],[-2,-5],[-2,-3],[-1,-4],[0,-8],[-1,-1],[0,-1],[0,-1],[-1,-1],[0,-1],[1,0],[1,-1],[-1,-12],[0,-9],[-2,-9],[-5,-13],[-2,-5],[-1,-7],[0,-11],[-2,-6],[-1,-2],[-1,-2],[-1,-1],[0,-2],[1,-1],[0,-2],[0,-4],[0,-1],[-1,-1],[0,-1],[0,-2],[1,-2],[0,-1],[-1,-16],[0,-5],[-2,-4],[-4,-7],[-3,-3],[-3,-4],[-3,-8],[-5,-13],[-5,-8],[-5,-5],[-2,-2],[-1,-1],[0,-3],[2,-7],[1,-10],[1,-6],[-1,-6],[-3,-11],[-6,-13],[-10,-21],[-2,-6],[0,-4],[-2,-26],[-1,-16],[-2,-16],[-3,-13],[-4,-13],[0,-3],[1,-3],[1,-5],[1,-6],[1,-13],[0,-14],[0,-7],[0,-4],[-1,-6],[-1,-8],[0,-10],[0,-10],[2,-13],[1,-19],[0,-15],[0,-12],[-1,-6],[-1,-7],[-1,-6],[-1,-6],[-1,-6],[-1,-9],[0,-5],[-1,-5],[-2,-10],[-1,-5],[0,-3],[0,-4],[1,-5],[1,-10],[0,-8],[-1,-12],[-3,-15],[-4,-20],[-6,-18],[-4,-13],[-1,-5],[-1,-6],[-1,-11],[0,-4],[-1,-5],[-3,-8],[-5,-13],[-5,-14],[-3,-6],[-2,-6],[-2,-13],[-2,-13],[-1,-6],[-1,-2],[-1,-3],[-2,-2],[-1,-2],[-1,-11],[-1,-10],[1,-1],[0,-1],[1,0],[2,-1],[2,-3],[2,-3],[1,-4],[0,-3],[-1,-5],[-2,-13],[-1,-5],[-3,-3],[-1,-3],[-1,-3],[0,-6],[0,-3],[1,-3],[1,-3],[1,-3],[0,-3],[0,-3],[1,-3],[1,-2],[1,0],[2,0],[1,-1],[2,-5],[1,-6],[-1,-9],[0,-8],[-1,-3],[-1,-2],[-1,-1],[-2,-1],[-2,-2],[-2,-3],[-4,-15],[-3,-8],[-3,-4],[-1,-2],[-1,-1],[-1,1],[-1,0],[-1,-1],[1,-1],[1,-3],[1,-4],[1,-4],[1,-3],[-1,-4],[-7,-15],[-3,-6],[-2,-7],[-1,-8],[1,-11],[1,-4],[2,-1],[2,0],[2,-1],[3,-1],[2,-4],[3,-6],[1,-9],[0,-16],[1,-6],[2,-4],[4,-5],[3,-8],[2,-10],[0,-11],[-1,-11],[-1,-10],[0,-2],[1,-2],[2,-2],[2,-1],[3,-6],[2,-6],[4,-8],[7,-12],[4,-7],[1,-4],[3,-7],[1,-5],[1,-6],[0,-15],[-3,-34],[-4,-31],[-4,-32],[0,-4],[0,-3],[2,-2],[1,-4],[1,-6],[3,-20],[0,-12],[0,-7],[-2,-7],[-2,-7],[-1,-11],[2,-15],[0,-7],[-2,-16],[0,-4],[1,-3],[1,-4],[7,-15],[5,-10],[2,-12],[0,-10],[0,-10],[2,-6],[2,-3],[5,-5],[4,-6],[2,-12],[1,-14],[0,-20],[-1,-14],[-1,-8],[-2,-8],[-2,-9],[-4,-16],[-4,-14],[-2,-5],[-2,-5],[-2,-4],[-1,-3],[1,-7],[-1,-9],[-4,-14],[-2,-12],[-3,-12],[-2,-7],[-1,-5],[1,-5],[0,-2],[3,-2],[4,0],[5,-1],[5,-2],[9,-10],[5,-8],[4,-12],[4,-13],[4,-10],[2,-7],[2,-12],[1,-16],[2,-24],[1,-6],[1,-7],[-1,-7],[-6,-40],[-5,-27],[-3,-27],[-2,-17],[1,-12],[-1,-11],[-1,-10],[-3,-13],[-6,-18],[-5,-13],[-13,-34],[-5,-13],[-11,-22],[-5,-10],[-6,-11],[-8,-10],[-5,-5],[-2,-5],[-2,-5],[-1,-4],[-2,-4],[-4,-6],[-3,-3],[-2,-1],[-2,-2],[-1,-2],[0,-2],[-3,-6],[-2,-4],[-7,-14],[-8,-15],[-9,-20],[-7,-12],[-2,-8],[-2,-7],[-5,-8],[-7,-9],[-5,-7],[-13,-16],[-15,-19],[-17,-20],[-6,-6],[-12,-13],[-12,-11],[-5,-3],[-5,-2],[-16,-17],[-11,-11],[-6,-7],[-14,-15],[-6,-6],[-13,-7],[-4,-3],[-3,-5],[-3,-5],[-5,-6],[-11,-13],[-6,-6],[-5,-6],[-3,-2],[-3,-1],[-1,-2],[-2,-5],[-3,-5],[-4,-7],[-3,-4],[-4,-3],[-6,-5],[101,-241],[85,-363],[109,-458],[310,-533],[665,-836],[648,-919],[607,-276],[688,-156],[652,-325],[675,-708],[198,-620],[302,-535],[438,-570],[914,-431],[2632,1269],[350,144],[245,74],[253,0],[801,117],[1069,40],[1547,126],[1329,-357],[1633,-616]],[[37384,43631],[400,-96]],[[8598,49265],[8,3],[7,1],[9,2],[15,3],[12,2],[12,3],[19,8],[15,8],[9,2],[19,3],[6,2],[11,4],[10,5],[8,5],[9,4],[10,1],[12,3],[21,6],[17,4],[5,2],[15,7],[12,6],[16,7],[5,2],[3,2],[4,0],[7,-1],[10,0],[10,1],[10,2],[6,3],[10,6],[5,3],[6,3],[12,6],[7,2],[10,4],[13,7],[27,12],[20,10],[25,13],[18,9],[32,17],[41,20],[20,10],[26,17],[29,17],[25,15],[11,7],[21,14],[10,7],[14,9],[10,7],[7,4],[6,6],[6,4],[8,6],[24,17],[26,19],[25,16],[6,5],[4,9],[11,20],[4,7],[6,9],[7,9],[4,4],[6,9],[6,6],[5,5],[9,9],[1,4],[2,5],[1,9],[2,13],[1,9],[4,7],[7,8],[5,5],[2,6],[3,8],[3,7],[3,3],[3,3],[2,4],[7,19],[8,14],[5,9],[8,10],[6,9],[6,8],[6,11],[9,11],[13,17],[7,8],[1,4],[4,7],[2,5],[5,5],[6,5],[8,8],[3,3],[3,5],[9,15],[4,9],[5,7],[12,19],[14,21],[11,16],[6,10],[2,4],[3,7],[4,9],[8,9],[10,6],[9,7],[8,10],[4,7],[4,8],[4,5],[9,7],[10,8],[10,8],[7,6],[3,4],[6,13],[1,2],[0,3],[-1,3],[0,5],[0,3],[2,2],[1,1],[2,0],[2,-3],[3,-5],[2,-1],[1,1],[6,2],[5,6],[4,6],[3,6],[2,7],[0,5],[-1,6],[0,3],[1,4],[11,11],[26,19],[20,19],[22,15],[23,18],[24,20],[14,11],[20,15],[19,17],[13,12],[9,9],[13,16],[22,23],[16,15],[11,13],[10,11],[8,9],[8,9],[9,13],[9,12],[14,17],[14,17],[2,3],[3,5],[6,11],[12,15],[5,7],[5,10],[7,9],[6,7],[5,7],[6,10],[6,9],[4,10],[3,8],[5,10],[6,6],[6,6],[10,7],[12,10],[12,12],[5,8],[4,7],[6,8],[10,11],[16,12],[8,9],[2,3],[1,2],[0,4],[1,4],[3,3],[3,5],[13,20],[14,16],[11,8],[9,8],[9,6],[8,4],[14,11],[16,14],[10,9],[12,14],[10,14],[6,9],[6,8],[7,9],[9,11],[7,11],[5,8],[10,14],[8,10],[11,14],[10,14],[7,10],[7,14],[5,9],[8,21],[20,36],[8,13],[4,9],[3,12],[1,9],[2,11],[3,12],[3,8],[4,9],[5,10],[4,9],[1,8],[1,6],[3,9],[6,9],[1,4],[1,3],[2,4],[4,3],[3,3],[9,16],[7,11],[2,3],[1,5],[0,3],[-1,8],[0,6],[1,5],[3,10],[7,12],[6,14],[5,15],[1,6],[1,5],[1,3],[3,5],[4,7],[4,8],[6,10],[4,8],[5,10],[3,6],[10,13],[11,17],[7,8],[7,14],[9,15],[5,16],[7,22],[7,16],[6,11],[3,8],[2,4],[5,5],[7,9],[6,8],[8,13],[7,10],[9,10],[14,12],[13,12],[6,6],[5,6],[4,7],[5,6],[6,9],[6,12],[4,7],[7,11],[10,12],[6,9],[5,7],[10,14],[9,10],[9,13],[1,5],[0,6],[0,3],[-2,4],[-1,2],[-2,2],[-1,3],[-1,3],[0,4],[2,4],[3,8],[6,7],[5,8],[8,12],[7,7],[5,6],[7,8],[8,10],[7,8],[8,11],[6,8],[4,6],[7,9],[7,8],[4,5],[5,9],[3,8],[4,10],[6,11],[8,17],[5,12],[5,10],[5,10],[6,8],[5,6],[5,7],[6,9],[5,6],[5,8],[6,11],[7,12],[3,7],[5,12],[3,8],[5,12],[3,10],[4,10],[7,17],[5,9],[4,9],[5,9],[6,11],[7,11],[5,10],[6,15],[5,10],[5,15],[5,14],[5,16],[5,11],[7,14],[5,11],[5,14],[4,12],[3,9],[7,25],[3,16],[6,18],[8,18],[6,12],[5,12],[4,11],[6,9],[6,12],[1,6],[5,19],[7,23],[8,19],[6,18],[6,19],[6,15],[6,19],[3,16],[4,16],[5,25],[2,15],[0,3],[0,3],[1,5],[1,4],[2,4],[4,12],[6,14],[5,14],[6,16],[4,10],[6,17],[3,9],[6,12],[4,9],[5,6],[6,6],[8,8],[4,7],[4,6],[2,9],[3,15],[2,11],[3,19],[1,15],[1,15],[2,10],[4,8],[4,9],[4,14],[3,8],[2,8],[2,7],[2,11],[0,8],[-1,8],[-3,10],[-2,6],[-3,5],[0,4],[0,4],[2,4],[10,16],[7,17],[3,10],[4,9],[6,12],[8,14],[8,16],[7,18],[4,14],[4,16],[5,21],[8,22],[6,10],[11,15],[17,20],[14,19],[12,14],[6,7],[3,4],[0,5],[1,3],[1,4],[2,2],[4,1],[4,-2],[4,-2],[5,0],[4,0],[11,-1],[15,-3],[21,0],[23,2],[31,6],[14,4],[14,2],[14,-2],[15,-5],[17,-4],[20,-5],[25,-9],[25,-7],[31,-3],[43,-4],[40,-9],[38,-4],[24,1],[37,6],[61,5],[16,2],[27,2],[34,5],[35,8],[42,12],[54,12],[38,7],[30,4],[55,8],[47,9],[18,4],[23,4],[27,8],[27,7],[29,4],[46,9],[26,4],[27,8],[24,8],[36,10],[34,12],[27,9],[35,9],[36,9],[32,11],[19,7],[9,3],[17,5],[16,4],[12,4],[12,3],[21,7],[22,6],[20,5],[31,11],[57,15],[47,15],[30,11],[34,11],[26,10],[17,6],[30,11],[20,9],[10,4],[8,3],[8,3],[7,2],[8,3],[7,2],[6,2],[7,3],[12,5],[14,6],[10,3],[9,3],[9,4],[8,6],[3,4],[5,5],[6,3],[5,3],[5,2],[3,4],[3,5],[3,4],[4,4],[4,1],[6,4],[4,3],[5,2],[4,2],[5,2],[15,3],[13,2],[7,2],[11,4],[7,3],[11,4],[13,3],[9,4],[6,2],[11,2],[12,6],[9,5],[7,4],[6,7],[7,7],[10,4],[8,0],[8,0],[7,2],[10,5],[14,7],[12,6],[14,7],[11,7],[7,5],[9,4],[12,3],[11,4],[11,6],[8,5],[9,5],[8,4],[8,4],[8,5],[7,4],[6,4],[6,4],[9,6],[9,7],[7,5],[9,7],[7,5],[4,5],[2,4],[2,7],[3,6],[2,2],[2,1],[4,1],[4,1],[6,3],[8,5],[10,6],[10,4],[6,4],[1,2],[0,2],[1,2],[1,1],[3,1],[2,0],[3,1],[10,4],[16,3],[13,6],[10,5],[8,3],[8,4],[7,4],[13,8],[16,11],[8,5],[7,4],[8,4],[5,2],[6,3],[6,4],[6,3],[10,6],[9,5],[9,5],[9,6],[10,8],[9,6],[19,10],[6,3],[6,5],[9,13],[9,7],[8,6],[9,3],[7,3],[4,2],[7,9],[6,5],[12,5],[7,4],[9,6],[5,5],[4,2],[5,1],[9,1],[9,4],[8,5],[2,4],[1,6],[2,6],[3,4],[5,1],[7,-3],[7,-2],[8,2],[4,5],[5,13],[4,11],[5,7],[8,8],[2,1],[2,-1],[2,-2],[4,0],[7,2],[2,6],[1,3],[2,1],[4,-1],[4,1],[14,9],[9,8],[6,6],[6,6],[4,6],[6,10],[3,2],[2,0],[5,2],[6,4],[5,6],[4,6],[3,6],[3,4],[2,1],[3,1],[1,-1],[2,0],[2,0],[2,1],[1,1],[3,-1],[7,2],[7,3],[7,5],[6,5],[5,5],[3,3],[2,5],[2,3],[4,0],[4,0],[8,3],[9,5],[5,6],[4,9],[5,7],[5,6],[6,3],[7,2],[5,2],[5,5],[4,8],[7,4],[9,4],[14,4],[8,3],[5,3],[3,5],[1,4],[3,5],[5,4],[9,5],[14,6],[21,14],[21,15],[18,12],[12,9],[16,10],[5,5],[7,6],[11,9],[6,6],[4,7],[4,4],[4,3],[4,4],[4,4],[8,8],[5,7],[5,7],[4,7],[3,10],[1,3],[2,1],[0,2],[0,2],[-1,3],[0,2],[0,2],[1,1],[2,0],[2,-3],[2,-2],[2,-1],[2,1],[6,3],[8,9],[3,5],[1,2],[0,2],[0,3],[0,2],[1,2],[2,3],[4,12],[5,11],[3,3],[4,3],[12,9],[9,8],[5,7],[6,7],[9,8],[5,7],[6,8],[13,10],[11,10],[8,9],[6,6],[3,5],[3,5],[3,4],[4,5],[2,4],[1,6],[3,7],[10,28],[4,11],[6,10],[6,8],[4,2],[6,2],[2,1],[1,2],[0,3],[0,2],[2,1],[3,2],[5,2],[2,3],[2,5],[1,5],[3,4],[5,3],[4,2],[3,0],[5,-1],[2,0],[2,2],[1,2],[1,4],[1,4],[3,4],[3,2],[2,2],[2,3],[1,4],[1,4],[2,3],[1,1],[0,1],[1,1],[0,2],[-1,1],[1,1],[1,0],[2,-1],[1,1],[3,3],[2,3],[4,4],[3,3],[2,2],[1,2],[0,3],[-1,7],[-1,4],[1,4],[2,7],[4,7],[8,8],[11,6],[10,10],[3,6],[3,4],[3,2],[6,0],[4,1],[4,2],[2,3],[4,14],[3,7],[4,5],[7,7],[7,5],[5,3],[4,4],[2,4],[2,4],[2,7],[2,5],[3,2],[1,1],[1,2],[1,3],[1,2],[5,1],[5,0],[4,1],[3,1],[5,4],[2,5],[1,4],[1,5],[2,5],[3,3],[3,2],[3,1],[2,1],[1,3],[0,4],[0,3],[1,3],[6,9],[8,8],[9,9],[7,7],[6,4],[6,3],[4,0],[4,1],[3,3],[1,3],[0,4],[1,2],[0,1],[2,1],[1,1],[2,1],[0,1],[1,2],[0,2],[1,1],[1,1],[2,1],[1,1],[6,13],[3,5],[5,6],[6,2],[5,1],[4,1],[4,2],[3,4],[4,7],[4,11],[3,6],[3,6],[3,2],[3,1],[2,2],[1,3],[1,3],[1,2],[1,1],[1,0],[3,2],[1,2],[1,3],[4,12],[1,2],[1,1],[4,-1],[3,2],[2,2],[0,3],[2,5],[0,3],[1,1],[3,0],[2,2],[3,3],[3,10],[3,12],[3,7],[2,4],[0,3],[1,1],[2,2],[2,3],[4,10],[4,8],[2,4],[1,2],[4,2],[8,11],[4,4],[1,1],[1,0],[2,-1],[2,0],[3,1],[2,3],[2,4],[1,5],[1,4],[3,2],[3,3],[3,3],[1,3],[1,1],[2,0],[1,1],[4,1],[2,3],[3,4],[2,4],[3,5],[1,2],[1,2],[1,1],[3,1],[5,4],[6,6],[3,3],[1,3],[3,2],[2,1],[2,2],[3,2],[2,4],[3,6],[3,4],[2,2],[3,2],[1,1],[3,1],[3,0],[4,3],[5,4],[6,7],[6,4],[10,9],[4,4],[4,6],[4,6],[5,7],[4,6],[4,10],[5,8],[8,12],[4,3],[5,2],[3,2],[4,4],[5,8],[5,4],[6,6],[7,8],[4,6],[4,8],[3,9],[5,7],[4,5],[4,1],[4,2],[3,3],[8,9],[6,7],[5,5],[5,5],[5,8],[3,6],[3,5],[5,6],[10,8],[7,5],[9,7],[5,3],[5,4],[10,4],[8,5],[7,9],[5,8],[5,5],[4,3],[5,1],[4,1],[7,4],[9,4],[6,4],[4,5],[4,5],[12,12],[12,11],[9,8],[10,4],[6,6],[8,9],[6,6],[6,5],[7,6],[11,12],[10,10],[8,9],[5,3],[6,3],[5,1],[7,1],[5,2],[5,4],[2,4],[1,3],[2,2],[4,1],[3,1],[6,3],[4,3],[2,4],[2,4],[2,3],[1,1],[2,0],[5,-1],[5,1],[6,3],[7,6],[10,7],[10,5],[15,4],[7,3],[6,4],[5,5],[17,9],[14,5],[9,2],[8,5],[10,6],[10,6],[12,6],[6,5],[10,10],[7,9],[4,7],[4,4],[4,2],[6,1],[3,2],[4,4],[4,5],[5,6],[5,8],[6,9],[6,6],[6,5],[9,7],[10,7],[7,5],[14,9],[14,10],[12,10],[8,5],[4,1],[5,1],[3,1],[2,2],[3,6],[4,5],[6,8],[5,8],[7,7],[8,6],[7,4],[5,0],[3,0],[1,2],[5,3],[7,7],[8,5],[8,3],[4,3],[5,4],[3,6],[4,7],[3,5],[4,5],[5,2],[16,6],[3,2],[4,4],[5,10],[4,4],[6,6],[15,17],[10,8],[5,2],[5,1],[7,-1],[3,1],[2,1],[0,3],[1,4],[2,2],[3,3],[3,3],[2,2],[5,9],[7,15],[4,8],[6,8],[6,4],[7,4],[5,3],[3,4],[2,3],[5,10],[5,12],[6,9],[5,8],[4,5],[6,9],[7,10],[9,11],[5,5],[6,4],[6,4],[5,4],[4,5],[5,10],[6,7],[10,10],[8,8],[8,9],[8,8],[5,5],[5,6],[8,13],[7,10],[11,17],[10,14],[4,8],[2,4],[2,5],[2,4],[4,8],[4,6],[7,8],[6,7],[4,5],[12,15],[8,8],[8,5],[10,5],[7,5],[7,4],[9,6],[10,8],[12,8],[8,6],[3,4],[3,4],[2,3],[3,4],[3,2],[7,1],[5,0],[5,2],[4,4],[4,4],[6,3],[6,1],[4,-1],[2,1],[3,2],[12,8],[4,4],[2,3],[3,2],[2,1],[4,0],[5,1],[14,7],[9,6],[15,10],[6,4],[7,6],[7,3],[11,2],[4,1],[4,3],[9,9],[10,8],[8,7],[18,14],[16,12],[14,8],[14,8],[9,5],[6,4],[3,3],[1,3],[2,1],[1,1],[2,0],[4,2],[6,3],[4,0],[1,0],[1,1],[0,1],[0,6],[0,3],[1,3],[1,2],[3,2],[5,5],[5,7],[1,3],[1,1],[2,0],[4,1],[3,2],[6,5],[8,8],[8,8],[5,4],[5,4],[4,4],[4,3],[6,6],[4,4],[6,4],[5,3],[6,2],[2,1],[3,2],[2,5],[4,7],[4,8],[2,5],[5,5],[7,7],[6,6],[4,6],[3,5],[3,3],[3,2],[6,5],[5,2],[4,1],[4,1],[4,1],[3,2],[1,2],[1,2],[0,2],[1,2],[0,2],[5,7],[7,7],[8,7],[10,6],[7,4],[6,4],[6,4],[4,1],[3,2],[4,2],[2,2],[1,4],[1,5],[1,6],[3,4],[5,4],[9,4],[13,2],[9,3],[5,2],[3,2],[2,4],[4,11],[5,7],[4,4],[6,2],[4,0],[3,0],[2,0],[2,1],[2,2],[4,3],[3,3],[3,1],[5,1],[2,0],[2,1],[1,2],[1,2],[2,5],[3,4],[4,3],[6,1],[4,0],[3,-2],[2,0],[1,0],[1,1],[0,1],[0,1],[0,2],[0,2],[1,1],[5,5],[6,4],[2,1],[2,-1],[1,-1],[2,1],[2,1],[2,2],[2,4],[1,2],[1,1],[1,1],[1,0],[1,0],[1,-1],[1,0],[1,0],[1,1],[1,0],[0,1],[1,1],[0,1],[0,1],[0,1],[1,1],[4,6],[4,3],[3,1],[3,0],[2,-1],[1,0],[2,1],[1,1],[1,0],[0,1],[0,2],[1,3],[0,3],[2,2],[6,5],[6,4],[4,3],[5,2],[4,3],[2,2],[2,2],[4,3],[6,5],[4,3],[5,2],[3,2],[2,2],[2,2],[1,2],[6,4],[8,4],[4,3],[1,1],[0,1],[1,2],[1,2],[1,0],[1,0],[1,-1],[1,-2],[1,0],[1,0],[1,2],[1,1],[0,1],[-1,1],[-1,1],[0,1],[1,1],[0,1],[2,0],[1,1],[1,3],[2,5],[4,6],[1,2],[0,1],[0,1],[1,1],[1,1],[1,0],[1,0],[3,1],[2,1],[3,0],[2,0],[3,-2],[1,-1],[1,0],[1,0],[1,1],[0,1],[0,1],[0,2],[0,2],[0,2],[3,5],[1,4],[5,5],[6,2],[5,1],[5,1],[2,2],[1,3],[2,4],[4,6],[5,3],[4,1],[3,-1],[2,-1],[2,0],[2,0],[1,2],[1,2],[2,2],[2,1],[3,2],[2,1],[1,5],[1,5],[2,4],[3,5],[5,6],[4,3],[2,2],[1,0],[2,1],[0,2],[0,4],[2,3],[7,10],[4,6],[4,7],[8,8],[8,8],[9,8],[6,5],[5,5],[7,8],[10,11],[5,6],[6,7],[5,7],[5,6],[2,3],[1,1],[0,1],[1,1],[1,1],[1,1],[1,3],[1,3],[1,2],[4,3],[1,2],[1,2],[1,1],[3,2],[3,1],[3,3],[1,2],[1,2],[0,1],[1,0],[2,0],[2,0],[3,2],[3,3],[3,4],[4,5],[5,3],[6,3],[8,1],[4,2],[6,2],[3,2],[5,5],[6,4],[7,4],[6,4],[7,2],[6,3],[7,4],[4,3],[5,0],[3,0],[3,-1],[3,1],[2,1],[1,1],[1,0],[1,0],[1,-1],[2,1],[2,1],[1,2],[1,3],[0,2],[0,2],[1,2],[2,2],[2,0],[2,1],[1,2],[1,3],[3,3],[3,3],[6,3],[8,7],[5,5],[2,1],[3,0],[4,-1],[3,1],[1,1],[1,3],[1,2],[0,1],[2,0],[2,0],[2,1],[1,1],[1,1],[-1,4],[1,2],[2,2],[2,2],[2,1],[2,-1],[2,0],[1,1],[2,2],[3,2],[3,3],[3,2],[1,2],[0,1],[1,4],[0,3],[3,4],[6,6],[11,10],[8,5],[8,4],[2,2],[2,3],[2,3],[2,2],[4,3],[5,4],[6,6],[4,4],[1,2],[3,3],[5,3],[4,2],[3,1],[3,3],[2,2],[0,2],[1,2],[1,2],[2,1],[3,2],[2,1],[6,1],[4,1],[2,0],[2,2],[0,1],[1,2],[2,3],[3,4],[5,4],[5,3],[6,3],[5,3],[4,4],[6,5],[8,5],[8,4],[4,2],[2,2],[1,2],[1,2],[1,2],[3,2],[3,2],[2,0],[2,-1],[1,0],[2,1],[1,1],[1,2],[0,3],[2,4],[2,4],[3,3],[4,3],[7,1],[4,0],[3,1],[1,1],[1,1],[2,5],[1,3],[2,5],[1,3],[2,3],[4,2],[4,1],[3,-1],[2,0],[2,2],[1,2],[1,3],[1,2],[3,3],[5,4],[3,1],[3,0],[2,0],[2,2],[1,3],[1,1],[2,2],[2,3],[2,3],[2,3],[2,2],[1,2],[0,1],[1,0],[1,0],[1,0],[4,2],[3,0],[2,1],[1,0],[0,2],[1,3],[1,3],[0,3],[0,1],[1,1],[1,0],[2,0],[3,-2],[2,0],[1,0],[1,0],[1,2],[1,3],[1,3],[1,2],[2,2],[3,1],[3,0],[1,0],[2,1],[1,0],[0,2],[1,3],[1,3],[1,2],[2,2],[5,4],[4,1],[2,0],[2,-1],[1,-1],[2,-1],[1,0],[1,1],[1,3],[0,4],[1,3],[0,2],[2,2],[4,4],[1,1],[2,-1],[3,-1],[2,0],[1,1],[1,1],[0,2],[0,2],[0,2],[1,2],[2,2],[2,1],[1,-1],[1,0],[1,0],[1,1],[1,1],[1,1],[1,1],[1,0],[1,1],[2,1],[1,0],[1,0],[1,0],[1,1],[-1,1],[0,2],[0,1],[0,2],[0,3],[1,4],[2,4],[1,2],[2,2],[3,0],[2,-1],[2,0],[1,0],[2,2],[2,3],[1,4],[1,3],[2,3],[6,5],[7,4],[3,2],[2,1],[1,3],[0,4],[1,2],[3,1],[4,1],[5,1],[5,2],[3,3],[2,2],[2,2],[1,4],[1,3],[2,2],[2,1],[3,1],[3,2],[4,4],[8,6],[5,3],[5,0],[3,1],[1,1],[1,2],[1,4],[1,4],[2,4],[8,7],[7,5],[2,0],[2,0],[3,-2],[2,0],[2,1],[1,2],[-1,5],[1,4],[1,4],[3,5],[5,4],[8,3],[4,1],[2,1],[2,3],[4,7],[4,5],[5,2],[3,1],[2,0],[3,1],[1,2],[1,2],[0,2],[2,2],[2,3],[3,1],[3,1],[1,1],[2,2],[1,1],[1,1],[2,0],[1,1],[2,2],[1,2],[3,5],[2,5],[2,2],[3,3],[3,2],[3,1],[4,0],[2,0],[1,1],[2,2],[2,3],[3,4],[2,2],[3,2],[2,1],[2,3],[3,2],[2,0],[2,0],[2,-1],[1,-1],[1,1],[1,0],[1,2],[3,5],[3,5],[4,4],[5,3],[3,1],[2,2],[1,3],[2,3],[1,2],[2,2],[2,0],[2,0],[1,0],[1,1],[4,5],[2,4],[3,1],[2,0],[2,-1],[1,-2],[1,0],[2,0],[1,1],[0,2],[0,2],[0,2],[0,3],[0,2],[3,4],[3,3],[5,3],[6,4],[4,5],[4,2],[3,0],[3,0],[2,-1],[4,-4],[8,-16],[2,-4],[2,-1],[2,1],[9,8],[6,7],[2,5],[0,3],[-1,2],[-9,20],[-1,4],[0,4],[0,4],[3,4],[4,4],[5,4],[1,1],[0,2],[2,1],[3,0],[2,1],[2,-1],[1,0],[1,1],[1,1],[0,2],[1,3],[2,3],[1,3],[2,1],[1,1],[2,0],[2,0],[2,1],[1,1],[2,2],[2,3],[1,1],[2,1],[2,1],[2,1],[2,2],[0,2],[0,1],[1,2],[2,1],[4,2],[4,3],[3,1],[3,0],[3,0],[2,-1],[1,1],[1,3],[1,6],[0,3],[2,4],[3,4],[3,3],[3,2],[4,1],[2,1],[1,2],[1,5],[1,4],[3,4],[3,4],[4,1],[4,0],[3,0],[1,0],[2,1],[0,2],[1,4],[0,1],[3,4],[1,3],[5,8],[3,5],[5,3],[3,3],[2,1],[1,2],[1,3],[1,3],[1,1],[3,1],[2,-1],[1,0],[1,0],[1,1],[1,2],[1,3],[1,3],[2,1],[3,1],[2,0],[2,1],[1,1],[1,1],[0,3],[0,2],[0,3],[2,3],[3,4],[6,9],[8,6],[6,2],[4,2],[2,3],[2,6],[9,10],[15,14],[6,6],[4,8],[5,6],[8,6],[2,3],[3,5],[4,5],[8,7],[7,4],[3,3],[6,11],[8,9],[9,7],[5,3],[3,2],[2,4],[3,4],[6,5],[4,2],[2,0],[4,1],[2,2],[2,5],[1,5],[3,2],[4,4],[10,11],[5,4],[5,2],[4,0],[3,1],[3,1],[1,3],[0,6],[1,3],[3,3],[6,5],[10,3],[6,0],[2,1],[1,1],[2,1],[1,2],[2,4],[2,3],[2,2],[6,4],[7,6],[4,5],[2,4],[2,2],[0,1],[3,1],[6,2],[5,2],[6,5],[4,2],[4,3],[4,6],[2,5],[4,5],[7,7],[9,7],[7,7],[6,5],[3,1],[3,1],[4,2],[4,7],[2,6],[5,5],[3,2],[6,1],[3,2],[2,4],[4,6],[4,6],[3,8],[4,4],[5,2],[4,2],[7,5],[6,3],[6,5],[5,2],[4,1],[4,4],[6,8],[5,5],[4,7],[4,6],[5,8],[7,8],[6,6],[9,7],[7,9],[14,14],[12,12],[6,3],[5,2],[5,3],[2,4],[2,6],[2,6],[8,9],[5,6],[3,9],[2,3],[3,3],[2,1],[2,2],[1,2],[0,2],[-1,2],[1,1],[3,1],[2,2],[2,1],[1,2],[0,2],[1,1],[1,0],[1,-1],[1,-2],[2,-1],[3,0],[2,2],[2,4],[1,2],[0,9],[1,3],[1,2],[3,4],[6,4],[4,1],[6,1],[3,1],[1,2],[2,2],[0,5],[0,2],[1,1],[2,0],[6,0],[5,2],[3,2],[3,5],[1,2],[1,3],[3,4],[1,4],[1,3],[1,2],[2,2],[4,2],[2,0],[4,1],[2,2],[3,3],[6,6],[5,7],[4,4],[5,4],[7,3],[5,4],[5,3],[4,3],[4,4],[3,5],[3,6],[5,7],[8,11],[7,8],[3,2],[2,1],[4,1],[7,5],[6,7],[7,10],[13,17],[9,13],[6,13],[4,5],[8,8],[5,3],[5,6],[3,5],[5,6],[5,6],[4,6],[8,10],[6,10],[3,5],[4,4],[5,3],[3,3],[2,2],[2,0],[2,-1],[3,0],[1,1],[1,1],[0,2],[-1,3],[1,3],[5,8],[10,9],[6,7],[4,2],[3,1],[3,0],[2,1],[1,1],[0,4],[2,4],[2,2],[4,3],[3,1],[1,1],[1,2],[0,3],[1,3],[3,3],[3,1],[3,1],[3,1],[2,1],[0,2],[1,2],[2,3],[1,1],[3,0],[3,-1],[1,0],[1,1],[1,2],[0,2],[0,2],[0,2],[2,2],[6,9],[2,3],[1,2],[1,4],[1,1],[1,1],[2,2],[3,3],[5,3],[3,3],[4,3],[1,1],[2,3],[1,6],[2,4],[1,2],[2,3],[7,7],[5,6],[7,7],[3,1],[2,1],[2,1],[1,0],[1,1],[0,3],[2,5],[2,4],[3,3],[0,1],[0,1],[0,1],[1,0],[1,1],[1,-1],[1,0],[1,1],[1,2],[1,5],[2,4],[2,2],[3,0],[4,-1],[1,0],[2,2],[1,2],[-1,3],[1,4],[2,3],[6,8],[9,10],[2,1],[3,0],[3,-1],[2,0],[1,0],[1,2],[1,4],[1,3],[4,5],[4,5],[3,2],[2,1],[2,1],[0,1],[1,3],[1,3],[3,4],[4,4],[2,2],[1,2],[0,3],[0,2],[1,3],[3,4],[2,5],[3,3],[3,2],[3,0],[2,0],[2,1],[1,2],[1,5],[4,10],[7,8],[8,8],[5,4],[2,0],[1,0],[2,0],[1,1],[2,1],[1,2],[1,4],[0,3],[3,2],[3,2],[2,0],[2,-1],[1,0],[1,0],[1,1],[1,2],[0,2],[-1,3],[0,3],[2,4],[3,4],[4,5],[2,1],[3,-1],[2,1],[1,0],[1,2],[2,6],[3,6],[3,5],[3,3],[4,2],[3,1],[2,2],[1,5],[3,6],[4,5],[5,5],[6,3],[3,2],[1,1],[1,2],[1,5],[2,3],[3,6],[3,3],[7,6],[4,1],[1,1],[3,0],[1,2],[0,2],[0,3],[1,2],[1,3],[1,3],[3,1],[3,1],[3,-2],[2,0],[2,0],[1,2],[0,2],[0,5],[1,5],[3,8],[4,5],[5,4],[3,1],[3,0],[2,0],[1,1],[2,3],[0,4],[2,3],[3,2],[2,1],[2,1],[2,1],[1,1],[-1,2],[0,2],[0,3],[0,3],[1,3],[2,4],[3,5],[2,6],[4,3],[4,2],[4,0],[2,1],[1,2],[0,2],[0,2],[0,3],[0,3],[2,3],[3,3],[4,5],[5,7],[8,11],[9,8]],[[51155,60949],[-179,287],[-120,253],[23,339],[94,451],[122,369],[71,92]],[[51166,62740],[470,1623],[162,1131],[166,1055],[156,970],[226,831],[195,1102],[130,1077],[170,858],[55,650],[-16,649],[-69,1487],[-52,1486],[-22,1099],[-8,987],[11,772],[-28,581],[-6,731],[-38,585],[25,529],[-36,576],[-19,608],[-6,767],[8,977],[-5,913],[190,838],[71,416],[135,464],[157,322],[248,492],[245,634],[275,317],[135,322],[374,776]],[[37760,51144],[986,273],[765,289],[1052,361],[1042,385],[760,333],[949,498],[801,393],[578,321],[817,425],[639,327],[544,407],[652,558],[590,827],[355,914],[448,892],[831,805],[1586,1797]],[[51166,62740],[845,-221],[518,-242],[10,-475],[2,-611],[-30,-199],[42,-188],[-91,-170]],[[52462,60634],[-199,-116],[-180,68],[-405,-8],[-212,86],[-311,285]],[[52462,60634],[1084,-1281],[732,-372],[839,-493],[823,-537],[229,-140],[1457,-298],[1941,-72],[2237,-72],[1621,108],[1349,-581]],[[64774,56896],[568,-3000],[74,-1469],[-307,-1829],[-455,-1758],[-344,-1220],[-197,-934],[-123,-664],[99,-665],[418,-862],[172,-863],[-180,-1352]],[[64499,42280],[-533,-2],[-494,-1],[-497,-2],[-501,-2],[-503,-1],[-506,-2],[-508,-2],[-510,-1],[-511,-2],[-512,-2],[-512,-1],[-513,-2],[-513,-2],[-512,-1],[-365,-2],[-657,-2],[-508,-1],[-507,-2],[-504,-2],[-501,-2],[-994,-3],[-614,7],[-292,9],[-546,-3],[-69,0],[-456,4],[-544,5],[-526,-4],[-524,1],[-539,6],[-541,9],[-524,-9],[-544,5],[-309,-2],[-216,-2],[-539,15],[0,-96]],[[66070,59807],[-627,-1431],[-669,-1480]],[[54812,89452],[203,-12],[211,-24],[247,-30],[625,-6],[710,-214],[858,-424],[785,-309],[484,-250],[616,-524],[559,95],[637,94],[591,135],[586,72],[508,40],[724,52],[606,102],[409,-90],[496,428],[711,182],[639,144],[529,-98],[556,-386]],[[67102,88429],[23,-207],[176,-836],[119,-1074],[-229,-770],[-19,-1048],[96,-993],[113,-993],[83,-846],[91,-779],[60,-942],[85,-999],[64,-1010],[35,-1027],[91,-995],[3,-992],[33,-1590],[91,-1918],[-19,-1125],[-80,-1292],[-124,-1122],[-110,-1055],[-132,-927],[-32,-215],[-492,-2400],[-875,-3007],[-83,-460]],[[99991,61324],[-5379,-39],[-2293,505],[-4240,2526],[-2446,895],[-2558,922],[-2502,-404],[-2748,-2232],[-2743,-2212],[-1112,-607],[-4308,-207],[-3592,-664]],[[67102,88429],[502,141],[860,199],[407,4],[608,123],[955,119],[531,95],[982,282],[1077,114],[704,88],[473,37],[440,-115],[259,-171],[319,-102],[500,-941],[706,-1278],[409,-352],[313,259],[540,-19],[287,-576],[124,-439],[194,-341],[52,-91],[514,-421],[310,-90],[455,139],[349,213],[111,276],[153,383],[306,-37],[297,-265],[42,-69],[139,-229],[179,-401],[369,-579],[33,-568],[256,-580],[228,-391],[333,-456],[702,-774],[591,-481],[435,-407],[771,-709],[1012,-1132],[1525,332],[677,227],[1671,1116],[222,147],[1868,-1635],[1781,-2494],[1427,-930],[818,-1234],[744,-1248],[1049,-594],[880,-347],[240,-55],[723,-150],[426,-83],[8,-578],[7,-2105],[0,-3758],[0,-2332],[-5,-885],[1,-684],[0,-273]],[[64499,42280],[231,-3],[530,0],[539,0],[525,0],[543,-8],[526,22],[547,-7],[521,0],[761,-2],[482,0],[1190,-3],[747,-1],[763,-1],[336,0],[530,-8],[539,15],[233,-3],[297,-4],[539,0],[529,7],[544,0],[525,-7],[543,7],[526,0],[543,-7],[525,7],[543,-7],[530,-8],[539,15],[530,-7],[539,7],[530,-7],[538,7],[535,-7],[525,14],[543,-14],[526,14],[543,-14],[525,14],[544,-14],[529,7],[539,-7],[530,7],[539,-15],[530,8],[534,7],[539,-7],[525,7],[543,7],[526,-14],[543,7],[530,7],[543,-14],[525,0],[539,7],[534,7],[530,-14],[539,0],[530,7],[543,0],[526,-7],[543,0],[525,0],[530,7],[543,0],[530,7],[5,863],[4,863],[-13,863],[9,884],[0,863],[-9,863],[4,884],[5,863],[-5,1748],[5,6953],[-4,3386]]],"bbox":[-14.9049068,24.3800588,-8.666389,28.2111316],"transform":{"scale":[0.00006238580185801856,0.00003831111111111112],"translate":[-14.9049068,24.3800588]},"license":"ODbL-1.0","attribution":"© OpenStreetMap contributors, opendatacommons.org/licenses/odbl/1-0/","source":"OpenStreetMap admin_level=8 relations, matched to HCP communes on ref:MA:HCP"}
