{"type":"Topology","objects":{"communes":{"type":"GeometryCollection","geometries":[{"type":"Polygon","arcs":[[0,1]],"properties":{"code":"123910101","name":"Dakhla"}},{"type":"MultiPolygon","arcs":[[[2,3,0,4,5,6,7]],[[8]]],"properties":{"code":"123910901","name":"El Argoub"}},{"type":"Polygon","arcs":[[9,-6,10,11]],"properties":{"code":"123910501","name":"Bir Anzarane"}},{"type":"Polygon","arcs":[[12,11,13,14]],"properties":{"code":"123910507","name":"Oum Dreyga"}},{"type":"Polygon","arcs":[[2,15,16,17,18]],"properties":{"code":"123910903","name":"Imlili"}},{"type":"Polygon","arcs":[[19,20,-14,9,6,21,22]],"properties":{"code":"123910503","name":"Gleibat El Foula"}},{"type":"Polygon","arcs":[[-19,23,24,25,-22,7]],"properties":{"code":"120660305","name":"Aousserd"}},{"type":"Polygon","arcs":[[26,27,17,23,28]],"properties":{"code":"120660307","name":"Tichla"}},{"type":"Polygon","arcs":[[29,30,16,-28,31]],"properties":{"code":"120660503","name":"Bir Gandouz"}},{"type":"Polygon","arcs":[[22,32,33,25]],"properties":{"code":"120660303","name":"Aghouinite"}},{"type":"Polygon","arcs":[[-29,24,-34,34]],"properties":{"code":"120660309","name":"Zoug"}},{"type":"Polygon","arcs":[[20,14,35]],"properties":{"code":"123910505","name":"Mijik"}},{"type":"Polygon","arcs":[[-30,36]],"properties":{"code":"120660103","name":"Lagouira"}}]}},"arcs":[[[23914,77719],[-174,113],[-203,98]],[[23537,77930],[-6,-11],[-5,-10],[-4,-9],[-4,-7],[-2,-6],[-5,-8],[-3,-12],[0,-4],[-1,-3],[-1,-2],[-1,-3],[0,-5],[-1,-3],[-1,-3],[-2,-6],[-2,-8],[-2,-4],[-3,-4],[-3,-5],[-3,-4],[-1,-4],[0,-4],[-1,-4],[-1,-4],[-2,-2],[-1,-3],[-1,-3],[-2,-2],[-1,-2],[-1,-1],[0,-3],[-1,-3],[-2,-6],[-3,-4],[-2,-2],[-1,-3],[-2,-6],[-1,-4],[-3,-6],[-1,-3],[-2,-4],[-2,-2],[-1,-2],[-1,-3],[-1,-5],[0,-3],[-1,-3],[-3,-5],[-2,-6],[-5,-9],[-8,-12],[-6,-8],[-6,-8],[-6,-12],[-3,-6],[-5,-8],[-2,-3],[-1,-3],[0,-4],[-1,-3],[-2,-7],[-10,-23],[-6,-11],[-2,-5],[-4,-5],[-4,-5],[-6,-7],[-6,-6],[-3,-3],[-3,-2],[-3,-4],[-1,-3],[0,-2],[-1,-5],[-2,-9],[-3,-9],[-1,-4],[1,-5],[1,-14],[1,-12],[-1,-6],[-2,-6],[-4,-5],[-4,-7],[-4,-6],[-9,-10],[-9,-11],[-7,-7],[-9,-9],[-3,-5],[-2,-5],[-5,-18],[-2,-3],[-1,-5],[-1,-3],[1,-4],[0,-4],[-1,-5],[-5,-22],[-3,-16],[-2,-13],[-1,-6],[-2,-8],[-1,-9],[-1,-5],[0,-5],[2,-8],[1,-11],[1,-8],[1,-5],[-2,-5],[-1,-2],[0,-4],[0,-14],[0,-5],[-1,-3],[-5,-11],[-2,-6],[-1,-6],[0,-10],[1,-12],[0,-13],[-2,-7],[-3,-9],[-5,-13],[-4,-16],[-2,-13],[-5,-12],[-11,-17],[-4,-6],[-3,-4],[-2,-5],[-2,-14],[-4,-14],[-3,-5],[-1,-2],[-1,-1],[0,-2],[1,-8],[0,-4],[-2,-8],[-5,-16],[-3,-4],[-2,-5],[-2,-2],[-1,-1],[0,-3],[-1,-2],[-9,-16],[-3,-7],[-4,-11],[-2,-11],[-1,-4],[0,-4],[-1,-3],[-1,-2],[-9,-16],[-2,-2],[-1,-1],[0,-1],[0,-1],[0,-3],[-1,-3],[-2,-2],[-4,-5],[-4,-10],[-2,-4],[-1,-4],[-1,-4],[-1,-2],[0,-3],[-1,-4],[-1,-2],[1,-5],[0,-4],[1,-6],[1,-9],[0,-6],[0,-5],[-2,-4],[-5,-10],[0,-2],[0,-5],[0,-6],[1,-6],[0,-3],[0,-5],[-1,-11],[-1,-10],[0,-11],[0,-8],[-1,-5],[-2,-6],[-6,-9],[-14,-16],[-4,-5],[-4,-7],[-4,-8],[-4,-9],[-4,-14],[-2,-10],[-1,-10],[-1,-7],[1,-7],[1,-7],[5,-15],[1,-3],[2,-2],[5,-2],[8,-1],[9,-7],[9,-8],[9,-6],[4,-5],[2,-4],[4,-4],[3,-3],[6,-11],[4,-12],[1,-13],[-1,-26],[-1,-18],[-3,-16],[-9,-24],[-13,-34],[0,-3],[-2,-10],[-1,-10],[0,-6],[-1,-5],[-4,-12],[-6,-15],[-15,-27],[-9,-18],[-20,-43],[-18,-29],[-11,-23],[-3,-10],[-3,-8],[-11,-16],[-11,-19],[-6,-12],[-6,-12],[-1,-4],[1,-5],[1,-5],[1,-4],[-1,-5],[-5,-11],[-15,-30],[-20,-33],[-24,-36],[-22,-29],[-22,-27],[-35,-38],[-42,-45],[-27,-26],[-31,-27],[-23,-22],[-22,-20],[-17,-18],[-24,-23],[-17,-18],[-7,-9],[-8,-8],[-12,-12],[-13,-10],[-9,-8],[-21,-18],[-25,-18],[-12,-10],[-20,-15],[-23,-21],[-6,-7],[-7,-10],[-6,-10],[-7,-9],[-3,-7],[-2,-6],[-3,-7],[-3,-7],[-8,-11],[-4,-7],[-3,-9],[-3,-18],[0,-7],[-1,-10],[-2,-8],[-3,-8],[-3,-5],[-2,-6],[-4,-8],[-3,-7],[-2,-8],[0,-8],[0,-7],[-1,-9],[-2,-9],[0,-4],[-1,-3],[-1,-4],[-3,-6],[-3,-9],[0,-5],[0,-6],[0,-6],[1,-9],[2,-2],[0,-4],[3,-4],[2,-5],[3,-8],[4,-3],[4,-6],[2,-5],[0,-2],[0,-1],[-1,-3],[-1,-2],[0,-1],[0,-2],[2,-4],[-2,-7],[1,-6],[0,-4],[1,-3],[3,-3],[-1,-2],[0,-2],[0,-8],[-1,-6],[-3,-2],[0,-7],[2,-6],[2,-4],[7,-20],[1,-14],[1,-6],[2,-5],[3,-10],[4,-8],[1,-9],[1,-16],[-1,-8],[-4,-12],[-2,-16],[1,-7],[0,-9],[2,-10],[1,-8],[-1,-7],[-2,-5],[-2,-8],[-1,-10],[-6,-13],[-7,-15],[-6,-13],[-6,-10],[-8,-24],[-7,-14],[-2,-5],[-2,-8],[-7,-7],[-4,-9],[-4,-16],[-6,-8],[-3,-7],[-4,-6],[-4,-8],[-5,-9],[-4,-7],[-4,-7],[-8,-12],[-12,-18],[-13,-20],[-11,-21],[-6,-10],[-10,-15],[-13,-8],[-4,-7],[-4,-10],[-2,-7],[-2,-2],[-10,-9],[-5,-5],[-4,-6],[-4,-5],[-5,-7],[-13,-22],[-11,-13],[-28,-30],[-16,-19],[-18,-18],[-14,-14],[-7,-8],[-10,-7],[-9,-10],[-7,-3],[-10,-8],[-16,-13],[-19,-17],[-11,-11],[-24,-15],[-10,-12],[-16,-10],[-10,-10],[-9,-8],[-3,-3],[-3,-4],[-4,-5],[-10,-10],[-14,-9],[-2,-3],[-2,-3],[-1,-2],[-1,-3],[-4,-4],[-4,-2],[-4,-3],[-2,-3],[-1,-3],[-4,-7],[-7,-10],[-1,-6],[-1,-5],[1,-4],[0,-11],[0,-6],[-1,-4],[-7,-12],[-2,-5],[-1,-5],[0,-6],[1,-11],[-1,-3],[-2,-6],[-8,-23],[-3,-5],[-7,-27],[-6,-13],[-9,-16],[-9,-16],[-9,-16],[-11,-16],[-14,-19],[-9,-13],[-9,-14],[-9,-14],[0,-6],[-3,-1],[-1,-6],[-1,-6],[-3,-5],[-6,-9],[-10,-15],[-10,-11],[-4,-6],[-3,-8],[-3,-6],[-5,-6],[-4,-7],[-10,-14],[-7,-13],[-5,-16],[-7,-18],[-10,-17],[-5,-9],[-8,-14],[-10,-13],[-8,-17],[-12,-15],[-6,-13],[-6,-12],[-10,-13],[-6,-11],[-7,-12],[-8,-15],[-3,-5],[-4,-7],[-6,-17],[-6,-13],[-11,-22],[-8,-16],[-7,-11],[-11,-15],[-7,-9],[-10,-11],[-6,-10],[-8,-12],[-9,-8],[-8,-9],[-7,-11],[-3,-9],[-3,-14],[2,-6],[0,-6],[0,-4],[-1,-5],[-7,-10],[-2,-2],[1,-5],[-5,-10],[-7,-11],[-8,-11],[-3,-7],[-1,-9],[1,-7],[1,-9],[2,-11],[1,-15],[1,-19],[2,-15],[4,-12],[5,-13],[6,-12],[2,-5],[2,-8],[3,-6],[6,-10],[12,-14],[4,-6],[3,-4],[4,-6],[4,-1],[8,-4],[5,-5],[3,-5],[2,-9],[5,-14],[1,-6],[0,-5],[1,-9],[2,-11],[3,-7],[6,-11],[14,-22],[5,-7],[3,-9],[3,-7],[3,-9],[0,-2],[1,-1],[1,0],[2,1],[1,4],[3,4],[8,4],[10,3],[11,3],[10,3],[9,2],[15,2],[16,-2],[21,-5],[14,-5],[13,-11],[30,-25],[22,-27],[11,-7],[10,-3],[20,-6],[18,-17],[14,-16],[14,-23],[6,-10],[6,-6],[8,-4],[6,-1],[6,0],[6,0],[6,1],[3,2],[1,5],[-3,9],[-1,9],[0,15],[-1,4],[1,6],[0,5],[0,5],[0,6],[0,3],[0,4],[0,3],[0,2],[-1,1],[0,4],[0,18],[3,17],[3,9],[-4,2],[-7,0],[-9,1],[-3,-5],[-5,-10],[-5,1],[0,9],[4,4],[-11,22],[-11,13],[-13,24],[-18,20],[2,2],[10,13],[8,-13],[25,-25],[9,7],[-2,19],[14,12],[6,21],[4,10],[1,6],[2,2],[5,5],[4,-4],[1,-6],[3,-1],[1,-3],[3,-5],[1,2],[1,4],[-2,3],[-2,1],[0,4],[2,12],[0,7],[2,14],[3,13],[7,14],[6,7],[5,8],[4,8],[3,6],[7,11],[5,9],[5,14],[5,10],[6,8],[7,9],[5,9],[5,17],[1,9],[3,12],[2,17],[5,27],[4,17],[8,9],[3,14],[5,12],[4,-1],[1,-20],[3,-2],[1,4],[1,5],[-3,13],[1,9],[5,3],[9,5],[2,-7],[11,2],[-1,15],[0,14],[6,10],[2,18],[4,3],[9,11],[3,4],[-3,14],[8,2],[3,4],[8,9],[11,32],[7,15],[-5,4],[-1,3],[4,4],[5,-1],[15,-4],[7,-20],[4,-3],[3,0],[3,0],[5,3],[7,6],[4,4],[3,4],[1,5],[9,30],[4,16],[3,7],[3,10],[3,8],[2,8],[4,18],[3,20],[9,37],[9,26],[4,9],[5,6],[7,10],[10,11],[9,9],[9,8],[9,9],[6,6],[7,11],[3,5],[3,5],[5,9],[7,12],[7,7],[7,5],[2,1],[2,2],[5,5],[7,6],[7,5],[7,7],[4,5],[5,4],[2,2],[1,3],[2,2],[2,3],[2,3],[4,4],[4,6],[4,3],[5,4],[5,4],[3,2],[2,3],[3,2],[5,6],[4,3],[2,1],[3,3],[5,4],[7,4],[3,2],[3,0],[2,-1],[3,-2],[2,-2],[2,-2],[0,3],[1,1],[1,2],[4,7],[7,12],[8,11],[6,6],[8,10],[7,9],[9,11],[16,12],[7,13],[2,2],[3,1],[4,-1],[9,-1],[3,0],[4,1],[5,5],[11,10],[9,11],[5,6],[5,6],[6,6],[5,4],[2,1],[3,1],[3,2],[2,2],[1,4],[3,6],[5,7],[6,5],[7,6],[10,7],[6,5],[7,6],[7,6],[7,6],[7,6],[7,11],[4,6],[5,7],[5,5],[4,3],[3,6],[4,7],[6,7],[3,5],[5,5],[9,8],[11,7],[9,3],[8,4],[6,5],[4,1],[2,0],[3,-1],[1,-1],[1,0],[1,0],[1,1],[5,4],[8,4],[9,2],[3,0],[2,1],[1,2],[5,8],[3,10],[3,10],[2,10],[4,14],[3,11],[2,5],[4,5],[5,10],[2,3],[2,0],[3,-2],[-1,2],[2,5],[7,4],[6,2],[6,4],[3,3],[3,4],[3,7],[3,7],[1,2],[0,3],[-1,7],[-4,19],[-3,23],[2,16],[4,16],[2,3],[3,3],[3,1],[1,2],[1,1],[1,3],[-1,5],[3,8],[3,8],[8,13],[2,1],[1,0],[1,1],[6,9],[5,9],[2,1],[1,1],[1,2],[12,16],[4,4],[2,3],[3,5],[2,5],[2,6],[4,9],[8,14],[9,18],[2,1],[2,2],[1,2],[3,6],[4,8],[2,2],[1,1],[0,1],[2,4],[5,6],[1,0],[2,1],[1,1],[1,1],[1,2],[1,0],[4,4],[4,2],[3,2],[4,1],[2,1],[3,2],[7,12],[4,3],[2,0],[3,0],[2,0],[1,-1],[9,-21],[1,0],[0,1],[-3,7],[0,1],[0,1],[2,10],[2,3],[1,-1],[1,0],[1,0],[1,1],[0,1],[1,1],[0,1],[1,3],[2,5],[1,2],[2,2],[3,0],[2,0],[3,-2],[1,0],[2,2],[1,0],[1,0],[8,9],[3,2],[4,1],[3,0],[3,-2],[4,-4],[2,-3],[1,0],[5,6],[0,1],[1,0],[1,1],[1,2],[1,1],[0,2],[-1,1],[-4,5],[-2,2],[-7,17],[-1,4],[0,3],[0,2],[0,2],[0,5],[-2,9],[-1,2],[0,4],[0,3],[-2,8],[-1,3],[1,4],[4,9],[5,20],[6,16],[2,8],[2,17],[3,15],[3,10],[1,4],[2,6],[2,9],[1,1],[1,1],[1,2],[0,2],[0,1],[2,2],[0,2],[1,2],[0,3],[0,2],[1,2],[9,30],[3,5],[3,4],[7,7],[6,5],[5,5],[5,6],[1,1],[1,1],[1,-1],[1,-1],[1,0],[0,1],[0,1],[0,1],[0,1],[7,11],[1,1],[0,1],[1,1],[3,1],[0,1],[1,0],[0,-1],[0,1],[0,1],[2,5],[4,9],[6,6],[6,2],[6,3],[4,2],[3,4],[7,11],[1,3],[2,3],[0,4],[2,4],[3,6],[3,5],[3,5],[3,4],[3,2],[1,1],[3,0],[1,0],[-1,1],[-1,0],[-1,1],[0,1],[-1,3],[2,2],[1,1],[1,0],[1,0],[1,0],[-1,2],[1,0],[0,1],[2,1],[3,5],[1,3],[0,4],[-4,15],[0,1],[-1,1],[0,1],[-1,0],[-3,5],[-6,10],[-8,13],[-1,3],[-1,7],[-3,6],[-2,6],[-3,10],[-1,5],[0,4],[1,3],[1,3],[0,2],[0,9],[0,7],[2,10],[1,4],[1,2],[3,1],[5,3],[1,1],[7,9],[3,3],[1,1],[0,1],[1,3],[2,2],[3,3],[2,3],[0,1],[0,2],[-2,14],[-4,16],[-1,4],[0,5],[2,12],[3,13],[2,6],[1,7],[0,5],[0,8],[-1,7],[0,5],[0,7],[3,7],[4,5],[3,3],[2,2],[1,2],[0,5],[1,1],[1,1],[2,2],[1,2],[1,5],[1,3],[1,1],[0,3],[0,2],[0,1],[4,11],[3,4],[3,2],[5,4],[4,3],[1,3],[0,2],[1,8],[5,24],[1,5],[1,6],[0,15],[0,7],[1,6],[0,6],[0,6],[0,10],[-1,4],[0,6],[1,7],[3,6],[1,5],[1,2],[0,2],[-1,2],[1,1],[0,2],[1,1],[0,2],[0,1],[0,3],[1,3],[3,5],[3,5],[3,5],[2,4],[2,5],[2,4],[3,8],[3,6],[3,6],[2,7],[2,6],[1,1],[1,0],[1,0],[0,1],[0,1],[0,1],[3,9],[3,6],[3,3],[3,3],[3,3],[2,2],[3,1],[2,0],[5,1],[4,0],[4,0],[2,-1],[2,-3],[1,-2],[1,-1],[4,-2],[4,0],[3,1],[2,2],[2,3],[1,3],[-1,8],[0,6],[-2,6],[-1,2],[0,2],[1,3],[0,1],[-1,1],[-2,2],[-1,3],[-1,5],[1,3],[2,3],[3,3],[3,4],[2,5],[1,6],[0,3],[-1,3],[-1,4],[-1,5],[-1,8],[0,6],[1,4],[0,1],[0,1],[-1,4],[-1,4],[0,3],[0,3],[1,0],[0,1],[1,0],[2,-2],[1,0],[1,0],[0,1],[-1,1],[-2,2],[-1,1],[0,2],[-1,5],[-2,5],[-1,3],[-1,8],[0,3],[3,4],[1,1],[0,1],[0,2],[-3,4],[-5,11],[-5,18],[-1,5],[0,3],[0,2],[0,1],[0,1],[0,1],[0,3],[0,3],[2,8],[2,11],[2,5],[2,6],[2,3],[4,1],[3,1],[2,1],[1,2],[1,1],[2,2],[2,2],[3,1],[3,-1],[2,-1],[2,-3],[1,0],[3,3],[2,1],[2,5],[2,4],[2,4],[0,2],[0,3],[0,8],[0,2],[2,2],[1,1],[1,2],[0,2],[1,5],[1,3],[1,2],[3,3],[4,5],[3,3],[2,4],[1,2],[0,4],[-1,4],[1,5],[0,4],[0,2],[-1,2],[-2,5],[-3,6],[-1,2],[0,2],[0,3],[-1,2],[-10,15],[-7,13],[0,1],[0,1],[0,1],[0,1],[-2,2],[-1,2],[-2,5],[0,1],[1,1],[0,1],[1,1],[-1,1],[-1,4],[1,3],[1,2],[0,1],[-1,1],[0,1],[0,1],[1,3],[2,11],[4,13],[3,11],[2,3],[2,2],[1,1],[1,1],[1,2],[-1,2],[-4,9],[-7,12],[-1,2],[0,2],[1,1],[-1,2],[-4,10],[-1,4],[0,5],[1,2],[5,6],[1,4],[0,7],[0,8],[2,8],[1,3],[3,3],[1,2],[0,2],[-6,25],[0,1],[1,1],[0,1],[1,0],[0,1],[-1,9],[0,8],[1,8],[3,5],[3,6],[3,2],[6,2],[5,0],[3,0],[1,-1],[1,-1],[1,-5],[1,-1],[1,0],[8,2],[1,0],[1,-1],[2,0],[2,2],[1,2],[1,3],[0,4],[-1,2],[-3,4],[-5,5],[-4,5],[-3,6],[-2,7],[-3,6],[-6,13],[-2,6],[0,3],[1,4],[2,2],[0,2],[-1,11],[3,0],[1,1],[-4,12],[0,4],[-1,4],[0,3],[-1,1],[0,1],[1,3],[3,13],[1,1],[0,1],[1,-1],[1,0],[1,1],[2,3],[2,3],[0,1],[-1,0],[0,1],[1,1],[0,1],[1,0],[1,0],[1,-1],[0,2],[0,1],[1,0],[2,-1],[9,10],[1,1],[0,2],[1,2],[3,4],[2,2],[4,0],[4,1],[2,0],[2,0],[1,-1],[0,-3],[0,1],[3,4],[2,2],[2,1],[1,0],[2,-1],[1,0],[1,-1],[2,0],[7,-5],[1,0],[1,0],[0,1],[3,9],[1,2],[3,0],[3,2],[2,0],[1,2],[1,3],[1,5],[0,1],[2,2],[1,1],[0,3],[1,1],[1,1],[3,1],[5,0],[2,1],[9,5],[5,5],[0,1],[1,2],[0,2],[-5,13],[-8,11],[-4,6],[-2,7],[-3,8],[0,3],[1,2],[1,2],[0,3],[-2,6],[-7,26],[0,3],[0,3],[1,3],[7,13],[5,5],[2,2],[3,0],[0,-6],[2,0],[1,6],[4,-1],[1,-5],[1,0],[0,9],[1,2],[2,2],[5,4],[2,4],[1,1],[0,2],[0,2],[5,-1],[0,1],[-2,2],[-1,1],[1,10],[3,0],[0,2],[-3,0],[0,4],[0,7],[3,5],[8,8],[5,5],[4,-4],[2,1],[-4,5],[5,6],[0,1],[5,4],[2,3],[-1,2],[-4,0],[0,2],[-4,-1],[-3,10],[0,4],[0,2],[1,4],[2,3],[2,1],[7,-4],[1,-2],[1,1],[-1,3],[-7,4],[-2,10],[-2,8],[-1,6],[-1,6],[0,2],[2,5],[1,2],[2,1],[2,2],[3,5],[1,1],[6,-3],[1,1],[-2,3],[-7,3],[-4,5],[-1,9],[3,3],[-2,6],[-1,3],[1,3],[3,3],[3,1],[7,-4],[2,0],[0,2],[-18,8],[-2,3],[0,1],[-2,7],[-2,6],[0,4],[0,4],[2,3],[1,2],[1,0],[1,0],[0,-1],[0,-1],[1,0],[0,1],[1,0],[1,0],[0,1],[0,1],[0,2],[0,1],[0,1],[2,2],[0,1],[1,2],[2,4],[1,3],[3,4],[5,3],[1,2],[3,4],[1,7],[1,7],[-1,16],[1,5],[0,5],[3,5],[4,3],[4,1],[5,1],[1,0],[1,1],[1,1],[1,1],[2,1],[1,-1],[2,-1],[2,0],[2,0],[1,1],[1,2],[1,3],[3,14],[1,7],[4,6],[1,4],[0,2],[-1,3],[-3,6],[-1,3],[-2,5],[0,3],[0,3],[4,8],[3,8],[6,15],[1,3],[0,3],[-1,7],[-1,6],[0,9],[0,5],[1,4],[-1,3],[-1,3],[0,4],[1,12],[0,6],[2,4],[9,12],[2,3],[0,3],[0,3],[0,11],[0,8],[1,6],[3,5],[3,3],[5,14],[2,4],[5,4],[2,3],[4,15],[3,4],[4,3],[5,3],[3,3],[4,4],[3,3],[6,4],[2,1],[4,3],[4,2],[5,6],[4,4],[6,9],[1,4],[5,9],[4,7],[2,5],[4,11],[3,10],[1,10],[2,10],[2,8],[2,3],[3,2],[3,0],[2,1],[2,2],[4,6],[1,1],[1,0],[1,0],[1,-2],[2,-2],[2,-1],[2,-1],[4,0],[1,0],[1,2],[3,8],[2,5],[1,3],[2,2],[2,1],[3,0],[2,0],[2,0],[1,1],[1,1],[2,0],[2,0],[2,0],[3,1],[4,1],[1,1],[1,1],[2,4],[1,4],[2,6],[1,3],[2,2],[4,2],[11,4],[3,2],[2,2],[3,4],[1,4],[1,24],[2,13],[4,12],[0,5],[0,11],[1,11],[2,11],[3,16],[1,8],[0,5],[0,18],[1,9],[1,8]],[[40683,66435],[-468,-49],[-1398,-436],[-1498,-741],[-2329,-992],[-1274,-653],[-1879,1397],[-1263,83],[-581,33],[-380,21],[-583,-67],[-702,111],[-818,444],[-588,473],[-520,298],[-664,111],[-1251,70],[-886,159],[-950,-32],[-669,-22],[-473,21]],[[21509,66664],[6,9],[6,6],[6,7],[3,5],[2,5],[1,4],[1,4],[0,7],[0,2],[0,1],[-2,2],[-1,2],[0,3],[1,4],[2,1],[4,6],[1,0],[2,0],[1,0],[1,0],[2,1],[9,9],[8,8],[15,18],[9,11],[9,13],[13,17],[8,13],[3,6],[4,7],[4,10],[4,9],[2,5],[2,3],[2,1],[6,3],[2,2],[8,9],[5,8],[4,3],[2,3],[3,4],[4,7],[12,15],[7,10],[4,5],[3,6],[2,7],[2,5],[1,5],[12,22],[1,5],[0,3],[0,2],[-3,1],[-3,3],[-1,2],[0,2],[1,3],[0,3],[1,4],[0,4],[2,4],[2,4],[2,3],[8,8],[8,10],[3,5],[4,12],[2,9],[2,8],[1,5],[1,8],[3,6],[2,7],[8,14],[5,8],[9,12],[9,14],[7,10],[4,9],[7,12],[4,9],[0,4],[0,5],[0,3],[2,3],[8,10],[13,12],[4,5],[3,4],[4,8],[7,9],[15,22],[8,13],[7,12],[2,10],[-1,10],[0,9],[1,4],[1,3],[1,2],[1,3],[0,7],[2,10],[4,11],[5,13],[5,9],[11,17],[9,13],[7,12],[9,19],[8,19],[11,26],[8,23],[5,11],[10,18],[12,19],[15,28],[10,18],[9,13],[18,21],[13,18],[5,9],[1,6],[1,6],[-1,3],[-1,3],[-1,1],[0,3],[0,2],[1,2],[1,3],[1,2],[0,4],[-2,10],[-1,2],[-1,2],[0,2],[-1,2],[-1,2],[-1,3],[-1,3],[1,4],[1,2],[1,2],[1,5],[4,10],[1,4],[0,2],[0,1],[-1,3],[-2,3],[0,3],[0,3],[4,8],[2,6],[0,6],[1,3],[3,8],[2,4],[0,3],[-1,3],[0,2],[0,2],[5,5],[4,6],[5,13],[8,14],[1,5],[1,6],[8,21],[4,14],[5,14],[3,7],[5,10],[6,7],[3,5],[6,11],[8,15],[1,3],[0,3],[1,2],[2,3],[1,2],[2,3],[2,3],[3,4],[1,4],[3,10],[3,11],[4,10],[4,5],[2,4],[2,6],[1,13],[0,11],[0,4],[0,6],[0,7],[0,8],[0,5],[-1,16],[0,5],[0,4],[2,4],[4,9],[5,8],[1,2],[0,2],[1,2],[2,4],[4,5],[8,9],[5,8],[3,5],[5,7],[3,5],[2,3],[1,5],[2,8],[3,10],[7,16],[8,17],[6,16],[4,10],[3,7],[1,8],[3,9],[2,9],[2,13],[2,9],[8,15],[10,15],[8,9],[3,5],[10,18],[10,17],[8,15],[2,5],[1,4],[1,3],[1,3],[3,5],[4,7],[5,8],[5,6],[9,17],[8,11],[18,27],[11,18],[15,28],[9,16],[10,20],[16,34],[13,25],[16,38],[12,27],[11,28],[14,35],[10,26],[6,20],[7,19],[6,20],[9,24],[5,17],[6,32],[4,19],[6,22],[7,24],[8,23],[6,20],[5,22],[0,13],[3,19],[4,37],[2,11],[0,7],[-1,5],[-2,4],[-2,2],[-2,3],[-2,0],[0,-1],[-1,0],[0,1],[-1,0],[-1,0],[-1,-3],[-1,0],[-2,1],[-1,0],[0,1],[0,1],[0,1],[0,1],[0,2],[-1,1],[0,1],[-1,1],[0,3],[-4,10],[-2,3],[-3,1],[-2,1],[-1,0],[-2,-1],[0,-2],[0,-1],[-1,-3],[0,-1],[-1,0],[0,1],[0,2],[0,2],[0,1],[0,2],[1,1],[0,1],[2,2],[1,2],[2,4],[-1,8],[-3,18],[-2,15],[-3,12],[-4,12],[-6,12],[-1,3],[-2,3],[-4,2],[-4,2],[-5,1],[-8,1],[-3,1],[-2,2],[-1,10],[1,10],[-1,13],[-1,9],[-5,13],[-3,2],[-4,3],[-4,3],[-3,5],[-5,11],[-12,23],[-2,3],[-5,3],[-7,3],[-2,3],[-9,15],[-7,10],[-7,8],[-3,1],[-4,0],[-4,0],[-5,2],[-4,2],[-3,2],[-4,1],[-4,1],[-2,2],[-3,3],[-6,5],[-3,2],[-3,2],[-2,3],[-3,1],[-3,0],[-2,0],[-3,0],[-6,2],[-7,4],[-7,3],[-8,4],[-3,1],[-2,2],[-2,1],[-3,5],[-2,2],[-4,1],[-6,2],[-6,4],[-6,5],[-2,4],[-1,3],[-1,4],[0,5],[2,9],[5,17],[2,13],[0,8],[0,2],[0,2],[-1,2],[1,2],[0,2],[1,3],[0,3],[-1,4],[-2,5],[0,3],[-1,2],[1,2],[2,6],[0,6],[-1,21],[0,2],[0,2],[0,1],[1,0],[1,1],[0,2],[1,4],[1,11],[0,17],[0,28],[-4,28],[-9,34],[-3,10],[-6,13],[-2,5],[-4,6],[-5,4],[-5,3],[-14,10],[-5,4],[-2,2],[-3,2],[-4,1],[-2,0],[-3,-1],[-2,-2],[-3,-2],[0,-1],[0,-1],[0,-2],[0,-1],[-2,1],[-2,0],[-3,0],[-3,1],[-2,1],[-2,3],[-3,2],[-4,4],[-7,10],[-5,5],[-4,2],[-5,1],[-2,-1],[-1,-2],[-2,-2],[-2,-1],[-3,-1],[-3,1],[-4,2],[-3,1],[-1,0],[-1,-1],[-1,1],[-2,0],[-2,1],[-1,0],[-1,0],[-1,0],[-1,0],[0,1],[-1,1],[-1,0],[-1,0],[-1,-1],[-1,-1],[-1,0],[-1,1],[-2,0],[-1,0],[-1,-1],[-1,0],[-1,-1],[-1,-1],[-1,0],[-1,1],[-1,0],[-1,0],[-2,0],[-1,-1],[-1,0],[-2,-2],[-2,-2],[-3,-3],[-5,-5],[-2,-2],[0,-1],[0,-3],[-1,-1],[0,-1],[-2,-1],[-1,0],[-1,1],[-1,1],[-2,3],[-1,4],[-4,7],[-4,4],[-1,2],[-1,1],[0,3],[-1,2],[-2,3],[-2,3],[-2,1],[0,2],[2,13],[0,3],[-1,4],[0,5],[1,9],[-1,9],[0,2],[0,2],[1,3],[0,2],[1,3],[0,2],[-4,7],[0,4],[0,2],[0,3],[2,6],[4,10],[0,4],[2,4],[2,5],[3,7],[2,8],[1,3],[0,2],[0,1],[-2,3],[0,1],[-1,3],[0,2],[1,1],[2,2],[3,1],[2,1],[3,0],[6,-1],[3,-1],[2,0],[2,-1],[1,0],[1,0],[3,1],[4,3],[3,2],[4,3],[4,3],[8,8],[1,1],[2,2],[0,1],[1,1],[9,9],[2,1],[2,2],[1,1],[1,1],[2,1],[5,2],[4,2],[3,2],[5,6],[5,6],[5,7],[10,17],[5,8],[5,6],[3,5],[1,3],[3,4],[1,2],[1,2],[1,1],[7,9],[2,2],[1,4],[3,5],[1,5],[0,3],[-1,4],[-1,3],[0,3],[3,4],[5,4],[2,1],[2,1],[2,2],[5,6],[1,2],[2,1],[4,3],[1,0],[1,1],[1,0],[1,0],[1,0],[2,1],[1,2],[3,3],[5,7],[5,4],[4,6],[3,5],[1,1],[2,1],[1,0],[2,0],[1,-1],[2,-1],[2,0],[2,0],[2,2],[3,2],[1,1],[2,2],[1,5],[2,4],[1,3],[2,1],[1,0],[3,-1],[2,-3],[3,-2],[5,-3],[2,-1],[1,-1],[2,0],[5,1],[8,3],[11,6],[5,4],[6,4],[8,6],[8,7],[7,8],[4,5],[7,8],[3,7],[6,14],[1,3],[3,3],[2,3],[2,2],[1,3],[1,1],[0,4],[1,2],[2,1],[3,3],[4,5],[2,2],[0,2],[2,3],[2,3],[1,1],[2,1],[2,1],[2,-1],[3,-1],[3,0],[7,2],[7,2],[4,2],[6,2],[6,3],[4,0],[1,-1],[2,-1],[6,-5],[2,-1],[3,0],[8,1],[5,1],[3,1],[2,1],[2,1],[4,2],[2,1],[3,0],[3,0],[2,0],[4,0],[5,1],[6,1],[5,2],[5,1],[5,3],[6,5],[2,1],[4,3],[1,1],[1,1],[1,0],[3,0],[9,1],[10,2],[11,2],[2,3],[2,2],[2,1],[3,1],[2,1],[2,0],[1,1],[3,2],[4,3],[3,3],[2,3],[3,2],[4,2],[2,1],[4,1],[1,1],[7,3],[6,3],[12,7],[9,5],[9,5],[6,4],[7,5],[8,7],[7,8],[5,5],[6,6],[10,11],[6,6],[7,8],[5,5],[5,6],[10,14],[6,8],[3,4],[2,4],[1,5],[0,2],[0,2],[0,2],[-1,1],[-1,3],[0,4],[0,3],[2,4],[5,5],[5,4],[3,4],[4,6],[5,8],[3,6],[3,5],[1,5],[1,5],[0,5],[-1,2],[-3,4],[-2,3],[-1,2],[-1,3],[1,8],[1,6],[1,2],[2,2],[3,2],[3,0],[2,-1],[2,-1],[1,0],[2,0],[2,2],[3,2],[3,3],[4,3],[3,4],[4,4],[4,5],[3,4],[3,15],[0,2],[-1,1],[-1,2],[0,1],[1,8],[1,6],[1,3],[4,5],[5,5],[4,5],[8,9],[7,8],[7,8],[8,7],[6,6],[5,6],[9,15],[5,9],[7,9],[12,18],[6,10],[4,7],[5,11],[6,14],[6,15],[6,19],[6,19],[3,13],[2,10],[5,17],[4,11],[4,10],[8,13],[5,9],[6,14],[5,12],[6,15],[8,23],[9,20],[4,10],[4,13],[6,15],[6,18],[7,17],[8,16],[10,18],[17,30],[11,20],[9,15],[10,15],[6,8],[8,9],[9,9],[8,7],[8,6],[21,15],[13,9],[12,8],[11,7],[9,5],[11,5],[16,7],[15,5],[10,3],[9,3],[22,5],[27,5],[26,7],[26,6],[12,2],[8,3],[4,1],[1,1],[0,1],[1,1],[4,22],[2,5],[3,3],[4,3],[6,4],[2,4],[7,14],[3,6],[1,4],[1,8],[1,3],[9,12],[1,3],[1,4],[0,7],[1,4],[4,11],[4,5],[2,3],[5,9],[8,18],[4,8],[1,4],[3,5],[3,3],[4,3],[5,3],[2,3],[3,5],[5,15],[1,7],[1,11],[-1,16],[1,2],[1,2],[4,3],[2,3],[2,4],[1,6],[2,2],[3,3],[6,9],[5,8],[1,2],[1,3],[1,6],[2,8],[2,5],[0,3],[-1,4],[1,5],[0,2],[-1,1],[-2,2],[-1,1],[-1,1],[0,2],[3,11],[2,10],[0,2],[0,2],[1,1],[1,1],[1,2],[2,10],[0,6],[-2,8],[-1,2],[-1,1],[-1,1],[-2,-1],[-1,0],[-2,1],[-6,7],[-3,4],[-1,1],[0,2],[0,1],[1,-1],[1,0],[1,0],[1,0],[0,1],[0,2],[-1,4],[-1,3],[-1,2],[-2,3],[-1,3],[0,3],[0,5],[2,3],[1,4],[2,4],[0,5],[0,5],[1,6],[1,5],[5,5],[6,3],[4,3],[5,4],[2,2],[4,7],[1,5],[0,4],[-1,5],[0,4],[0,2],[1,1],[1,1],[1,0],[4,1],[2,1],[3,3],[2,4],[3,2],[2,2],[2,2],[1,4],[1,6],[1,3],[2,1],[2,3],[3,6],[3,8],[5,14],[3,7],[2,6],[2,2],[0,1],[0,1],[-1,1],[0,1],[-1,0],[0,1],[3,3],[2,1],[3,0],[1,0],[2,1],[1,1],[2,3],[4,5],[2,2],[1,3],[0,4],[0,5],[1,6],[2,6],[2,6],[1,3],[2,5],[0,3],[0,3],[0,4],[1,3],[2,7],[2,5],[1,4],[5,19],[2,5],[2,3],[1,2],[2,5],[0,5],[0,3],[1,2],[1,0],[1,2],[1,2],[1,3],[1,2],[4,5],[6,6],[4,5],[3,4],[2,2],[12,5],[11,5],[4,3],[2,6],[4,8],[2,6],[3,7],[2,8],[5,22],[2,8],[3,6],[3,4],[4,4],[8,8],[6,7],[3,6],[2,3],[2,5],[5,10],[3,9],[5,9],[3,5],[1,3],[0,3],[-1,3],[-1,2],[0,4],[0,4],[-1,4],[0,4],[-2,2],[0,2],[2,11],[5,15],[6,15],[2,7],[0,2],[0,2],[0,2],[0,2],[0,3],[0,3],[0,3],[4,10],[4,10],[0,4],[2,7],[3,8],[3,7],[5,5],[4,4],[2,3],[2,2],[6,16],[3,3],[3,5],[4,5],[4,3],[6,4],[4,5],[3,6],[1,3],[0,7],[1,3],[6,15],[6,14],[4,5],[3,6],[3,6],[6,25],[2,6],[3,7],[7,8],[7,11],[3,8],[0,7],[2,7],[2,10],[4,11],[5,11],[17,26],[4,6],[5,5],[11,6],[13,9],[6,5],[9,7],[4,6],[1,4],[1,3],[1,3],[2,3],[2,3],[1,2],[5,10],[6,8],[4,7],[2,5],[1,3],[-1,4],[-1,12],[-1,5],[-1,3],[-2,5],[-1,5],[-2,8],[-1,4],[-1,6],[-3,10],[-1,7],[-2,10],[-1,7],[0,7],[0,4],[-1,5],[-1,5],[-1,5],[0,3],[1,5],[2,4],[8,11],[6,7],[4,6],[1,2],[1,3],[-1,5],[0,3],[1,7],[0,4],[-1,6],[1,3],[0,4],[2,5],[0,1],[0,2],[-1,1],[0,2],[4,16],[2,12],[1,10],[1,9],[0,3],[0,3],[-1,2],[-2,1],[-4,5],[-7,7],[-3,3],[-1,3],[-1,2],[0,2],[1,1],[1,1],[17,1],[26,0],[30,1],[32,0],[31,1],[18,2],[16,2],[13,3],[10,2],[5,2],[11,8],[6,7],[6,6],[7,4],[7,3],[20,6],[25,11],[15,12],[1,2],[0,3],[0,3],[1,3],[2,1],[20,8],[21,11],[14,9],[12,11],[5,7],[3,5],[3,5],[2,5],[1,7],[0,9],[1,7],[0,3],[2,5],[1,6],[0,11],[0,4],[-2,1],[-1,0],[-2,-4],[-1,-3],[-2,-1],[-1,0],[-1,0],[-1,2],[0,4],[2,5],[3,7],[3,9],[3,10],[4,12],[6,18],[3,15],[-1,1],[-1,0],[-2,-7],[-2,-5],[-4,-7],[-1,-2],[-1,-1],[0,1],[0,1],[1,4],[2,4],[1,2],[0,1],[0,3],[0,2],[1,9],[2,10],[2,5],[1,5],[2,2],[3,2],[5,1],[3,2],[3,4],[2,3],[3,2],[5,3],[17,4],[15,5],[16,6],[9,4],[2,2],[1,2],[2,1],[4,2],[5,5],[3,5],[2,7],[1,7],[2,9],[0,7],[0,4],[1,3],[0,1],[5,5],[5,7],[2,3],[2,2],[3,4],[5,3],[9,7],[8,4],[4,4],[10,11],[4,5],[2,3],[1,4],[0,4],[0,3],[-1,3],[0,2],[0,2],[10,17],[5,10],[1,3],[1,7],[1,11],[0,4],[-1,3],[-2,2],[-5,3],[-2,2],[-2,2],[-2,2],[0,4],[0,3],[2,3],[6,8],[7,7],[2,3],[2,2],[4,3],[3,2],[7,2],[6,4],[4,4],[4,5],[3,4],[1,4],[0,4],[0,2],[-1,3],[0,3],[0,3],[6,15],[3,5],[6,6],[4,3],[8,4],[7,4],[6,5],[4,4],[1,3],[2,3],[5,7],[7,6],[6,6],[2,2],[1,3],[2,7],[3,8],[1,4],[-1,5],[-1,6],[0,4],[0,4],[0,3],[0,3],[5,9],[0,5],[0,4],[0,4],[-3,4],[-1,3],[-1,3],[0,3],[1,5],[5,10],[1,5],[0,3],[0,3],[-3,2],[-1,4],[-1,6],[-1,4],[-1,3],[-2,3],[-1,3],[0,4],[2,7],[2,6],[3,5],[4,3],[3,2],[2,3],[2,3],[5,4],[1,2],[1,4],[0,3],[-1,4],[0,3],[1,2],[2,2],[1,3],[0,2],[-1,4],[0,3],[1,9],[1,8],[1,1],[2,2],[5,4],[1,2],[2,2],[5,19],[3,10],[3,5],[5,6],[10,12],[4,6],[2,2],[1,5],[2,6],[2,5],[2,4],[3,4],[4,2],[7,3],[7,4],[2,2],[1,3],[5,11],[2,4],[0,3],[0,2],[1,1],[15,6],[9,5],[4,3],[2,3],[2,3],[2,5],[1,4],[1,2],[1,2],[7,3],[8,5],[7,5],[3,4],[5,5],[2,3],[1,4],[2,6],[0,3],[-1,4],[0,1],[0,3],[1,5],[-1,3],[0,4],[-1,3],[-5,9],[-4,9],[-4,7],[-1,6],[-1,6],[1,2],[1,2],[2,1],[3,0],[2,0],[4,2],[3,1],[6,1],[6,1],[5,1],[2,0],[2,2],[4,3],[2,1],[3,1],[8,2],[3,1],[2,1],[7,4],[5,2],[10,4],[7,3],[2,2],[2,1],[1,3],[2,10],[2,4],[2,3],[3,3],[4,4],[9,7],[1,2],[1,2],[0,3],[1,6],[1,4],[3,4],[1,3],[2,3],[2,15],[1,2],[2,3],[1,1],[1,3],[3,13],[2,3],[1,2],[1,2],[0,2],[0,3],[0,2],[1,3],[2,4],[1,3],[1,2],[-1,7],[0,6],[0,3],[1,2],[2,5],[1,1],[2,2],[1,2],[2,1],[5,4],[5,2],[2,3],[3,5],[2,5],[1,1],[0,2],[0,1],[-1,1],[1,1],[2,1],[5,2],[2,1],[13,3],[7,4],[6,3],[3,3],[2,2],[3,2],[5,6],[4,5],[2,2],[1,3],[0,2],[1,4],[1,2],[0,1],[2,3],[1,2],[2,5],[1,4],[0,3],[0,1],[-1,2],[-1,2],[-1,2],[0,2],[1,5],[0,1],[0,2],[0,1],[1,2],[1,1],[0,1],[0,2],[0,3],[0,9],[0,2],[0,1],[-5,10],[-1,1],[0,2],[1,4],[0,2],[-1,2],[0,2],[1,2],[4,7],[1,2],[0,2],[-1,3],[-1,4],[0,2],[1,2],[2,2],[2,1],[7,1],[4,1],[2,1],[2,1],[1,2],[5,6],[3,3],[5,3],[1,1],[1,0],[1,0],[1,0],[3,0],[6,5],[6,7],[3,3],[2,2],[5,2],[6,2],[2,2],[3,3],[1,2],[1,2],[2,1],[3,1],[4,2],[5,4],[2,2],[1,2],[1,1],[2,2],[1,2],[1,2],[0,1],[0,3],[0,1],[1,1],[2,0],[3,1],[3,0],[10,3],[3,1],[4,3],[2,2],[2,5],[2,6],[3,5],[3,6],[3,6],[2,4],[4,5],[2,2],[0,3],[0,1],[0,2],[0,1],[2,2],[4,5],[4,4],[2,2],[1,3],[0,3],[0,4],[1,3],[1,2],[3,2],[2,2],[3,3],[2,3],[0,3],[1,2],[0,2],[2,2],[2,2],[4,2],[2,3],[2,3],[1,2],[0,3],[0,2],[0,3],[2,4],[4,9],[5,7],[3,8],[1,5],[1,5],[1,5],[2,5],[3,5],[3,4],[3,5],[5,7],[5,5],[3,3],[0,2],[1,3],[-1,4],[0,3],[-2,3],[0,3],[0,2],[2,1],[6,4],[4,4],[2,3],[1,4],[0,4],[0,5],[1,6],[1,4],[2,2],[6,4],[7,5],[6,5],[3,5],[2,5],[1,3],[-1,1],[-1,4],[-1,3],[1,2],[2,3],[3,4],[2,3],[0,2],[0,2],[-3,10],[0,3],[1,4],[2,2],[5,7],[5,6],[2,4],[1,4],[0,4],[0,4],[-1,4],[0,3],[0,3],[0,3],[0,2],[0,4],[2,5],[2,7],[2,7],[3,5],[5,4],[7,5],[8,7],[4,5],[3,4],[2,5],[2,3],[3,3],[8,4],[11,8],[10,8],[8,7],[5,4],[6,9],[3,7],[2,10],[4,12],[4,10],[4,12],[4,8],[1,3],[7,8],[3,7],[1,4],[-1,3],[0,2],[1,2],[3,9],[0,2],[-1,1],[-1,2],[-1,2],[1,3],[0,3],[1,3],[2,3],[5,5],[10,21],[6,16],[5,23],[3,10],[2,11],[0,6],[-1,15],[-1,5],[-2,5],[-1,2],[0,2],[0,2],[5,11],[2,6],[1,3],[-1,3],[0,2],[1,2],[7,10],[1,3],[0,5],[1,4],[9,20],[5,12],[1,5],[0,7],[0,4],[1,2],[1,3],[8,8],[3,4],[3,6],[4,16],[6,22],[2,6],[3,4],[9,13],[2,4],[2,5],[3,4],[3,3],[1,5],[3,8],[2,8],[4,8],[5,6],[9,7],[7,8],[6,12],[3,9],[4,15],[5,15],[4,15],[5,18],[0,5],[-2,12],[-2,8],[-1,2],[-3,0],[-1,-1],[-2,-4],[-7,-14],[-4,-9],[-13,-20],[-6,-8],[-2,-3],[-2,0],[-1,2],[-1,3],[1,10],[-1,1],[-1,1],[-2,-1],[-2,-5],[-2,-10],[0,-1],[1,-1],[2,-1],[2,-2],[1,-2],[-1,-1],[0,-1],[-2,-1],[-3,-1],[-1,-1],[0,-1],[0,-2],[0,-2],[1,-2],[0,-2],[-1,-3],[-1,-1],[-4,1],[-1,1],[-1,2],[-1,1],[-1,1],[-2,0],[-1,-1],[-1,-1],[-3,-4],[-2,-4],[-6,-9],[-1,-2],[0,-2],[0,-1],[-1,-1],[-1,0],[-1,0],[-1,0],[-2,-3],[-1,-1],[-2,0],[-2,0],[-1,1],[-1,2],[0,3],[2,3],[9,10],[4,8],[2,3],[1,2],[5,4],[2,3],[1,7],[1,3],[0,2],[-1,0],[-1,0],[-3,-4],[-5,-9],[-2,-3],[-1,-3],[-2,-6],[-1,-2],[-2,-2],[-4,-2],[-3,-4],[-3,-5],[-3,-8],[-3,-14],[-4,-11],[-1,0],[-1,1],[1,6],[0,2],[-2,0],[0,-1],[-3,-5],[-1,-1],[-2,0],[-1,1],[0,3],[0,4],[6,7],[3,7],[1,4],[0,4],[-1,1],[-1,0],[-2,-3],[-3,-5],[-4,-13],[-5,-9],[-2,-3],[0,-1],[-1,0],[0,3],[0,2],[0,1],[-1,0],[-1,-3],[-1,-2],[-2,-2],[-4,-3],[-2,-1],[0,-1],[-1,-12],[-3,-9],[-1,0],[0,1],[2,8],[1,12],[0,1],[-1,0],[-1,-1],[0,-1],[-1,-6],[-3,-10],[-1,-6],[-1,-4],[-1,-2],[-2,-4],[-10,-9],[-1,-3],[-3,-2],[-2,-3],[-3,-3],[-3,-5],[-1,-4],[-3,-3],[-3,-4],[-1,-3],[0,-3],[1,-3],[0,-3],[0,-3],[-1,-1],[-2,-1],[-1,-1],[0,-2],[-1,-13],[0,-1],[1,-3],[0,-1],[0,-2],[-1,0],[-1,1],[-1,-1],[-2,0],[-1,0],[0,1],[-2,2],[0,5],[1,9],[1,6],[0,5],[-1,2],[-1,1],[-1,2],[1,0],[1,4],[5,5],[19,24],[10,11],[3,3],[2,3],[0,3],[0,3],[0,3],[2,7],[3,9],[3,7],[1,2],[3,2],[0,2],[-1,1],[-1,1],[-2,0],[-2,0],[-3,-3],[-2,-2],[-2,-1],[-3,-2],[-2,-3],[-3,-4],[-2,-4],[-2,-2],[-1,-1],[-2,-2],[-2,-2],[-3,-1],[0,1],[2,2],[2,2],[5,5],[3,7],[2,2],[0,1],[0,1],[0,1],[-2,-1],[-1,0],[-1,0],[0,1],[1,1],[16,19],[13,16],[10,11],[12,9],[8,7],[6,7],[6,7],[6,5],[13,6],[13,6],[6,6],[4,5],[16,12],[23,22],[8,8],[4,6],[2,3],[0,5],[1,7],[1,4],[1,2],[1,2],[0,3],[0,6],[2,11],[2,7],[2,5],[5,4],[9,5],[22,10],[9,6],[2,2],[2,4],[1,3],[6,4],[2,4],[3,5],[2,8],[5,9],[7,12],[7,10],[3,5],[1,4],[5,17],[8,22],[6,14],[3,11],[1,7],[0,9],[0,10],[2,7],[6,8],[6,5],[6,2],[8,1],[7,2],[13,6],[10,5],[6,6],[8,8],[3,6],[0,3],[0,6],[-2,4],[-1,3],[1,2],[1,4],[0,4],[-1,5],[1,4],[1,4],[3,5],[2,7],[1,8],[-1,9],[0,8],[1,5],[5,10],[3,12],[2,11],[3,9],[4,3],[6,3],[6,4],[4,4],[6,8],[1,5],[1,6],[0,3],[1,4],[0,2],[0,2],[0,1],[0,2],[0,1],[0,4],[0,4],[0,5],[1,4],[3,3],[5,2],[18,1],[10,1],[6,1],[12,5],[11,7],[9,8],[2,4],[4,7],[2,1],[26,7],[8,3],[7,4],[3,6],[3,7],[5,9],[8,12],[4,6],[1,2],[0,4],[0,2],[2,4],[2,3],[1,3],[-1,5],[0,2],[2,2],[4,4],[4,6],[3,4],[13,7],[6,3],[13,3],[7,3],[7,5],[6,6],[1,2],[1,3],[-1,2],[1,2],[1,1],[3,2],[12,1],[2,1],[1,2],[1,1],[1,2],[5,2],[10,5],[1,2],[1,2],[1,3],[3,2],[12,4],[17,4],[9,4],[3,3],[4,5],[4,6],[3,5],[0,1],[1,1],[2,0],[1,0],[3,0],[3,1],[3,2],[4,2],[4,2],[1,2],[1,1],[3,3],[2,3],[1,3],[3,4],[3,3],[1,2],[2,2],[2,3],[5,3],[2,3],[3,4],[2,4],[1,4],[1,2],[3,3],[5,7],[3,5],[6,12],[2,4],[3,2],[3,1],[3,2],[2,2],[4,8],[0,3],[1,1],[6,6],[5,5],[5,5],[5,6],[4,3],[3,4],[6,4],[3,4],[2,3],[1,3],[1,2],[2,3],[2,3],[1,3],[2,12],[1,3],[2,2],[1,1],[5,4],[1,1],[0,3],[0,1],[8,6],[2,2],[4,5],[4,3],[4,6],[4,9],[2,3],[0,4],[0,13],[1,3],[0,1],[1,2],[6,5],[10,9],[8,5],[4,4],[2,2],[1,3],[0,2],[1,4],[1,4],[5,7],[8,8],[11,7],[7,5],[7,5],[7,6],[2,3],[1,3],[5,13],[1,3],[0,12],[1,2],[1,2],[4,4],[8,5],[11,7],[10,6],[19,12],[12,11],[4,5],[2,3],[1,3],[2,8],[1,3],[2,4],[4,6],[8,14],[4,10],[9,19],[4,6],[2,5],[1,4],[2,4],[1,3],[2,4],[2,5],[1,7],[0,4],[0,2],[0,1],[-1,0],[-1,1],[-1,1],[0,1],[0,2],[1,2],[-1,2],[-1,1],[-1,4],[0,2],[0,1],[1,2],[2,2],[3,3],[7,6],[5,6],[6,6],[3,4],[3,4],[1,3],[1,3],[-1,7],[-1,6],[1,2],[1,2],[4,4],[6,8],[6,10],[0,2],[1,4],[1,4],[3,7],[4,8],[3,9],[1,6],[0,4],[-1,9],[-1,10],[1,4],[1,6],[4,10],[1,9],[3,6],[1,4],[1,3],[0,3],[0,2],[2,5],[0,2],[0,3],[0,3],[-1,6],[0,7],[0,5],[1,3],[1,5],[3,13],[1,12],[0,5],[-1,3],[-3,5],[-7,11],[0,3],[0,3],[1,2],[6,6],[5,5],[2,4],[2,5],[1,4],[0,3],[0,4],[0,3],[1,5],[0,3],[-1,4],[1,4],[1,3],[5,8],[2,4],[0,4],[-2,12],[0,8],[1,6],[1,3],[4,6],[0,2],[0,1],[0,2],[0,2],[1,1],[1,3],[2,8],[0,2],[1,2],[0,2],[-1,5],[0,3],[0,3],[1,3],[2,5],[1,6],[0,3],[0,2],[0,3],[1,2],[1,2],[3,3],[3,3],[0,2],[1,4],[-1,1],[0,1],[0,2],[1,0],[0,1],[3,3],[2,3],[2,4],[0,3],[0,3],[1,3],[1,2],[6,6],[3,3],[3,6],[1,3],[0,3],[2,8],[1,4],[2,3],[13,20],[9,11],[5,11],[5,20],[2,9],[0,4],[2,4],[2,5],[3,4],[1,2],[0,3],[0,1],[0,1],[0,1],[-1,0],[-1,0],[-2,0],[0,1],[0,1],[0,1],[1,1],[3,1],[3,2],[4,1],[1,1],[1,1],[1,1],[1,2],[3,2],[1,0],[3,2],[3,3],[4,4],[0,2],[0,1],[-1,0],[-1,-1],[-1,0],[-1,0],[0,1],[0,1],[2,1],[2,1],[3,1],[1,2],[1,2],[2,0],[3,1],[4,2],[4,3],[1,3],[1,2],[-1,2],[-3,2],[0,1],[0,1],[3,-1],[2,1],[6,2],[3,3],[2,2],[0,1],[0,2],[-1,0],[-1,0],[-2,0],[0,1],[-1,1],[1,1],[1,1],[2,0],[4,1],[3,1],[2,2],[0,1],[0,2],[-1,1],[0,1],[0,1],[3,2],[3,1],[3,2],[1,0],[0,1],[0,1],[1,0],[1,1],[2,0],[2,0],[2,1],[2,3],[5,4],[2,2],[0,1],[0,1],[-1,1],[0,1],[0,1],[0,1],[1,0],[1,1],[1,1],[1,1],[22,7],[13,8],[10,6],[7,2],[7,4],[6,2],[1,2],[0,1],[-1,1],[-1,0],[-3,0],[-5,-2],[-4,-2],[-1,0],[-1,1],[-2,0],[-1,0],[-1,-1],[-2,0],[-1,-1],[-4,0],[-1,0],[-2,-2],[-2,0],[-3,-1],[-5,-2],[-2,-1],[-3,0],[-1,0],[-3,0],[-1,1],[-2,0],[-1,0],[-1,-1],[0,-1],[-1,0],[-1,1],[0,1],[0,1],[0,1],[1,1],[2,1],[1,1],[0,2],[1,0],[1,-1],[1,-1],[1,0],[3,0],[2,0],[0,1],[0,1],[-1,1],[-2,0],[0,1],[0,1],[2,0],[1,0],[3,-1],[9,1],[1,0],[2,1],[3,0],[1,0],[1,1],[1,1],[1,0],[1,0],[4,-1],[2,1],[10,3],[0,2],[-1,0],[-1,1],[-4,-2],[-2,0],[-1,1],[0,1],[2,0],[5,1],[2,1],[1,3],[1,2],[1,2],[2,0],[3,-2],[10,-3],[14,-1],[12,1],[1,1],[1,1],[0,1],[1,0],[3,1],[3,0],[5,1],[2,0],[1,1],[0,1],[1,0],[1,0],[6,-1],[1,1],[2,1],[1,2],[1,2],[2,0],[1,0],[1,0],[1,1],[1,1],[1,0],[1,0],[2,0],[5,0],[8,2],[2,2],[1,2],[0,2],[-1,1],[0,1],[1,0],[2,0],[3,0],[4,1],[4,1],[1,1],[0,1],[-1,1],[-1,1],[-1,1],[0,1],[1,2],[1,1],[5,-1],[5,0],[5,1],[1,1],[1,1],[0,1],[0,1],[3,1],[9,3],[3,1],[3,2],[4,4],[6,5],[1,3],[1,2],[-1,1],[0,2],[0,1],[1,0],[2,0],[3,1],[6,2],[5,3],[2,1],[1,2],[2,3],[3,4],[5,5],[7,7],[6,6],[9,8],[17,18],[18,19],[13,10],[12,5],[12,8],[13,8],[14,12],[10,15],[11,14],[5,10],[3,8],[6,34],[8,34],[7,25],[7,41],[5,35],[2,38],[-3,54],[-3,15],[-4,17],[-12,30],[-6,9],[-8,3],[-10,-2],[-8,-4],[-9,-6],[-9,-3],[-9,-3],[-9,0],[-13,-2],[-11,-6],[-12,-8],[-16,-4],[-7,-1],[-13,3],[-9,2],[-2,-1],[-2,-1],[-1,-11],[-1,-30],[-1,-2],[-1,0],[-1,1],[0,2],[0,43],[-1,2],[-3,0],[-3,-2],[-5,-7],[-4,-10],[-3,-3],[-3,-1],[-3,1],[-2,3],[2,20],[-2,6],[-4,3],[-6,1],[-23,-5],[-12,0],[-4,2],[-4,8],[-1,3],[-2,2],[-2,0],[-2,-3],[-3,-4],[-5,-7],[-14,-8],[-22,-10],[-32,-16],[-26,-17],[-9,-10],[-11,-21],[-10,-19],[-7,-16],[-13,-21],[-5,-9],[-5,-7],[-7,-9],[-8,-8],[-8,-7],[-4,-1],[-5,1],[-5,-1],[-4,-2],[-5,-6],[-9,-10],[-7,-7],[-5,-1],[-3,0],[-4,3],[-3,6],[-3,26],[-3,6],[-3,4],[-3,0],[-6,-6],[-9,-8],[-6,-1],[-3,3],[-12,22],[-5,3],[-5,-1],[-7,-4],[-8,-5],[-10,-7],[-11,-5],[-15,-12],[-21,-28],[-8,-13],[-7,-14],[-1,-12],[4,-13],[8,-13],[2,-11],[-6,-8],[-14,-9],[-13,-13],[-8,-13],[-2,-18],[3,-26],[4,-8],[5,-4],[8,-4],[5,-6],[2,-13],[-2,-16],[1,-21],[-2,-29],[-10,-28],[-8,-13],[-8,-7],[-17,-5],[-10,7],[-6,15],[-15,131],[-4,13],[-12,6],[-11,-3],[-7,-10],[-3,-25],[-4,-15],[-3,-1],[-4,0],[-2,2],[-1,4],[-1,6],[-4,5],[-3,2],[-6,-1],[-6,-5],[-5,-7],[-6,-23],[-3,-5],[-4,-1],[-2,2],[1,14],[5,19],[12,30],[11,21],[11,24],[15,26],[9,21],[2,5],[-1,4],[-2,2],[-4,0],[-4,1],[-1,2],[0,2],[3,3],[7,6],[9,10],[5,14],[7,18],[1,9],[-1,3],[-3,1],[-6,0],[-1,2],[0,1],[2,2],[10,4],[6,2],[3,4],[14,12],[10,9],[8,11],[7,13],[4,10],[3,10],[2,17],[0,25],[-5,25],[-5,12],[-4,11],[0,3],[2,3],[10,11],[2,5],[3,8],[2,13],[2,11],[-1,3],[-2,1],[-3,0],[-1,0],[-3,16],[1,16],[2,4],[3,6],[1,4],[-2,14],[0,4],[3,3],[14,19],[19,20],[11,18],[6,17],[6,29],[2,12],[0,14],[-2,10],[-2,14],[0,16],[1,6],[6,18],[8,19],[14,34],[7,20],[6,22],[9,44],[7,26],[6,26],[0,16],[0,8],[-2,8],[-1,3],[1,4],[3,4],[8,10],[3,6],[3,10],[3,13],[10,92],[-3,37],[-4,31],[-19,70],[-30,81],[-43,96],[-15,56],[-8,51],[-20,117],[-24,107],[-23,79],[-30,78],[-38,54],[-38,45],[-36,35],[-30,24],[-42,16],[-52,4],[-18,1],[-11,2],[-47,-18],[-8,-9],[-7,-8],[-7,-10],[-5,-7],[-8,-15],[-8,-24],[-6,-20],[-4,-19],[-8,-22],[-7,-22],[-39,-86],[-3,-4],[-3,-2],[-3,0],[-5,1],[-6,4],[-5,8],[-4,11],[-2,10],[-1,9],[0,11],[-1,13],[0,9],[0,6],[0,7],[4,7],[3,3],[5,1],[9,-1],[7,-1],[4,2],[2,4],[-2,5],[-9,8],[-5,4],[-2,5],[0,3],[1,4],[4,4],[6,3],[8,3],[7,0],[5,0],[8,4],[4,5],[5,6],[1,10],[1,9],[-2,11],[0,10],[1,6],[2,4],[2,4],[0,5],[-2,3],[-3,2],[-4,2],[-2,3],[-1,4],[2,3],[6,7],[25,22],[6,7],[4,7],[3,8],[4,11],[2,10],[2,15],[2,25],[2,23],[2,16],[1,14],[0,1],[0,1],[-1,1],[-2,0],[-1,0],[-3,-6],[-5,-7],[-5,-4],[-2,-1],[-3,0],[-2,1],[-2,1],[-3,1],[-3,0],[-2,-2],[-2,-4],[-42,-104],[-3,-6],[-3,-4],[-3,-3],[-4,-5],[-4,-7],[-2,-8],[-1,-7],[-11,-45],[-5,-21],[-13,-40],[-10,-20],[-7,-12],[-5,-9],[-4,-8],[-1,-5],[0,-6],[1,-6],[-2,-4],[-2,-5],[-1,-4],[0,-6],[1,-5],[1,-3],[-2,-1],[-1,0],[-3,2],[-3,6],[-2,12],[0,11],[0,11],[2,13],[0,8],[-1,8],[-1,8],[-3,9],[-3,7],[-5,6],[-3,3],[-2,1],[-1,1],[-2,2],[-1,4],[0,3],[1,3],[3,15],[4,11],[3,7],[4,7],[2,6],[2,5],[0,4],[-1,4],[-2,3],[-2,1],[-2,-1],[-3,-2],[-4,-1],[-3,0],[-4,3],[-4,7],[-1,5],[-1,5],[2,15],[3,13],[2,7],[3,3],[2,7],[1,7],[1,5],[1,2],[0,3],[1,2],[1,5],[1,4],[2,8],[6,19],[12,35],[5,16],[5,13],[5,12],[5,12],[6,12],[6,10],[4,9],[9,16],[4,7],[1,4],[2,3],[0,4],[1,2],[4,5],[4,6],[3,6],[2,4],[10,17],[3,5],[5,9],[13,18],[11,12],[12,17],[7,16],[9,27],[2,11],[-2,7],[0,3],[-1,3],[-4,7],[-3,5],[-2,4],[-2,3],[-1,5],[-1,6],[1,7],[3,10],[6,36],[4,22],[4,19],[3,11],[0,5],[1,4],[-1,5],[-9,32],[-3,4],[-2,2],[-4,2],[-3,1],[-53,-4],[-7,-1],[-8,-2],[-11,-7],[-8,-6],[-6,-6],[-20,-25],[-4,-4],[-2,-4],[-2,-6],[-3,-5],[-3,-3],[-3,-2],[-4,-3],[-5,-5],[-5,-10],[-4,-13],[-3,-5],[-3,-4],[-5,-5],[-8,-8],[-10,-12],[-11,-16],[-19,-32],[-4,-6],[-5,-4],[-8,-4],[-8,-3],[-3,-1],[-3,-3],[-15,-20],[-8,-14],[-3,-6],[-2,-2],[-11,-8],[-25,-28],[-28,-36],[-15,-18],[-13,-17],[-9,-13],[-19,-22],[-8,-11],[-1,-7],[0,-7],[0,-7],[1,-23],[3,-31],[1,-19],[0,-5],[-1,-2],[-1,-1],[0,-1],[-1,-1],[-1,-4],[-1,-1],[-1,-1],[-2,-1],[-4,-1],[-1,-1],[-1,-1],[0,-2],[0,-5],[-1,-2],[-1,-1],[-3,-4],[-5,-5],[-6,-4],[-6,-3],[-10,-2],[-9,-5],[-9,-8],[-8,-10],[-11,-8],[-12,-7],[-19,-6],[-11,0],[-11,9],[-11,5],[-14,1],[-13,-2],[-9,-9],[-4,-8],[-3,-9],[-20,-144],[-10,-37],[-8,-31],[-10,-28],[-9,-19],[-11,-30],[-8,-23],[-2,-3],[-3,1],[-3,2],[-2,4],[-2,3],[-4,0],[-4,-3],[-5,-8],[-2,-9],[0,-9],[1,-11],[0,-11],[0,-12],[-3,-18],[-5,-17],[-3,-5],[-4,-5],[-5,-5],[-3,-5],[-3,-9],[-8,-17],[-7,-5],[-6,-1],[-4,4],[-2,8],[1,14],[4,14],[2,6],[-1,5],[-2,4],[-6,7],[-6,5],[-5,-1],[-5,-2],[-4,-6],[-6,-13],[-5,-11],[-5,-7],[-6,-8],[-5,-7],[-6,-12],[-5,-12],[-6,-11],[-10,-10],[-9,-6],[-13,-1],[-14,0],[-8,-1],[-3,0],[-3,2],[-1,4],[2,8],[4,12],[6,9],[7,10],[2,5],[3,5],[-1,5],[-2,1],[-2,1],[-21,-3],[-16,-2],[-11,-4],[-9,-6],[-7,-7],[-7,-5],[-14,-3],[-13,1],[-8,1],[-11,3],[-6,5],[-3,9],[0,24],[-1,8],[-4,4],[-3,2],[-3,-2],[-7,-12],[-5,-13],[-8,-9],[-10,-4],[-13,0],[-10,5],[-2,10],[1,10],[4,8],[4,4],[10,2],[14,-4],[3,1],[2,2],[1,10],[-3,5],[-8,3],[-15,3],[-6,5],[-4,6],[-3,20],[-3,4],[-3,3],[-5,-1],[-1,-2],[-1,-6],[0,-14],[-3,-12],[-2,-6],[-2,-4],[-5,-3],[-6,2],[-3,4],[-1,4],[1,6],[2,8],[-1,7],[-4,3],[-7,1],[-4,-1],[-3,-2],[-2,-4],[-1,-27],[-1,-9],[0,-8],[1,-7],[0,-7],[-4,-6],[-5,0],[-2,3],[-2,6],[0,8],[1,12],[-1,16],[-1,2],[-2,0],[-1,-2],[1,-3],[0,-6],[-1,-9],[-4,-7],[-3,-6],[-4,-5],[-3,-8],[-1,-13],[-3,-13],[-2,-6],[-2,-3],[-2,-1],[-3,1],[-1,3],[0,7],[1,11],[-1,1],[-1,0],[-2,0],[-1,-3],[-3,-2],[-11,-3],[-11,-3],[-4,-1],[-2,0],[-1,1],[-1,-1],[-1,-1],[-1,-3],[1,-7],[1,-8],[1,-3],[1,0],[1,0],[1,1],[2,1],[2,-1],[2,-3],[-1,-3],[-2,-4],[-5,-10],[-6,-11],[-3,-5],[-2,-2],[-3,-1],[-3,0],[-2,4],[-1,2],[-2,0],[-1,-1],[-3,-7],[-5,-14],[-4,-3],[-5,-1],[-5,1],[-4,3],[-5,5],[-4,2],[-3,0],[-4,-2],[-3,-3],[-7,-20],[-10,-27],[-8,-21],[-3,-4],[-5,-4],[-9,-1],[-3,1],[-4,2],[-2,2],[-1,3],[-1,1],[-2,0],[-1,-1],[-1,-2],[-4,-10],[-6,-10],[-8,-14],[-11,-15],[-15,-12],[-18,-15],[-10,-6],[-5,-1],[-8,1],[-5,-3],[-2,-2],[-2,-3],[0,-6],[-3,-27],[-1,-13],[-4,-10],[-4,-11],[-4,-8],[-4,-6],[-2,-3],[-2,0],[-3,0],[-3,0],[-3,-2],[-4,-4],[-3,-3],[-6,-5],[-13,-7],[-3,0],[-2,1],[-3,0],[-2,-1],[-7,-4],[-3,-1],[-3,1],[-2,1],[-3,1],[-3,-1],[-3,-1],[-4,-6],[-7,-9],[-7,-7],[-8,-9],[-6,-8],[-5,-7],[-4,-6],[-5,-10],[-4,-8],[-5,-11],[-2,-6],[-2,-6],[-2,-8],[-2,-6],[-3,-7],[-5,-7],[-6,-8],[-4,-6],[-8,-10],[-8,-7],[-7,-5],[-9,-3],[-5,-2],[-5,-2],[-5,-5],[-3,-7],[-5,-10],[-3,-9],[-2,-5],[-5,-10],[-3,-5],[-3,-5],[-3,-7],[-4,-10],[-6,-10],[-8,-13],[-5,-8],[-5,-8],[-4,-5],[-4,-4],[-7,-6],[-7,-8],[-5,-8],[-3,-10],[-3,-10],[-2,-8],[-3,-5],[-5,-8],[-3,-6],[-4,-5],[-3,-5],[-5,-13],[-6,-13],[-4,-9],[-2,-8],[-2,-4],[-5,-5],[-3,-3],[-3,-4],[-2,-2],[-1,-2],[-1,-2],[0,-1],[-1,-2],[-3,-4],[-1,-2],[-1,-2],[-2,-2],[-1,-2],[-3,-6],[-2,-4],[-3,-3],[-1,-3],[-2,-2],[-1,-1],[-1,-2],[-2,-5],[-1,-3],[-2,-7],[-1,-2],[-2,-2],[-3,-4],[-1,-2],[-2,-3],[0,-1],[-1,0],[0,-1],[-1,0],[0,-1],[-1,-3],[0,-1],[-1,-1],[-2,-3],[-1,-1],[0,-2],[-1,-1],[-2,-3],[-1,-2],[-2,-2],[-1,-2],[-3,-3],[-2,-2],[-2,-4],[-2,-5],[-1,-1],[0,-2],[0,-1],[-1,-1],[-2,-7],[-4,-8],[-3,-13],[-2,-6],[0,-3],[0,-2],[-1,-1],[-1,-1],[-1,-1],[-1,-3],[-3,-5],[-1,-10],[-1,-14],[-1,-3],[-5,-13],[-2,-3],[-1,-1],[-1,-1],[0,-5],[-1,-3],[-3,-8],[-2,-4],[0,-2],[-1,-3],[-3,-5],[-3,-6],[-1,-1],[-1,-2],[0,-1],[2,-3],[2,-2],[-2,-5],[-5,2],[-2,-6],[-2,-5],[-8,-16],[-2,-4],[-2,-4],[-1,-2],[-2,-2],[-2,-2],[-3,-4],[-2,-4],[-3,-6],[-2,-5],[-2,-4],[-3,-6],[-2,-7],[-2,-9],[-2,-12],[-4,-11],[-5,-9],[-2,-7],[-3,-7],[-2,-7],[-6,-14],[-3,-8],[0,-2],[0,-2],[-1,-2],[0,-1],[-2,-3],[-6,-12],[-3,-8],[-3,-12],[-2,-6],[-2,-4],[-1,-4],[-1,-2],[-1,-2],[-1,0],[-2,-2],[-2,-1],[-1,-1],[-2,-2],[-1,0],[-1,-1],[-2,-1],[-1,-2],[-2,-1],[-1,-1],[-3,-1],[-3,-1],[-1,0],[-1,0],[-4,1],[-2,1],[-4,1],[-2,1],[-1,2],[0,2],[0,2],[3,8],[3,9],[5,9],[2,6],[2,6],[1,8],[3,20],[0,15],[0,3],[-3,1],[-2,0],[-2,-3],[-4,-5],[-5,-5],[-8,-9],[-6,-8],[-5,-6],[-1,-3],[0,-3],[1,-5],[0,-3],[2,-4],[0,-2],[0,-2],[-1,-2],[0,-5],[-1,-7],[1,-2],[1,-1],[2,0],[1,0],[1,0],[0,1],[0,1],[1,0],[1,1],[2,0],[1,-1],[1,-1],[0,-1],[-1,-1],[-2,-4],[-2,-2],[-2,-1],[-5,0],[-6,-2],[-3,-1],[-3,-4],[-1,-1],[-2,-1],[-2,-1],[-2,-2],[-2,-2],[-4,-2],[-3,0],[-3,0],[-2,1],[-2,1],[-2,2],[-1,1],[-4,0],[-3,-1],[-2,-1],[-2,-1],[-1,0],[-1,0],[-2,0],[-2,-1],[-6,-3],[-6,-5],[-14,-8],[-8,-3],[-11,-6],[-6,-4],[-10,-8],[-4,-2],[-5,-2],[-3,-2],[-4,-4],[-3,-7],[-5,-12],[-2,-3],[-3,-4],[-1,-2],[0,-4],[-2,-5],[-2,-4],[-3,-5],[-3,-4],[-3,-2],[-1,-1],[-1,-2],[-1,-2],[-2,-5],[-3,-7],[-4,-5],[-1,0],[-1,-1],[-2,-2],[-1,-2],[-1,-5],[0,-1],[-1,-1],[-1,-1],[-2,0],[-1,-2],[-1,-4],[-1,-1],[-1,-1],[-3,-1],[-1,-2],[-2,-3],[0,-2],[0,-3],[-1,-2],[-3,-7],[-4,-6],[-2,-4],[-2,-4],[-1,0],[-1,0],[-1,-1],[-3,-3],[-4,-4],[-2,-4],[-2,-2],[0,-3],[0,-2],[-1,-1],[-1,0],[-1,-1],[-3,-3],[-3,-5],[-2,-6],[-1,-9],[0,-5],[-2,-9],[-2,-2],[-1,-2],[-4,-14],[-1,-6],[-5,-11],[-3,-10],[-2,-15],[-4,-15],[-3,-14],[-1,-9],[0,-8],[-1,-9],[-1,-7],[-1,-9],[0,-4],[-2,-2],[-11,-12],[-2,-2],[-1,-3],[-1,-2],[-5,-5],[0,-2],[0,-3],[0,-4],[1,-4],[0,-3],[-1,-3],[0,-3],[0,-5],[-1,-7],[0,-3],[-1,-5],[-2,-6],[-2,-2],[-1,-2],[-3,-2],[-2,-3],[-2,-3],[-4,-2],[-3,-4],[-3,-4],[-3,-2],[-7,-9],[-3,-2],[-2,-1],[-2,0],[-3,-1],[-3,-2],[-2,-3],[-3,-4],[-2,-3]],[[23537,77930],[9,9],[11,13],[10,12],[14,14],[14,20],[8,11],[8,17],[7,11],[8,11],[9,13],[8,12],[7,9],[5,9],[5,6],[12,12],[14,17],[15,18],[12,16],[6,9],[4,5],[13,10],[8,9],[6,11],[5,9],[4,4],[11,10],[6,8],[2,4],[4,4],[6,5],[8,9],[6,7],[7,6],[4,5],[3,6],[4,11],[9,15],[5,6],[12,12],[7,8],[6,8],[5,6],[5,6],[7,10],[9,11],[9,12],[16,25],[8,9],[8,11],[7,9],[6,8],[6,8],[9,10],[6,7],[8,10],[12,13],[5,5],[9,9],[10,8],[7,7],[6,6],[6,6],[6,7],[8,12],[7,11],[14,18],[7,11],[11,17],[8,12],[7,11],[9,16],[10,15],[6,8],[10,14],[12,19],[7,8],[8,9],[5,9],[5,9],[8,10],[5,9],[5,9],[7,9],[1,3],[1,3],[1,3],[10,13],[7,10],[5,12],[3,4],[2,2],[11,15],[7,13],[5,10],[6,15],[5,13],[4,8],[6,8],[3,5],[5,13],[7,17],[15,29],[13,27],[9,16],[11,13],[7,9],[13,15],[12,14],[5,6],[6,9],[5,7],[7,7],[7,9],[5,8],[11,14],[7,8],[7,11],[5,10],[19,29],[6,10],[4,9],[5,8],[5,8],[4,5],[4,7],[11,17],[6,10],[5,9],[7,13],[7,10],[5,8],[7,11],[8,14],[13,17],[11,14],[12,15],[3,8],[3,6],[6,9],[7,8],[5,4],[3,5],[4,9],[10,18],[7,10],[6,9],[9,9],[10,12],[3,6],[11,22],[7,11],[6,8],[5,9],[6,9],[5,10],[4,11],[3,8],[5,7],[6,9],[10,13],[5,8],[8,8],[9,10],[7,5],[6,7],[7,9],[6,5],[4,5],[5,8],[6,11],[6,9],[6,4],[9,7],[7,5],[16,11],[7,6],[4,4],[6,8],[9,13],[6,9],[7,10],[6,8],[10,12],[1,2],[1,3],[1,6],[1,6],[3,7],[7,8],[8,7],[4,4],[4,5],[3,6],[2,5],[14,12],[9,8],[11,10],[6,6],[4,4],[7,3],[44,20],[43,24],[20,14],[30,21],[17,13],[15,13],[13,9],[9,9],[17,18],[17,17],[14,14],[10,12],[12,14],[11,10],[20,18],[36,31],[18,19],[30,30],[9,12],[21,20],[28,33],[37,47],[18,25],[15,25],[17,32],[14,31],[10,30],[5,27],[-1,13],[-6,25],[-6,14],[-6,7],[-5,4],[-7,1],[-2,0],[-1,-1],[-2,-6],[-1,-2],[-3,0],[-2,1],[-1,2],[-1,4],[0,4],[2,4],[2,4],[5,2],[5,0],[4,0],[7,0],[7,3],[22,11],[83,45],[50,29],[29,18],[29,17],[27,19],[38,29],[27,24],[40,37],[28,22],[29,24],[28,23],[53,45],[28,23],[32,29],[33,34],[37,38],[27,29],[9,10],[6,10],[5,5],[7,6],[14,14],[24,32],[10,15],[14,24],[9,20],[2,3],[3,4],[3,2],[7,4],[6,5],[5,6],[3,7],[4,4],[11,6],[22,10],[18,11],[27,16],[14,10],[7,7],[6,8],[4,3],[12,8],[6,5],[8,8],[9,8],[19,14],[20,14],[11,7],[4,4],[1,3],[1,4],[3,6],[3,2],[3,1],[6,2],[5,3],[10,8],[29,25],[30,28],[19,17],[12,11],[3,4],[2,5],[1,7],[1,6],[3,4],[4,2],[19,2],[5,1],[10,3],[9,5],[17,10],[23,10],[22,12],[29,16],[27,15],[39,24],[34,23],[9,6],[9,7],[11,7],[29,18],[32,22],[23,15],[29,18],[38,22],[48,26],[84,52],[69,42],[41,25],[51,30],[45,26],[56,33],[32,20],[30,19],[52,30],[61,40],[40,25],[39,24],[35,19],[40,34],[49,51],[15,26],[11,26],[-86,142],[-15,-10],[2,-4],[0,-2],[0,-1],[-2,0],[0,1],[-2,2],[-2,0],[-2,3],[0,2],[1,2],[-1,1],[-13,20],[-1,0],[-1,0],[-18,-14],[1,-2],[-7,-6],[-2,2],[-5,-4],[-1,0],[-2,3],[-2,-1],[-5,9],[2,2],[-4,6],[-69,-55],[-11,-11],[-2,0],[-2,2],[0,4],[6,7],[117,94],[2,4],[2,4],[5,6],[4,4],[3,2],[2,2],[-1,2],[-20,33],[5,3],[21,-35],[2,-1],[4,-2],[4,-3],[4,-5],[124,-202],[56,6],[46,15],[36,21],[44,27],[33,20],[51,30],[29,18],[40,24],[47,31],[20,15],[23,17],[34,25],[21,17],[7,10],[3,7],[4,15],[5,14],[4,9],[3,8],[3,7],[2,7],[3,5],[5,11],[7,10],[7,7],[21,15],[36,19],[35,24],[47,32],[44,30],[35,24],[37,25],[36,23],[37,23],[40,26],[67,38],[18,13],[14,11],[3,4],[3,5],[3,8],[3,5],[4,5],[31,22],[19,18],[17,18],[10,8],[27,18],[53,41],[10,8],[6,8],[5,10],[9,15],[8,14],[8,15],[11,17],[10,12],[9,10],[9,6],[25,12],[6,5],[10,10],[19,19],[11,10],[7,9],[8,10],[9,12],[15,15],[11,10],[14,12],[21,16],[13,11],[12,10],[16,17],[3,7],[4,6],[11,11],[21,16],[31,17],[15,10],[16,11],[24,15],[14,9],[21,13],[26,18],[28,21],[19,16],[12,13],[8,8],[8,10],[6,6],[4,8],[2,5],[4,8],[5,6],[21,17],[9,6],[9,8],[14,11],[9,10],[10,13],[9,13],[8,11],[5,5],[7,9],[5,6],[6,8],[6,10],[5,12],[4,11],[6,16],[7,14],[7,16],[6,14],[4,9],[6,7],[26,30],[11,15],[9,13],[6,9],[4,9],[8,17],[11,17],[13,21],[9,14],[9,14],[7,11],[5,9],[4,10],[4,10],[6,14],[6,15],[10,19],[7,16],[9,31],[9,29],[5,25],[5,46],[4,34],[1,15],[-1,19],[-4,13],[-6,12],[-11,21],[-6,16],[-9,11],[-16,21],[-8,9],[-4,2],[-5,0],[-4,-1],[-5,0],[-5,1],[-5,0],[-5,-1],[-4,-3],[-5,-2],[-4,0],[-9,2],[-8,3],[-6,6],[-4,8],[0,12],[2,13],[5,14],[3,14],[1,7],[-1,6],[-2,8],[0,7],[1,7],[12,21],[11,20],[10,18],[3,9],[3,15],[3,9],[4,8],[7,11],[9,14],[9,13],[5,9],[3,12],[0,9],[1,8],[0,10],[2,7],[2,6],[8,18],[9,30],[8,21],[4,12],[3,6],[5,7],[6,8],[6,6],[8,10],[10,10],[9,12],[7,8],[5,7],[4,7],[7,11],[7,10],[4,12],[3,10],[4,9],[6,8],[6,6],[6,3],[13,7],[15,8],[9,7],[11,10],[7,7],[6,6],[8,4],[39,12],[24,10],[27,10],[12,7],[11,4],[15,10],[23,19],[10,11],[9,9],[14,9],[37,25],[26,18],[23,14],[17,10],[11,8],[9,7],[10,9],[7,6],[9,8],[12,11],[12,13],[9,12],[6,13],[4,13],[2,11],[2,9],[4,7],[31,26],[12,10],[4,4],[5,9],[3,4],[3,4],[4,6],[10,21],[6,8],[6,6],[7,7],[17,18],[14,13],[19,15],[33,24],[8,8],[10,7],[10,6],[5,4],[4,5],[2,5],[2,4],[4,3],[13,11],[8,6],[5,3],[5,4],[6,6],[4,6],[5,5],[5,6],[3,4],[4,3],[4,5],[4,4],[3,3],[2,3],[3,5],[7,7],[15,16],[8,9],[6,5],[1,3],[1,3],[-2,7],[1,3],[2,2],[2,2],[2,2],[1,3],[2,3],[2,4],[9,9],[7,7],[14,13],[2,3],[2,4],[1,4],[2,5],[7,7],[11,10],[3,3],[1,5],[0,8],[0,7],[0,4],[1,3],[3,2],[4,3],[5,6],[2,4],[3,4],[1,4],[2,3],[2,1],[6,7],[4,4],[5,6],[4,4],[1,3],[1,4],[1,3],[1,3],[6,6],[3,5],[3,6],[4,6],[4,6],[1,5],[0,3],[7,15],[1,2],[2,1],[1,1],[1,1],[0,1],[-1,1],[0,2],[0,2],[3,5],[3,4],[5,9],[2,4],[1,4],[1,2],[3,2],[2,3],[1,2],[0,3],[0,2],[0,3],[2,2],[3,6],[5,8],[2,5],[3,4],[1,2],[-1,4],[1,3],[1,3],[2,2],[3,5],[1,9],[3,7],[3,7],[3,4],[2,5],[0,2],[0,2],[0,2],[2,3],[1,2],[3,8],[4,9],[3,8],[3,12],[1,6],[2,18],[0,3],[-2,3],[-4,5],[-3,4],[-2,6],[-1,7],[-1,17],[0,6],[-2,4],[0,5],[1,3],[1,3],[-1,2],[-1,2],[-1,2],[1,2],[1,2],[1,3],[1,3],[0,2],[-1,3],[0,3],[1,3],[1,4],[1,3],[1,5],[2,4],[3,6],[3,7],[3,7],[3,7],[3,5],[5,6],[13,12],[10,11],[11,12],[7,9],[7,9],[4,5],[9,8],[10,7],[11,5],[12,5],[13,7],[14,9],[16,9],[14,12],[11,12],[11,9],[3,4],[2,2],[1,3],[1,3],[2,1],[5,6],[3,4],[3,6],[1,5],[2,2],[9,9],[2,3],[3,5],[3,3],[10,9],[20,12],[14,8],[16,10],[17,13],[13,8],[11,7],[12,7],[9,6],[8,6],[3,4],[6,6],[4,4],[1,2],[4,6],[1,4],[3,4],[6,5],[6,6],[2,4],[1,4],[2,4],[6,7],[4,4],[1,2],[1,3],[1,2],[1,2],[8,7],[9,11],[8,13],[3,4],[3,2],[4,3],[2,1],[1,2],[1,3],[1,3],[1,2],[3,1],[2,-1],[1,0],[1,1],[1,3],[1,3],[1,3],[5,7],[3,2],[2,1],[2,1],[2,1],[3,3],[1,5],[3,3],[5,5],[2,5],[2,6],[3,3],[2,1],[1,1],[1,2],[0,1],[0,3],[0,3],[2,5],[4,9],[3,7],[6,9],[12,13],[12,9],[8,6],[8,6],[8,7],[8,9],[6,8],[4,6],[3,3],[3,4],[6,6],[6,6],[8,11],[2,2],[1,0],[2,0],[0,1],[0,2],[0,1],[1,2],[5,11],[5,6],[5,5],[7,6],[7,4],[3,4],[2,3],[3,4],[5,6],[6,7],[5,7],[5,7],[5,10],[11,17],[3,7],[4,10],[4,10],[4,8],[3,7],[3,8],[1,3],[2,2],[3,2],[3,1],[1,3],[0,4],[0,5],[1,4],[3,6],[4,2],[5,4],[2,3],[1,5],[5,14],[3,3],[2,2],[3,1],[1,1],[0,1],[0,2],[-1,2],[1,2],[1,2],[6,8],[8,15],[4,8],[5,11],[6,13],[3,6],[8,10],[5,6],[4,4],[2,3],[2,4],[2,4],[3,2],[1,2],[0,2],[0,5],[0,1],[1,1],[2,0],[2,1],[1,1],[3,6],[7,16],[3,6],[5,5],[6,8],[8,11],[5,8],[4,5],[5,6],[1,2],[1,2],[-1,6],[1,3],[1,1],[4,1],[2,0],[1,2],[0,3],[0,3],[2,3],[6,13],[7,12],[8,8],[8,5],[3,2],[3,4],[4,7],[16,16],[9,8],[7,6],[6,4],[5,2],[2,1],[6,6],[1,4],[2,5],[2,6],[2,2],[2,2],[1,2],[1,3],[1,2],[1,1],[2,1],[1,1],[2,1],[1,3],[1,3],[1,2],[1,1],[4,2],[2,1],[4,4],[4,6],[3,4],[4,4],[3,3],[3,2],[2,3],[1,4],[3,3],[1,2],[2,3],[2,4],[1,2],[3,2],[1,0],[1,3],[1,4],[1,2],[4,5],[4,4],[4,3],[1,3],[2,3],[8,7],[12,8],[6,6],[2,3],[2,7],[6,7],[8,9],[3,2],[1,1],[2,4],[4,5],[12,14],[5,7],[8,13],[8,10],[6,8],[4,6],[6,8],[6,5],[2,2],[1,2],[3,6],[9,11],[4,4],[4,2],[2,2],[0,3],[1,3],[2,3],[11,13],[6,8],[5,7],[6,8],[3,6],[6,10],[6,8],[3,5],[3,4],[2,4],[4,7],[4,6],[4,6],[8,14],[11,17],[7,11],[4,7],[2,4],[3,4],[6,7],[8,11],[5,5],[5,6],[4,4],[1,3],[4,9],[5,6],[4,8],[6,9],[7,9],[8,10],[6,5],[4,3],[2,3],[2,4],[4,5],[7,9],[6,7],[5,6],[3,5],[4,3],[3,2],[2,3],[5,6],[4,5],[4,8],[5,7],[3,5],[4,5],[5,5],[4,3],[3,5],[7,12],[7,9],[5,4],[2,2],[3,2],[1,1],[4,6],[3,5],[9,17],[2,1],[1,1],[2,1],[1,1],[1,2],[1,2],[2,2],[2,1],[2,3],[0,1],[1,2],[0,2],[1,1],[2,1],[2,0],[1,2],[1,2],[1,2],[4,4],[4,3],[6,5],[3,4],[3,7],[2,4],[1,1],[3,0],[2,2],[4,5],[7,6],[4,2],[2,1],[2,0],[1,2],[5,6],[3,5],[3,6],[3,3],[2,1],[2,1],[1,2],[1,2],[2,1],[2,2],[3,1],[5,4],[1,1],[1,0],[1,0],[0,1],[0,1],[1,1],[0,2],[4,5],[5,7],[1,2],[6,4],[6,6],[2,4],[1,1],[4,3],[4,4],[5,5],[3,4],[4,5],[3,2],[3,2],[1,1],[1,2],[1,2],[0,2],[5,4],[2,2],[6,4],[4,3],[5,6],[5,5],[12,7],[10,8],[10,8],[13,10],[2,2],[1,3],[1,3],[1,2],[2,3],[4,4],[4,4],[5,7],[5,7],[10,10],[7,7],[9,12],[13,15],[11,13],[5,9],[3,3],[2,3],[2,3],[3,3],[4,2],[7,4],[6,4],[8,7],[6,6],[8,8],[4,5],[4,5],[4,4],[7,9],[5,5],[3,4],[5,6],[3,5],[4,5],[3,5],[4,7],[1,6],[2,5],[0,11],[1,5],[4,8],[3,4],[2,1],[1,0],[0,1],[1,0],[0,2],[1,2],[1,2],[4,5],[3,5],[4,3],[8,6],[6,5],[3,3],[1,1],[1,1],[0,1],[2,3],[3,3],[3,3],[1,4],[2,5],[2,2],[4,3],[6,2],[4,4],[4,4],[3,4],[2,4],[3,4],[4,5],[4,4],[4,5],[5,5],[0,3],[2,2],[2,1],[3,1],[2,1],[6,6],[3,5],[3,4],[2,1],[3,3],[1,3],[2,5],[1,2],[2,2],[3,1],[3,1],[6,8],[2,6],[3,6],[3,2],[2,1],[3,2],[4,5],[2,8],[2,4],[9,9],[3,1],[2,1],[2,1],[1,6],[2,3],[4,3],[4,4],[4,2],[2,2],[6,7],[15,11],[3,2],[1,2],[1,2],[2,2],[2,1],[4,2],[4,3],[10,11],[4,2],[4,2],[2,1],[13,12],[8,9],[4,5],[4,3],[12,7],[3,2],[5,5],[4,2],[2,2],[2,2],[8,12]],[[33228,88828],[115,-75],[208,-119],[222,-118],[262,-150],[275,-143],[277,-156],[290,-155],[223,-6],[298,-34],[172,-27],[152,-158],[161,-234],[186,-224],[197,-248],[204,-257],[278,-292],[907,-875],[1264,-1205],[1819,-1574],[1766,-1487],[2404,-1989],[1295,-1445],[1207,-1525],[1581,-2329],[1331,-1913],[887,-932]],[[51209,71158],[-1082,-1924],[-1389,-2483],[-770,-1582]],[[47968,65169],[-1255,1220],[-1013,185],[-2012,-168],[-3005,29]],[[25784,79139],[1,0],[1,0],[1,-2],[0,-1],[0,-1],[1,0],[1,0],[1,1],[2,3],[1,1],[1,1],[3,2],[1,1],[1,1],[3,0],[0,-1],[1,0],[1,-2],[2,0],[1,2],[0,1],[0,2],[-1,0],[0,1],[0,1],[-1,1],[0,3],[0,1],[0,1],[0,1],[1,1],[1,1],[2,1],[1,0],[0,2],[0,1],[1,1],[1,0],[1,1],[-1,0],[1,1],[1,0],[0,2],[1,1],[0,1],[0,1],[0,1],[0,2],[1,1],[1,0],[1,2],[3,8],[1,4],[-1,1],[1,2],[1,2],[1,2],[1,0],[1,2],[1,2],[0,1],[1,1],[0,1],[0,1],[0,2],[0,3],[0,4],[1,2],[0,2],[0,2],[2,1],[1,1],[2,1],[1,1],[2,0],[1,2],[2,2],[1,1],[2,1],[1,0],[0,1],[0,2],[2,1],[1,1],[1,1],[1,1],[0,1],[1,0],[1,0],[1,1],[0,1],[1,1],[0,2],[1,2],[1,2],[2,1],[2,2],[0,1],[2,2],[1,2],[1,2],[1,3],[0,1],[1,1],[1,2],[-1,1],[0,1],[2,3],[2,3],[0,2],[0,1],[1,0],[0,2],[0,3],[0,1],[0,1],[0,1],[0,2],[1,1],[1,1],[0,1],[0,1],[-1,2],[0,1],[0,2],[-1,3],[0,1],[0,2],[-1,2],[1,1],[0,2],[1,1],[0,2],[1,1],[0,2],[1,2],[2,2],[0,1],[1,1],[1,1],[1,1],[0,2],[0,1],[-1,1],[0,1],[1,2],[0,2],[0,1],[0,1],[1,1],[-1,1],[1,2],[0,2],[0,1],[0,2],[1,2],[0,1],[2,2],[1,1],[0,1],[-1,2],[0,1],[-1,2],[-1,0],[-1,0],[-2,0],[-1,-1],[-1,-1],[-1,0],[-1,-1],[0,-2],[0,-1],[-1,0],[0,-2],[0,-1],[0,-1],[-1,0],[0,-1],[1,0],[-1,-1],[0,-1],[-1,-1],[-1,0],[0,-1],[-1,-1],[-1,-1],[0,-1],[0,-2],[-1,0],[-2,-1],[-1,0],[0,-2],[1,-1],[-1,-1],[0,-1],[1,-1],[0,-2],[-1,-1],[0,-2],[0,-1],[0,-1],[-1,-1],[-1,-1],[-1,0],[1,0],[0,-1],[0,-1],[-1,0],[0,-1],[0,-1],[1,0],[0,-1],[0,-1],[-1,-1],[0,-1],[-1,-1],[0,-1],[-1,0],[-1,-1],[-2,-2],[-1,-1],[-1,-1],[0,-1],[0,-2],[-1,1],[0,-1],[-1,0],[0,-1],[0,-1],[-1,0],[1,-1],[-1,-1],[-1,0],[0,-1],[-1,0],[0,-1],[0,-1],[0,-1],[-1,-1],[0,-1],[-1,-1],[0,-1],[-1,1],[-1,-1],[-1,-2],[1,-1],[0,-2],[-1,-1],[0,-1],[-1,0],[0,-1],[-1,-1],[0,-1],[-1,-1],[-2,-1],[-2,-1],[-1,1],[-1,-1],[0,-1],[0,-1],[0,-1],[-2,-2],[-2,-3],[0,-1],[0,-1],[0,-2],[-1,-1],[-1,-1],[1,-1],[0,-2],[-1,-2],[-1,-1],[0,-3],[-1,-2],[-2,-3],[-2,-2],[-2,-1],[-3,-2],[-3,-2],[-1,-1],[-1,-1],[-1,-1],[0,-1],[-1,-3],[0,-2],[-1,-1],[0,-1],[0,-2],[-1,-1],[-2,-1],[0,-1],[1,-1],[-1,-1],[-1,-1],[0,-1],[0,-1],[1,-2],[0,-2],[0,-2],[-1,-1],[0,-1],[-1,-2],[-1,-2],[-1,-2],[-1,-1],[-1,-1],[-2,-2],[0,-2],[0,-1],[-1,-3],[-1,-2],[0,-1],[0,-1],[0,-3],[-1,-3],[0,-1],[0,-1],[0,-1],[0,-1],[-1,-2],[0,-1],[0,-1],[0,-1],[-1,-1],[0,-4],[-1,-2],[0,-2],[0,-2],[-1,-2],[0,-2],[0,-3],[0,-1],[0,-1],[-1,-2],[-1,-3],[0,-1],[-1,0],[-1,-1],[-1,-1],[-1,-1],[-1,-1],[0,-1],[0,-1]],[[59413,81493],[-2483,-1653],[-1207,-1243],[-1500,-1546],[-814,-1650],[-1005,-1909],[-972,-1937],[-223,-397]],[[33228,88828],[4,10],[4,8],[6,14],[4,10],[5,8],[4,5],[8,10],[7,6],[7,7],[5,4],[2,2],[3,3],[2,2],[2,1],[9,4],[3,1],[3,3],[6,7],[2,3],[3,5],[2,4],[3,2],[4,2],[1,2],[1,4],[1,2],[4,3],[2,1],[5,1],[4,2],[4,2],[13,10],[5,6],[8,13],[10,17],[6,8],[9,8],[10,5],[6,4],[5,4],[4,6],[4,4],[4,3],[5,4],[7,7],[9,13],[8,8],[14,11],[19,15],[11,6],[7,2],[3,1],[3,2],[5,4],[3,1],[1,0],[1,0],[1,2],[1,1],[1,0],[2,0],[1,0],[1,0],[2,0],[5,3],[14,5],[7,3],[7,4],[8,7],[7,4],[8,4],[12,6],[6,4],[4,3],[1,0],[1,0],[1,0],[1,1],[1,2],[1,2],[2,2],[26,18],[1,0],[2,1],[2,0],[1,0],[0,1],[2,2],[1,2],[10,7],[7,6],[6,5],[8,7],[3,2],[3,1],[3,1],[3,2],[1,2],[1,3],[1,2],[5,4],[2,0],[1,1],[2,0],[2,2],[1,2],[2,1],[7,2],[9,5],[3,1],[2,1],[1,1],[2,3],[6,6],[11,9],[5,2],[13,7],[5,3],[3,3],[3,5],[8,7],[6,4],[6,2],[4,3],[3,4],[5,3],[3,1],[3,0],[5,3],[7,6],[6,6],[12,7],[15,10],[11,8],[7,6],[3,2],[5,2],[8,5],[7,8],[5,5],[5,3],[5,5],[9,7],[11,10],[5,5],[6,11],[5,4],[3,6],[1,2],[0,2],[3,3],[6,3],[3,1],[4,0],[9,5],[3,4],[3,5],[11,8],[11,7],[8,10],[12,9],[15,17],[9,11],[5,8],[8,11],[5,4],[4,5],[7,7],[6,8],[6,9],[9,7],[12,10],[12,10],[12,14],[7,7],[3,5],[4,9],[3,7],[5,7],[3,4],[6,7],[4,3],[8,4],[8,7],[7,8],[6,7],[2,6],[2,7],[3,4],[2,5],[10,18],[6,9],[4,5],[6,5],[4,5],[2,6],[7,10],[7,7],[4,4],[2,1],[1,2],[2,3],[1,2],[1,1],[30,24],[13,9],[8,8],[5,7],[3,2],[2,1],[2,3],[3,4],[2,1],[2,1],[2,2],[5,6],[7,10],[9,12],[7,11],[7,6],[4,3],[4,5],[0,5],[1,2],[3,2],[2,-1],[1,-2],[1,0],[2,1],[1,1],[2,-1],[1,0],[1,0],[2,1],[1,2],[2,2],[2,0],[1,0],[1,2],[3,5],[3,3],[5,2],[2,2],[3,5],[5,9],[3,7],[8,11],[9,9],[9,14],[9,10],[8,11],[6,8],[7,7],[6,10],[6,10],[6,10],[7,10],[8,9],[4,7],[5,9],[8,8],[9,11],[6,3],[7,4],[8,8],[9,8],[6,4],[7,4],[5,2],[20,21],[10,14],[2,2],[4,2],[4,1],[1,2],[2,4],[1,4],[8,8],[10,9],[7,7],[8,7],[10,8],[5,2],[1,0],[1,0],[1,1],[0,2],[1,1],[2,0],[1,0],[6,6],[4,6],[5,6],[6,7],[6,6],[6,9],[6,6],[7,5],[5,3],[7,10],[5,8],[4,10],[3,5],[3,4],[4,6],[3,5],[6,6],[6,6],[10,11],[6,5],[5,3],[4,3],[7,10],[5,9],[6,7],[8,10],[5,9],[6,11],[9,22],[6,10],[4,9],[5,9],[5,10],[3,2],[1,1],[2,3],[5,14],[9,14],[15,16],[6,7],[9,16],[9,14],[7,9],[5,11],[5,7],[3,5],[3,10],[6,15],[6,13],[3,6],[2,2],[2,2],[2,1],[0,2],[0,2],[0,2],[1,2],[2,5],[3,5],[2,1],[2,3],[9,12],[1,1],[2,0],[1,1],[1,1],[11,15],[1,1],[2,1],[1,2],[6,9],[7,14],[6,13],[4,10],[7,14],[10,28],[3,10],[5,12],[3,4],[3,3],[2,3],[1,2],[2,7],[2,7],[4,10],[4,9],[5,12],[3,8],[3,9],[3,4],[3,3],[11,9],[12,11],[13,9],[14,12],[11,8],[9,10],[7,10],[4,8],[3,6],[3,6],[2,5],[2,4],[11,12],[7,8],[5,8],[5,5],[4,6],[4,5],[3,4],[6,7],[4,3],[4,4],[4,5],[7,6],[9,10],[9,12],[7,7],[5,7],[3,2],[2,2],[2,2],[2,3],[4,5],[7,8],[7,12],[6,8],[5,5],[4,2],[2,3],[4,6],[3,7],[3,5],[2,2],[1,2],[1,2],[2,3],[2,2],[3,3],[2,2],[1,2],[2,0],[1,0],[1,0],[2,1],[0,1],[-1,2],[0,1],[1,1],[2,1],[3,0],[2,2],[2,3],[0,2],[0,3],[0,4],[1,1],[5,3],[6,8],[9,8],[1,3],[1,5],[1,4],[2,3],[5,4],[11,15],[5,8],[2,5],[2,6],[1,2],[1,2],[4,4],[2,3],[1,4],[2,3],[2,3],[4,2],[2,2],[1,2],[1,4],[2,5],[2,5],[2,5],[5,7],[3,7],[2,3],[1,1],[2,1],[2,1],[1,0],[2,3],[3,12],[3,5],[2,2],[1,2],[1,6],[1,1],[3,3],[2,2],[2,5],[2,11],[2,4],[3,3],[3,4],[1,3],[4,22],[4,8],[5,8],[5,9],[7,10],[8,13],[3,9],[5,9],[9,15],[5,10],[4,6],[5,5],[4,6],[7,10],[4,4],[7,9],[4,5],[1,4],[1,3],[1,2],[7,14],[8,10],[2,4],[3,7],[3,4],[3,4],[2,5],[4,12],[1,1],[2,1],[2,1],[0,2],[0,2],[-1,3],[2,3],[4,2],[4,4],[4,4],[7,12],[9,8],[2,4],[2,4],[2,2],[3,1],[4,3],[4,6],[1,4],[0,5],[-1,6],[0,3],[1,1],[2,0],[3,0],[1,2],[2,6],[0,7],[1,3],[3,1],[4,2],[4,4],[3,3],[3,3],[1,3],[1,3],[1,3],[2,2],[3,0],[3,2],[1,3],[0,4],[1,3],[1,1],[3,1],[2,1],[2,3],[3,8],[1,6],[1,2],[4,4],[3,8],[6,10],[4,7],[7,6],[12,13],[6,7],[2,2],[1,2],[2,5],[3,3],[2,3],[1,2],[6,9],[9,11],[3,4],[0,3],[0,4],[2,3],[4,4],[7,8],[1,2],[-1,2],[0,3],[-1,2],[1,2],[5,9],[0,4],[1,5],[2,3],[3,5],[2,5],[2,4],[3,4],[8,15],[4,9],[6,7],[2,3],[2,4],[3,4],[2,2],[2,2],[3,6],[5,5],[2,5],[1,4],[6,7],[12,23],[9,13],[1,3],[1,3],[1,2],[6,12],[2,6],[4,19],[3,8],[6,13],[4,10],[7,9],[12,16],[4,7],[4,10],[4,15],[3,9],[4,5],[4,3],[10,12],[5,8],[3,7],[4,6],[7,11],[8,12],[8,15],[5,11],[5,9],[10,11],[2,5],[2,7],[4,7],[2,6],[1,3],[3,2],[3,3],[3,5],[1,4],[0,5],[0,5],[5,16],[2,3],[2,3],[1,5],[-1,8],[1,6],[2,6],[4,8],[3,6],[3,12],[3,6],[4,5],[4,6],[6,13],[4,9],[4,7],[5,9],[5,7],[7,8],[4,4],[5,10],[6,20],[5,15],[3,5],[5,8],[2,4],[12,26],[4,6],[4,7],[7,13],[3,8],[6,15],[4,10],[2,6],[3,10],[2,7],[3,5],[3,5],[8,10],[2,6],[2,5],[1,3],[2,2],[2,2],[6,15],[1,3],[0,3],[0,3],[1,5],[5,5],[2,3],[2,5],[3,6],[6,8],[6,9],[5,8],[11,20],[4,10],[8,16],[6,16],[5,13],[3,6],[2,6],[8,12],[8,7],[5,7],[8,10],[10,15],[20,23],[5,6],[3,5],[3,6],[6,9],[5,6],[3,5],[4,11],[4,7],[7,8],[23,26],[4,6],[4,6],[4,8],[4,7],[3,6],[2,5],[2,7],[3,4],[3,2],[2,2],[5,7],[4,6],[8,14],[10,12],[8,7],[7,8],[6,5],[3,5],[5,8],[7,7],[0,2],[1,3],[0,2],[3,0],[2,0],[2,1],[1,2],[0,3],[2,4],[7,8],[5,7],[14,17],[10,10],[10,11],[6,7],[0,3],[2,5],[1,3],[2,1],[3,2],[1,2],[9,15],[12,18],[13,15],[9,10],[7,8],[4,6],[4,6],[4,4],[3,4],[6,5],[6,3],[1,2],[1,3],[1,5],[1,3],[3,1],[2,0],[2,1],[2,2],[1,5],[1,3],[2,2],[2,1],[3,3],[10,7],[4,3],[2,4],[4,7],[5,8],[3,5],[4,4],[9,6],[7,4],[4,4],[1,2],[1,4],[2,5],[3,5],[7,6],[13,13],[10,12],[6,10],[6,8],[5,9],[3,6],[7,13],[8,13],[5,11],[4,12],[3,6],[2,3],[0,1],[0,3],[-2,4],[0,4],[3,14],[3,7],[1,3],[1,4],[1,7],[2,6],[1,3],[7,15],[4,9],[3,9],[4,5],[5,8],[8,10],[4,5],[7,8],[5,6],[4,7],[5,6],[5,8],[5,7],[5,5],[5,7],[5,5],[3,3],[3,4],[3,4],[4,6],[2,1],[2,1],[1,0],[1,1],[0,2],[1,2],[2,2],[6,8],[7,6],[4,5],[3,5],[3,3],[5,5],[5,4],[7,4],[7,6],[8,6],[14,9],[12,9],[6,2],[6,4],[5,2],[4,3],[5,5],[9,5],[15,10],[7,6],[8,6],[10,7],[8,4],[7,3],[3,2],[6,4],[15,11],[8,5],[13,9],[3,4],[3,3],[2,1],[2,1],[1,2],[1,2],[1,2],[4,5],[5,10],[4,9],[2,5],[6,14],[4,11],[2,4],[2,5],[1,3],[0,4],[2,6],[2,5],[6,8],[3,4],[7,9],[5,4],[4,6],[2,4],[3,3],[4,4],[5,2],[3,2],[2,1],[1,2],[1,4],[5,7],[3,4],[5,5],[15,16],[5,5],[8,8],[7,7],[5,5],[6,7],[4,5],[0,2],[1,1],[2,1],[1,-1],[2,0],[1,1],[2,3],[1,1],[1,2],[1,2],[2,1],[1,1],[1,3],[1,2],[1,2],[9,7],[6,7],[7,8],[7,6],[6,5],[6,6],[5,5],[13,14],[10,8],[10,7],[13,9],[3,2],[4,4],[4,5],[5,5],[5,2],[5,4],[4,2],[3,2],[6,2],[8,4],[6,5],[6,6],[8,9],[2,3],[3,1],[3,1],[6,3],[15,10],[10,9],[11,10],[6,5],[2,1],[0,1],[2,4],[1,1],[6,5],[3,4],[4,7],[6,7],[3,5],[4,6],[6,7],[3,3],[3,5],[3,4],[4,4],[3,2],[5,5],[5,7],[6,7],[2,3],[3,2],[2,3],[1,4],[3,6],[4,4],[3,5],[6,7],[5,11],[8,11],[4,6],[4,4],[3,4],[6,13],[8,15],[3,5],[5,4],[5,7],[3,5],[3,5],[2,4],[3,7],[3,6],[7,9],[7,11],[7,9],[5,12],[6,11],[7,13],[7,12],[7,13],[13,24],[5,7],[9,10],[13,16],[6,8],[7,12],[7,11],[7,10],[7,10],[10,15],[4,7],[6,8],[6,12],[8,12],[10,20],[5,7],[5,7],[7,10],[5,6],[7,10],[5,8],[6,6],[11,8],[5,5],[4,5],[4,6],[4,7],[11,11],[5,6],[6,6],[6,7],[10,9],[8,8],[10,8],[18,13],[13,9],[7,5],[6,4],[11,6],[10,5],[14,7],[29,14],[10,5],[27,15],[29,16],[16,12],[15,12],[11,10],[12,14],[8,9],[13,10],[5,5],[2,2],[2,4],[1,4],[2,2],[2,2],[5,4],[6,7],[10,14],[15,16],[16,13],[26,24],[19,16],[18,13],[11,7],[27,14],[14,8],[14,8],[18,10],[16,9],[24,13],[24,14],[63,36],[25,15],[20,11],[31,16],[30,14],[28,16],[26,13],[48,21],[60,27],[94,41],[22,11],[28,14],[37,17],[48,21],[33,15],[56,25],[29,13],[37,18],[33,18],[34,15],[35,17],[53,24],[48,21],[57,25],[28,11],[39,16],[53,22],[47,17],[50,22],[50,20],[59,24],[38,17],[67,29],[44,20],[40,18],[43,22],[28,12],[27,11],[32,13],[26,11],[42,21],[26,13],[29,16],[25,13],[24,13],[35,18],[37,21],[38,22],[28,17],[41,24],[32,20],[15,10],[40,25],[44,28],[35,24],[35,23],[22,15],[50,36],[38,29],[31,23],[29,23],[26,23],[26,24],[19,18],[15,15],[21,21],[20,19],[20,24],[12,16],[11,15],[12,20],[10,20],[9,17],[9,16],[9,19],[13,29],[8,17],[7,18],[7,17],[6,13],[2,7],[0,7],[2,17],[3,13],[3,9],[3,7],[4,14],[3,7],[3,5],[6,8],[8,9],[6,9],[7,12],[5,9],[7,19],[4,13],[1,4],[0,3],[-1,3],[1,4],[2,3],[1,1],[0,1],[0,2],[0,1],[0,4],[7,28],[5,16],[2,3],[1,5],[1,21],[1,5],[-2,5],[-2,8],[-4,9],[-3,6],[-2,5],[0,7],[-1,8],[-1,13],[-2,8],[-3,3],[-3,5],[-2,7],[-3,13],[0,9],[-2,9],[-1,8],[0,5],[1,4],[-1,4],[-1,3],[-2,4],[-1,6],[0,4],[1,7],[4,16],[7,30],[3,8],[1,5],[0,5],[-3,6],[-1,5],[0,4],[2,6],[3,3],[3,2],[3,4],[1,3],[4,12],[3,5],[2,4],[4,6],[6,13],[7,15],[5,7],[10,10],[9,8],[8,13],[4,9],[3,5],[2,2],[2,1],[1,3],[1,6],[1,3],[16,22],[5,8],[6,10],[3,7],[9,12],[7,9],[3,5],[2,7],[3,9],[3,6],[8,19],[4,11],[1,6],[2,7],[4,7],[5,12],[6,11],[11,26],[4,9],[2,7],[2,11],[2,4],[5,8],[4,9],[3,7],[-1,8],[-2,9],[0,9],[1,3],[1,3],[1,3],[0,3],[0,20],[2,11],[3,11],[5,11],[5,10],[5,14],[1,8],[1,33],[2,15],[3,11],[1,11],[3,7],[3,12],[3,8],[4,14],[7,17],[6,13],[2,6],[1,10],[-1,6],[-1,4],[0,5],[2,9],[0,11],[1,7],[1,10],[0,3],[-1,1],[-1,1],[0,2],[1,5],[1,3],[-1,3],[0,2],[1,2],[1,3],[0,2],[1,6],[-1,2],[0,2],[-1,1],[0,1],[2,3],[0,4],[1,3],[0,7],[1,18],[0,3],[0,3],[-1,2],[0,3],[1,3],[0,2],[0,2],[-1,3],[-1,4],[0,13],[1,3],[0,3],[0,2],[0,3],[0,2],[1,2],[1,1],[1,1],[0,1],[-1,3],[-1,1],[0,1],[1,2],[1,2],[2,4],[5,14],[1,3],[0,3],[0,2],[1,1],[1,1],[1,2],[0,2],[0,5],[-1,5],[1,5],[3,14],[2,9],[3,13],[-1,3],[-1,3],[-1,2],[0,3],[1,3],[1,3],[0,3],[-1,2],[0,2],[1,2],[1,2],[1,4],[1,3],[2,8],[1,9],[0,5],[-1,5],[-1,1],[-1,1],[-1,1],[-1,1],[-1,11],[-1,7],[-2,6],[0,4],[1,2],[2,3],[1,3],[0,2],[0,3],[0,2],[-1,3],[0,3],[0,3],[2,4],[1,11],[1,13],[-2,41],[-1,10],[0,6],[2,8],[2,6],[4,7],[3,5],[5,7],[3,5],[4,5],[4,7],[6,11],[2,2],[7,3],[13,6],[11,7],[4,3],[3,3],[5,4],[3,2],[3,1],[4,3],[3,3],[2,3],[0,3],[1,2],[1,0],[2,1],[1,1],[1,1],[2,8],[4,6],[9,11],[9,7],[6,5],[4,2],[2,2],[1,2],[2,4],[3,2],[4,1],[4,1],[4,1],[6,5],[4,4],[6,7],[4,8],[1,2],[1,3],[1,2],[3,1],[2,0],[3,2],[3,4],[2,1],[3,0],[2,1],[0,2],[1,3],[3,3],[2,2],[5,2],[4,1],[3,1],[2,1],[1,2],[1,2],[1,1],[2,1],[4,-1],[2,0],[3,1],[6,3],[15,7],[13,6],[14,7],[21,9],[15,6],[14,7],[8,6],[9,8],[9,5],[6,1],[7,2],[6,3],[11,9],[5,4],[2,2],[1,2],[0,2],[2,1],[2,2],[5,0],[3,0],[3,-2],[2,0],[2,1],[3,2],[16,11],[20,13],[13,7],[6,3],[6,1],[7,4],[3,2],[2,3],[3,1],[2,0],[3,2],[3,4],[3,2],[7,5],[8,4],[4,4],[4,6],[3,2],[4,2],[4,0],[5,0],[4,0],[3,0],[5,3],[5,3],[1,1],[1,2],[2,3],[2,2],[2,0],[4,0],[7,1],[9,3],[12,7],[14,6],[11,7],[7,6],[8,6],[9,2],[3,2],[2,3],[4,2],[3,0],[4,2],[2,2],[2,5],[2,2],[2,2],[11,3],[8,3],[10,8],[8,8],[7,6],[5,3],[5,3],[4,3],[3,4],[4,5],[3,4],[5,3],[4,4],[3,3],[3,2],[4,2],[4,0],[3,2],[4,4],[4,2],[5,2],[6,1],[6,1],[8,5],[8,5],[8,7],[4,5],[5,4],[4,4],[3,3],[6,6],[3,5],[2,1],[3,-1],[2,-1],[2,0],[2,1],[2,2],[0,4],[2,3],[5,4],[11,9],[4,2],[8,5],[3,4],[5,7],[3,3],[3,4],[5,5],[3,3],[4,2],[3,2],[3,1],[2,0],[1,1],[1,2],[1,1],[2,1],[2,0],[1,0],[1,1],[1,1],[0,1],[2,2],[1,4],[3,5],[1,2],[2,1],[2,1],[1,1],[1,2],[0,2],[1,4],[3,4],[5,8],[7,5],[6,4],[5,3],[5,4],[4,2],[4,4],[3,3],[1,3],[0,3],[1,2],[2,0],[2,0],[2,1],[1,1],[4,8],[5,8],[3,3],[2,2],[2,2],[1,4],[2,5],[3,7],[4,5],[2,3],[1,2],[2,5],[2,4],[1,2],[1,1],[1,1],[1,0],[0,2],[1,2],[3,3],[3,2],[2,1],[4,3],[2,0],[2,0],[2,2],[2,2],[1,2],[1,5],[3,3],[4,2],[8,6],[7,6],[4,7],[7,8],[8,8],[2,4],[2,4],[2,4],[20,21],[7,6],[3,1],[3,1],[3,2],[14,16],[3,5],[2,1],[2,1],[2,-1],[2,1],[8,10],[9,10],[6,5],[7,6],[6,5],[7,7],[7,7],[3,1],[3,1],[25,20],[10,11],[11,12],[6,5],[6,6],[6,4],[6,6],[4,5],[2,4],[5,8],[3,2],[3,4],[2,3],[5,9],[1,4],[2,2],[2,2],[2,2],[3,7],[2,4],[2,5],[3,3],[5,4],[4,3],[2,2],[2,4],[3,9],[4,8],[4,8],[5,8],[6,10],[6,7],[6,7],[8,8],[7,10],[10,15],[5,6],[5,7],[2,4],[5,3],[8,6],[5,7],[5,6],[4,6],[3,3],[3,3],[6,6],[7,5],[7,8],[6,4],[4,1],[2,2],[2,3],[6,9],[8,9],[10,9],[5,2],[6,-1],[6,1],[6,3],[7,3],[8,6],[14,12],[6,7],[10,14],[4,7],[4,5],[6,7],[12,10],[7,5],[5,6],[8,7],[124,-237],[103,-355],[134,-448],[379,-522],[812,-819],[792,-899],[742,-270],[841,-153],[797,-318],[824,-693],[242,-607],[370,-524],[535,-558],[1118,-422],[3215,1242],[429,142],[299,72],[309,0]],[[55157,94630],[681,-896],[907,-1353],[432,-1917],[-54,-2800],[-57,-2300],[91,-1366],[270,-891],[710,-700],[1276,-914]],[[86576,92947],[-885,510],[-2452,1075],[-609,315],[-667,170],[-291,74],[-2273,626],[-1346,296],[-1661,-192],[-1762,-179],[-1770,-762],[-1014,-414],[-1493,-847],[-2502,-767],[-939,-333],[-898,240],[-1503,724],[-1557,471],[-1997,603],[-1624,350],[-1890,-124],[-1307,-39],[-979,-114]],[[59413,81493],[535,-1206],[297,-1235],[563,-1095],[788,-877],[955,-594],[1053,-268],[1234,-875],[584,-598],[651,-488],[608,-525],[659,-375],[1506,0],[498,556],[771,914],[775,925],[763,713],[1057,342]],[[72710,76807],[1027,1716],[1592,2909],[2508,2793],[1190,2049],[601,977],[940,1278],[1009,1082],[186,127],[923,628],[568,431],[733,383],[719,452],[582,525],[1288,790]],[[21509,66664],[-6,-6],[-6,-7],[-7,-9],[-7,-7],[-5,-5],[-13,-17],[-4,-6],[-8,-9],[-8,-10],[-7,-8],[-4,-7],[-6,-9],[-8,-8],[-7,-7],[-9,-8],[-2,-3],[-3,-3],[-5,-4],[-6,-3],[-5,-4],[-5,-5],[-8,-10],[-3,-5],[-4,-4],[-3,-3],[-9,-8],[-3,-3],[-2,-1],[-3,-2],[-1,-2],[-4,-8],[-5,-6],[-3,-3],[-2,-1],[-1,-3],[-5,-8],[-8,-12],[-5,-9],[-2,-4],[-3,-5],[-6,-8],[-8,-11],[-15,-16],[-11,-12],[-4,-6],[-8,-10],[-13,-12],[-10,-12],[-4,-5],[-3,-6],[-10,-13],[-14,-17],[-7,-8],[-4,-4],[-4,-6],[-15,-17],[-12,-16],[-4,-5],[-4,-3],[-7,-3],[-4,-3],[-5,-4],[-6,-5],[-5,-7],[-5,-3],[-4,-2],[-3,0],[-1,-2],[-1,-1],[0,-3],[-1,-2],[0,-1],[-1,-2],[-2,0],[-1,0],[-1,0],[-1,-1],[-3,-5],[-6,-8],[-4,-9],[-3,-6],[-3,-5],[-3,-4],[-8,-10],[-8,-10],[-5,-7],[-3,-5],[-3,-7],[-5,-7],[-1,-3],[0,-3],[0,-3],[-1,-2],[-5,-8],[-15,-22],[-3,-4],[-3,-3],[-3,-2],[-4,-3],[-2,-3],[-1,-2],[-2,-7],[-2,-6],[-3,-5],[-2,-3],[-4,-4],[-4,-3],[-4,-4],[-4,-3],[-4,-2],[-7,-8],[-9,-10],[-7,-8],[-8,-7],[-8,-6],[-19,-20],[-19,-16],[-13,-11],[-12,-12],[-3,0],[-3,0],[-2,0],[-2,-1],[-2,-3],[-3,-3],[-3,-4],[-6,-4],[-2,-2],[-1,-2],[0,-5],[-2,-8],[-3,-5],[-9,-12],[-8,-8],[-5,-6],[-6,-5],[-6,-7],[-4,-5],[-15,-18],[-12,-12],[-8,-6],[-3,-3],[-5,-10],[-4,-5],[-3,-3],[-4,-6],[-7,-13],[-7,-12],[-4,-7],[-17,-27],[-8,-9],[-6,-8],[-14,-13],[-12,-11],[-13,-10],[-3,-4],[-3,-3],[-2,-2],[-3,-4],[-3,-5],[-5,-6],[-8,-8],[-14,-13],[-11,-9],[-15,-13],[-8,-7],[-7,-6],[-9,-7],[-5,-4],[-6,-8],[-6,-8],[-4,-5],[-11,-10],[-17,-13],[-13,-10],[-8,-6],[-13,-10],[-9,-8],[-4,-4],[-2,-3],[-4,-4],[-6,-6],[-14,-10],[-7,-5],[-12,-10],[-9,-7],[-14,-11],[-11,-9],[-13,-12],[-10,-9],[-8,-7],[-4,-3],[-2,-1],[-1,-2],[-1,-3],[-2,-5],[-5,-5],[-2,-3],[-1,-3],[1,-4],[1,-4],[3,-7],[13,-13],[10,-8],[3,-4],[1,-4],[0,-5],[1,-7],[1,-5],[1,-6],[2,-5],[2,-4],[7,-8],[5,-3],[4,-3],[5,-4],[5,-6],[4,-7],[4,-7],[4,-8],[6,-12],[2,-8],[2,-7],[0,-7],[1,-9],[1,-32],[3,-12],[1,-4],[2,-5],[3,-3],[9,-9],[2,-5],[1,-7],[-1,-8],[1,-8],[2,-7],[2,-9],[3,-6],[5,-6],[4,-4],[2,-3],[2,-5],[0,-5],[1,-17],[1,-10],[0,-6],[1,-7],[1,-6],[1,-4],[0,-2],[0,-2],[0,-1],[-3,-14],[-1,-3],[0,-1],[0,-2],[1,-3],[1,-2],[0,-3],[-1,-5],[-1,-6],[0,-4],[0,-3],[1,-6],[1,-2],[-1,-2],[-3,-6],[0,-1],[0,-1],[1,-4],[0,-3],[-2,-9],[-5,-14],[-3,-15],[-3,-8],[-7,-17],[-5,-9],[-2,-7],[-1,-7],[-1,-10],[-1,-11],[-2,-14],[-6,-15],[-12,-22],[-11,-17],[-11,-11],[-2,-5],[-1,-4],[1,-4],[2,-7],[0,-4],[-1,-4],[-4,-11],[-5,-12],[-6,-13],[-5,-9],[-7,-9],[-12,-15],[-11,-14],[-7,-9],[-12,-17],[-6,-8],[-6,-7],[-7,-10],[-7,-15],[-10,-17],[-24,-39],[-13,-18],[-12,-15],[-13,-15],[-13,-12],[-13,-14],[-13,-17],[-5,-7],[-4,-7],[-4,-11],[-9,-22],[-10,-20],[-7,-14],[-9,-14],[-3,-7],[-4,-11],[-7,-25],[-21,-72],[-5,-20],[-3,-19],[-3,-10],[-5,-9],[-10,-16],[-13,-20],[-12,-20],[-9,-18],[-6,-20],[-10,-41],[-4,-14],[-12,-31],[-13,-26],[-12,-25],[-10,-14],[-10,-15],[-12,-20],[-5,-11],[-7,-19],[-10,-29],[-5,-12],[-7,-15],[-10,-16],[-15,-25],[-20,-35],[-13,-27],[-9,-16],[-12,-21],[-21,-38],[-11,-17],[-14,-20],[-18,-23],[-15,-21],[-3,-6],[-6,-11],[-3,-8],[-3,-10],[-4,-15],[-5,-14],[-7,-22],[-11,-30],[-10,-19],[-11,-20],[-8,-13],[-11,-18],[-7,-10],[-5,-6],[-7,-10],[-6,-7],[-17,-22],[-10,-14],[-12,-16],[-13,-17],[-6,-9],[-6,-6],[-14,-15],[-6,-6],[-6,-5],[-13,-14],[-8,-8],[-5,-8],[-5,-9],[-8,-17],[-6,-12],[-7,-14],[-14,-29],[-5,-11],[-4,-6],[-7,-10],[-16,-20],[-21,-27],[-11,-12],[-6,-6],[-5,-7],[-7,-13],[-7,-12],[-4,-8],[-6,-9],[-15,-22],[-5,-10],[-3,-7],[-4,-14],[-5,-20],[-6,-31],[-2,-15],[-2,-8],[-3,-6],[-6,-16],[-6,-15],[-3,-7],[-5,-12],[-7,-12],[-4,-6],[-2,-5],[-2,-5],[-1,-7],[0,-7],[2,-9],[2,-6],[3,-4],[5,-4],[3,-2],[3,-2],[2,-3],[2,-3],[3,-13],[1,-5],[2,-3],[3,-3],[4,-3],[3,-4],[2,-5],[1,-5],[1,-7],[0,-6],[0,-7],[-1,-9],[-4,-12],[-4,-11],[-1,-5],[0,-4],[1,-6],[1,-3],[1,-2],[0,-7],[-1,-9],[-2,-15],[-1,-4],[-1,-4],[-8,-24],[-1,-3],[0,-5],[-1,-16],[1,-9],[1,-3],[2,-2],[3,-3],[3,-1],[17,-7],[6,-4],[3,-4],[4,-6],[4,-10],[5,-16],[3,-10],[1,-15],[1,-20],[0,-33],[-1,-14],[-3,-11],[-3,-13],[-9,-32],[-6,-20],[-5,-14],[-8,-22],[-9,-22],[-9,-20],[-11,-21],[-13,-24],[-12,-18],[-14,-23],[-11,-18],[-13,-19],[-9,-17],[-11,-21],[-8,-13],[-4,-8],[-2,-4],[-1,-6],[-2,-14],[0,-10],[-2,-18],[-1,-7],[-2,-10],[-3,-10],[-6,-21],[-4,-11],[-9,-18],[-6,-15],[-7,-13],[-7,-11],[-7,-9],[-6,-8],[-12,-17],[-14,-20],[-4,-8],[-3,-7],[-3,-8],[-7,-17],[-5,-17],[-6,-16],[-4,-9],[-4,-5],[-4,-6],[-6,-6],[-3,-5],[-2,-5],[-4,-8],[-2,-6],[-2,-5],[-5,-8],[-6,-8],[-7,-6],[-7,-5],[-7,-7],[-6,-7],[-7,-13],[-5,-13],[-4,-16],[-2,-8],[-4,-6],[-6,-5],[-10,-9],[-17,-14],[-8,-8],[-9,-11],[-9,-12],[-8,-11],[-7,-8],[-20,-20],[-32,-33],[-4,-6],[-3,-4],[-6,-16],[-7,-18],[-6,-10],[-12,-17],[-11,-18],[-5,-9],[-7,-11],[-10,-18],[-13,-26],[-14,-25],[-5,-11],[-6,-18],[-7,-15],[-6,-10],[-12,-15],[-8,-10],[-14,-15],[-19,-20],[-14,-20],[-8,-12],[-8,-16],[-3,-9],[-4,-8],[-5,-6],[-7,-10],[-4,-7],[-8,-10],[-8,-9],[-7,-13],[-9,-19],[-6,-12],[-10,-12],[-7,-11],[-4,-6],[-6,-10],[-6,-16],[-6,-8],[-6,-4],[-3,-8],[-4,-9],[-3,-4],[-4,-3],[-5,-8],[-2,-7],[-5,-7],[-3,-5],[-3,-10],[-6,-9],[-7,-14],[-7,-14],[-7,-18],[-5,-10],[-3,-18],[-10,-16],[-5,-12],[-5,-9],[-8,-11],[-10,-11],[-9,-12],[-6,-12],[-5,-14],[-7,-12],[-8,-10],[-5,-7],[-2,-7],[-2,-7],[-3,-8],[-15,-18],[-17,-15],[-11,-11],[-13,-10],[-10,-10],[-7,-6],[-10,-9],[-8,-11],[-14,-16],[-8,-10],[-11,-14],[-8,-9],[-12,-4],[-12,-12],[-15,-19],[-25,-17],[-8,-8],[-9,-4],[-15,-8],[-21,-12],[-16,-9],[-14,-9],[-14,-9],[-9,-8],[-6,-8],[-7,-6],[-12,-10],[-14,-16],[-8,-4],[-10,-4],[-11,-7],[-10,-9],[-4,-7],[-6,-12],[-8,-17],[-6,-11],[-2,-8],[-8,-12],[-13,-17],[-20,-22],[-6,-14],[-10,-11],[-7,-4],[-6,-5],[-9,-12],[-12,-17],[-14,-18],[-4,-4],[-1,-7],[-4,-15],[-4,-18],[-7,-17],[-3,-8],[0,-5],[-1,-7],[-1,-7],[-7,-5],[-3,-10],[-4,-10],[0,-6],[-1,-4],[-2,-3],[-11,-19],[-5,-8],[-7,-12],[-3,-9],[-2,-10],[-9,-20],[-2,-9],[1,-9],[2,-10],[-2,-11],[-3,-15],[-8,-19],[-10,-23],[-12,-22],[-7,-12],[-8,-17],[-11,-12],[-6,-9],[-1,-6],[-3,-6],[-9,-7],[-18,-18],[-3,-5],[-2,-7],[-1,-7],[-1,-15],[-1,-14],[-4,-18],[-2,-5],[-3,-4],[-5,-4],[-2,-3],[-2,-4],[-1,-4],[-1,-8],[-1,-6],[-3,-5],[-5,-6],[-5,-5],[-3,-6],[-3,-7],[-4,-14],[-8,-20],[-5,-14],[-5,-18],[-4,-16],[-2,-9],[-6,-13],[-16,-37],[-1,-4],[-1,-2],[1,-3],[1,-2],[3,-2],[4,-3],[3,-2],[1,-3],[1,-4],[1,-9],[-1,-18],[-3,-22],[-3,-12],[-3,-4],[-5,-12],[-4,-20],[-5,-11],[-5,-9],[-4,-10],[-4,-6],[-5,-6],[-4,-8],[-1,-18],[-2,-23],[-5,-16],[0,-9],[-4,-12],[-2,-4],[-3,-5],[-5,-7],[-8,-14],[-5,-10],[-4,-6],[-6,-11],[-3,-7],[-2,-8],[-2,-7],[-8,-12],[-5,-8],[-4,-9],[-1,-7],[0,-8],[2,-6],[1,-6],[3,0],[4,1],[4,-6],[0,-6],[-1,-6],[-4,-11],[-4,-8],[-2,-7],[0,-3],[-1,-1],[-1,-2],[-1,-2],[0,-2],[0,-2],[2,-3],[3,-1],[5,-1],[2,0],[3,6],[6,5],[9,14],[9,20],[8,19],[8,13],[9,8],[6,11],[0,12],[4,10],[9,10],[17,13],[7,5],[10,9],[14,11],[23,19],[10,12],[15,7],[6,0],[9,3],[12,4],[14,4],[19,11],[22,26],[10,18],[12,6],[13,4],[9,2],[20,8],[9,7],[9,9],[10,4],[7,6],[6,3],[6,3],[5,4],[4,5],[8,4],[3,2],[8,9],[21,1],[35,-5],[34,-8],[17,-4],[13,-3],[15,-4],[9,-3],[9,-3],[7,-3],[14,-5],[21,-7],[32,-17],[42,-24],[26,-17],[7,-3],[9,14],[1,6],[9,0],[-1,-5],[18,-14],[25,-23],[29,-31],[21,-24],[22,-27],[16,-21],[14,-18],[12,-19],[17,-20],[10,-17],[8,-10],[9,-13],[12,-20],[11,-15],[11,-15],[11,-21],[9,-14],[7,-13],[9,-16],[11,-15],[11,-22],[14,-22],[6,-12],[6,-10],[9,-14],[8,-17],[4,-10],[6,-12],[6,-15],[17,-33],[10,-20],[8,-17],[5,-12],[6,-13],[8,-22],[7,-16],[9,-23],[13,-32],[7,-19],[7,-24],[4,-13],[9,-25],[10,-33],[21,-69],[8,-28],[13,-50],[12,-50],[7,-32],[6,-27],[9,-38],[9,-57],[7,-41],[9,-82],[4,-45],[5,-47],[2,-24],[1,-28],[3,-51],[1,-60],[0,-48],[0,-28],[-1,-40],[0,-11],[-1,-16],[-1,-34],[-3,-48],[-3,-47],[-5,-42],[-5,-43],[-2,-24],[-3,-19],[-5,-45],[-8,-53],[-8,-42],[-5,-31],[-9,-43],[-7,-36],[-8,-37],[-9,-39],[-11,-37],[-14,-48],[-17,-56],[-8,-27],[-5,-18],[-5,-15],[-4,-13],[-7,-21],[-12,-35],[-21,-64],[-18,-45],[-18,-46],[-12,-29],[-13,-33],[-13,-32],[-18,-44],[-19,-46],[-20,-44],[-16,-36],[-17,-36],[-17,-37],[-16,-31],[-23,-41],[-26,-49],[-24,-40],[-29,-46],[-16,-25],[-37,-58],[-25,-38],[-28,-42],[-16,-23],[-18,-25],[-18,-28],[-33,-46],[-36,-55],[-37,-49],[-31,-46],[-33,-50],[-24,-37],[-38,-53],[-31,-42],[-28,-35],[-34,-46],[-34,-39],[-37,-41],[-39,-38],[-39,-38],[-23,-22],[-21,-20],[-19,-19],[-24,-27],[-28,-26],[-19,-19],[-12,-12],[-13,-11],[-20,-18],[-10,-9],[-19,-19],[-27,-22],[-12,-9],[-11,-7],[-14,-7],[-43,-17],[-14,-8],[-11,-7],[-10,-7],[-8,-6],[-17,-11],[-15,-10],[-6,-4],[-7,-6],[-2,-3],[-3,-3],[-4,-3],[-11,-5],[-7,-5],[-6,-4],[-25,-15],[-30,-18],[-27,-16],[-21,-14],[-16,-12],[-21,-16],[-15,-10],[-11,-7],[-10,-6],[-15,-8],[-12,-9],[-12,-7],[-17,-9],[-16,-7],[-10,-4],[-8,-3],[-6,-2],[-6,-3],[-7,-3],[-4,-3],[-2,0],[-3,-1],[-3,-1],[-5,-3],[-7,-4],[-4,-3],[-17,-8],[-28,-14],[-10,-5],[-11,-4],[-8,-2],[-21,-8],[-12,-5],[-10,-2],[-10,-5],[-13,-8],[-14,-6],[-13,-4],[-30,-11],[-28,-9],[-37,-12],[-17,-5],[-16,-6],[-16,-4],[-13,-3],[-24,-11],[-9,-4],[-11,-6],[-9,-7],[-8,-5],[-9,-6],[-10,-7],[-12,-7],[-10,-5],[-13,-5],[-11,-5],[-9,-2],[-9,-2],[-13,-3],[-9,-5],[-13,-8],[-7,-5],[-7,-6],[-12,-11],[-22,-15],[-15,-11],[-5,-5],[-4,-7],[-7,-6],[-14,-9],[-9,-4],[-8,-4],[-11,-4],[-9,-1],[-11,-1],[-18,-2],[-14,-1],[-9,-2],[-19,-5],[-32,-6],[-15,-2],[-22,-1],[-23,1],[-33,4],[-20,4],[-11,4],[-3,4],[-2,9],[-3,12],[-2,14],[-1,16],[-2,8],[-3,7],[-6,11],[-3,4],[-2,8],[-3,7],[0,4],[-1,9],[-1,12],[-2,15],[0,7],[1,3],[0,5],[0,4],[-1,3],[-4,8],[-1,4],[-1,5],[0,4],[-2,4],[-2,4],[-2,2],[-6,13],[-1,3],[-1,1],[-2,2],[-4,4],[-2,2],[-1,1],[-1,9],[-1,5],[-1,3],[-5,5],[-7,7],[-7,7],[-1,3],[-2,2],[-2,2],[-3,0],[-3,1],[-7,3],[-4,3],[-3,1],[-2,0],[-3,-2],[-13,-9],[-3,-3],[-2,-4],[-3,-17],[-2,-7],[-2,-4],[-5,-5],[-8,-5],[-3,-2],[0,-2],[1,-3],[2,-1],[5,-3],[3,-2],[1,-5],[1,-4],[2,-3],[9,-7],[7,-5],[3,-3],[1,-4],[1,-2],[0,-2],[0,-5],[0,-4],[1,-4],[1,-4],[1,-6],[0,-10],[-1,-11],[-3,-11],[-4,-9],[-3,-10],[-1,-7],[-1,-8],[-6,-16],[-1,-8],[1,-8],[1,-8],[2,-8],[1,-7],[-1,-8],[-2,-8],[-5,-9],[-3,-8],[-4,-9],[-5,-7],[-4,-8],[-6,-19],[-2,-8],[-2,-8],[-1,-5],[-8,-22],[-7,-21],[-5,-18],[-7,-21],[-2,-4],[-2,-6],[-3,-13],[0,-6],[-1,-4],[-4,-11],[-4,-12],[-2,-8],[0,-5],[0,-3],[-1,-3],[0,-1],[0,-4],[0,-3],[-1,-2],[-4,-17],[-5,-15],[-2,-6],[0,-5],[1,-4],[4,-6],[7,-8],[4,-4],[1,-3],[0,-5],[0,-5],[-3,-10],[-5,-8],[-6,-8],[-4,-3],[-3,-1],[-1,-1],[-2,-2],[0,-4],[0,-4],[-1,-5],[-5,-13],[-10,-22],[-4,-7],[-1,-4],[0,-5],[0,-5],[0,-7],[-1,-6],[0,-6],[0,-4],[-1,-4],[-2,-4],[-2,-6],[-2,-5],[-1,-4],[-3,-3],[-3,-2],[-4,-1],[-3,-1],[-2,-1],[-2,-2],[-3,-5],[-3,-9],[-2,-4],[-2,-4],[-4,-3],[-6,-3],[-3,-3],[-3,-3],[-3,-5],[-5,-6],[-3,-4],[-3,-6],[-3,-12],[-4,-12],[-4,-12],[-5,-23],[-1,-2],[0,-1],[-1,-2],[0,-2],[0,-1],[-5,-11],[-7,-11],[-5,-6],[-3,-6],[-7,-14],[-3,-4],[-2,-4],[-2,-5],[-2,-3],[-5,-6],[-6,-8],[-2,-4],[-3,-8],[-1,-5],[0,-6],[1,-3],[1,-4],[1,-5],[0,-5],[-1,-5],[-2,-6],[-1,-3],[-2,-4],[-1,-3],[0,-3],[1,-6],[0,-5],[-1,-6],[-2,-8],[-2,-8],[-1,-3],[0,-3],[-4,-8],[-8,-13],[-6,-8],[-5,-4],[-3,-2],[-3,-1],[-1,-2],[-1,-3],[-2,-9],[0,-8],[0,-7],[1,-6],[0,-10],[0,-7],[0,-6],[1,-5],[1,-4],[3,-7],[0,-3],[0,-6],[-3,-7],[-3,-6],[-9,-12],[-1,-4],[-1,-4],[0,-4],[2,-4],[5,-2],[5,-3],[5,-4],[3,-5],[3,-6],[2,-9],[1,-7],[0,-8],[-2,-11],[-1,-3],[1,-4],[1,-2],[2,-4],[1,-2],[1,-2],[1,-4],[0,-4],[1,-6],[-1,-6],[-3,-12],[-2,-6],[-2,-6],[-2,-9],[-1,-5],[-3,-6],[-3,-5],[-5,-4],[-3,-4],[-1,-4],[-1,-5],[-1,-2],[1,-2],[2,-2],[3,-2],[3,-1],[5,1],[9,3],[2,1],[2,0],[2,-1],[5,-3],[8,-7],[4,-6],[5,-6],[10,-17],[11,-16],[4,-4],[4,-4],[6,-2],[6,-1],[4,-2],[5,-3],[5,-5],[4,-4],[2,-3],[3,-2],[2,-1],[2,0],[1,1],[0,2],[0,4],[1,3],[1,3],[0,2],[0,1],[0,2],[-1,3],[1,6],[1,8],[3,10],[3,8],[2,4],[3,2],[4,2],[5,2],[5,1],[7,0],[8,-1],[7,-1],[5,-1],[6,-3],[8,-5],[9,-8],[22,-19],[13,-15],[15,-18],[11,-18],[12,-26],[11,-31],[9,-39],[7,-37],[2,-31],[0,-37],[-3,-59],[-6,-61],[-8,-69],[-12,-68],[-10,-37],[-10,-33],[-19,-50],[-31,-74],[-31,-67],[-22,-42],[-26,-45],[-40,-72],[-39,-63],[-7,-12],[-8,-13],[-11,-17],[-16,-27],[-21,-39],[-17,-25],[-12,-17],[-11,-15],[-14,-21],[-13,-20],[-18,-21],[-17,-17],[-19,-18],[-32,-25],[-7,-8],[-6,-9],[-7,-12],[-5,-10],[-3,-10],[-1,-12],[-1,-11],[-1,-6],[-2,-5],[-11,-17],[-9,-14],[-10,-13],[-11,-15],[-6,-12],[-1,-7],[-1,-7],[1,-8],[1,-10],[0,-10],[3,-11],[3,-8],[1,-5],[0,-4],[-1,-12],[-2,-11],[0,-5],[-5,-10],[-3,-6],[-3,-7],[-3,-7],[-9,-15],[-5,-9],[-5,-8],[-2,-7],[-3,-11],[-4,-10],[-6,-14],[-5,-11],[-8,-19],[-5,-12],[-7,-14],[-3,-11],[-5,-9],[-5,-10],[-9,-11],[-8,-9],[-4,-5],[-2,-6],[-4,-8],[-9,-18],[-5,-9],[-6,-14],[-4,-8],[-2,-7],[-2,-6],[-2,-5],[-17,-19],[-8,-9],[-7,-8],[-17,-13],[-21,-14],[-18,-9],[-16,-6],[-14,-5],[-2,-3],[0,-5],[0,-6],[0,-5],[-2,-7],[-5,-15],[-1,-5],[0,-5],[2,-4],[1,-6],[-2,-6],[-5,-9],[-7,-11],[-1,-6],[0,-6],[0,-6],[6,-10],[5,-7],[3,-7],[3,-5],[2,-7],[2,-10],[4,-12],[6,-10],[4,-9],[5,-13],[5,-12],[2,-8],[2,-9],[0,-8],[-3,-9],[-1,-3],[-2,-5],[0,-5],[0,-6],[-1,-6],[-4,-8],[-3,-9],[-3,-7],[-2,-5],[-1,-5],[-1,-4],[-7,-12],[-18,-25],[-8,-9],[-8,-4],[-9,-5],[-6,-1],[-5,0],[-5,0],[-3,1],[-2,-1],[-1,-3],[-2,-8],[-5,-12],[-4,-13],[-1,-15],[-3,-9],[-1,-9],[-1,-9],[-5,-12],[-12,-15],[-4,-5],[-2,-6],[1,-5],[1,-6],[-1,-6],[-3,-11],[-14,-36],[-4,-14],[-2,-14],[-2,-15],[-2,-11],[-1,-9],[-1,-10],[-2,-12],[-8,-23],[-5,-9],[-1,-8],[0,-8],[0,-13],[-5,-30],[-6,-22],[-1,-5],[-1,-5],[-1,-7],[0,-3],[0,-3],[-7,-23],[-15,-43],[0,-7],[0,-5],[-1,-8],[-2,-10],[-1,-9],[-1,-11],[-1,-7],[0,-5],[1,-4],[-1,-5],[-5,-16],[-1,-5],[0,-7],[2,-20],[0,-15],[-1,-12],[-2,-17],[-9,-49],[-6,-18],[-7,-15],[-5,-15],[-3,-16],[-2,-15],[0,-11],[-1,-7],[-9,-32],[-5,-19],[-3,-20],[-2,-13],[-3,-11],[-4,-17],[-12,-41],[-6,-19],[-8,-26],[-2,-14],[0,-5],[0,-5],[1,-5],[-1,-6],[-11,-38],[-1,-4],[-1,-5],[1,-7],[1,-10],[2,-15],[1,-22],[3,-19],[3,-22],[0,-19],[1,-8],[1,-8],[2,-9],[2,-8],[1,-9],[6,-41],[0,-6],[-1,-12],[0,-9],[2,-19],[0,-11],[3,-38],[2,-27],[0,-16],[0,-12],[3,-18],[0,-18],[2,-15],[0,-14],[3,-20],[3,-9],[4,-4],[2,-3],[1,-6],[-4,-31],[1,-10],[5,-42],[3,-14],[1,-14],[3,-18],[1,-9],[1,-27],[2,-8],[2,-5],[1,-7],[1,-10],[-1,-32],[1,-6],[4,-9],[3,-10],[2,-8],[1,-10],[2,-10],[5,-12],[2,-7],[1,-8],[0,-8],[-2,-26],[-3,-12],[-1,-10],[-1,-9],[-1,-7],[-1,-14],[-4,-30],[-9,-45],[0,-9],[1,-5],[1,-5],[1,-8],[-2,-10],[-4,-11],[-8,-13],[-2,-4],[-2,-6],[0,-6],[0,-15],[0,-4],[0,-2],[0,-2],[-1,-10],[-1,-10],[-1,-10],[0,-7],[0,-13],[-2,-17],[-1,-13],[-3,-15],[-1,-7],[-2,-6],[-6,-15],[-10,-29],[-4,-15],[-2,-12],[-1,-6],[-2,-9],[-4,-14],[-3,-14],[-2,-16],[-1,-15],[-1,-9],[-5,-18],[-3,-15],[-5,-21],[-1,-10],[0,-6],[-2,-7],[-4,-10],[-4,-9],[-2,-18],[-3,-31],[1,-9],[2,-13],[1,-4],[0,-4],[-1,-15],[-1,-14],[0,-13],[0,-11],[-2,-21],[-3,-35],[0,-18],[1,-12],[4,-11],[3,-11],[3,-5],[4,-7],[6,-9],[5,-7],[5,-7],[5,-5],[7,-4],[7,-5],[3,-6],[2,-10],[2,-17],[1,-6],[0,-5],[-2,-8],[-4,-10],[-9,-19],[-8,-9],[-6,-5],[-8,-11],[-1,-3],[0,-2],[2,-4],[6,-12],[4,-7],[3,-9],[1,-10],[0,-4],[0,-6],[-2,-11],[-3,-16],[-5,-14],[-5,-10],[-10,-14],[-4,-4],[-5,-2],[-4,-2],[-3,-3],[-2,-4],[0,-6],[0,-7],[-1,-13],[-2,-6],[-2,-6],[-2,-10],[-1,-10],[-2,-7],[-1,-7],[0,-6],[2,-12],[1,-11],[0,-4],[-1,-9],[-4,-19],[-2,-10],[-4,-8],[-6,-10],[-7,-12],[-2,-10],[-1,-8],[-1,-6],[-1,-4],[-8,-18],[-7,-10],[-6,-11],[-5,-8],[-1,-8],[-2,-8],[-7,-18],[-3,-12],[-1,-4],[0,-5],[-1,-6],[-4,-14],[-4,-11],[0,-5],[-1,-5],[-1,-6],[-7,-20],[-3,-8],[-2,-8],[-5,-13],[-12,-26],[-8,-17],[-10,-21],[-6,-22],[-10,-21],[-12,-22],[-3,-7],[0,-6],[1,-3],[2,-3],[6,-5],[5,-4],[5,-2],[1,-3],[1,-4],[0,-3],[-1,-5],[-12,-35],[-4,-16],[-3,-13],[-2,-5],[-4,-11],[-3,-11],[-5,-13],[-1,-8],[-1,-6],[-1,-5],[-9,-18],[-1,-2],[0,-5],[-1,-5],[-4,-14],[-9,-27],[-1,-6],[0,-5],[-2,-6],[-4,-6],[-3,-10],[-1,-8],[-3,-22],[0,-5],[1,-12],[0,-19],[0,-15],[-1,-15],[-6,-18],[-3,-14],[-1,-12],[1,-15],[-1,-15],[-2,-14],[-6,-25],[-5,-19],[-4,-19],[-2,-17],[-2,-11],[1,-7],[-1,-14],[1,-10],[4,-7],[2,-3],[4,-2],[3,-4],[2,-6],[1,-7],[-1,-6],[-2,-8],[0,-7],[2,-6],[0,-8],[-1,-8],[-1,-6],[0,-5],[2,-6],[0,-7],[0,-9],[-2,-13],[0,-6],[0,-6],[1,-3],[2,-4],[0,-2],[0,-10],[-1,-7],[0,-9],[0,-10],[0,-12],[-2,-13],[-2,-13],[-4,-12],[-9,-23],[-7,-11],[-5,-8],[-3,-5],[-1,-4],[-1,-4],[-1,-3],[-1,-3],[0,-2],[1,-3],[3,-4],[7,-6],[3,-4],[2,-4],[0,-6],[-1,-8],[-2,-15],[-3,-10],[-4,-6],[-2,-3],[-1,-3],[0,-3],[2,-11],[1,-5],[0,-6],[-2,-4],[-3,-7],[-2,-5],[0,-3],[0,-2],[1,-2],[3,-4],[1,-2],[0,-3],[-1,-9],[0,-6],[0,-4],[-2,-6],[-3,-5],[-3,-5],[-3,-8],[0,-2],[1,-2],[1,-1],[2,0],[2,1],[2,1],[2,3],[3,1],[2,0],[4,-2],[2,-2],[3,-8],[2,-9],[0,-8],[0,-3],[-1,-2],[0,-2],[0,-12],[-2,-22],[-4,-19],[-3,-14],[-3,-15],[0,-6],[1,-5],[2,-6],[1,-9],[0,-7],[-2,-10],[-3,-9],[-4,-10],[-5,-11],[-9,-15],[-6,-10],[-8,-14],[-10,-26],[-4,-13],[-7,-18],[-9,-22],[-6,-16],[-8,-17],[-9,-19],[-9,-19],[-10,-18],[-11,-19],[-13,-23],[-15,-31],[-14,-22],[-12,-21],[-16,-25],[-14,-22],[-15,-22],[-18,-27],[-16,-21],[-20,-26],[-24,-31],[-16,-17],[-11,-11],[-14,-16],[-21,-22],[-10,-12],[-13,-14],[-14,-14],[-5,-7],[-6,-8],[-9,-9],[-19,-17],[-21,-18],[-25,-22],[-31,-26],[-19,-18],[-9,-10],[-16,-14],[-20,-17],[-24,-19],[-10,-6],[-6,-5],[-5,-5],[-10,-11],[-13,-15],[-14,-19],[-10,-12],[-10,-12],[-6,-7],[-4,-5],[-13,-11],[-31,-27],[-16,-15],[-11,-11],[-10,-9],[-10,-11],[-14,-14],[-11,-10],[-16,-12],[-26,-22],[-22,-19],[-21,-16],[-29,-21],[-22,-15],[-12,-8],[-4,-4],[-2,-3],[-1,-4],[-5,-4],[-9,-5],[-7,-4],[-3,0],[-8,-2],[-5,-2],[-2,-2],[-2,-3],[-2,-1],[-3,0],[-4,-1],[-5,-2],[-6,-2],[-6,-3],[-4,-4],[-3,-6],[-3,-8],[-1,-6],[-1,-2],[-2,0],[-2,0],[-2,0],[-3,0],[-2,-3],[-3,-3],[-2,-5],[-4,-9],[-5,-8],[-1,-2],[-1,-3],[-1,-3],[-2,-2],[-2,-1],[-2,-1],[-2,0],[-1,-1],[-1,-2],[-2,-3],[-3,-3],[-4,-1],[-6,0],[-4,1],[-3,1],[-3,1],[-4,1],[-3,-1],[-3,-1],[-2,1],[-2,-1],[-3,-1],[-1,-2],[0,-2],[-1,-3],[0,-1],[-2,-1],[-2,0],[-2,0],[-2,-1],[-2,-2],[-3,-2],[-1,-3],[-1,-3],[-1,-1],[-2,-1],[-3,1],[-5,1],[-3,-1],[-13,-6],[-11,-7],[-5,-3],[-4,-3],[-6,-3],[-2,-2],[-2,-2],[-1,-4],[-1,-5],[-2,-3],[-2,-2],[-2,-1],[-4,-2],[-6,-4],[-5,-6],[-3,-6],[-3,-6],[-2,-5],[-1,-4],[-1,-4],[-1,-3],[-2,-3],[-1,-1],[-3,-1],[-5,0],[-7,-3],[-13,-8],[-1,-1],[-1,-2],[-1,-2],[-2,-1],[-2,-1],[-2,-2],[-2,-4],[-2,-2],[-3,-1],[-2,-3],[-1,-2],[-2,-2],[-2,-1],[-3,-1],[-3,-2],[-3,-3],[-2,-3],[-1,-1],[-3,-1],[-3,-1],[-2,-1],[-3,1],[-2,1],[-4,-2],[-3,-3],[-2,-3],[-5,-4],[-5,-2],[-6,-4],[-2,-2],[-2,-4],[0,-8],[1,-16],[1,-9],[1,-5],[-1,-5],[-4,-10],[-7,-18],[-2,-8],[-1,-9],[-2,-11],[-4,-6],[-6,-8],[-5,-5],[-7,-11],[-7,-13],[-3,-7],[-3,-11],[-11,-17],[-8,-20],[-3,-14],[-4,-12],[-8,-22],[-3,-8],[-5,-7],[-14,-17],[-9,-8],[-4,-6],[-2,-9],[-2,-8],[-2,-4],[-6,-12],[-12,-20],[-7,-11],[-2,-7],[-1,-9],[-1,-4],[-8,-15],[-7,-15],[-5,-12],[-6,-11],[-6,-14],[-8,-11],[-7,-11],[-1,-3],[-1,-3],[-1,-9],[-5,-14],[-3,-12],[-2,-6],[-2,-4],[0,-5],[0,-4],[-3,-8],[-7,-14],[-7,-11],[-3,-7],[-1,-5],[0,-5],[-1,-4],[-3,-7],[-3,-8],[-2,-4],[-1,-4],[0,-3],[0,-3],[0,-1],[2,-1],[1,-2],[2,-2],[2,-1],[2,-3],[2,-3],[0,-4],[0,-8],[-2,-8],[-4,-10],[-7,-18],[-1,-6],[-1,-4],[0,-3],[-1,-5],[-1,-4],[1,-4],[2,-6],[3,-9],[1,-7],[0,-6],[-1,-9],[-1,-4],[-1,-3],[0,-2],[0,-3],[0,-3],[0,-8],[0,-4],[-2,-5],[-4,-11],[-4,-14],[-2,-6],[-3,-8],[-1,-3],[0,-3],[0,-7],[0,-3],[-1,-5],[-1,-3],[0,-2],[0,-1],[1,0],[1,-1],[1,-1],[2,-2],[2,-1],[2,-1],[2,-1],[2,-1],[2,-2],[1,-4],[2,-9],[1,-11],[-1,-9],[-1,-8],[-2,-9],[-2,-7],[0,-11],[0,-4],[0,-5],[1,-5],[4,-7],[2,-5],[4,-11],[2,-9],[2,-14],[1,-20],[1,-5],[0,-7],[-2,-7],[-3,-12],[-4,-12],[-2,-5],[-1,-5],[0,-7],[0,-4],[-2,-5],[-3,-10],[-2,-10],[-3,-10],[-6,-17],[-3,-14],[-1,-11],[-1,-10],[-5,-10],[-6,-15],[-9,-23],[-8,-17],[-8,-15],[-7,-13],[-7,-15],[-8,-19],[-7,-19],[-7,-19],[-11,-26],[-5,-10],[-7,-9],[-5,-10],[-4,-8],[-7,-12],[-4,-13],[-6,-14],[-4,-10],[-5,-13],[-6,-11],[-5,-7],[-5,-9],[-2,-5],[-1,-8],[-2,-5],[-3,-6],[-3,-7],[0,-5],[-1,-6],[-6,-15],[-3,-7],[-1,-2],[0,-3],[-2,-10],[-2,-4],[-1,-3],[0,-3],[0,-4],[-5,-13],[-4,-13],[-4,-8],[-6,-7],[-2,-5],[-1,-3],[0,-7],[1,-7],[0,-13],[-1,-10],[1,-5],[5,-10],[2,-6],[1,-9],[0,-7],[-2,-11],[-2,-16],[-3,-13],[0,-2],[2,-3],[4,-8],[5,-10],[4,-9],[2,-5],[2,-4],[2,-6],[0,-11],[2,-9],[2,-6],[1,-3],[1,-3],[1,-4],[0,-7],[-1,-8],[-1,-8],[-4,-20],[-4,-12],[-1,-9],[0,-8],[2,-9],[1,-6],[-1,-5],[-2,-12],[-2,-12],[1,-7],[2,-9],[1,-12],[1,-18],[0,-5],[0,-7],[0,-6],[2,-5],[1,-8],[0,-8],[-2,-11],[-2,-14],[0,-9],[0,-5],[-1,-4],[-3,-12],[-4,-11],[-6,-13],[-1,-6],[-1,-8],[-1,-5],[-2,-7],[-1,-4],[0,-7],[0,-7],[0,-6],[-3,-11],[-1,-6],[1,-6],[-1,-6],[-2,-11],[-1,-12],[-2,-12],[0,-12],[-2,-12],[-1,-5],[0,-5],[0,-6],[0,-4],[-1,-9],[-3,-7],[-1,-7],[0,-5],[1,-6],[0,-4],[-1,-22],[-2,-11],[-4,-16],[-8,-18],[-5,-8],[-8,-12],[-4,-13],[-2,-5],[0,-5],[0,-3],[0,-4],[-2,-3],[-5,-10],[-2,-6],[0,-6],[0,-6],[-1,-5],[-3,-17],[-5,-16],[-6,-12],[-4,-13],[-1,-5],[0,-7],[-1,-4],[-1,-4],[0,-3],[1,-3],[1,-6],[0,-15],[-1,-9],[-4,-24],[-3,-9],[-5,-12],[-1,-5],[0,-5],[1,-7],[2,-10],[1,-5],[-1,-3],[0,-4],[-2,-8],[-1,-6],[-1,-6],[-4,-10],[-3,-10],[-6,-17],[-5,-14],[-3,-5],[-3,-2],[-2,-1],[-1,-3],[1,-3],[1,-2],[2,-1],[4,0],[2,-2],[3,-4],[3,-6],[1,-5],[0,-6],[-1,-9],[-5,-18],[-4,-8],[-6,-9],[-10,-10],[-1,-3],[0,-3],[1,-3],[2,-3],[1,-3],[1,-2],[0,-3],[-2,-7],[-3,-8],[-5,-8],[-5,-8],[-9,-12],[-7,-7],[-9,-7],[-2,-2],[-2,0],[-1,1],[-4,3],[-2,0],[-1,0],[-2,-2],[-1,-1],[-2,0],[-8,9],[-4,2],[-3,1],[-1,-1],[-1,-1],[1,-1],[2,-1],[4,-2],[7,-8],[7,-8],[2,-4],[1,-7],[-1,-11],[-1,-8],[2,-10],[2,-18],[1,-12],[-2,-10],[-3,-10],[-5,-11],[-3,-6],[-7,-26],[0,-4],[0,-6],[1,-9],[-1,-11],[0,-10],[1,-8],[2,-6],[4,-7],[1,-4],[0,-9],[1,-3],[2,-4],[6,-8],[1,-3],[1,-5],[4,-24],[3,-14],[5,-13],[1,-4],[0,-4],[0,-3],[-4,-13],[-1,-6],[-1,-6],[0,-9],[2,-7],[2,-6],[1,-6],[-1,-5],[0,-11],[0,-22],[0,-16],[0,-11],[1,-6],[1,-6],[0,-6],[-1,-8],[-5,-15],[-8,-19],[-13,-25],[-7,-11],[-9,-18],[-7,-11],[-4,-8],[-3,-8],[-4,-10],[-5,-9],[-5,-8],[-3,-7],[-5,-10],[-4,-7],[-7,-7]],[[12546,41296],[1578,-768],[1627,-1273],[1631,-1052],[1349,-1481],[925,-1007],[1980,-2156],[1755,-3471]],[[23391,30088],[1281,3050],[831,1284],[639,1301],[971,373],[1218,-398],[1510,-296],[1598,-583],[1953,-482],[1291,12],[1221,386],[1009,903],[-22,977],[-1089,2232]],[[35802,38847],[-796,2094],[329,1624],[94,663],[485,1450],[625,1486],[919,2264],[333,1305],[262,1735],[336,1435],[148,1195],[165,1011],[-40,1980],[-18,2844],[314,2706],[1725,3796]],[[77465,50790],[447,1758],[108,442],[109,433],[120,441],[98,390],[266,440],[278,447],[272,447],[278,448],[277,440],[278,447],[277,447],[169,248],[353,277],[354,291],[354,291],[354,291],[353,291],[354,291],[338,265]],[[82902,59615],[-395,995],[-685,862],[-1815,657],[-1575,1108],[-1540,2051],[-376,1084],[-583,1335],[-1232,2622],[-788,1514],[0,1433],[479,1268],[-274,1349],[-787,777],[-621,137]],[[47968,65169],[267,-1229],[444,-943],[1423,-726],[1136,-97],[962,85]],[[52200,62259],[1555,781],[856,-108],[2199,-596],[2409,-1042],[1445,-756],[4472,-2455],[4224,-2520],[4062,-2457],[4043,-2316]],[[35802,38847],[1400,35],[1014,-61],[1273,-114],[1503,-333],[1241,-357],[1720,-723],[1638,-325],[1631,-621],[1617,-638],[1427,-385],[1191,-451],[962,-342],[548,-160],[604,-267],[135,-94],[769,-703],[254,-410],[6,-8],[74,-36]],[[54809,32854],[2940,2415],[1566,1738]],[[59315,37007],[1537,1705],[755,2378],[168,2629],[-462,2173],[-1090,1767],[-1743,2472],[-294,494],[-227,527],[-296,495],[-398,517],[-806,1011],[-690,981],[-421,552],[-521,542],[-169,154],[-269,437],[-225,378],[-122,501],[-282,1470],[-108,395],[-144,397],[-278,404],[-349,387],[-244,375],[-133,453],[-118,686],[-186,972]],[[46606,14533],[-327,0],[-359,0],[-359,-15],[-96,0],[-80,0],[-183,0],[-359,0],[-354,0],[-359,-14],[-359,0],[-365,0],[-2971,-10],[-1110,-4],[-359,0],[-359,0],[-16,0],[-344,0],[-306,0],[-47,0],[-1442,14],[-360,0],[-68,0],[-291,0],[-359,0],[-359,-7],[-359,0],[-361,6],[-352,8],[-359,0],[-365,0],[-359,0],[-359,0],[-359,0],[-359,0],[-359,14],[-360,0],[-359,-7],[-359,0],[-359,0],[-359,0],[-359,0],[-359,15],[-360,0],[-359,-8],[-359,0],[-365,0],[-296,0]],[[27171,14525],[-138,635],[-33,2996],[-51,469],[-81,947],[-259,1007],[-619,1452],[-111,897],[-360,958],[-272,880],[-420,815],[-219,1132],[-248,1055],[-599,1429],[-370,891]],[[54809,32854],[-708,-575],[-1845,-2485],[-2433,-6246],[-1611,-4483],[-801,-2269],[-805,-2263]],[[2834,13150],[-29,8],[-4,-1],[-4,-1],[-9,-3],[-4,0],[-2,0],[-1,-1],[-3,0],[-6,0],[-5,-1],[-6,0],[-3,1],[-1,0],[-6,1],[-5,3],[-2,1],[-6,1],[-3,0],[-5,2],[-7,2],[-1,0],[-3,-1],[-5,0],[-3,-1],[-2,1],[-4,-1],[-4,2],[-6,0],[-5,-1],[-4,3],[-7,1],[-7,3],[-4,2],[-4,4],[-7,4],[-8,4],[-13,2],[-4,3],[-2,2],[-6,0],[-4,1],[-10,3],[-7,3],[-11,2],[-42,1],[-6,-1],[-3,2],[-17,10],[-14,8],[-5,6],[-3,5],[-3,3],[-3,3],[-5,4],[-9,7],[-13,12],[-10,12],[-3,-9],[-6,-2],[-5,2],[-27,10],[-6,-3],[-14,4],[-27,2],[-32,2],[-5,-4],[-14,-19],[-8,-17],[-8,-9],[-5,1],[-11,7],[-37,24],[-19,3],[-9,-5],[-6,0],[-11,10],[-17,12],[-16,12],[-16,11],[-9,5],[-13,5],[-24,11],[-11,5],[-8,4],[-6,-1],[-25,16],[-12,10],[-15,6],[-41,17],[-18,12],[-23,-8],[-14,-3],[-12,-1],[-18,-8],[-5,-2],[-6,-2],[-2,-4],[-12,-4],[-16,-5],[-3,1],[-5,1],[-7,2],[-2,-1],[-6,1],[-2,0],[-4,-3],[-2,0],[-3,-2],[-4,-3],[-4,-1],[-3,-1],[-1,-1],[-11,-2],[-14,-5],[-18,3],[1,4],[-12,7],[-12,7],[-20,10],[-21,6],[-45,8],[-22,7],[-14,4],[-32,4],[-4,-3],[-1,-2],[-2,0],[-25,-3],[-1,-1],[-20,-1],[-11,12],[-6,9],[-14,8],[-4,0],[-7,8],[-1,1],[-2,2],[-2,-2],[-2,-7],[-5,3],[-4,0],[-5,-1],[-2,1],[-4,0]],[[1479,13425],[-5,3],[-2,0],[-2,0],[-2,0],[-1,-1],[-1,1],[-1,1],[0,1],[0,1],[1,1],[2,1],[1,0],[1,1],[3,3],[3,5],[2,5],[1,7],[1,5],[1,5],[1,7],[1,7],[-3,5],[-6,8],[-5,6],[-2,2],[-1,2],[-1,2],[-1,4],[-3,5],[-3,2],[-3,2],[-1,1],[-2,2],[0,2],[-1,5],[0,6],[-3,3],[-1,1],[0,2],[0,2],[1,3],[0,1],[2,1],[1,2],[2,4],[1,1],[0,3],[0,4],[0,4],[0,3],[0,2],[1,1],[1,1],[1,3],[1,1],[-1,1],[-1,3],[-1,2],[0,1],[0,1],[1,1],[0,2],[1,1],[-1,3],[-5,11],[-2,6],[-2,6],[0,1],[1,1],[2,2],[1,1],[1,0],[2,1],[1,0],[1,1],[0,2],[-1,1],[-1,2],[-3,4],[-3,7],[-1,6],[-1,3],[1,1],[0,1],[2,0],[2,-1],[2,0],[1,0],[1,1],[3,1],[2,1],[2,3],[1,4],[2,9],[1,4],[-1,1],[-1,1],[-5,1],[-4,2],[-3,1],[-1,2],[-3,7],[-2,4],[-1,3],[1,1],[0,1],[1,0],[2,0],[4,-3],[2,1],[2,0],[4,15],[3,11],[3,11],[2,9],[1,9],[0,1],[-1,1],[-1,1],[-2,0],[0,1],[-1,4],[-1,3],[-1,6],[-1,2],[-1,1],[0,1],[1,0],[1,2],[3,3],[2,2],[0,1],[0,1],[0,1],[-3,3],[-2,2],[-3,0],[-1,0],[-1,1],[-1,1],[-3,1],[-2,1],[-1,0],[-1,1],[0,1],[0,1],[1,0],[1,1],[4,3],[3,2],[2,3],[0,5],[-1,4],[-1,2],[-1,1],[0,2],[0,6],[0,2],[1,1],[2,0],[2,1],[0,2],[0,3],[-1,1],[-1,1],[-2,-1],[-2,0],[-1,0],[0,2],[-1,6],[1,3],[1,3],[1,3],[0,2],[1,3],[1,3],[0,4],[0,4],[-1,3],[-1,2],[-2,1],[-2,1],[-3,2],[-2,3],[0,1],[0,2],[1,2],[0,3],[0,1],[1,2],[1,2],[-2,7],[1,2],[0,1],[1,4],[0,3],[-3,5],[-6,5],[0,2],[1,1],[1,0],[4,0],[2,2],[1,3],[2,5],[2,6],[1,5],[-1,5],[-1,4],[-1,4],[0,2],[-2,6],[0,7],[-1,4],[0,1],[1,1],[3,1],[1,1],[0,2],[1,3],[0,4],[0,4],[-1,0],[-1,0],[-2,-1],[-2,0],[-2,1],[-1,1],[-1,1],[0,2],[1,1],[1,0],[3,1],[1,2],[1,5],[1,6],[0,9],[0,2],[-3,3],[-4,0],[-4,-1],[-3,0],[-2,-2],[-2,-1],[-1,1],[-2,2],[0,2],[1,1],[2,0],[3,-1],[2,2],[2,4],[1,4],[1,5],[0,3],[1,2],[1,2],[0,2],[-2,3],[-1,1],[-1,0],[-3,0],[-1,1],[-1,0],[-1,0],[-2,-1],[-1,1],[-1,0],[-5,3],[-4,3],[-2,2],[-1,2],[0,2],[1,1],[1,0],[2,-3],[2,0],[1,1],[0,1],[-1,2],[-3,2],[-2,2],[-2,2],[-1,1],[-1,0],[-1,1],[-1,0],[-1,2],[-1,3],[-1,3],[0,2],[0,1],[1,0],[1,-1],[1,0],[2,1],[2,2],[2,5],[0,4],[0,4],[0,2],[-1,1],[0,1],[1,0],[0,1],[4,10],[1,6],[2,7],[0,7],[1,4],[-1,2],[0,1],[1,1],[1,1],[1,2],[1,0],[0,1],[0,4],[0,1],[0,2],[-1,1],[-1,0],[-1,0],[-3,-1],[-3,0],[-2,0],[-1,1],[1,1],[1,0],[1,0],[1,0],[1,0],[1,0],[1,0],[1,0],[2,2],[1,2],[0,1],[1,2],[0,3],[0,15],[0,10],[0,7],[2,4],[1,4],[0,2],[-1,2],[0,1],[-1,1],[-1,0],[-2,1],[-3,9],[-3,7],[0,1],[0,1],[1,1],[1,0],[1,1],[1,2],[-1,2],[-1,2],[0,4],[2,24],[1,2],[1,1],[1,1],[1,2],[0,1],[1,1],[0,4],[-1,3],[-2,2],[-2,1],[-1,1],[0,1],[1,0],[3,2],[2,2],[2,1],[0,1],[0,2],[-2,1],[-1,1],[0,1],[1,1],[2,-1],[2,0],[1,1],[0,1],[1,2],[0,3],[1,6],[0,1],[0,2],[0,1],[1,1],[1,1],[0,3],[-1,4],[-3,5],[-1,3],[0,3],[-1,3],[0,1],[0,2],[1,0],[1,1],[1,1],[2,8],[1,4],[2,5],[2,5],[2,6],[1,2],[1,2],[0,3],[-1,1],[0,1],[1,2],[1,2],[0,3],[-1,1],[0,1],[0,2],[0,1],[0,2],[-1,2],[-1,2],[0,1],[1,1],[2,-1],[1,0],[2,1],[1,1],[1,2],[1,2],[-1,2],[-1,3],[-1,2],[-1,1],[-1,1],[0,2],[-1,1],[-4,1],[0,1],[0,1],[2,1],[2,-1],[2,-1],[1,0],[0,-1],[1,0],[0,1],[1,0],[0,1],[0,1],[0,1],[0,1],[1,1],[2,1],[2,2],[1,3],[1,2],[-1,4],[-1,2],[-2,3],[-1,1],[0,1],[0,1],[2,1],[2,0],[2,2],[1,2],[-1,4],[-2,9],[-1,4],[-2,2],[-2,1],[-1,1],[0,1],[0,2],[1,5],[0,1],[0,1],[-1,0],[1,1],[2,0],[1,1],[1,1],[1,3],[0,1],[0,2],[1,3],[0,6],[-1,6],[-1,4],[-1,4],[-1,2],[0,6],[-1,3],[-1,2],[0,2],[-2,0],[-2,0],[-1,0],[-1,2],[-1,1],[0,1],[1,1],[1,1],[-1,1],[-1,2],[-1,1],[0,1],[1,0],[2,0],[0,-1],[1,0],[1,1],[1,0],[1,0],[2,1],[1,2],[1,1],[0,3],[0,4],[1,7],[1,7],[2,11],[1,1],[1,2],[1,3],[0,4],[-1,3],[0,4],[0,2],[1,1],[3,1],[2,1],[2,1],[2,6],[0,3],[0,3],[0,1],[0,3],[0,1],[-1,1],[0,1],[1,2],[1,3],[0,2],[0,2],[1,1],[1,1],[2,1],[1,1],[2,1],[2,0],[3,4],[1,3],[1,4],[0,3],[1,7],[0,3],[-1,2],[0,1],[0,1],[1,0],[2,0],[1,2],[1,1],[0,2],[-1,2],[0,2],[1,7],[0,5],[-1,2],[1,2],[1,1],[1,2],[0,3],[-1,4],[0,3],[1,1],[1,1],[3,3],[4,2],[2,2],[2,4],[1,6],[4,9],[2,6],[-1,5],[0,3],[-1,2],[-2,1],[-3,1],[-2,1],[0,1],[-1,2],[1,6],[0,4],[-2,5],[0,3],[1,1],[1,1],[2,1],[1,0],[1,2],[0,2],[0,2],[-2,2],[-2,2],[-1,2],[0,5],[0,3],[0,1],[-1,3],[-1,3],[-1,2],[0,1],[1,1],[0,1],[1,0],[0,1],[0,1],[1,0],[1,-1],[1,0],[3,0],[3,3],[2,2],[2,6],[1,8],[-1,4],[-2,1],[-3,1],[-1,0],[-1,1],[0,2],[-1,3],[1,1],[1,0],[1,1],[1,0],[1,3],[0,1],[-1,1],[-1,2],[-2,1],[-5,5],[-2,4],[1,3],[1,2],[1,0],[2,-1],[2,0],[2,1],[3,2],[0,4],[2,10],[2,18],[1,8],[2,3],[1,3],[1,1],[-1,2],[-1,1],[-2,1],[-1,1],[0,1],[3,0],[2,1],[1,2],[1,2],[0,2],[1,2],[2,1],[2,3],[3,7],[1,8],[0,4],[-1,4],[-1,5],[0,9],[0,6],[0,3],[-1,4],[-1,3],[-2,1],[-1,0],[-1,0],[0,1],[0,1],[0,2],[1,3],[0,4],[-1,5],[0,4],[0,2],[0,2],[0,3],[0,3],[-2,5],[-2,6],[0,1],[0,1],[0,1],[2,0],[1,2],[2,4],[2,7],[0,4],[-1,3],[-1,1],[0,1],[1,1],[1,0],[1,2],[1,3],[1,4],[0,2],[-1,2],[-1,0],[-1,0],[-2,-1],[-1,0],[0,1],[1,1],[1,2],[-1,2],[-1,2],[-2,3],[-1,3],[-1,2],[0,4],[-1,2],[0,5],[1,3],[4,7],[5,8],[3,7],[5,9],[0,3],[1,3],[0,4],[2,3],[2,4],[1,2],[0,1],[0,2],[-1,3],[0,1],[1,2],[1,2],[1,0],[1,1],[1,1],[0,5],[1,3],[1,1],[2,2],[3,6],[2,5],[1,7],[1,6],[0,10],[-1,5],[0,2],[-2,2],[-3,2],[-3,3],[-2,2],[-1,2],[-1,2],[-1,1],[-1,1],[1,0],[1,0],[1,0],[2,0],[1,-1],[1,1],[3,5],[1,3],[2,3],[8,15],[3,6],[3,4],[3,6],[3,6],[3,12],[2,6],[0,2],[-1,1],[0,4],[1,3],[2,3],[0,1],[2,1],[1,2],[3,6],[1,3],[0,2],[-1,1],[0,1],[1,2],[0,1],[-1,6],[0,2],[-2,2],[-1,1],[0,1],[1,0],[1,0],[2,1],[1,1],[0,2],[0,2],[0,1],[0,1],[0,1],[6,14],[3,12],[2,2],[0,1],[1,0],[1,0],[1,0],[1,2],[1,5],[0,4],[-1,6],[-1,5],[0,2],[0,1],[1,1],[1,1],[3,3],[3,4],[0,1],[0,1],[0,1],[1,0],[1,1],[0,1],[0,1],[0,1],[0,1],[1,2],[0,2],[0,1],[0,1],[-2,1],[-1,2],[0,1],[1,0],[1,0],[3,2],[4,4],[1,1],[0,2],[0,1],[0,1],[1,1],[1,1],[1,3],[0,3],[0,1],[1,2],[1,1],[1,3],[-1,2],[0,1],[0,2],[1,1],[2,3],[3,4],[-1,1],[0,1],[1,-1],[1,0],[0,1],[0,2],[0,1],[-1,2],[-1,1],[0,1],[0,1],[0,2],[2,4],[0,3],[0,2],[0,3],[-1,3],[1,2],[0,2],[1,0],[4,1],[3,2],[5,8],[5,7],[0,4],[0,6],[-2,7],[0,4],[0,3],[2,3],[0,3],[-1,3],[-1,1],[1,2],[2,1],[1,1],[0,1],[2,0],[2,0],[1,1],[1,2],[0,3],[-2,4],[-1,5],[0,3],[0,2],[3,5],[2,3],[0,2],[0,3],[0,1],[0,1],[0,1],[1,0],[0,-1],[1,-1],[0,1],[0,2],[1,1],[1,0],[2,2],[0,1],[-1,2],[-1,1],[0,1],[0,1],[1,0],[1,0],[0,-1],[2,1],[1,0],[1,4],[0,2],[0,1],[-1,1],[1,1],[1,0],[1,0],[1,0],[-1,2],[0,2],[0,3],[-1,5],[1,6],[3,9],[2,14],[3,15],[1,6],[1,2],[6,7],[1,3],[1,8],[0,3],[1,3],[1,2],[0,2],[-2,5],[0,4],[1,2],[3,3],[3,0],[2,1],[1,2],[0,5],[0,1],[1,1],[2,0],[0,1],[0,2],[0,2],[2,2],[1,1],[2,1],[1,2],[1,2],[1,2],[1,1],[1,3],[1,4],[-1,4],[1,3],[0,2],[1,1],[2,1],[3,10],[0,2],[-1,3],[0,1],[0,1],[1,0],[2,0],[1,1],[4,9],[1,5],[1,8],[-1,5],[0,2],[-1,3],[0,1],[0,1],[1,1],[1,-1],[1,0],[1,1],[2,9],[0,7],[1,7],[3,3],[1,2],[0,5],[1,2],[2,1],[2,1],[1,2],[0,4],[-1,13],[1,6],[4,9],[3,8],[1,7],[0,7],[0,6],[-1,5],[-1,15],[0,14],[0,5],[-1,3],[-2,2],[-2,2],[-1,3],[0,2],[1,2],[2,-1],[1,1],[1,1],[3,9],[7,21],[2,5],[1,2],[0,1],[0,2],[-1,2],[0,1],[2,0],[1,0],[1,1],[0,2],[0,1],[-1,1],[-2,3],[0,2],[0,1],[4,7],[2,4],[2,5],[2,4],[0,3],[-2,3],[0,1],[-1,2],[1,1],[1,0],[2,0],[1,0],[0,1],[2,15],[0,2],[-1,3],[-1,2],[0,1],[1,1],[1,1],[2,-1],[1,1],[1,1],[2,2],[1,2],[-1,1],[-1,1],[0,1],[0,1],[1,0],[1,0],[1,0],[1,2],[1,2],[0,3],[0,1],[-2,1],[-4,1],[-2,1],[-1,2],[-2,5],[1,2],[0,1],[2,1],[2,2],[1,3],[-1,4],[-2,4],[-1,1],[0,2],[1,1],[2,1],[1,1],[2,2],[3,13],[-2,3],[0,3],[-1,2],[-1,0],[0,2],[0,1],[1,0],[0,1],[0,2],[-1,1],[1,1],[1,1],[1,2],[1,4],[1,4],[1,3],[0,12],[-2,6],[-1,2],[-2,2],[-2,0],[-1,0],[-1,1],[0,1],[1,0],[1,1],[2,0],[0,1],[1,1],[0,3],[0,1],[0,1],[0,2],[1,2],[1,2],[0,2],[-1,1],[-1,1],[-1,0],[-2,-2],[-2,-3],[-1,-2],[-1,-1],[-2,-1],[-2,1],[-1,1],[0,2],[1,2],[1,0],[1,1],[1,0],[4,3],[2,3],[1,2],[0,3],[0,6],[0,5],[3,15],[2,5],[2,5],[0,3],[-1,2],[0,2],[0,2],[1,2],[2,3],[1,4],[0,2],[-1,2],[-1,2],[-3,2],[-2,1],[-1,1],[0,1],[0,1],[2,0],[1,-1],[1,0],[2,1],[1,2],[0,1],[0,2],[-1,2],[-2,1],[0,1],[1,0],[1,0],[1,1],[1,2],[1,5],[1,8],[0,6],[-1,6],[1,3],[1,1],[1,3],[-1,2],[-1,3],[-1,5],[-2,8],[-1,11],[-2,12],[-1,7],[1,6],[1,5],[2,7],[1,5],[1,6],[1,6],[1,5],[2,13],[1,2],[0,2],[0,3],[-1,4],[-1,5],[0,3],[1,1],[1,2],[0,3],[-1,2],[-3,1],[-2,1],[0,2],[0,6],[3,8],[1,7],[-2,3],[-3,3],[-1,1],[1,2],[1,1],[2,0],[2,-1],[2,0],[0,3],[0,2],[-3,2],[-4,2],[-2,2],[-1,3],[0,3],[-1,7],[1,3],[-1,2],[-1,1],[-2,0],[-1,0],[-1,1],[0,1],[1,1],[0,2],[0,2],[-1,5],[-2,4],[0,3],[0,2],[1,2],[1,2],[0,1],[0,3],[0,3],[-1,2],[-2,1],[0,1],[0,1],[1,1],[1,0],[1,1],[0,2],[-2,2],[-2,2],[0,2],[0,1],[3,2],[1,1],[-1,2],[-1,5],[-2,2],[-2,1],[-2,0],[-2,2],[-1,3],[2,6],[1,4],[1,8],[0,4],[0,9],[0,5],[-2,10],[0,8],[1,6],[-1,5],[-1,3],[-2,1],[-2,1],[0,1],[0,1],[1,1],[1,0],[2,-2],[2,0],[2,1],[3,5],[3,7],[0,5],[-1,5],[0,3],[0,1],[0,3],[-1,1],[-1,3],[0,2],[1,1],[1,4],[0,2],[-2,2],[0,1],[-1,2],[1,0],[2,1],[3,0],[1,2],[1,3],[0,1],[-1,3],[0,1],[-1,2],[1,0],[0,1],[2,-1],[0,1],[1,1],[0,3],[0,2],[-2,1],[-2,4],[0,3],[0,5],[2,4],[2,9],[1,5],[0,3],[1,2],[1,1],[1,3],[0,3],[0,3],[0,5],[0,3],[0,2],[2,1],[3,3],[2,9],[0,2],[-1,3],[0,1],[0,2],[2,0],[0,1],[0,2],[-1,2],[-1,1],[0,1],[0,1],[1,0],[1,0],[1,0],[2,1],[1,0],[0,2],[0,6],[0,2],[1,2],[2,2],[1,2],[1,2],[-1,3],[-2,1],[-1,1],[0,2],[1,0],[1,-1],[1,0],[1,1],[1,1],[-1,1],[-1,2],[-1,1],[0,1],[-1,3],[1,1],[1,0],[1,1],[1,1],[2,12],[0,2],[-2,2],[0,2],[1,1],[1,1],[1,2],[0,3],[0,4],[-1,3],[-1,2],[-2,1],[0,2],[0,1],[1,1],[1,1],[2,1],[1,4],[0,4],[0,3],[-2,2],[-1,1],[-2,1],[-1,1],[0,2],[1,0],[2,0],[1,0],[2,1],[1,1],[0,4],[-2,5],[0,2],[0,2],[1,2],[1,2],[0,2],[-1,6],[0,3],[1,3],[2,4],[0,2],[-1,1],[-1,3],[-2,1],[0,1],[1,2],[0,1],[-1,6],[0,2],[1,2],[1,1],[2,1],[2,1],[2,3],[1,3],[0,4],[0,5],[0,1],[-1,1],[-1,1],[-3,1],[-1,0],[0,1],[0,1],[1,0],[2,-1],[1,0],[2,2],[1,1],[-1,2],[0,1],[1,2],[1,1],[0,1],[1,2],[0,3],[-1,1],[-2,1],[-1,1],[-1,1],[0,1],[1,1],[2,1],[1,2],[1,8],[0,6],[0,3],[0,2],[0,1],[1,1],[1,0],[1,1],[0,2],[-1,11],[-1,7],[-1,2],[-3,2],[-2,1],[0,1],[1,0],[1,0],[1,1],[-1,1],[0,1],[0,1],[1,0],[1,0],[1,-1],[1,1],[0,2],[0,4],[0,3],[-1,3],[-3,3],[-2,4],[0,3],[1,2],[3,4],[2,3],[0,3],[-1,3],[-1,2],[1,3],[1,3],[-2,6],[0,6],[0,3],[1,2],[2,2],[0,2],[-1,2],[-1,2],[-2,1],[0,1],[0,1],[1,1],[1,-1],[1,0],[1,1],[2,3],[2,6],[2,4],[1,5],[2,5],[1,6],[1,7],[1,11],[1,10],[2,7],[2,9],[1,6],[1,6],[-1,6],[-1,5],[-1,3],[-1,2],[-1,1],[-3,2],[-2,2],[0,2],[1,4],[2,1],[3,1],[2,1],[1,2],[-1,6],[-1,7],[-1,3],[0,2],[0,1],[2,1],[3,1],[1,2],[7,14],[6,12],[2,9],[1,8],[1,8],[5,16],[5,14],[3,5],[3,5],[2,7],[2,12],[5,14],[7,16],[5,9],[1,6],[2,10],[2,10],[3,8],[4,16],[1,10],[0,7],[1,12],[0,4],[5,9],[3,4],[3,3],[2,4],[0,3],[1,19],[1,4],[1,2],[2,1],[4,1],[3,4],[2,5],[1,7],[1,6],[0,4],[4,8],[3,8],[2,5],[5,16],[4,18],[1,10],[0,9],[1,6],[2,3],[2,3],[3,4],[3,9],[4,16],[3,15],[1,8],[1,4],[-1,3],[-1,4],[-1,5],[-3,5],[-1,3],[0,2],[2,2],[0,3],[-1,4],[-4,9],[0,7],[2,5],[2,3],[2,3],[2,5],[1,13],[1,9],[0,3],[0,1],[1,2],[1,2],[1,2],[-1,4],[0,5],[1,6],[4,3],[3,7],[4,7],[0,7],[2,6],[2,9],[1,8],[-2,8],[0,2],[1,1],[1,0],[2,-3],[1,0],[1,0],[0,2],[-3,6],[-3,4],[0,2],[1,1],[2,1],[2,0],[1,1],[1,3],[-1,3],[-2,1],[-1,2],[-1,2],[1,1],[2,0],[1,1],[1,2],[-1,3],[0,3],[1,2],[1,1],[2,1],[1,1],[0,2],[0,3],[-3,2],[-1,2],[0,2],[2,0],[2,-1],[1,1],[1,1],[-1,5],[-1,4],[0,2],[2,1],[2,1],[2,1],[0,3],[1,2],[1,1],[2,1],[1,1],[1,2],[-1,3],[-1,1],[1,2],[0,2],[0,3],[-1,2],[0,2],[1,2],[3,4],[0,1],[0,2],[0,1],[-3,2],[-1,2],[-1,2],[1,2],[1,1],[2,3],[2,4],[2,4],[1,1],[0,1],[-1,2],[0,1],[0,1],[2,1],[1,0],[1,0],[1,0],[5,12],[5,15],[1,5],[0,2],[1,2],[1,2],[2,10],[1,6],[0,5],[0,2],[1,2],[1,2],[1,2],[1,3],[-1,6],[0,4],[1,4],[1,3],[1,4],[1,4],[4,5],[1,4],[0,5],[1,2],[1,3],[1,2],[0,2],[-1,2],[-1,8],[-1,5],[0,4],[0,3],[2,4],[1,3],[-1,4],[-2,5],[-1,5],[0,5],[0,3],[-1,3],[1,5],[3,6],[3,4],[3,3],[4,4],[3,6],[8,23],[2,12],[0,9],[-2,3],[0,2],[0,1],[-1,1],[-1,2],[0,2],[2,1],[-1,2],[0,1],[0,2],[1,0],[4,1],[4,2],[8,19],[9,23],[5,20],[4,20],[6,17],[6,22],[3,16],[0,9],[0,6],[-1,5],[-2,4],[0,4],[0,3],[2,3],[1,4],[4,18],[2,11],[1,7],[1,4],[1,6],[1,19],[1,6],[3,9],[1,4],[1,3],[2,1],[1,2],[1,2],[2,3],[1,4],[0,1],[-1,1],[-1,1],[0,1],[0,1],[1,4],[0,2],[0,1],[1,1],[1,2],[2,2],[0,2],[0,1],[0,1],[0,1],[0,1],[1,0],[4,1],[1,2],[1,1],[1,6],[0,3],[1,4],[3,6],[1,3],[0,5],[1,6],[2,5],[4,10],[1,8],[1,6],[1,10],[-1,7],[-1,7],[1,7],[1,5],[0,2],[0,2],[-1,0],[-5,3],[-1,0],[-1,1],[0,1],[0,2],[1,3],[1,3],[0,3],[-2,2],[-1,3],[0,3],[0,2],[4,6],[1,2],[0,2],[0,1],[0,1],[1,0],[2,4],[1,2],[0,2],[-2,3],[0,3],[0,3],[1,4],[1,7],[-1,2],[-1,2],[-2,1],[-1,0],[0,1],[1,0],[1,-1],[2,-1],[1,0],[2,1],[1,1],[1,2],[0,3],[0,12],[0,4],[-2,2],[-2,0],[-3,1],[-3,1],[-3,2],[-2,5],[-1,4],[-2,7],[-1,4],[0,1],[1,1],[3,2],[2,2],[3,5],[0,1],[0,2],[-3,2],[0,1],[0,1],[1,0],[1,0],[1,0],[1,1],[2,2],[0,4],[-1,3],[-2,3],[-3,4],[-2,3],[-3,1],[-1,0],[0,2],[0,2],[2,1],[3,2],[3,4],[2,2],[1,3],[0,5],[-2,3],[-1,3],[1,2],[2,2],[1,1],[1,1],[-1,2],[0,2],[1,2],[1,2],[0,3],[0,10],[2,11],[2,8],[3,14],[3,21],[2,9],[-1,5],[-4,13],[-2,8],[-1,6],[0,5],[2,9],[4,16],[1,13],[0,11],[0,8],[-2,6],[-3,4],[-4,5],[-2,3],[0,3],[0,5],[0,4],[-3,3],[-2,3],[-1,3],[-2,4],[-1,2],[1,1],[1,1],[3,-1],[2,-1],[2,1],[2,1],[2,4],[0,12],[0,22],[-3,13],[-2,7],[0,7],[0,7],[0,9],[1,8],[1,8],[0,5],[-2,3],[-2,2],[-1,2],[1,1],[1,1],[3,2],[2,1],[1,3],[1,6],[0,3],[0,4],[1,4],[-1,2],[0,1],[0,1],[1,1],[0,2],[0,1],[-1,1],[0,1],[0,2],[0,1],[-1,2],[-1,0],[-2,-1],[-1,1],[-1,1],[1,1],[1,0],[1,0],[2,2],[1,3],[1,3],[1,9],[1,12],[0,5],[0,8],[-1,7],[-1,3],[-1,3],[-1,3],[2,9],[0,5],[-1,3],[-1,3],[-1,3],[1,4],[1,2],[2,1],[3,0],[3,0],[4,3],[3,5],[6,21],[1,11],[0,9],[-2,11],[1,5],[1,6],[2,7],[1,5],[1,4],[0,3],[-1,1],[-2,2],[-1,1],[1,2],[1,2],[1,1],[0,2],[-1,2],[0,2],[0,2],[2,1],[1,1],[0,2],[-2,2],[-1,3],[-1,3],[0,6],[2,6],[1,7],[1,3],[0,2],[-1,0],[0,1],[1,0],[1,0],[1,1],[1,1],[2,3],[1,5],[0,2],[-1,1],[-2,2],[0,1],[0,1],[1,0],[1,0],[1,1],[0,1],[4,13],[0,2],[0,2],[-1,2],[-2,3],[0,3],[3,9],[4,11],[2,5],[3,4],[1,2],[2,1],[1,0],[1,2],[0,1],[1,0],[1,3],[2,6],[2,6],[2,5],[2,2],[3,2],[2,4],[12,26],[13,31],[11,28],[1,7],[0,7],[0,5],[-2,3],[-4,4],[-3,2],[-1,2],[0,3],[3,7],[1,8],[0,1],[1,2],[3,1],[4,6],[2,7],[4,15],[-1,6],[0,3],[-1,3],[-2,3],[-2,1],[0,1],[1,1],[1,2],[0,8],[0,6],[1,8],[2,6],[1,8],[1,6],[0,3],[-2,2],[-4,1],[-3,0],[-2,0],[-1,1],[0,2],[1,3],[2,2],[1,0],[4,-3],[3,0],[2,0],[1,1],[1,4],[0,4],[-2,2],[-4,1],[-3,1],[-1,0],[-1,3],[-1,4],[-2,2],[-2,1],[-1,2],[-1,1],[1,3],[0,3],[0,2],[2,2],[2,1],[2,3],[0,3],[0,3],[1,3],[6,9],[3,4],[0,3],[0,3],[2,3],[2,3],[1,3],[0,2],[3,2],[1,3],[5,12],[6,17],[4,11],[0,3],[0,1],[0,2],[1,0],[1,1],[1,2],[-1,4],[-1,5],[-2,3],[-2,2],[-2,1],[-1,0],[-1,1],[-2,1],[0,4],[0,4],[0,2],[1,2],[1,0],[1,0],[2,-1],[1,0],[1,0],[2,3],[1,7],[-1,4],[0,2],[-2,1],[-1,0],[-2,0],[0,1],[0,2],[1,1],[1,0],[1,-1],[2,0],[2,1],[2,7],[2,5],[-1,3],[0,1],[1,1],[0,1],[1,0],[1,-1],[3,0],[2,2],[3,4],[4,10],[10,27],[3,13],[4,18],[4,16],[4,11],[6,15],[1,6],[1,9],[2,7],[2,6],[4,9],[5,22],[1,6],[-2,6],[-1,5],[-2,6],[-3,14],[-2,16],[-1,7],[-1,8],[0,5],[1,7],[2,11],[2,10],[1,9],[1,5],[-1,4],[-1,3],[0,2],[1,3],[0,1],[0,4],[-1,2],[0,1],[0,2],[1,1],[0,1],[-1,2],[0,2],[0,10],[0,7],[0,6],[0,4],[0,4],[1,3],[1,2],[1,4],[1,3],[0,5],[-1,3],[0,4],[1,5],[1,5],[3,6],[1,6],[1,5],[0,3],[-1,6],[1,6],[4,5],[2,6],[0,3],[0,4],[0,2],[2,4],[0,3],[-2,7],[-1,5],[-1,3],[0,3],[1,5],[1,4],[1,2],[0,3],[0,2],[1,2],[1,2],[0,2],[0,2],[0,2],[1,3],[0,2],[-1,2],[0,1],[0,2],[1,2],[2,3],[2,12],[0,10],[0,5],[0,3],[-2,9],[0,3],[0,1],[1,1],[2,1],[1,1],[-1,2],[-1,2],[-2,1],[-3,3],[-2,3],[-1,1],[0,2],[0,1],[1,1],[1,0],[1,1],[0,2],[0,10],[3,13],[1,15],[1,9],[2,9],[5,11],[6,18],[2,11],[1,16],[0,17],[-1,1],[1,2],[0,4],[-1,2],[1,3],[-1,2],[1,0],[-1,4],[1,0],[0,4],[-1,4],[0,5],[2,2],[0,2],[-1,5],[0,2],[-1,5],[-1,6],[-1,10],[-1,9],[2,10],[4,19],[5,33],[1,12],[-1,7],[-3,10],[-4,7],[-7,11],[-4,4],[-2,4],[0,2],[0,3],[0,3],[0,3],[-1,7],[-2,8],[-3,4],[-3,4],[-3,1],[-2,0],[-4,-4],[-2,-5],[-2,-1],[-1,-1],[-1,1],[-1,1],[-1,3],[-1,3],[-5,9],[-3,5],[-6,7],[-2,3],[-2,1],[-2,1],[-2,1],[-2,1],[-2,0],[0,1],[0,2],[0,3],[0,3],[-1,2],[-1,2],[-1,0],[-1,-1],[-1,-1],[-2,-1],[-1,-1],[-1,0],[-1,0],[0,2],[0,1],[1,1],[0,1],[0,2],[-1,3],[-1,1],[-3,0],[-3,-1],[-3,0],[-2,0],[-1,1],[-1,2],[0,2],[0,1],[1,1],[1,-1],[2,0],[1,0],[2,1],[0,2],[1,3],[-1,4],[-1,5],[-1,4],[-1,2],[-1,0],[-1,0],[-1,0],[-1,-1],[-1,1],[0,1],[0,1],[1,1],[2,0],[1,0],[0,1],[0,3],[2,2],[2,1],[2,1],[0,2],[-1,1],[-3,1],[-3,2],[-2,1],[0,1],[1,1],[1,0],[2,0],[2,1],[1,1],[2,3],[1,2],[-1,2],[0,4],[-4,4],[-2,0],[-2,0],[-1,0],[0,1],[0,2],[1,1],[3,1],[2,0],[1,1],[2,1],[0,1],[0,1],[-3,1],[-2,1],[-2,2],[0,3],[0,2],[1,1],[2,1],[1,-1],[2,-4],[1,-2],[1,-1],[2,0],[0,2],[0,2],[0,5],[1,1],[2,4],[0,5],[-1,4],[1,2],[2,2],[3,7],[2,4],[1,1],[0,3],[-3,1],[-2,2],[0,2],[0,2],[1,2],[0,1],[-1,1],[0,1],[1,1],[2,0],[1,1],[1,3],[2,3],[1,4],[1,5],[1,5],[1,5],[1,4],[0,3],[-1,3],[-2,3],[-1,1],[-1,0],[0,1],[-1,1],[0,2],[0,1],[-1,1],[-1,1],[-1,0],[0,-1],[-2,1],[-1,0],[0,1],[0,1],[1,0],[3,3],[3,2],[0,1],[2,4],[0,1],[0,1],[-4,3],[-3,0],[-3,0],[-3,-1],[-3,-1],[-1,-1],[0,-1],[-1,-1],[-2,0],[-1,0],[-2,1],[-1,0],[0,1],[1,1],[3,0],[2,0],[1,1],[0,1],[1,2],[0,1],[-1,1],[-2,1],[-1,2],[0,2],[1,2],[2,0],[3,0],[1,0],[1,0],[2,3],[1,3],[-1,3],[-1,5],[-1,2],[-2,1],[-3,1],[-1,0],[-1,2],[-1,4],[0,3],[0,2],[0,3],[0,2],[1,3],[1,3],[0,2],[-3,7],[-1,6],[0,5],[-2,5],[-1,4],[-2,3],[-2,2],[-3,2],[-3,4],[-1,7],[-1,7],[-1,4],[-1,3],[-2,0],[-1,1],[-1,1],[1,1],[1,1],[1,1],[1,2],[0,4],[-1,6],[-2,3],[-3,2],[-1,1],[0,2],[0,1],[3,5],[1,5],[1,2],[6,3],[2,2],[1,2],[0,4],[2,8],[2,8],[0,4],[-1,3],[-2,4],[-3,4],[0,2],[0,1],[1,1],[3,1],[2,1],[2,1],[2,2],[2,5],[1,4],[0,4],[-2,9],[-2,6],[-2,3],[-4,4],[-3,4],[-1,2],[0,1],[1,0],[2,-1],[4,-1],[3,0],[2,0],[1,1],[3,1],[0,2],[1,3],[0,2],[0,1],[-3,2],[-3,2],[-2,1],[0,1],[-1,1],[0,1],[1,0],[2,0],[1,1],[2,0],[1,0],[2,0],[1,0],[2,0],[2,1],[2,4],[1,3],[0,2],[0,3],[-1,1],[-3,2],[-3,0],[-1,1],[-1,2],[-1,2],[2,5],[0,2],[0,1],[1,1],[1,1],[0,1],[-1,1],[-4,9],[0,1],[0,2],[1,4],[1,2],[-1,1],[1,1],[0,1],[1,1],[1,2],[0,2],[-2,3],[-1,2],[-1,3],[0,2],[0,1],[1,0],[3,-1],[3,-1],[3,-2],[1,0],[2,0],[2,1],[2,1],[2,3],[0,3],[0,3],[-1,1],[-1,0],[-1,-1],[-1,0],[-2,-1],[-2,1],[0,1],[1,1],[3,2],[2,1],[2,2],[1,2],[0,3],[-1,5],[-1,2],[0,1],[2,2],[1,3],[0,2],[0,3],[-1,2],[-3,3],[-1,2],[0,2],[0,2],[1,2],[1,1],[0,1],[-1,4],[0,3],[0,4],[0,3],[-1,3],[-1,1],[0,1],[1,1],[2,0],[0,-1],[1,1],[1,1],[1,0],[0,1],[0,1],[0,1],[2,2],[1,1],[1,0],[1,1],[0,3],[2,7],[0,5],[0,4],[-1,3],[-1,1],[1,1],[1,0],[1,-1],[2,-2],[1,-1],[1,1],[0,1],[1,2],[0,4],[-1,4],[0,1],[0,1],[2,0],[2,0],[4,2],[3,2],[1,7],[-1,5],[-1,3],[-3,2],[-4,0],[-5,1],[-1,1],[-1,0],[0,2],[1,0],[4,-1],[2,0],[1,-1],[1,1],[1,1],[0,1],[-2,4],[-2,4],[-3,3],[-7,4],[-1,2],[0,1],[1,0],[1,0],[1,0],[2,0],[1,0],[1,2],[2,1],[2,0],[1,0],[3,1],[2,2],[1,3],[2,5],[0,5],[0,2],[-2,3],[-4,2],[-1,0],[0,1],[0,2],[1,0],[1,1],[2,2],[1,4],[0,2],[0,2],[-2,2],[0,1],[0,1],[1,0],[1,0],[2,1],[1,1],[0,1],[0,2],[-1,2],[-1,1],[-2,0],[-2,-1],[-1,-1],[-1,-2],[-1,0],[0,1],[0,1],[1,2],[0,3],[-1,4],[-1,4],[0,1],[1,0],[1,0],[1,-3],[0,-2],[2,-1],[2,0],[3,1],[4,1],[1,3],[2,5],[2,4],[5,8],[0,4],[1,2],[1,0],[2,0],[2,1],[0,2],[0,3],[1,0],[1,1],[1,1],[0,2],[-1,3],[0,2],[0,2],[0,2],[1,2],[3,6],[2,6],[3,4],[1,3],[0,3],[0,2],[1,2],[0,4],[0,3],[2,3],[3,2],[1,2],[1,3],[0,10],[0,5],[0,6],[0,2],[1,0],[3,1],[2,1],[0,2],[0,2],[-1,2],[0,2],[1,2],[2,1],[1,0],[1,1],[1,1],[1,0],[1,-1],[0,1],[0,1],[1,1],[-1,2],[0,2],[0,3],[0,1],[-1,1],[-3,1],[-2,1],[0,1],[1,1],[4,-2],[3,0],[2,1],[1,2],[0,1],[0,2],[-1,2],[-1,2],[-1,3],[-2,3],[0,2],[1,1],[1,1],[1,3],[0,2],[-1,1],[0,1],[1,1],[1,2],[1,3],[0,2],[0,4],[0,2],[-2,1],[-1,0],[-1,-1],[-1,0],[-1,0],[0,1],[0,1],[1,1],[2,1],[2,0],[2,0],[1,0],[0,1],[0,2],[-1,1],[1,1],[1,1],[1,1],[1,2],[-1,2],[-2,3],[-5,3],[-3,2],[-1,1],[0,1],[1,0],[2,0],[3,-2],[1,0],[2,1],[1,1],[7,16],[6,15],[8,17],[3,7],[3,11],[3,7],[1,3],[0,1],[0,1],[2,2],[1,2],[0,1],[-1,2],[-1,1],[0,1],[1,1],[1,1],[2,2],[0,3],[1,3],[1,3],[0,3],[0,3],[1,0],[1,0],[1,0],[3,1],[1,1],[1,1],[3,9],[2,7],[6,17],[4,13],[5,17],[4,19],[0,11],[0,5],[-1,5],[-2,3],[-2,2],[-2,4],[-1,4],[1,4],[1,5],[2,6],[-1,3],[-2,3],[-3,2],[-2,4],[-1,6],[0,4],[-2,3],[-2,2],[0,4],[2,7],[0,2],[0,2],[1,1],[1,0],[2,0],[3,1],[2,3],[5,16],[0,7],[1,7],[4,14],[5,12],[3,7],[0,4],[-1,3],[0,2],[1,2],[2,0],[2,0],[1,2],[0,2],[-1,2],[-3,1],[-2,2],[-1,2],[0,2],[2,0],[2,1],[1,1],[4,5],[2,5],[0,6],[-1,5],[-1,2],[-1,0],[-1,0],[-1,0],[-2,0],[-1,1],[0,2],[0,1],[1,1],[1,0],[1,-1],[1,-1],[2,1],[1,0],[0,2],[0,1],[0,3],[-1,0],[0,1],[-4,-1],[-1,0],[0,1],[0,2],[0,2],[1,1],[0,1],[0,1],[-1,0],[-1,0],[0,1],[1,1],[2,2],[2,0],[0,2],[0,3],[1,2],[1,2],[1,1],[0,8],[0,5],[-2,5],[0,2],[0,3],[2,10],[-1,5],[0,3],[0,2],[2,2],[0,2],[1,1],[-1,2],[-1,2],[1,5],[-1,2],[-1,1],[0,2],[0,3],[1,5],[-1,5],[-1,6],[0,4],[3,15],[1,12],[0,6],[-1,4],[-1,5],[-1,2],[0,1],[1,1],[0,1],[1,0],[1,1],[0,1],[1,2],[0,3],[0,1],[1,1],[1,1],[1,2],[1,9],[0,4],[-1,2],[0,1],[-1,1],[-1,0],[-1,1],[0,1],[1,0],[1,0],[1,-1],[1,0],[1,0],[2,0],[1,1],[0,2],[1,7],[1,3],[2,3],[0,2],[-1,5],[-3,7],[-3,5],[-4,4],[-2,1],[0,2],[1,8],[0,3],[-1,5],[-2,5],[0,3],[1,2],[2,0],[2,2],[1,2],[2,9],[2,6],[0,5],[0,5],[-1,4],[-1,6],[-1,7],[1,1],[1,1],[2,1],[1,0],[0,1],[0,3],[0,1],[-4,6],[-3,2],[-1,2],[0,2],[1,1],[1,1],[2,0],[1,1],[0,1],[1,3],[0,3],[0,2],[-2,3],[-1,2],[-1,6],[-2,2],[-5,4],[-2,1],[-1,1],[1,2],[1,1],[1,1],[1,-1],[2,-1],[2,0],[2,1],[1,2],[1,3],[-1,2],[-2,4],[-2,3],[-2,3],[-2,3],[-1,2],[-6,5],[-6,4],[-2,1],[-1,2],[0,1],[1,2],[1,0],[2,-1],[3,-1],[3,-1],[2,1],[2,2],[5,3],[1,2],[2,4],[1,3],[0,3],[0,4],[-1,2],[0,1],[1,2],[0,1],[1,1],[0,4],[1,5],[0,3],[0,1],[1,3],[-1,1],[1,2],[1,1],[0,1],[0,2],[-3,3],[-5,4],[-1,1],[-1,1],[1,1],[1,5],[1,13],[0,4],[0,3],[-4,6],[-2,3],[0,4],[-1,5],[0,7],[0,4],[-2,11],[-1,6],[-2,8],[-1,8],[-3,6],[-6,5],[-3,2],[-1,3],[1,2],[2,2],[1,3],[-1,3],[0,1],[0,2],[-1,3],[2,3],[0,3],[-2,2],[-2,1],[-4,0],[-4,-4],[-3,-4],[-4,-4],[-3,-1],[-2,0],[-1,2],[0,3],[2,2],[3,1],[2,2],[0,3],[1,2],[1,2],[1,3],[-1,2],[-2,1],[-4,0],[-6,-1],[-4,0],[-3,1],[-1,2],[0,2],[1,3],[3,1],[5,0],[3,-1],[2,-1],[3,0],[2,1],[1,3],[-1,6],[1,5],[1,6],[1,9],[2,6],[0,3],[-1,5],[-2,2],[-1,1],[-1,1],[1,2],[0,1],[0,2],[-1,1],[-3,1],[-2,1],[-1,0],[-1,0],[-1,1],[0,2],[0,2],[-1,2],[-2,-1],[-3,0],[-1,0],[-2,0],[-2,2],[-1,5],[-1,1],[-2,1],[-6,4],[-1,1],[-1,0],[-1,0],[-1,0],[-1,0],[-2,1],[-1,1],[-1,1],[1,2],[2,1],[1,0],[2,-1],[2,1],[1,0],[1,2],[0,3],[0,4],[-1,4],[-1,3],[-4,1],[-2,1],[-1,1],[-3,5],[-3,5],[-6,7],[-4,4],[-1,2],[-1,1],[0,2],[1,4],[0,1],[0,2],[-1,6],[0,2],[1,1],[2,0],[1,0],[1,1],[4,5],[1,4],[0,4],[0,6],[-1,4],[0,3],[0,2],[1,1],[1,2],[1,2],[-1,8],[0,2],[-1,0],[-1,1],[0,1],[1,0],[1,1],[1,1],[0,5],[-1,2],[-1,2],[-1,1],[-1,1],[0,5],[0,3],[-2,2],[-2,2],[-1,3],[0,4],[2,3],[4,4],[2,4],[3,3],[3,4],[1,5],[1,16],[1,7],[1,5],[2,6],[0,5],[-1,3],[-2,1],[-1,2],[-1,4],[-1,2],[-2,4],[-2,1],[-3,1],[-2,0],[-1,0],[-1,1],[-1,1],[1,2],[2,0],[4,0],[2,0],[2,1],[1,1],[1,4],[1,3],[-1,3],[-2,3],[-3,1],[-4,0],[-2,1],[-1,2],[-1,2],[0,1],[1,0],[2,1],[3,1],[1,1],[0,1],[1,2],[-1,3],[-1,1],[-3,1],[-2,1],[0,1],[-2,8],[-1,3],[-1,1],[-2,5],[0,2],[1,2],[1,0],[2,-1],[2,0],[2,1],[2,2],[1,4],[0,3],[-1,5],[-1,6],[-1,2],[-2,1],[-2,2],[0,1],[1,3],[0,2],[0,3],[-1,2],[-1,1],[0,1],[-1,0],[-1,0],[-2,2],[-4,3],[-3,1],[-1,3],[0,3],[0,3],[1,6],[0,6],[0,2],[-2,2],[0,3],[-1,4],[-1,5],[-3,5],[-2,3],[-2,0],[-1,2],[0,1],[-1,3],[0,2],[-1,2],[-1,1],[0,2],[1,1],[2,2],[2,2],[0,1],[0,3],[0,6],[-1,3],[-3,4],[-1,2],[-1,2],[0,2],[-1,2],[-1,1],[-1,2],[-1,6],[-2,7],[-1,1],[-1,2],[0,1],[1,1],[1,1],[1,1],[-1,1],[-1,2],[0,1],[0,3],[0,2],[-1,1],[-2,2],[0,2],[-1,4],[-1,4],[0,1],[0,1],[0,2],[1,1],[0,2],[1,3],[0,2],[-1,2],[-3,3],[-1,2],[0,2],[1,2],[1,1],[1,2],[0,1],[0,4],[0,6],[0,3],[-1,1],[1,2],[1,1],[0,1],[0,2],[-1,3],[-2,1],[-2,2],[-1,1],[-1,1],[1,1],[1,0],[2,2],[0,2],[0,1],[-1,3],[-2,3],[-1,3],[0,2],[1,1],[1,0],[2,0],[1,0],[1,1],[0,1],[1,1],[-1,2],[1,1],[0,1],[1,1],[0,2],[-1,1],[0,2],[0,1],[1,1],[1,1],[0,3],[0,5],[-1,3],[-2,6],[-2,5],[-1,3],[0,3],[1,2],[0,1],[0,1],[0,1],[1,2],[0,1],[1,1],[-1,1],[-2,2],[-1,1],[0,1],[0,1],[0,1],[2,1],[0,1],[0,1],[-1,2],[-2,2],[0,2],[0,1],[1,1],[2,1],[1,1],[0,1],[0,2],[-1,0],[-1,0],[-1,1],[0,1],[1,1],[1,0],[1,1],[0,1],[0,2],[-1,2],[-2,2],[-2,0],[-1,1],[1,1],[1,0],[1,0],[2,0],[1,1],[-1,2],[-1,5],[-2,5],[-2,6],[-3,5],[-3,6],[-1,4],[-1,1],[-2,1],[-2,0],[-1,1],[0,1],[1,0],[2,0],[2,0],[2,1],[2,2],[0,3],[0,6],[0,4],[-1,3],[-1,3],[1,2],[1,1],[1,2],[0,3],[-1,1],[-2,1],[-2,1],[0,1],[0,2],[1,0],[2,1],[1,2],[0,2],[0,3],[-2,2],[-3,2],[-2,2],[0,3],[1,1],[2,2],[1,1],[0,2],[-1,1],[-2,1],[0,2],[0,7],[-1,3],[-1,1],[0,1],[-1,1],[0,1],[1,1],[1,0],[0,1],[0,2],[0,2],[-1,2],[-1,0],[-1,1],[1,1],[2,0],[0,1],[0,1],[0,1],[-1,0],[-1,1],[0,1],[0,1],[0,1],[1,1],[0,2],[-2,1],[-1,1],[-1,1],[0,1],[1,0],[1,1],[1,1],[0,2],[0,2],[-1,3],[-1,4],[-1,5],[-1,1],[1,1],[0,1],[1,1],[0,1],[-1,1],[-1,6],[0,3],[1,3],[0,1],[0,2],[0,1],[1,1],[1,1],[2,2],[2,2],[3,11],[0,6],[-1,5],[-1,3],[-1,2],[1,3],[0,4],[1,7],[-1,2],[-2,2],[-2,1],[-1,0],[0,1],[1,1],[1,0],[0,1],[0,2],[-2,8],[-1,8],[0,13],[0,13],[-2,11],[0,3],[-1,3],[0,8],[-1,4],[-8,18],[-3,8],[0,5],[0,3],[1,4],[0,4],[-1,3],[-1,0],[0,1],[0,1],[1,0],[1,1],[1,0],[0,1],[0,1],[-1,1],[-1,1],[0,2],[1,4],[1,6],[2,6],[0,2],[0,3],[-1,4],[0,2],[0,2],[1,0],[1,0],[1,1],[0,1],[0,1],[-3,1],[0,1],[0,3],[1,1],[1,1],[2,2],[0,3],[4,8],[0,5],[0,8],[1,2],[1,3],[1,1],[-1,1],[-1,0],[0,1],[0,1],[1,1],[1,-1],[1,0],[1,1],[0,2],[0,2],[2,4],[0,2],[-1,2],[-1,3],[1,2],[1,1],[1,1],[1,5],[0,2],[0,1],[-1,2],[1,1],[1,0],[0,1],[-1,2],[0,2],[3,10],[0,3],[0,2],[-1,1],[-2,1],[-2,0],[0,1],[-1,1],[1,1],[1,1],[1,0],[0,1],[0,2],[0,1],[0,1],[1,0],[1,0],[1,0],[1,0],[1,1],[0,1],[-1,2],[-2,1],[-2,2],[0,1],[1,1],[1,-1],[2,1],[1,1],[-1,1],[-2,3],[-1,2],[0,2],[0,1],[2,1],[1,1],[-1,2],[0,1],[0,2],[1,0],[1,1],[0,2],[-1,3],[-1,5],[-1,7],[0,3],[0,2],[1,1],[1,1],[1,0],[0,1],[1,1],[0,1],[-3,3],[0,2],[-1,2],[1,1],[3,0],[1,1],[1,2],[0,2],[-2,1],[0,2],[0,2],[1,2],[0,1],[-1,2],[-2,1],[-1,0],[-3,3],[0,2],[0,2],[1,2],[2,0],[1,2],[1,2],[3,10],[3,9],[9,13],[6,13],[7,11],[15,26],[9,15],[10,18],[26,51],[17,25],[15,16],[9,10],[6,8],[4,5],[5,4],[7,4],[15,13],[18,19],[24,27],[20,23],[26,33],[18,26],[10,14],[16,27],[18,27],[25,45],[14,23],[15,27],[17,28],[8,14],[12,20],[20,34],[16,28],[24,37],[18,31],[17,33],[6,15],[6,21],[8,19],[12,25],[10,20],[10,17],[7,14],[4,13],[6,14],[11,27],[6,21],[5,18],[7,30],[9,27],[2,7],[1,10],[4,41],[1,24],[1,20],[-1,30],[-1,21],[-2,20],[-5,17],[-9,31],[-8,19],[-6,13],[-13,22],[-14,20],[-19,22],[-11,13],[-12,10],[-21,11],[-14,6],[-10,2],[-12,-1],[-6,-3],[-6,-4],[-6,-8],[-2,-10],[-3,-23],[-2,-11],[-5,-21],[-4,-12],[-2,-3],[-3,-1],[-2,0],[-4,4],[-6,8],[-7,8],[-5,12],[-3,8],[-4,9],[-4,10],[-5,8],[-8,8],[-6,7],[-7,7],[-3,3],[-3,0],[-4,0],[-5,-4],[-2,-4],[-1,-3],[-3,-1],[-4,-1],[-2,0],[-4,2],[0,2],[0,3],[2,1],[3,3],[3,3],[1,2],[0,2],[-3,3],[-4,6],[-1,6],[0,6],[-1,4],[-3,4],[0,3],[0,1],[3,2],[3,1],[3,2],[0,2],[0,2],[-4,2],[-2,1],[-1,3],[1,1],[2,1],[3,0],[2,2],[2,8],[3,9],[1,9],[-1,2],[-2,2],[-1,2],[-1,2],[1,0],[2,0],[1,-1],[2,1],[0,1],[0,1],[0,2],[-3,2],[-2,1],[-1,2],[0,2],[0,1],[1,0],[2,0],[2,1],[1,3],[1,14],[1,10],[0,4],[0,2],[-2,2],[-3,3],[-1,2],[0,6],[2,2],[2,1],[2,1],[1,3],[-1,7],[-1,13],[-4,30],[-4,28],[-2,10],[-2,7],[-2,6],[0,4],[4,10],[4,13],[2,5],[1,1],[0,2],[0,1],[-1,0],[-3,1],[-2,1],[-3,3],[-1,1],[0,1],[1,1],[3,0],[1,0],[1,1],[1,2],[0,3],[-1,2],[-3,0],[-3,0],[-1,2],[-1,2],[-1,2],[-1,4],[-2,2],[-2,4],[-1,4],[0,2],[2,0],[2,-2],[3,0],[3,0],[2,3],[0,5],[0,3],[0,2],[-1,1],[-2,2],[-1,1],[0,1],[0,2],[1,1],[0,1],[0,3],[0,2],[-3,2],[-4,2],[-2,2],[-2,4],[1,3],[1,4],[3,5],[1,4],[0,3],[-1,2],[-3,4],[-1,2],[0,2],[0,4],[-1,2],[-1,2],[-3,1],[-1,1],[0,2],[0,3],[0,1],[-2,3],[-1,1],[0,2],[1,2],[2,2],[1,1],[0,2],[-1,9],[0,2],[-1,2],[-1,2],[0,4],[1,5],[0,2],[-3,4],[-1,2],[0,1],[1,0],[2,1],[2,1],[1,2],[1,2],[-1,2],[-3,5],[-1,4],[-1,5],[1,1],[1,0],[8,4],[3,1],[1,0],[0,1],[0,2],[-1,0],[-3,1],[-2,1],[-2,1],[-2,3],[-3,3],[-2,1],[0,2],[0,3],[0,4],[0,3],[-2,3],[-2,6],[-4,7],[-1,5],[1,6],[1,5],[0,2],[-1,3],[-1,3],[-1,2],[0,1],[0,1],[0,1],[1,2],[-1,2],[0,2],[0,2],[2,1],[1,2],[0,1],[0,2],[-1,3],[-8,9],[-5,5],[-3,6],[-2,4],[-1,3],[0,1],[2,0],[2,1],[6,2],[4,1],[3,4],[2,4],[1,3],[2,4],[1,5],[3,6],[2,4],[-1,5],[0,3],[0,4],[1,2],[2,3],[2,3],[1,2],[2,1],[5,2],[5,6],[5,9],[7,16],[5,13],[7,18],[0,4],[0,2],[0,2],[1,1],[1,0],[1,0],[1,0],[1,1],[7,11],[8,19],[3,6],[2,8],[2,5],[5,9],[3,5],[8,18],[0,4],[0,4],[1,3],[1,2],[2,1],[3,2],[2,5],[1,2],[1,7],[1,4],[1,3],[5,9],[1,2],[0,2],[0,4],[0,4],[1,2],[2,4],[2,6],[0,3],[-1,1],[-2,2],[-3,3],[-2,2],[0,2],[0,8],[1,4],[2,3],[1,4],[-1,5],[0,4],[0,6],[-1,3],[-2,6],[-1,5],[0,3],[1,2],[0,3],[0,4],[-1,3],[-1,3],[0,2],[0,2],[4,6],[2,1],[1,1],[1,1],[0,2],[0,1],[-1,0],[-4,1],[-3,2],[-2,2],[-1,4],[-1,3],[-1,2],[-1,2],[-2,2],[0,2],[-1,2],[0,1],[-2,2],[0,1],[1,2],[1,0],[2,0],[3,1],[1,1],[2,2],[1,3],[1,2],[2,1],[2,1],[1,1],[1,1],[0,2],[1,1],[1,1],[1,1],[1,2],[0,5],[0,3],[-2,4],[-1,1],[-1,2],[0,2],[1,1],[1,1],[0,2],[1,3],[0,2],[1,2],[1,1],[1,2],[1,3],[1,7],[0,3],[-1,3],[-1,4],[-1,3],[1,4],[0,2],[1,0],[6,-2],[2,-2],[1,0],[1,1],[1,3],[0,3],[0,4],[1,2],[1,1],[1,1],[1,2],[-1,2],[0,1],[0,1],[1,0],[1,0],[1,2],[0,2],[-3,4],[-1,2],[0,2],[1,1],[1,1],[3,-1],[2,0],[1,0],[1,2],[0,1],[-4,4],[-1,2],[0,1],[0,3],[1,2],[0,1],[0,2],[1,0],[2,-1],[1,-1],[1,0],[2,1],[4,8],[2,4],[1,1],[1,1],[1,0],[0,2],[0,1],[-1,1],[-1,1],[-1,1],[-1,1],[0,2],[1,1],[1,-1],[1,-1],[2,-1],[1,0],[1,1],[2,3],[4,6],[-1,2],[1,0],[1,1],[1,0],[1,1],[4,8],[5,13],[1,4],[0,4],[3,10],[1,8],[0,4],[1,2],[1,1],[2,1],[3,2],[1,3],[0,4],[-2,4],[-1,5],[0,4],[1,4],[0,1],[0,1],[-1,3],[-3,4],[-2,3],[-1,2],[0,4],[1,11],[0,3],[-2,5],[-1,3],[-1,1],[0,1],[0,1],[1,0],[1,-1],[1,0],[0,1],[2,5],[0,3],[-1,3],[0,2],[1,2],[2,8],[0,2],[0,3],[-1,4],[-2,5],[-2,2],[-2,2],[-2,2],[-1,2],[0,3],[2,6],[1,3],[0,2],[0,2],[1,1],[1,0],[2,0],[2,0],[1,1],[0,1],[0,2],[-1,3],[-3,1],[-2,1],[-3,-1],[-3,1],[-3,2],[0,1],[0,1],[0,1],[2,1],[2,-1],[2,-1],[3,1],[1,1],[0,2],[0,2],[-2,4],[-1,2],[-3,1],[-2,-1],[-3,1],[-1,1],[-1,4],[-1,2],[0,2],[5,7],[1,3],[0,2],[-1,4],[0,2],[1,1],[2,0],[3,0],[4,0],[2,1],[1,0],[0,1],[-1,1],[0,1],[-1,2],[1,0],[1,0],[1,1],[1,0],[1,1],[1,2],[0,2],[2,3],[4,5],[3,4],[0,1],[0,1],[0,2],[1,1],[1,1],[1,2],[5,17],[0,3],[1,2],[1,1],[4,2],[2,2],[1,2],[1,6],[2,7],[2,7],[0,2],[-1,2],[0,4],[0,7],[0,2],[1,2],[2,0],[1,-1],[2,0],[1,2],[4,6],[3,8],[0,3],[-1,5],[-3,7],[-3,3],[0,2],[0,1],[0,1],[1,0],[2,-3],[1,-1],[2,0],[2,0],[3,3],[3,3],[3,5],[3,4],[2,2],[1,2],[0,1],[-3,6],[-3,3],[-1,2],[1,0],[1,0],[4,-2],[3,0],[2,0],[3,2],[1,3],[0,4],[-1,3],[-3,3],[-2,4],[-2,3],[0,2],[1,1],[1,0],[2,-2],[3,-1],[3,1],[2,2],[3,4],[11,20],[2,5],[0,3],[-1,3],[-1,1],[-2,0],[-2,0],[-2,1],[-3,2],[-1,1],[0,1],[2,5],[1,1],[3,-1],[6,-5],[2,-2],[2,0],[1,1],[1,2],[0,3],[-1,6],[-2,5],[-1,3],[-1,1],[-4,1],[-2,0],[-3,2],[0,2],[0,1],[2,1],[2,0],[4,-2],[2,-3],[1,-1],[1,-1],[1,0],[1,1],[4,5],[6,10],[11,17],[3,7],[1,3],[-1,3],[-2,2],[-1,2],[0,1],[0,2],[1,2],[1,4],[4,4],[5,3],[1,3],[-1,1],[-1,2],[-2,0],[-1,0],[-1,1],[0,1],[1,2],[0,2],[2,2],[1,0],[2,-1],[1,0],[2,1],[1,2],[16,23],[6,6],[2,2],[0,2],[0,2],[-2,8],[-2,6],[0,3],[1,2],[2,1],[2,0],[4,-2],[4,1],[3,1],[5,4],[7,9],[8,10],[13,16],[9,13],[11,10],[4,5],[9,14],[6,8],[9,11],[11,11],[12,15],[5,6],[6,8],[18,18],[9,8],[8,10],[7,8],[6,10],[8,9],[8,8],[14,12],[5,5],[5,6],[4,6],[3,4],[7,6],[10,7],[23,23],[18,19],[20,18],[7,6],[21,22],[14,14],[9,13],[7,9],[7,8],[7,7],[20,26],[16,23],[11,14],[11,10],[8,9],[23,29],[13,21],[15,19],[26,30],[20,27],[13,20],[10,17],[12,21],[13,19],[8,12],[8,14],[11,15],[14,17],[12,20],[19,27],[17,32],[11,21],[3,7],[12,21],[11,17],[14,26],[8,19],[9,23],[4,20],[5,19],[6,16],[9,15],[8,16],[8,23],[6,20],[9,16],[10,19],[13,25],[13,23],[12,21],[12,23],[14,26],[12,25],[11,26],[12,27],[9,21],[2,9],[6,32],[21,50],[4,15],[7,26],[6,17],[9,19],[11,32],[1,9],[1,12],[-2,8],[0,11],[3,17],[13,47],[11,29],[4,16],[3,21],[5,21],[6,21],[8,22],[7,17],[5,20],[4,23],[0,31],[2,20],[10,55],[10,34],[4,23],[0,18],[1,22],[-2,26],[-2,22],[3,25],[2,19],[0,12],[-1,12],[-3,12],[-4,5],[-4,1],[-2,0],[-3,-1],[-2,0],[-4,1],[-3,4],[-6,8],[-7,6],[-3,3],[-7,11],[-10,15],[-5,6],[-5,5],[-5,2],[-5,-1],[-9,-3],[-7,-2],[-5,-2],[-2,0],[-1,1],[-1,0],[1,1],[0,1],[2,0],[1,1],[1,1],[0,2],[0,2],[-3,2],[-4,1],[-2,1],[-1,4],[0,2],[1,1],[3,0],[2,2],[2,3],[2,9],[2,4],[-1,4],[0,2],[-2,4],[-2,2],[0,2],[1,1],[2,0],[2,1],[1,3],[1,4],[-1,2],[0,2],[-3,1],[-2,2],[-1,0],[0,1],[1,1],[2,-1],[1,0],[3,0],[2,3],[1,6],[0,4],[-1,2],[-2,1],[-5,1],[-2,2],[-1,2],[1,2],[1,1],[4,-2],[3,-1],[2,0],[1,2],[1,6],[-1,3],[-3,3],[-2,3],[-1,2],[1,1],[3,1],[2,2],[2,3],[0,2],[-1,2],[-6,3],[0,1],[0,2],[1,2],[2,2],[1,2],[0,3],[-1,2],[-2,1],[-1,2],[1,1],[2,0],[2,-1],[2,0],[1,1],[6,18],[4,14],[1,6],[-1,3],[-2,1],[-2,1],[-4,1],[-3,0],[-1,2],[-1,3],[1,2],[2,1],[4,-1],[3,-3],[1,-1],[3,1],[1,2],[1,24],[1,10],[4,8],[1,10],[3,12],[5,21],[4,21],[1,20],[2,15],[3,11],[6,15],[8,14],[11,21],[16,29],[19,34],[13,21],[14,31],[10,22],[9,26],[12,20],[8,13],[9,19],[7,13],[20,37],[16,30],[20,39],[16,34],[16,25],[6,11],[4,13],[3,17],[6,17],[12,21],[8,12],[6,9],[5,9],[5,11],[4,16],[0,21],[1,18],[5,25],[8,23],[8,20],[5,20],[3,9],[12,21],[4,14],[1,8],[1,57],[0,13],[-1,10],[2,11],[1,16],[-4,13],[-2,12],[0,10],[3,12],[4,14],[7,21],[4,11],[6,16],[4,13],[7,15],[8,14],[16,26],[18,29],[14,16],[9,14],[9,19],[10,16],[8,15],[9,21],[8,19],[7,25],[5,27],[3,23],[2,19],[-1,14],[-3,19],[-5,21],[-4,15],[-1,9],[2,24],[1,19],[-1,12],[0,15],[3,31],[5,25],[5,23],[4,14],[7,17],[11,21],[6,12],[2,7],[5,21],[3,16],[-1,18],[0,22],[2,17],[6,14],[6,11],[10,12],[10,15],[10,16],[9,21],[9,25],[10,27],[8,19],[4,17],[5,17],[5,24],[3,14],[4,20],[2,14],[1,13],[1,14],[1,13],[2,7],[6,11],[3,9],[4,13],[7,19],[9,29],[4,11],[3,8],[4,16],[3,20],[3,15],[11,38],[5,18],[2,9],[1,16],[4,11],[5,9],[7,10],[8,12],[14,19],[8,11],[8,9],[12,13],[6,6],[5,8],[5,8],[1,5],[5,18],[3,12],[5,12],[4,7],[7,8],[7,8],[7,16],[3,7],[1,7],[2,11],[2,7],[3,3],[2,4],[1,4],[4,6],[3,3],[3,2],[3,10],[3,4],[2,2],[2,4],[0,3],[1,3],[2,2],[4,4],[1,5],[0,3],[0,2],[0,2],[2,3],[3,4],[4,6],[4,10],[5,11],[3,10],[4,8],[3,5],[2,3],[2,3],[2,3],[1,6],[0,4],[0,2],[2,2],[2,0],[3,1],[5,6],[2,5],[3,9],[4,5],[3,4],[1,6],[1,7],[-1,5],[-2,5],[-3,5],[-1,5],[1,20],[0,7],[-1,4],[1,2],[2,2],[2,1],[1,3],[1,6],[1,5],[2,8],[0,10],[1,9],[1,10],[1,3],[1,3],[0,3],[0,4],[0,5],[5,10],[0,5],[1,4],[1,1],[1,0],[1,0],[3,0],[2,3],[0,3],[0,3],[0,4],[0,1],[1,2],[2,1],[1,1],[4,7],[3,8],[1,5],[-1,7],[-1,4],[0,3],[2,2],[1,1],[3,0],[2,1],[3,4],[2,4],[1,3],[0,4],[0,2],[-1,2],[-1,1],[0,1],[1,1],[1,3],[4,15],[0,4],[0,1],[0,2],[-1,1],[0,2],[1,2],[1,3],[-1,4],[0,3],[0,2],[1,3],[1,0],[1,0],[1,1],[2,3],[2,4],[0,3],[1,5],[1,2],[1,1],[3,3],[2,3],[3,9],[1,9],[1,3],[2,2],[3,3],[1,7],[0,4],[-4,9],[-5,10],[-2,3],[1,2],[0,2],[2,0],[3,-1],[2,1],[3,4],[1,5],[2,4],[0,5],[1,3],[8,18],[5,10],[0,4],[-1,6],[0,1],[1,2],[1,0],[1,1],[3,2],[1,3],[0,7],[-1,3],[-1,3],[0,1],[1,1],[3,3],[2,3],[0,3],[-1,4],[-3,4],[-1,3],[0,4],[3,10],[2,4],[0,2],[0,2],[0,1],[3,0],[2,2],[2,3],[3,8],[1,6],[-1,3],[-2,2],[0,2],[0,2],[3,0],[2,1],[7,9],[9,10],[6,10],[4,14],[6,13],[3,10],[0,10],[-2,7],[0,5],[0,26],[0,5],[-2,5],[0,2],[1,1],[2,0],[2,0],[2,2],[0,2],[0,3],[-3,5],[-2,4],[-4,14],[-1,2],[1,2],[2,1],[2,0],[2,1],[2,6],[2,7],[-1,4],[1,1],[1,3],[3,4],[1,2],[0,1],[-1,5],[0,2],[0,1],[0,1],[1,2],[3,10],[1,3],[-1,2],[0,1],[0,2],[1,0],[1,1],[1,1],[1,5],[1,5],[-1,3],[0,1],[0,1],[1,1],[1,1],[1,2],[0,2],[1,1],[3,1],[2,2],[1,2],[1,3],[-1,3],[0,1],[-1,4],[0,2],[1,3],[0,3],[-2,10],[-1,3],[-1,1],[-4,2],[0,1],[0,1],[0,1],[1,0],[2,-1],[1,0],[3,1],[3,5],[7,14],[6,19],[3,13],[4,17],[3,8],[3,5],[3,5],[4,6],[0,2],[0,1],[0,1],[1,0],[1,1],[1,2],[0,2],[0,2],[0,1],[0,1],[1,3],[1,4],[-1,3],[1,7],[0,6],[0,2],[1,0],[1,0],[1,1],[2,3],[6,9],[0,3],[1,4],[-1,5],[0,2],[0,2],[1,0],[0,1],[1,2],[4,13],[0,3],[0,2],[-4,6],[-1,2],[-1,1],[1,1],[3,4],[1,2],[1,3],[-1,4],[0,2],[2,3],[0,4],[1,5],[-1,2],[1,3],[0,2],[1,2],[-1,2],[-3,6],[-1,2],[0,2],[1,2],[3,2],[4,2],[1,2],[2,6],[-1,13],[0,5],[1,2],[1,1],[2,1],[2,0],[2,1],[2,3],[4,7],[2,1],[2,2],[7,12],[7,16],[4,11],[4,21],[1,11],[1,5],[1,3],[1,3],[0,4],[1,4],[1,2],[0,2],[-1,4],[0,3],[1,2],[4,6],[4,9],[5,6],[3,3],[3,3],[1,3],[1,2],[5,10],[10,19],[4,5],[0,3],[1,2],[3,3],[1,2],[1,2],[1,2],[1,1],[1,4],[1,5],[2,14],[1,9],[-2,12],[-3,20],[-1,6],[0,2],[0,2],[1,1],[-1,3],[0,2],[-1,1],[1,1],[3,3],[2,5],[5,16],[1,7],[0,2],[-1,2],[-1,2],[2,1],[2,0],[2,2],[2,6],[5,13],[2,20],[1,7],[3,7],[0,4],[0,2],[3,3],[2,4],[1,6],[2,3],[5,4],[3,2],[0,1],[0,1],[0,1],[1,0],[0,1],[1,0],[2,1],[9,12],[10,21],[7,14],[1,3],[1,3],[10,18],[3,10],[1,4],[3,6],[2,8],[6,26],[1,2],[1,5],[3,5],[5,4],[5,3],[8,9],[10,22],[16,35],[13,30],[1,7],[1,7],[1,7],[3,18],[3,18],[1,7],[-1,6],[-1,4],[-4,4],[-6,6],[-1,3],[-1,2],[0,3],[0,2],[-1,1],[0,1],[-3,3],[0,2],[0,1],[2,1],[1,1],[1,1],[1,1],[0,3],[1,4],[0,4],[-1,5],[1,7],[3,12],[0,4],[0,3],[0,3],[1,1],[2,4],[2,7],[1,8],[0,9],[1,4],[2,4],[5,9],[4,9],[6,12],[12,26],[2,6],[1,2],[2,2],[3,4],[2,5],[4,10],[5,9],[6,14],[8,21],[1,5],[1,5],[0,2],[3,2],[4,4],[4,7],[5,16],[2,8],[5,11],[5,12],[5,19],[2,3],[1,3],[7,13],[3,8],[3,10],[6,34],[2,6],[2,3],[2,5],[3,13],[1,4],[1,2],[5,10],[1,5],[2,13],[1,13],[-2,17],[-1,5],[1,4],[3,19],[4,13],[3,19],[1,6],[-1,3],[0,3],[3,15],[7,26],[4,9],[4,9],[4,9],[4,7],[4,11],[2,9],[4,12],[4,11],[2,7],[2,9],[1,8],[0,6],[1,4],[1,6],[1,1],[1,2],[1,2],[1,4],[1,2],[1,3],[6,11],[5,11],[2,5],[1,7],[1,4],[-1,4],[0,6],[2,14],[1,5],[1,3],[1,4],[1,4],[-2,8],[0,2],[1,3],[1,6],[0,2],[-1,2],[-1,1],[0,1],[1,1],[1,1],[0,1],[0,2],[-1,3],[-1,1],[0,1],[1,1],[0,1],[1,1],[-1,2],[-1,2],[0,1],[0,1],[1,1],[0,1],[0,1],[-2,2],[0,3],[1,4],[0,2],[-1,2],[-1,2],[1,1],[1,1],[0,2],[-1,2],[0,2],[1,2],[2,2],[4,7],[9,17],[8,15],[7,12],[4,8],[5,8],[4,8],[3,8],[5,8],[7,8],[8,16],[6,14],[5,15],[3,13],[4,10],[14,24],[3,7],[3,8],[3,11],[0,6],[-1,3],[-1,2],[-1,1],[0,1],[0,1],[2,5],[3,6],[0,4],[-1,4],[0,2],[1,3],[0,4],[-1,4],[0,1],[0,2],[2,1],[3,2],[2,6],[1,3],[0,1],[0,2],[1,0],[2,1],[2,3],[1,3],[0,2],[1,2],[1,0],[2,1],[6,6],[5,2],[8,0],[4,8],[2,1],[3,-1],[1,4],[1,2],[3,3],[2,1],[2,-1],[2,3],[1,0],[2,4],[2,0],[1,2],[2,3],[1,-2],[0,-2],[-1,-5],[-2,-6],[1,-2],[3,-2],[5,-3],[7,-1],[10,0],[20,0],[23,10],[12,9],[12,10],[14,6],[26,11],[43,16],[59,27],[43,25],[7,9],[10,11],[40,26],[70,48],[50,35],[44,39],[27,24],[48,58],[27,32],[19,29],[8,11],[4,9],[3,8],[7,5],[5,11],[0,6],[1,4],[3,7],[7,14],[0,8],[2,6],[1,4],[1,1],[1,6],[1,3],[1,5],[3,4],[3,16],[0,4],[0,2],[-1,4],[-2,2],[-1,-1],[-1,-2],[-1,1],[0,8],[2,11],[0,9],[0,8],[-1,5],[-1,1],[-1,0],[-1,1],[-1,0],[0,3],[0,1],[-5,4],[-1,0],[-1,0],[-1,-1],[-1,-1],[0,1],[0,1],[0,1],[1,2],[0,1],[-1,2],[-4,6],[0,1],[0,1],[0,1],[2,3],[0,2],[0,2],[-1,2],[0,1],[0,1],[1,1],[0,1],[1,3],[1,11],[0,1],[0,2],[0,1],[0,1],[-1,2],[0,1],[-1,1],[0,1],[1,0],[1,1],[0,1],[0,2],[-1,2],[-1,1],[0,1],[1,0],[1,1],[1,1],[0,2],[1,5],[0,4],[-1,3],[0,2],[0,2],[3,11],[1,8],[4,11],[4,3],[0,2],[0,2],[1,5],[-1,1],[0,4],[1,2],[-10,14],[-1,3],[-1,1],[0,2],[1,1],[-4,5],[-9,13],[-8,7],[-6,4],[-9,3],[0,-4],[-2,-5],[-1,-2],[-2,-2],[-2,-1],[-2,0],[-1,1],[-3,-4],[-2,-1],[-5,-5],[-7,-3],[-2,0],[-1,0],[0,1],[0,1],[1,1],[1,0],[6,3],[4,2],[3,3],[-3,5],[-1,4],[0,9],[-1,8],[-1,5],[-5,0],[0,1],[-2,33],[-14,-1],[0,1],[-1,0],[0,3],[-8,-1],[0,-3],[-1,0],[0,-1],[-4,0],[0,-8],[0,-3],[-1,-3],[-2,-1],[-1,-1],[-2,-1],[0,-5],[0,-8],[1,-7],[1,-8],[2,-9],[2,-9],[3,-7],[4,-8],[4,-7],[4,-5],[4,-4],[2,0],[1,-1],[0,-1],[0,-1],[-1,-1],[-1,-1],[-1,0],[-1,1],[-2,2],[-2,4],[-5,5],[-4,8],[-3,5],[-71,-51],[-1,0],[-1,1],[0,1],[0,2],[1,0],[64,45],[0,9],[1,12],[-2,8],[-2,9],[0,8],[0,14],[-1,0],[-2,2],[-1,2],[-2,4],[0,6],[0,8],[4,2],[-1,6],[-1,5],[-4,21],[-8,45],[-14,31],[-1,-1],[-1,-1],[-1,1],[-10,7],[-7,4],[-8,6],[-9,4],[-4,2],[-4,-1],[-2,-1],[-1,-3],[-2,-2],[-3,1],[-2,3],[-9,5],[-4,2],[-3,0],[-8,0],[-8,-4],[-8,-9],[-3,-6],[-2,-5],[-2,-1],[0,-1],[-1,1],[-1,2],[0,1],[2,2],[1,2],[0,3],[-1,4],[-1,2],[-1,1],[-1,1],[0,2],[-1,5],[0,6],[2,7],[3,6],[2,2],[1,0],[1,0],[2,0],[2,1],[0,3],[0,2],[0,1],[2,0],[1,-1],[1,-1],[2,-1],[2,1],[1,1],[1,3],[0,5],[1,2],[1,1],[2,0],[1,-1],[2,0],[6,2],[7,5],[6,6],[3,9],[3,5],[2,1],[4,0],[7,2],[3,2],[6,5],[2,5],[1,5],[0,4],[1,1],[2,1],[2,0],[3,0],[1,1],[2,2],[1,0],[2,-1],[1,-3],[0,-6],[1,-2],[2,-2],[8,0],[10,2],[20,10],[33,22],[5,4],[1,2],[1,3],[-1,2],[0,3],[0,2],[2,3],[2,2],[4,0],[2,-1],[2,0],[2,1],[1,3],[-2,4],[0,2],[1,4],[3,3],[2,3],[2,5],[1,2],[2,2],[1,4],[1,3],[1,3],[-1,2],[-2,1],[-4,1],[-1,1],[-2,6],[0,5],[0,1],[1,0],[2,-1],[1,-3],[2,-3],[1,-2],[1,0],[1,1],[1,0],[1,0],[2,-2],[2,-1],[2,0],[1,1],[1,1],[1,3],[0,1],[4,3],[1,2],[0,4],[-2,3],[0,2],[2,4],[3,2],[2,0],[2,2],[0,3],[0,2],[2,1],[1,-1],[1,0],[1,1],[1,1],[1,3],[-1,3],[-1,2],[-2,1],[-2,2],[0,2],[-1,2],[-1,3],[-1,2],[1,1],[1,0],[2,-1],[2,-1],[2,0],[2,0],[2,2],[3,3],[0,2],[0,2],[-7,7],[-4,3],[-2,2],[-1,2],[1,1],[2,0],[2,-1],[4,-4],[4,-5],[1,-1],[2,0],[2,0],[1,1],[2,7],[3,4],[3,6],[3,5],[1,2],[0,1],[0,2],[0,1],[1,2],[4,7],[4,12],[2,4],[1,0],[3,0],[2,0],[2,-2],[3,0],[2,2],[0,2],[0,2],[1,1],[2,2],[1,4],[-1,3],[-2,2],[-2,2],[-2,0],[-3,-3],[-3,-1],[-1,0],[-1,0],[-1,1],[0,1],[2,3],[2,2],[0,3],[0,3],[-1,3],[-1,3],[-5,5],[-3,4],[-3,5],[0,4],[0,7],[2,5],[2,8],[-1,7],[0,6],[2,2],[2,1],[6,0],[11,-1],[4,-3],[2,-1],[3,0],[2,1],[3,3],[1,1],[2,0],[2,0],[2,0],[7,6],[28,21],[12,14],[9,13],[9,16],[4,12],[1,6],[0,2],[-1,3],[-2,2],[-1,-1],[-1,0],[-1,1],[0,1],[0,1],[-1,2],[-4,2],[-1,1],[-1,2],[-1,1],[-1,0],[-1,0],[0,1],[0,1],[1,0],[2,1],[2,3],[0,3],[-1,3],[-1,3],[-3,2],[-2,0],[-2,0],[0,1],[-1,1],[0,1],[-2,2],[-1,2],[0,2],[0,3],[0,1],[2,0],[1,0],[4,-5],[3,-3],[1,-1],[4,0],[1,1],[1,3],[-1,3],[-2,5],[-2,3],[0,3],[-1,3],[1,3],[1,2],[2,7],[0,5],[1,1],[1,0],[1,-2],[8,-13],[3,-3],[2,-1],[2,1],[2,1],[0,3],[0,4],[0,2],[0,1],[1,1],[1,-1],[1,0],[1,2],[0,3],[0,2],[-6,7],[-5,5],[0,2],[0,2],[1,1],[2,0],[2,-2],[3,-4],[0,-1],[1,-2],[2,-2],[2,-3],[2,-1],[3,0],[1,0],[2,0],[2,-1],[1,-1],[0,-2],[-1,-3],[0,-1],[1,-1],[2,-2],[3,0],[7,3],[39,22],[23,15],[13,11],[7,7],[2,3],[3,1],[4,3],[3,3],[1,3],[1,0],[3,0],[2,-1],[3,1],[5,3],[2,3],[1,5],[1,3],[4,1],[4,0],[4,0],[4,2],[4,2],[3,3],[2,5],[2,5],[11,14],[6,7],[5,7],[10,9],[4,6],[3,7],[3,1],[6,0],[8,2],[7,-1],[5,1],[6,5],[4,5],[8,7],[5,2],[4,3],[4,5],[8,8],[7,3],[3,4],[3,4],[3,5],[2,1],[6,3],[4,3],[1,6],[4,5],[5,8],[6,5],[4,1],[5,5],[7,9],[5,4],[7,5],[12,8],[13,5],[9,6],[3,4],[2,1],[2,1],[2,2],[2,3],[2,2],[2,1],[3,0],[10,6],[2,2],[0,1],[1,1],[1,1],[1,1],[6,5],[2,3],[1,4],[2,3],[3,2],[5,3],[2,2],[1,1],[0,2],[1,1],[0,1],[2,0],[2,1],[4,3],[2,2],[4,3],[5,3],[1,2],[3,3],[1,1],[1,1],[1,0],[1,1],[2,3],[2,1],[2,1],[1,1],[1,1],[1,1],[1,2],[0,1],[0,1],[1,0],[1,0],[0,-1],[2,1],[4,2],[1,2],[1,2],[0,2],[0,1],[1,0],[1,0],[4,2],[3,2],[0,1],[1,0],[2,2],[2,3],[2,3],[2,1],[3,2],[3,0],[1,1],[2,0],[1,1],[0,1],[1,0],[0,1],[2,5],[0,3],[1,5],[3,4],[0,1],[1,1],[1,2],[4,1],[1,0],[2,2],[3,4],[0,2],[0,1],[2,0],[1,0],[2,1],[6,5],[4,6],[3,4],[1,4],[0,1],[0,2],[1,0],[3,-1],[4,-1],[0,-1],[1,-1],[2,-1],[2,0],[1,1],[0,1],[-1,1],[-2,4],[0,2],[0,1],[1,1],[2,0],[2,-1],[3,-4],[2,0],[1,0],[1,1],[0,2],[-3,5],[0,1],[1,0],[3,0],[2,1],[1,1],[0,2],[0,2],[0,1],[1,1],[5,2],[2,1],[1,2],[1,3],[1,0],[2,0],[1,1],[2,2],[3,4],[1,2],[0,4],[1,4],[1,3],[6,6],[2,1],[2,1],[1,2],[1,4],[1,2],[2,1],[3,1],[3,1],[1,2],[6,6],[3,6],[1,3],[1,4],[7,8],[1,2],[2,1],[1,0],[2,1],[3,4],[1,4],[1,1],[2,1],[4,0],[2,1],[1,4],[1,8],[1,3],[0,2],[1,1],[1,0],[2,3],[5,8],[5,5],[5,4],[4,4],[1,3],[1,3],[0,4],[0,1],[1,1],[1,0],[4,2],[5,4],[8,8],[4,7],[5,9],[2,6],[5,6],[7,11],[3,1],[3,1],[3,1],[4,3],[2,3],[8,5],[7,4],[3,2],[2,1],[1,-1],[2,-7],[3,0],[2,0],[9,7],[16,13],[14,11],[12,12],[11,12],[8,11],[5,6],[4,6],[0,2],[0,1],[-1,1],[-3,2],[0,1],[0,3],[0,2],[2,1],[1,2],[2,2],[4,2],[3,5],[3,2],[3,1],[3,0],[3,0],[2,0],[5,4],[7,6],[3,5],[3,3],[3,6],[1,3],[2,2],[4,5],[3,5],[1,2],[0,4],[1,2],[1,3],[1,5],[-1,4],[1,2],[1,2],[3,3],[3,3],[3,4],[2,6],[1,10],[1,6],[2,3],[2,7],[4,4],[2,4],[1,3],[4,5],[4,6],[3,2],[3,1],[4,1],[4,2],[5,7],[8,16],[4,8],[2,2],[2,0],[4,1],[5,1],[3,2],[5,8],[3,8],[1,2],[1,3],[2,5],[1,3],[-1,4],[0,3],[1,3],[3,7],[3,5],[4,7],[3,8],[2,11],[3,9],[3,8],[2,4],[2,2],[2,3],[1,3],[2,3],[4,4],[3,4],[2,4],[1,3],[2,2],[1,1],[1,1],[1,1],[2,1],[1,1],[4,3],[6,8],[4,7],[2,6],[2,5],[5,10],[7,13],[2,7],[1,5],[0,5],[1,4],[0,4],[0,9],[0,1],[1,1],[1,1],[1,4],[0,8],[-1,8],[-1,8],[-7,19],[0,4],[0,5],[1,6],[2,5],[3,4],[3,4],[3,5],[1,3],[3,5],[4,3],[5,5],[3,2],[9,3],[4,1],[2,1],[6,7],[4,6],[7,10],[5,5],[7,7],[5,7],[6,7],[2,3],[4,3],[3,4],[2,7],[5,8],[4,8],[2,5],[0,4],[1,2],[5,8],[7,10],[2,2],[1,2],[1,2],[1,2],[0,1],[1,0],[1,1],[1,1],[2,2],[0,2],[0,2],[1,1],[2,1],[2,2],[3,6],[6,10],[1,4],[1,4],[1,5],[1,4],[0,6],[2,6],[3,4],[5,10],[3,6],[6,4],[8,5],[6,2],[7,1],[4,2],[3,2],[3,2],[1,3],[2,4],[1,2],[1,3],[3,4],[1,4],[1,2],[0,3],[7,13],[4,8],[3,3],[3,4],[2,4],[3,3],[1,0],[2,0],[4,3],[4,6],[10,8],[5,4],[6,6],[6,11],[3,4],[1,1],[1,1],[0,1],[1,0],[2,0],[4,3],[6,4],[9,6],[7,9],[11,8],[9,6],[7,5],[2,3],[2,4],[0,4],[1,1],[0,1],[0,1],[1,1],[0,1],[1,1],[2,2],[2,5],[2,4],[2,4],[2,2],[6,2],[4,3],[3,2],[3,2],[5,2],[4,2],[3,1],[2,2],[2,2],[4,5],[2,4],[3,7],[3,11],[3,5],[2,4],[2,4],[1,4],[2,5],[2,2],[4,3],[3,6],[3,5],[1,2],[2,0],[3,0],[3,2],[3,4],[2,3],[2,2],[1,1],[3,0],[3,0],[3,0],[5,2],[6,4],[4,3],[6,3],[6,5],[6,8],[4,4],[2,3],[1,2],[1,2],[1,2],[2,0],[2,2],[3,2],[3,3],[2,2],[1,0],[2,0],[2,0],[2,2],[5,4],[2,4],[1,2],[1,0],[3,1],[5,5],[2,1],[3,1],[3,0],[6,1],[7,1],[5,2],[5,2],[8,1],[5,0],[7,-1],[6,-1],[7,0],[4,0],[4,0],[4,0],[5,-1],[3,1],[3,1],[5,6],[4,3],[4,2],[4,1],[5,0],[5,1],[6,2],[5,3],[3,0],[8,0],[10,0],[4,0],[4,0],[4,0],[4,0],[4,-1],[5,-2],[6,-2],[3,-3],[2,-5],[2,-3],[1,-5],[1,-6],[0,-5],[0,-8],[-1,-11],[-1,-7],[1,-6],[1,-4],[1,-5],[7,-5],[11,-7],[8,-5],[6,-2],[4,-1],[4,0],[2,1],[2,2],[3,4],[4,4],[2,4],[2,6],[3,6],[3,5],[3,2],[3,2],[3,1],[4,-1],[3,-3],[4,-4],[3,-2],[4,-2],[4,0],[7,0],[5,1],[6,2],[8,2],[7,3],[5,2],[4,2],[5,2],[6,3],[2,2],[2,1],[2,1],[3,0],[2,0],[5,-1],[5,-2],[4,-1],[7,-2],[5,-1],[6,0],[6,-1],[6,-1],[6,-2],[3,-1],[3,-1],[2,1],[3,-1],[1,-1],[2,-1],[3,0],[3,1],[4,2],[2,2],[1,1],[2,2],[2,0],[3,3],[1,3],[1,3],[3,5],[4,3],[5,4],[4,1],[4,1],[4,-1],[2,-2],[3,-2],[3,-3],[5,-4],[4,-4],[3,-1],[4,0],[3,0],[2,-1],[4,-1],[6,-3],[5,-2],[6,-3],[6,-2],[6,-3],[6,-1],[5,-1],[5,0],[2,0],[2,0],[3,2],[2,0],[3,-1],[4,-2],[7,-8],[5,-5],[3,-4],[2,-3],[2,-5],[2,-5],[1,-7],[1,-4],[0,-4],[1,-9],[0,-5],[0,-5],[1,-4],[0,-3],[1,-4],[1,-4],[2,-4],[2,-7],[0,-9],[1,-4],[2,-3],[4,-2],[1,-2],[0,-1],[2,-5],[2,-5],[2,-4],[1,-3],[2,-1],[1,-2],[2,-3],[3,-4],[5,-5],[5,-5],[3,-3],[2,-3],[2,-2],[1,-1],[1,-2],[2,-2],[1,-5],[2,-4],[4,-4],[4,-5],[5,-6],[2,-2],[1,0],[2,-1],[2,-2],[-1,-1],[0,-2],[0,-1],[1,-5],[1,-7],[2,-6],[4,-16],[0,-8],[0,-9],[-1,-5],[-1,-5],[0,-5],[2,-8],[2,-11],[2,-8],[2,-6],[2,-8],[7,-21],[0,-5],[1,-5],[1,-4],[2,-6],[7,-10],[15,-23],[3,-7],[3,-4],[9,-8],[4,-3],[2,-1],[2,1],[2,-1],[2,-1],[2,0],[1,1],[3,2],[4,2],[3,-1],[8,-3],[5,-1],[4,-1],[2,-1],[2,-1],[2,-1],[0,-1],[1,-2],[1,-2],[3,-4],[9,-10],[5,-5],[6,-11],[4,-9],[4,-8],[7,-9],[1,-2],[0,-1],[0,-2],[0,-3],[1,-7],[4,-11],[2,-7],[3,-4],[2,-3],[4,-3],[2,-2],[2,-2],[3,-5],[6,-8],[8,-12],[7,-12],[4,-6],[4,-8],[4,-10],[5,-19],[3,-14],[2,-8],[2,-10],[2,-11],[1,-5],[3,-7],[5,-4],[10,-2],[25,-2],[122,3],[84,4],[77,8],[87,15],[89,23],[61,19],[70,22],[60,21],[56,23],[59,21],[37,16],[33,15],[27,9],[43,13],[43,19],[50,20],[40,15],[20,8],[33,12],[5,5],[9,8],[5,2],[33,9],[14,6],[49,26],[30,10],[15,7],[9,4],[10,6],[39,18],[53,23],[50,25],[68,31],[48,27],[69,32],[21,11],[28,17],[20,10],[17,10],[34,21],[19,12],[49,28],[27,18],[36,22],[30,20],[15,11],[25,16],[32,25],[22,17],[35,26],[28,22],[15,14],[7,6],[39,30],[19,11],[47,36],[41,33],[37,29],[42,36],[40,30],[47,41],[59,51],[21,18],[49,45],[44,39],[41,40],[29,27],[22,21],[18,20],[16,19],[12,17],[16,18],[38,55],[17,31],[4,12],[4,7],[4,7],[2,5],[5,14],[0,6],[-1,4],[-5,6],[-8,6],[-8,8],[-2,4],[-1,6],[-1,2],[0,4],[0,2],[-1,3],[-3,10],[-1,3],[-1,4],[0,3],[-2,9],[0,3],[1,3],[2,8],[0,6],[0,7],[-2,7],[-5,12],[-3,9],[-7,16],[-1,4],[0,3],[3,21],[1,7],[1,6],[1,5],[1,4],[0,2],[3,5],[9,18],[2,5],[1,4],[0,5],[0,32],[0,14],[0,7],[4,26],[1,14],[1,7],[7,21],[6,14],[5,20],[6,23],[3,10],[1,5],[0,4],[-2,3],[-2,5],[-1,3],[-2,3],[-1,3],[-2,3],[-2,4],[-2,7],[-1,7],[-3,12],[-4,8],[-6,9],[-5,6],[-5,6],[-1,5],[0,5],[2,6],[6,11],[3,3],[4,3],[2,2],[3,3],[1,3],[2,2],[2,1],[4,2],[4,0],[7,0],[6,1],[6,2],[22,11],[20,14],[13,10],[12,13],[11,10],[3,5],[9,15],[5,5],[13,10],[12,11],[16,14],[19,21],[17,18],[14,15],[8,10],[9,12],[13,17],[21,29],[18,23],[12,17],[6,10],[12,17],[17,28],[12,20],[6,13],[7,18],[2,10],[1,7],[0,5],[-1,4],[0,1],[-2,1],[-1,-1],[-1,0],[-2,0],[0,1],[-1,1],[0,2],[0,2],[1,2],[0,1],[0,2],[0,1],[0,1],[3,1],[1,1],[4,4],[4,6],[1,3],[0,2],[-1,1],[1,1],[0,1],[2,0],[1,1],[5,5],[4,6],[4,7],[3,6],[8,17],[9,15],[7,9],[6,16],[7,18],[13,27],[12,30],[8,25],[4,13],[4,12],[3,10],[8,15],[7,12],[7,13],[2,8],[0,6],[2,9],[4,11],[4,9],[4,13],[2,10],[1,12],[1,4],[6,16],[6,15],[5,13],[2,8],[2,14],[2,13],[6,17],[3,5],[7,7],[13,15],[9,10],[10,9]],[[27171,14525],[-416,0],[-360,-7],[-130,15],[-359,-8],[-359,0],[-81,4],[-18,0],[-261,11],[-359,0],[-364,0],[-354,0],[-359,-7],[-359,21],[-263,-5],[-96,-2],[-360,0],[-359,0],[-196,-4],[-163,-3],[-159,0],[-1,0],[-199,0],[-305,0],[-359,14],[-359,0],[-359,0],[-359,-7],[-359,0],[-360,0],[-359,14],[-359,0],[-359,-7],[-359,0],[-359,-7],[-360,0],[-359,14],[-359,0],[-359,-7],[-359,0],[-365,0],[-353,-7],[-360,0],[-359,14],[-359,0],[-359,-7],[-359,0],[-359,-7],[-365,0],[-359,14],[-359,0],[-359,-7],[-354,0],[-359,-7],[-6074,-104],[-23,-1],[-261,-6],[-649,-13],[5,276],[-486,-46],[-15,0],[-1,0],[-8,-3],[-18,-7],[0,-1],[-4,-3],[-1,0],[-16,-8],[90,-195],[10,-18],[7,-16],[-94,-418],[-79,-463],[-66,-371]],[[77465,50790],[11,-28],[103,-433],[153,-671],[134,-589],[130,-570],[147,-644],[117,-516],[115,-504],[103,-450],[96,-423],[111,-476],[79,-339],[24,-330],[28,-339],[39,-479],[73,-880],[20,-389],[25,-475],[27,-527],[25,-479],[22,-433],[16,-305],[22,-442],[19,-377],[21,-422],[12,-220],[10,-213],[27,-433],[11,-433],[27,-440],[27,-433],[11,-433],[27,-433],[27,-433],[22,-433],[17,-440],[21,-433],[33,-433],[5,-433],[33,-440],[22,-433],[16,-433],[22,-398],[27,-440],[27,-433],[22,-433],[16,-433],[22,-440],[27,-433],[28,-433],[16,-433],[22,-433],[27,-440],[27,-433],[22,-433],[16,-440],[27,-433],[22,-433],[33,-433],[22,-440],[10,-433],[8,-124]],[[79916,23970],[-1389,1379],[-941,634],[-2669,570],[-1517,951],[-2355,1583],[-2407,1456],[-692,608],[-668,595],[-1884,759],[-1779,380],[-1622,1707],[-941,1517],[-71,57],[-871,701],[-795,140]],[[79916,23970],[20,-309],[21,-433],[33,-440],[6,-433],[32,-433],[22,-440],[27,-433],[27,-433],[11,-440],[27,-433],[28,-433],[21,-433],[11,-440],[28,-433],[27,-433],[27,-441],[6,-101],[21,-332],[11,-433],[27,-440],[22,-433],[5,-107],[40,-800],[-91,1],[-221,2],[-121,1],[-28,1],[-568,5],[-9589,95],[-359,7],[-365,0],[-359,0],[-359,8],[-359,0],[-359,0],[-360,0],[-359,0],[-353,7],[-360,0],[-364,0],[-359,7],[-359,0],[-360,0],[-359,0],[-359,7],[-359,0],[-359,0],[-354,0],[-359,7],[-359,0],[-365,0],[-359,0],[-183,0],[-176,0],[-359,-14],[-202,7],[-359,7],[-359,0],[-359,0],[-354,0],[-359,0],[-359,-14],[-359,0],[-254,0],[-111,0],[-359,0],[-359,7],[-359,0],[-359,0],[-359,0],[-360,0],[-353,0],[-312,-13],[-47,-1],[-332,0],[-360,0],[-364,0],[-359,-15],[-359,0],[-337,0],[-17,0],[-359,8],[-359,0],[-360,-22],[-359,0],[-359,0],[-359,0],[-359,-14],[-359,0],[-359,0],[-360,0],[-359,-14],[-359,0],[-359,0],[-359,0],[-359,-21],[-360,0],[-359,0],[-15,0],[-17,0]],[[86576,92947],[982,-454],[467,-159],[588,-82],[818,90],[602,151],[2922,771],[788,337],[1079,145],[1217,-162],[488,-127],[1258,-289],[2214,-779],[0,-493],[-16,-845],[0,-859],[0,-845],[5,-859],[0,-837],[0,-866],[0,-838],[6,-859],[0,-844],[0,-859],[0,-859],[0,-845],[5,-859],[0,-844],[0,-859],[-16,-838],[0,-859],[5,-844],[0,-859],[0,-859],[0,-845],[6,-859],[0,-837],[0,-859],[0,-859],[0,-845],[0,-859],[0,-298],[-71,-28],[-376,-114],[-370,-127],[-375,-114],[-365,-114],[-375,-134],[-376,-114],[-370,-114],[-370,-113],[-348,-220],[-756,-454],[-376,-242],[-375,-213],[-376,-241],[-381,-213],[-375,-241],[-376,-220],[-375,-235],[-376,-220],[-342,-64],[-370,-63],[-365,-64],[-370,-64],[-370,-57],[-365,-64],[-370,-64],[-370,-64],[-364,-64],[-370,-63],[-370,-64],[-566,-476],[-354,-291],[-359,-270],[-354,-291],[-354,-291],[-353,-291],[-354,-291],[-354,-291],[-353,-291],[-360,-277],[-353,-291],[-354,-291],[-354,-291],[-353,-291],[-360,-291],[-353,-291],[-16,-12]],[[2834,13150],[-1,-7],[-3,-20],[-5,-26],[-51,-289],[-26,-146],[-64,-360],[-15,-83],[-77,-435],[-76,-439],[-78,-440],[-78,-440],[-76,-435],[-77,-438],[-32,-190],[-78,-231],[-48,-201],[-31,-117],[-43,-131],[-29,-109],[-34,-125],[-35,-125],[-34,-141],[-49,-106],[-55,-107],[-54,-113],[-49,-107],[-54,-106],[-52,-68],[-19,-25],[-44,-110],[-46,-114],[-4,-17],[-5,-24],[-20,-85],[-17,-144],[-7,-62],[-7,-61],[-27,-147],[-9,-97],[-7,-95],[-3,-158],[5,-170],[-5,-156],[-11,-164],[-27,-135],[-22,-142],[-38,-127],[-38,-121],[-17,-132],[-21,-113],[-10,-138],[-35,-133],[-18,-98],[-20,-103],[1,-52],[-21,-93],[-3,-137],[-5,-157],[-29,-174],[-1,-4],[-6,-19],[-147,-456],[-35,-231],[-8,-34],[-9,-33],[-41,-169],[-28,-118],[-4,-47],[-6,-70],[18,-279],[18,-250],[9,-73],[18,-184],[12,-103],[78,-923],[16,-156],[102,-496],[88,-481],[-2,-1],[-2,-2],[-2,-1],[-3,-1],[-2,1],[-1,1],[-1,1],[0,1],[0,2],[1,1],[0,2],[-1,0],[-1,1],[-1,4],[-2,6],[-6,12],[-3,5],[-3,5],[-2,6],[-4,6],[-4,13],[-2,5],[-1,6],[-2,4],[-2,4],[-3,4],[-3,3],[-1,3],[-1,3],[-3,4],[-2,6],[-2,3],[-1,3],[-4,6],[-2,3],[-3,5],[-4,6],[-3,2],[-1,2],[-4,2],[-2,2],[-3,2],[-3,2],[-4,4],[-5,5],[-3,3],[-4,3],[-5,5],[-2,2],[-2,2],[-5,5],[-3,4],[-3,5],[-3,3],[-2,4],[-2,3],[-2,0],[-1,1],[-2,1],[-2,2],[-3,6],[-3,7],[-3,3],[-4,5],[-4,6],[-4,7],[-5,8],[-2,5],[-3,6],[-1,7],[-1,10],[-2,13],[-4,37],[-2,14],[-2,12],[-5,17],[-5,22],[-4,13],[-4,13],[-9,29],[-5,17],[-5,17],[-5,12],[-6,12],[-5,12],[-8,11],[-13,11],[-11,5],[-8,0],[-4,-1],[-2,-4],[-2,-8],[-3,-1],[-2,0],[-12,15],[-6,4],[-5,3],[-4,3],[-7,8],[-8,20],[-9,20],[-7,19],[-3,12],[-2,12],[-1,24],[0,24],[1,28],[-2,35],[-4,29],[-10,45],[-4,20],[-4,8],[-4,4],[-11,3],[-5,4],[-7,6],[-7,6],[-8,6],[-7,2],[-4,3],[-1,3],[-5,10],[-5,28],[-3,15],[-5,25],[-4,25],[-4,29],[-3,23],[-3,15],[-3,14],[-5,13],[-6,14],[-5,12],[-10,21],[-6,7],[-4,3],[-7,2],[-4,0],[-11,1],[-10,2],[-7,0],[-5,1],[-3,2],[-4,4],[-2,4],[-3,14],[-2,16],[-3,8],[-2,6],[-4,16],[-6,11],[-9,11],[-11,38],[-4,9],[0,5],[0,10],[-5,33],[-2,16],[-1,3],[-2,1],[-2,-1],[-3,1],[-1,1],[-5,16],[-4,19],[-7,20],[-7,13],[-7,12],[-6,9],[-15,19],[-11,12],[-12,9],[-11,8],[-16,6],[-9,-3],[-18,-5],[-7,-4],[-10,-10],[-6,-7],[-3,-7],[-3,-4],[-5,-3],[-5,0],[-5,1],[-5,4],[-10,11],[-13,11],[-10,7],[-7,5],[-4,2],[-5,-1],[-7,1],[-7,0],[-6,0],[-4,-2],[-5,-1],[-4,-3],[-3,-2],[-3,-3],[-1,-2],[-2,-2],[-1,-1],[-1,-1],[-4,-7],[-1,-4],[0,-3],[1,-3],[1,-3],[1,-4],[2,-3],[3,-2],[5,0],[2,0],[1,-1],[0,-3],[0,-6],[1,-3],[1,-4],[-1,-2],[-3,-1],[-6,2],[-3,3],[-3,6],[-3,2],[-2,0],[-1,-1],[-1,0],[-1,4],[-2,3],[-4,8],[-3,18],[-1,6],[-3,9],[-8,13],[-12,23],[-8,12],[-3,1],[-3,1],[-2,2],[0,5],[1,5],[-2,13],[-10,37],[-9,20],[-9,11],[-5,6],[-6,9],[-6,12],[-5,3],[-3,0],[-2,-1],[-5,-2],[-8,1],[-5,-1],[-4,-3],[-2,0],[-4,2],[-2,3],[-3,13],[0,5],[2,7],[1,6],[-1,9],[-3,8],[-4,11],[-2,13],[0,5],[0,6],[6,24],[0,3],[-1,3],[-2,1],[-2,3],[-5,5],[-4,8],[-3,4],[-2,6],[-1,9],[1,12],[0,8],[-3,14],[-2,8],[-7,8],[-5,5],[-2,6],[-1,12],[-1,2],[0,3],[0,1],[1,1],[2,1],[4,6],[2,12],[1,12],[2,11],[4,11],[5,17],[2,17],[1,17],[1,16],[3,10],[4,7],[6,6],[6,5],[12,11],[9,9],[10,10],[11,10],[12,13],[18,21],[14,15],[9,9],[27,29],[23,23],[23,27],[21,29],[11,17],[4,5],[7,10],[10,15],[14,22],[8,11],[5,7],[3,8],[9,17],[5,8],[9,16],[18,31],[7,11],[30,61],[14,36],[16,43],[7,17],[14,32],[5,18],[2,8],[4,10],[7,12],[7,17],[3,11],[3,10],[6,15],[3,10],[3,12],[3,11],[7,23],[8,22],[8,22],[3,12],[5,13],[3,12],[5,16],[6,22],[6,32],[4,50],[4,19],[1,9],[1,6],[-1,20],[-4,29],[-2,9],[-1,2],[-2,2],[-2,3],[0,4],[0,7],[1,26],[0,16],[-4,24],[-4,16],[-6,13],[-7,7],[-6,3],[-4,1],[-5,-1],[-12,-7],[-3,0],[-3,4],[-4,14],[-1,5],[4,20],[2,7],[2,11],[1,8],[0,16],[0,21],[-4,13],[-5,9],[-3,10],[-1,8],[-4,19],[-2,10],[-3,8],[-10,24],[-11,14],[-9,8],[-8,3],[-7,-1],[-8,-4],[-4,-4],[-3,-3],[-1,-2],[-1,0],[0,1],[-1,1],[0,3],[-1,1],[-1,4],[-1,5],[-1,5],[-3,3],[-2,1],[-2,2],[0,3],[2,8],[1,5],[2,15],[2,23],[0,26],[-6,37],[-4,16],[-6,14],[-14,19],[-10,8],[-4,1],[-6,1],[-6,-2],[-3,-4],[-2,-4],[-2,-1],[-1,1],[-4,11],[-6,22],[-8,14],[-8,6],[-8,5],[-7,0],[-7,-2],[-4,-5],[-1,-11],[-1,-1],[-2,1],[-2,5],[-3,11],[-1,13],[0,6],[-2,4],[-5,5],[-1,3],[0,5],[2,5],[1,27],[-2,10],[-3,6],[-2,3],[-2,1],[-5,0],[-2,0],[-2,2],[-1,4],[-1,8],[1,10],[2,9],[-1,13],[0,8],[-1,7],[-1,7],[-1,8],[-3,16],[-3,18],[-3,7],[-5,7],[-6,6],[-11,3],[-4,3],[-4,6],[-3,7],[-1,12],[3,14],[8,21],[3,18],[8,17],[4,19],[3,8],[6,7],[5,12],[2,8],[1,13],[1,4],[4,8],[2,10],[2,9],[3,9],[6,22],[1,9],[1,2],[5,2],[9,14],[3,9],[6,21],[7,16],[2,7],[0,9],[-3,8],[1,5],[2,3],[7,8],[6,9],[5,11],[1,10],[-1,12],[1,9],[9,29],[9,29],[5,14],[5,7],[5,9],[4,10],[2,21],[0,35],[-2,8],[0,6],[4,8],[8,22],[4,12],[1,11],[0,7],[-5,10],[-1,3],[1,4],[6,13],[6,16],[3,13],[3,16],[-1,7],[0,4],[0,7],[0,4],[0,16],[4,29],[6,31],[6,15],[5,22],[2,28],[2,15],[-4,21],[-3,13],[0,8],[2,9],[6,20],[4,13],[11,23],[8,14],[4,15],[2,21],[4,16],[5,14],[5,14],[7,11],[9,12],[10,14],[10,17],[17,27],[12,19],[8,17],[13,34],[5,12],[3,16],[5,14],[9,15],[10,20],[9,16],[4,8],[3,5],[11,14],[3,5],[2,5],[4,12],[1,3],[6,7],[11,12],[11,19],[10,19],[5,7],[7,10],[6,12],[0,9],[-1,7],[0,4],[0,4],[2,4],[4,3],[9,11],[7,12],[0,4],[1,5],[-3,17],[-4,20],[-1,7],[0,5],[1,9],[1,4],[4,7],[3,6],[5,10],[5,8],[5,9],[3,9],[5,16],[3,9],[5,11],[1,6],[1,6],[2,8],[1,7],[1,4],[0,7],[0,11],[0,3],[10,20],[2,8],[3,5],[5,6],[4,6],[4,9],[4,26],[2,7],[3,14],[1,9],[-2,9],[-1,5],[-1,5],[-1,3],[0,4],[3,6],[1,5],[0,10],[0,3],[1,4],[3,0],[1,1],[-1,1],[0,1],[1,1],[1,2],[0,6],[0,6],[1,4],[3,3],[4,0],[2,2],[0,5],[2,7],[3,10],[0,6],[0,2],[0,2],[5,7],[6,17],[6,11],[6,13],[4,13],[2,9],[5,10],[5,10],[3,9],[2,8],[1,6],[-1,6],[-2,3],[-2,2],[0,1],[0,2],[-1,1],[1,2],[0,1],[0,2],[1,1],[1,5],[1,3],[-1,5],[-1,1],[-1,2],[-1,1],[1,3],[-1,5],[-1,12],[-3,3],[-2,2],[-1,1],[-1,2],[1,3],[0,3],[2,5],[0,9],[-1,7],[-1,2],[-2,0],[-3,-3],[-2,0],[-2,1],[-1,2],[-1,7],[-2,7],[-1,3],[0,4],[-1,7],[0,11],[0,10],[0,10],[0,7],[0,5],[4,19],[1,6],[0,6],[-3,7],[-2,7],[0,4],[0,13],[3,12],[3,8],[3,9],[2,12],[0,7],[0,7],[0,4],[4,10],[2,4],[2,18],[2,17],[2,33],[0,6],[0,10],[-1,6],[-4,6],[-2,3],[-4,2],[-4,0],[-3,-1],[-1,0],[-1,0],[-1,1],[-1,4],[-4,9],[-1,3],[-2,2],[-4,2],[-2,-1],[-1,-1],[-1,0],[-1,0],[-1,1],[1,1],[1,0],[0,1],[0,1],[-2,3],[0,2],[1,1],[0,1],[0,1],[-1,0],[-1,1],[1,1],[2,1],[1,1],[0,2],[0,1],[-2,2],[-1,2],[0,2],[1,3],[1,3],[3,7],[1,3],[2,4],[2,3],[1,2],[1,2],[5,11],[7,26],[2,6],[1,3],[1,2],[1,1],[2,4],[1,2],[2,1],[2,0],[0,2],[0,2],[-5,7],[0,2],[0,1],[2,0],[1,1],[0,2],[0,4],[-1,3],[0,2],[1,4],[1,4],[-1,5],[-2,5],[-1,4],[0,2],[2,3],[0,2],[0,2],[-1,4],[0,2],[1,2],[2,0],[2,-1],[1,1],[0,3],[1,1],[2,1],[0,1],[-1,2],[-4,3],[-1,1],[0,3],[0,4],[-1,1],[-1,3],[-2,7],[0,2],[4,5],[0,3],[0,2],[-2,3],[-8,6],[-3,4],[0,2],[1,2],[2,-1],[2,0],[1,0],[2,1],[5,6],[3,6],[5,12],[4,12],[1,3],[1,3],[2,4],[1,9],[0,4],[1,4],[1,7],[0,5],[0,3],[0,3],[0,3],[0,2],[-1,3],[-2,1],[-5,1],[-3,2],[-1,1],[0,3],[2,14],[1,1],[1,1],[2,1],[1,2],[-1,1],[1,2],[0,1],[1,2],[0,3],[1,2],[0,1],[0,4],[1,5],[0,3],[-1,7],[1,1],[1,0],[2,0],[0,1],[1,1],[0,3],[0,1],[1,2],[-1,9],[-2,2],[-3,1],[-1,1],[0,3],[2,1],[3,-1],[3,0],[1,1],[1,4],[0,5],[-1,1],[-3,3],[-2,2],[-1,3],[-1,4],[0,1],[5,3],[1,4],[-2,7],[-5,3],[-1,1],[-1,13],[-1,4],[0,2],[1,2],[1,2],[-1,2],[-3,2],[-1,2],[-3,3],[0,4],[0,5],[0,4],[1,5],[1,3],[1,7],[0,4],[-1,6],[0,2],[-2,4],[-3,8],[-1,2],[-1,4],[-2,4],[-1,5],[0,6],[2,4],[3,1],[2,2],[0,3],[-1,2],[0,1],[1,0],[1,1],[1,3],[-1,2],[-6,1],[-6,4],[-1,2],[0,2],[0,2],[1,1],[2,-1],[4,-3],[2,0],[4,3],[2,3],[1,6],[0,8],[-1,2],[0,3],[0,3],[2,4],[0,5],[0,8],[-2,4],[0,2],[4,4],[1,2],[0,2],[-2,2],[-6,6],[-1,3],[0,4],[2,2],[3,-1],[2,1],[1,2],[0,2],[-1,3],[-1,5],[-2,4],[0,6],[-2,4],[0,3],[1,3],[2,5],[1,7],[-1,10],[-3,7],[-3,5],[0,4],[1,7],[-1,6],[-3,3],[0,2],[0,2],[1,1],[1,1],[-1,4],[-2,10],[-3,9],[-1,6],[-1,5],[-1,12],[-1,7],[-3,10],[-3,6],[-3,3],[0,2],[-1,7],[-2,5],[-1,4],[0,4],[2,5],[3,5],[1,7],[0,6],[0,8],[2,4],[5,5],[6,6],[4,5],[2,9],[3,12],[0,4],[0,4],[0,2],[1,2],[1,4],[0,3],[1,3],[-1,2],[-1,2],[-3,3],[-4,1],[-1,0],[-1,2],[0,3],[0,1],[3,6],[0,2],[0,1],[-1,2],[-3,5],[0,1],[-1,1],[1,13],[-1,6],[0,1],[1,3],[0,6],[0,5],[-1,3],[-1,5],[0,5],[0,2],[1,5],[0,3],[-1,2],[-1,2],[-1,1],[1,2],[1,0],[3,1],[2,0],[1,0],[1,2],[1,4],[0,8],[1,5],[-1,1],[-1,5],[0,1],[1,3],[0,1],[0,1],[0,1],[2,1],[3,3],[2,2],[0,3],[1,6],[-1,5],[0,1],[0,1],[1,1],[1,2],[2,7],[0,3],[0,2],[1,4],[3,6],[2,3],[0,1],[0,2],[1,3],[1,3],[0,6],[-1,1],[-1,1],[-1,3],[0,9],[-1,5],[-1,2],[-1,2],[-3,5],[0,1],[0,1],[0,1],[1,0],[2,1],[2,0],[1,2],[1,2],[-1,2],[-1,2],[-2,2],[-1,3],[-3,6],[1,2],[0,1],[4,4],[1,2],[0,1],[-1,2],[0,2],[1,2],[2,5],[0,1],[0,2],[0,1],[0,3],[1,2],[1,1],[1,2],[-1,3],[-1,2],[-1,1],[-1,1],[0,1],[-1,6],[-1,5],[-4,8],[-1,4],[0,4],[-1,5],[1,3],[0,2],[-1,4],[1,1],[1,-1],[3,1],[3,1],[2,2],[4,11],[1,4],[0,3],[0,1],[1,1],[1,1],[1,7],[1,6],[1,8],[0,3],[0,3],[0,3],[0,2],[2,4],[0,2],[0,2],[-1,2],[-2,1],[-1,1],[-2,0],[0,1],[-3,11],[-1,1],[-1,1],[-1,0],[-2,0],[-1,0],[-1,1],[1,1],[1,0],[1,1],[0,1],[0,1],[0,1],[-2,1],[-1,1],[1,0],[1,1],[1,0],[0,1],[0,2],[0,2],[0,2],[0,3],[0,2],[-3,5],[-2,6],[-3,5],[0,2],[-1,4],[-1,2],[-1,1],[-4,5],[-2,4],[-2,2],[-2,1],[-3,2],[-3,3],[-2,5],[-1,1],[0,1],[1,1],[1,0],[1,1],[1,1],[1,5],[0,2],[0,3],[0,2],[1,3],[1,4],[0,5],[-2,5],[-2,7],[-1,1],[-2,1],[-1,1],[-1,4],[0,3],[0,4],[1,2],[1,0],[0,1],[1,1],[0,2],[0,1],[0,1],[1,3],[0,2],[1,1],[0,4],[0,1],[0,1],[0,1],[1,2],[0,1],[0,1],[0,1],[0,4],[0,5],[-1,3],[-2,2],[-3,1],[0,1],[0,1],[1,1],[1,-1],[2,0],[1,1],[1,3],[0,2],[-2,1],[-1,1],[-1,2],[0,2],[1,3],[-1,2],[-1,2],[-4,4],[-1,3],[-4,6],[-1,2],[0,2],[1,3],[0,3],[-2,2],[0,3],[-1,3],[1,6],[0,4],[1,1],[3,2],[3,3],[1,5],[3,4],[0,7],[0,2],[2,2],[1,2],[0,4],[0,3],[1,2],[1,3],[-1,3],[-1,2],[0,1],[0,1],[1,0],[1,0],[1,0],[3,5],[1,1],[0,1],[2,0],[1,2],[2,4],[1,4],[0,7],[-1,6],[1,3],[2,4],[1,6],[0,6],[-1,4],[0,2],[1,2],[1,2],[1,2],[0,3],[-1,4],[-3,4],[-2,4],[-2,2],[0,2],[1,1],[2,1],[1,0],[1,1],[5,5],[0,2],[1,2],[-1,2],[-1,4],[-2,6],[-1,4],[-1,4],[0,4],[0,2],[2,2],[2,1],[2,1],[2,5],[0,2],[0,3],[-1,5],[0,3],[0,3],[1,4],[0,2],[0,3],[0,3],[1,2],[0,1],[1,3],[1,1],[0,3],[-1,4],[-1,2],[0,2],[1,2],[1,1],[0,2],[-2,2],[0,1],[-1,5],[1,8],[0,2],[1,3],[0,1],[1,0],[1,1],[3,2],[3,3],[0,2],[1,1],[1,0],[1,2],[2,4],[1,3],[1,2],[1,3],[1,8],[1,3],[2,2],[2,2],[2,1],[1,0],[2,0],[1,1],[1,2],[1,1],[2,2],[1,2],[0,3],[-1,4],[-1,2],[-1,2],[1,2],[1,2],[3,3],[3,4],[2,4],[1,3],[0,5],[2,2],[2,3],[1,4],[0,2],[0,3],[1,3],[1,3],[2,2],[2,3],[0,3],[-1,6],[0,8],[1,2],[0,1],[3,2],[4,2],[2,4],[2,4],[0,5],[1,2],[2,2],[2,1],[3,1],[2,3],[3,3],[4,10],[3,9],[1,6],[0,5],[-2,2],[-3,3],[-1,2],[0,2],[0,2],[1,1],[2,3],[2,6],[0,3],[-1,3],[0,2],[1,2],[0,2],[0,3],[0,3],[0,3],[0,3],[0,2],[-1,4],[-2,4],[0,3],[0,6],[2,4],[2,9],[2,12],[1,6],[0,4],[-3,7],[0,4],[0,2],[0,3],[2,5],[1,3],[0,2],[-1,6],[0,2],[0,2],[2,3],[1,4],[0,2],[0,2],[-1,2],[-1,3],[1,7],[1,2],[3,1],[2,1],[1,2],[1,4],[1,3],[1,2],[1,2],[1,2],[0,2],[0,3],[-2,4],[0,3],[1,3],[2,5],[4,5],[1,2],[2,2],[1,3],[1,2],[0,1],[0,1],[1,0],[1,3],[1,3],[2,9],[0,8],[-1,5],[-1,3],[-4,4],[-2,2],[0,1],[-1,3],[0,1],[0,1],[0,3],[-1,3],[0,1],[0,1],[1,2],[0,1],[0,1],[-1,4],[0,1],[0,2],[0,1],[1,2],[1,1],[1,0],[2,0],[1,2],[1,2],[2,5],[0,4],[1,0],[0,1],[2,1],[2,5],[1,2],[0,6],[0,2],[1,3],[0,3],[1,2],[0,1],[0,1],[1,1],[1,1],[0,3],[-1,4],[-1,3],[0,1],[0,1],[1,0],[3,1],[2,1],[2,2],[1,6],[0,4],[1,1],[1,2],[2,1],[1,4],[2,7],[0,3],[0,4],[0,3],[0,4],[-1,3],[-1,3],[-1,3],[-1,1],[1,3],[1,3],[1,2],[3,4],[3,5],[1,2],[1,1],[2,2],[1,3],[0,3],[0,3],[0,2],[0,1],[0,3],[1,3],[0,6],[0,5],[0,2],[-3,4],[-1,2],[-1,2],[0,1],[1,1],[2,0],[2,1],[1,1],[1,1],[1,1],[3,0],[4,-1],[1,1],[1,1],[1,5],[0,2],[-1,2],[1,1],[1,2],[0,6],[0,4],[-1,4],[0,5],[1,1],[2,2],[4,10],[2,3],[1,2],[0,2],[1,1],[2,3],[0,4],[0,1],[1,3],[1,2],[0,1],[0,2],[-2,1],[0,1],[0,2],[-2,4],[-2,2],[0,1],[0,1],[0,1],[2,0],[2,0],[2,1],[0,2],[1,3],[-1,3],[0,3],[0,2],[0,4],[0,2],[-1,2],[1,2],[0,1],[3,2],[2,3],[2,5],[1,6],[0,8],[0,9],[-1,8],[0,3],[-1,3],[-1,1],[0,1],[0,2],[1,3],[0,2],[-2,2],[-2,4],[-2,7],[-3,5],[-3,6],[-1,1],[1,2],[1,1],[1,2],[1,2],[0,3],[0,4],[0,6],[0,2],[-1,2],[-1,2],[0,1],[-1,2],[0,2],[1,1],[0,1],[-1,4],[-2,3],[-3,5],[0,3],[0,2],[1,3],[0,1],[1,1],[1,1],[0,3],[0,6],[-1,1],[0,1],[1,0],[3,0],[2,1],[3,3],[2,2],[1,2],[-1,4],[0,1],[1,1],[1,2],[1,0],[-1,1],[-1,4],[-1,4],[0,2],[0,1],[2,3],[1,1],[-1,2],[-2,5],[-1,2],[-1,5],[-2,5],[-1,3],[0,4],[-1,4],[-1,4],[1,3],[1,5],[-1,4],[0,3],[-1,3],[1,1],[0,1],[2,0],[1,0],[1,0],[1,1],[1,1],[1,1],[2,1],[1,4],[1,5],[2,6],[1,2],[0,3],[1,2],[1,1],[0,1],[1,2],[-1,2],[1,1],[0,7],[1,2],[1,6],[1,11],[1,4],[1,5],[0,7],[-1,5],[-1,2],[-2,2],[-3,3],[0,2],[0,1],[1,1],[3,-1],[1,1],[2,1],[0,1],[-1,3],[-2,5],[-1,4],[1,4],[1,7],[1,3],[2,8],[0,7],[-1,5],[0,2],[-1,3],[1,2],[-1,3],[0,4],[0,2],[1,4],[3,5],[6,9],[1,3],[0,3],[-1,4],[0,2],[1,3],[0,5],[0,2],[1,1],[2,1],[2,4],[0,2],[-1,4],[0,2],[0,1],[3,9],[1,5],[0,6],[-2,7],[-2,4],[-2,2],[0,2],[0,1],[2,3],[0,2],[1,4],[0,1],[2,2],[1,5],[1,8],[1,2],[1,2],[0,1],[-1,1],[0,2],[0,6],[-1,16],[1,6],[4,18],[1,3],[0,5],[-2,13],[-1,3],[0,2],[1,3],[1,5],[0,7],[0,7],[0,3],[1,3],[4,7],[2,6],[2,13],[1,11],[3,12],[3,11],[5,14],[2,8],[4,9],[3,9],[3,12],[5,15],[6,25],[10,42],[3,16],[2,9],[3,9],[2,8],[2,5],[1,5],[1,5],[1,5],[1,8],[1,10],[4,11],[3,11],[9,21],[2,5],[1,3],[1,1],[1,2],[1,3],[2,7],[3,5],[2,4],[2,5],[2,6],[1,6],[1,7],[0,2],[0,2],[-1,1],[0,1],[1,0],[1,1],[1,0],[0,1],[0,1],[-1,1],[0,1],[0,1],[1,0],[1,-2],[1,0],[1,1],[0,2],[0,1],[0,1],[0,1],[1,1],[2,2],[0,1],[1,2],[-1,4],[0,1],[0,1],[1,1],[2,1],[1,1],[1,7],[2,6],[0,2],[-1,3],[0,2],[2,5],[0,3],[0,1],[3,2],[2,2],[1,3],[1,3],[0,2],[1,0],[2,3],[1,1],[0,2],[0,3],[0,2],[1,2],[1,3],[0,3],[-1,2],[0,1],[0,2],[1,2],[0,3],[-1,2],[0,1],[0,1],[1,2],[2,3],[2,5],[1,4],[1,4],[0,5],[-1,1],[0,3],[1,3],[2,3],[2,5],[1,4],[1,1],[2,1],[2,1],[2,3],[0,2],[0,3],[0,3],[0,2],[0,2],[0,3],[0,3],[-1,2],[-1,2],[-1,1],[-1,2],[-1,3],[-1,2],[-1,3],[0,2],[1,1],[0,4],[0,3],[0,3],[1,5],[-1,3],[0,1],[1,1],[1,1],[2,1],[2,6],[1,4],[1,4],[-2,3],[-2,4],[-3,2],[-4,0],[-7,1],[-2,1],[-6,5],[-4,5],[-6,4],[-8,5],[-1,0],[-1,1],[-4,3],[-2,2],[-2,4],[0,2],[0,4],[1,4],[-2,7],[-1,4],[-2,2],[-2,3],[-1,4],[0,2],[1,2],[2,1],[1,1],[0,1],[-1,1],[-2,2],[-3,1],[-2,-1],[-1,-1],[-1,-2],[-1,0],[-4,1],[-4,6],[-6,8],[-2,2],[-1,3],[1,2],[1,2],[0,3],[0,3],[0,1],[1,1],[3,5],[1,3],[0,2],[-1,1],[-2,1],[-1,1],[-2,3],[-4,2],[-4,1],[-2,1],[-2,2],[0,1],[0,1],[1,3],[0,1],[0,2],[-2,1],[-1,1],[-2,2],[-2,2],[-6,2],[-4,1],[-2,1],[-1,1],[1,1],[1,1],[2,1],[1,2],[0,3],[-2,3],[-4,6],[-3,7],[-1,4],[-1,3],[0,2],[0,2],[2,3],[1,3],[2,1],[2,1],[0,2],[-1,1],[-1,2],[-2,1],[-1,1],[-2,2],[-2,0],[-1,2],[0,2],[1,4],[2,2],[2,1],[2,1],[0,2],[-1,1],[-1,1],[-3,0],[-1,1],[-1,2],[0,2],[0,3],[-1,3],[-2,3],[-3,4],[-1,4],[-2,4],[0,2],[-1,2],[-1,1],[1,0],[2,1],[2,1],[2,3],[0,5],[0,1],[-1,2],[-4,3],[-5,5],[-2,2],[-1,1],[0,1],[1,1],[1,0],[2,0],[3,3],[2,3],[1,3],[-1,3],[0,1],[1,1],[1,3],[0,2],[-1,2],[-1,1],[-1,1],[-1,1],[0,1],[0,1],[1,3],[-1,2],[0,2],[0,1],[-1,1],[0,1],[1,1],[0,1],[1,0],[1,0],[2,0],[1,1],[1,1],[1,1],[0,1],[-1,2],[-3,2],[0,3],[0,2],[3,5],[1,2],[0,3],[0,1],[0,1],[1,2],[-1,6],[0,4],[0,3],[1,3],[0,2],[0,2],[2,0],[1,1],[2,2],[1,5],[2,6],[0,3],[0,4],[-2,3],[-1,3],[-1,2],[-1,2],[-2,2],[-2,1],[-1,1],[0,1],[0,1],[1,0],[1,0],[3,2],[1,1],[2,1],[1,1],[-1,2],[-2,1],[-1,0],[-1,1],[-1,1],[-1,2],[-4,2],[-5,4],[0,1],[0,1],[0,1],[1,1],[1,0],[1,2],[1,3],[0,5],[-1,6],[0,2],[0,1],[1,1],[1,1],[2,5],[1,4],[0,3],[-1,9],[-2,18],[-1,6],[-1,4],[0,1],[0,1],[1,0],[1,0],[2,0],[2,1],[2,2],[1,1],[1,2],[0,1],[-1,2],[0,1],[0,2],[1,3],[0,2],[0,3],[-1,6],[-1,4],[-1,3],[0,3],[0,4],[1,3],[2,4],[1,2],[0,1],[-1,1],[0,1],[1,1],[2,4],[2,3],[1,2],[1,7],[-1,8],[0,1],[0,1],[1,1],[1,1],[2,2],[0,4],[0,4],[0,1],[1,1],[1,4],[3,7],[2,7],[1,3],[1,5],[1,5],[0,2],[0,3],[-1,2],[0,1],[0,1],[1,2],[1,2],[1,4],[0,3],[1,5],[0,3],[1,2],[0,4],[-1,2],[0,1],[1,2],[0,3],[1,10],[0,7],[-1,2],[-1,2],[-1,1],[1,3],[-1,3],[0,2],[-1,3],[0,2],[1,0],[3,0],[2,1],[2,1],[1,2],[0,4],[-1,3],[0,2],[0,1],[2,1],[2,2],[1,2],[0,3],[0,4],[-3,8],[-1,3],[0,4],[0,5],[-2,5],[0,2],[-1,2],[0,4],[-1,8],[-2,6],[-4,6],[-3,1],[-2,1],[-1,2],[0,1],[1,2],[3,0],[2,1],[2,3],[1,2],[0,4],[-1,4],[-2,3],[-1,3],[0,3],[1,1],[3,2],[4,4],[3,3],[0,3],[0,2],[-1,3],[-2,2],[-1,1],[0,1],[2,0],[0,1],[2,2],[0,2],[1,0],[2,1],[3,1],[2,3],[1,3],[1,4],[0,4],[-2,4],[-2,4],[-1,0],[0,2],[-1,3],[-1,3],[-1,6],[0,3],[0,1],[0,1],[0,3],[-1,14],[0,1],[0,1],[1,2],[1,5],[1,3],[0,4],[-2,3],[0,1],[0,2],[0,1],[-1,1],[-1,4],[-1,4],[-1,1],[-1,1],[-1,0],[-1,3],[-1,3],[1,2],[1,3],[1,6],[1,1],[0,1],[0,1],[0,1],[-1,1],[0,2],[1,1],[0,1],[2,1],[5,3],[1,1],[1,1],[0,2],[0,2],[-1,2],[-4,6],[-2,4],[-1,1],[1,1],[1,0],[1,1],[1,3],[0,2],[-1,3],[0,4],[1,3],[0,1],[0,1],[-1,1],[-1,1],[1,2],[0,2],[-1,3],[-1,5],[0,4],[-1,1],[0,2],[1,1],[0,1],[0,1],[-1,0],[0,1],[1,0],[1,1],[1,1],[1,0],[1,0],[1,1],[0,2],[2,4],[4,7],[1,2],[2,2],[1,2],[-1,3],[-1,3],[0,3],[0,11],[0,5],[-1,2],[-1,1],[0,1],[0,1],[1,1],[1,0],[1,0],[2,1],[3,4],[4,6],[2,6],[0,5],[-1,5],[-2,4],[0,2],[0,2],[0,2],[0,3],[0,5],[-1,7],[-1,2],[0,1],[1,1],[2,0],[2,3],[1,4],[3,18],[0,1],[-1,1],[0,3],[0,5],[1,2],[0,2],[-1,3],[0,3],[-1,1],[0,1],[1,1],[2,1],[2,1],[2,3],[2,4],[0,4],[0,6],[-1,4],[-1,4],[0,1],[0,1],[0,1],[1,1],[1,2],[2,4],[2,5],[0,2],[-1,3],[-2,4],[-1,2],[-1,2],[0,2],[-1,4],[1,3],[0,1],[1,0],[2,1],[1,3],[0,3],[-1,4],[-2,5],[-1,2],[-1,1],[0,2],[4,6],[1,4],[0,3],[0,3],[1,11],[0,6],[0,2],[2,1],[4,5],[1,3],[1,3],[1,3],[3,9],[3,7],[-1,4],[-1,4],[-1,7],[1,4],[1,4],[3,6],[3,4],[3,3],[2,1],[0,2],[0,2],[-1,3],[-1,3],[-1,2],[0,1],[0,1],[1,0],[0,1],[1,0],[0,1],[0,4],[0,2],[1,2],[0,1],[-1,1],[0,1],[1,0],[0,1],[1,1],[1,5],[0,1],[-1,3],[-1,1],[0,1],[0,1],[2,1],[0,1],[0,2],[-1,3],[-1,3],[0,2],[0,3],[0,2],[1,3],[2,2],[0,1],[-1,14],[0,2],[-1,5],[0,2],[0,2],[2,20],[1,8],[0,1],[1,2],[1,2],[0,7],[0,2],[0,7],[1,2],[1,1],[5,14],[1,3],[0,4],[0,5],[-1,5],[0,1],[-1,1],[0,1],[0,2],[0,1],[1,1],[1,1],[0,2],[0,4],[1,3],[1,2],[0,2],[-1,2],[0,4],[0,1],[0,1],[0,1],[1,0],[0,1],[-2,3],[0,1],[-2,1],[0,1],[0,1],[1,5],[4,7],[1,2],[0,1],[-1,17],[-1,8],[0,2],[0,2],[2,2],[1,3],[0,1],[0,2],[-1,2],[0,3],[0,5],[1,4],[-1,2],[0,3],[1,3],[2,3],[2,3],[4,6],[2,8],[1,5],[0,4],[0,5],[0,4],[0,2],[0,11],[1,2],[1,3],[3,4],[1,2],[1,3],[1,5],[0,7],[0,4],[-1,3],[-1,3],[-3,10],[0,3],[1,1],[3,2],[1,0],[2,-1],[1,1],[1,1],[1,2],[3,10],[1,6],[0,2],[-1,1],[0,2],[0,2],[0,1],[-1,2],[0,1],[0,3],[1,6],[1,3],[0,3],[0,1],[-1,1],[0,1],[3,8],[1,1],[0,2],[-1,1],[0,4],[2,8],[2,3],[1,4],[0,1],[0,2],[0,1],[1,1],[1,1],[2,0],[1,1],[1,1],[2,3],[1,4],[0,4],[0,4],[-1,3],[0,2],[0,1],[1,3],[2,2],[1,1],[0,1],[1,2],[2,8],[-1,5],[-1,2],[0,2],[0,1],[2,1],[1,0],[3,1],[4,2],[3,4],[3,6],[6,14],[2,3],[1,3],[1,4],[0,4],[2,4],[2,2],[2,6],[4,19],[0,3],[0,3],[3,12],[2,5],[5,10],[1,3],[1,3],[0,2],[-1,1],[-4,3],[-1,2],[-1,3],[0,4],[0,2],[2,1],[1,0],[0,1],[3,3],[0,1],[-1,7],[0,3],[1,3],[1,2],[0,2],[-1,1],[-2,3],[-2,3],[-2,8],[-1,5],[0,2],[1,0],[4,3],[2,1],[1,1],[1,2],[-1,2],[-1,5],[0,2],[0,2],[3,6],[2,2],[4,4],[7,7],[3,4],[1,4],[0,3],[0,5],[0,1],[-1,2],[1,3],[0,2],[1,1],[1,1],[1,0],[0,2],[1,1],[2,3],[4,11],[1,4],[0,3],[0,1],[2,2],[1,1],[2,2],[1,3],[0,4],[-1,6],[0,2],[0,1],[0,5],[0,5],[0,8],[-2,10],[-1,5],[0,3],[1,1],[0,2],[-1,2],[-4,8],[-1,4],[-2,3],[-5,5],[-1,2],[-1,2],[-1,2],[1,3],[2,4],[0,2],[0,2],[0,1],[2,0],[1,0],[1,0],[1,0],[1,2],[1,1],[0,2],[0,1],[1,1],[1,0],[1,1],[2,3],[5,10],[5,7],[4,7],[1,4],[0,4],[-1,3],[1,2],[0,3],[1,4],[1,4],[2,3],[2,4],[1,5],[1,4],[0,2],[0,2],[0,2],[0,2],[1,2],[1,1],[-1,2],[0,2],[0,1],[1,2],[3,8],[1,5],[4,5],[2,2],[1,2],[1,2],[-1,2],[-2,1],[-1,1],[0,2],[-1,1],[1,1],[1,0],[2,1],[1,1],[2,2],[1,3],[1,3],[0,2],[0,1],[2,4],[3,7],[0,3],[-2,1],[-1,2],[-2,2],[-5,6],[-2,4],[-1,3],[0,2],[1,3],[1,2],[1,0],[2,-1],[2,-2],[1,0],[1,0],[1,1],[0,5],[3,8],[3,7],[1,5],[1,3],[0,3],[-2,5],[-3,4],[-2,2],[-3,1],[-4,0],[-2,0],[-1,1],[-1,0],[0,2],[0,4],[-1,6],[0,4],[-1,3],[-1,2],[0,1],[0,2],[0,2],[0,2],[1,2],[-1,2],[-1,3],[0,2],[0,1],[0,2],[0,1],[0,1],[0,1],[1,0],[2,1],[1,1],[1,1],[0,4],[0,3],[-2,3],[-2,2],[-2,1],[-1,2],[-1,2],[-1,4],[1,3],[-1,5],[-1,4],[-1,3],[0,3],[0,2],[1,2],[1,1],[2,4],[1,4],[0,4],[1,1],[0,1],[2,0],[2,0],[1,1],[1,1],[4,10],[1,2],[0,2],[-2,2],[-1,2],[0,3],[1,3],[-1,3],[0,2],[-2,4],[0,5],[1,3],[1,3],[0,3],[-2,10],[-1,8],[-3,5],[-2,5],[-1,3],[0,2],[-1,2],[0,2],[0,2],[0,1],[0,2],[0,1],[0,1],[0,1],[1,-1],[1,0],[1,0],[1,0],[2,3],[1,2],[2,2],[1,0],[1,0],[1,1],[0,1],[1,2],[0,9],[0,6],[0,1],[0,1],[0,1],[2,2],[3,4],[1,1],[2,3],[2,2],[1,2],[1,2],[-1,2],[-1,5],[-1,3],[-2,4],[-5,11],[-2,5],[-3,3],[0,2],[0,2],[1,5],[0,2],[0,2],[-2,3],[0,3],[0,2],[1,4],[0,5],[0,2],[1,1],[1,1],[2,0],[1,0],[1,0],[1,1],[3,3],[2,4],[1,5],[3,9],[0,1],[2,0],[1,1],[3,4],[3,8],[7,15],[6,16],[8,21],[5,14],[4,7],[7,13],[4,11],[2,6],[4,8],[4,8],[2,6],[1,5],[0,8],[1,3],[1,2],[-1,2],[0,2],[-1,1],[0,2],[1,2],[1,2],[0,2],[-1,6],[0,4],[0,5],[0,4],[0,3],[2,3],[0,2],[0,3],[1,1],[1,1],[1,0],[1,2],[0,3],[0,4],[-1,6],[1,2],[0,3],[0,1],[1,1],[2,1],[1,0],[1,4],[1,4],[3,11],[1,1],[0,1],[-1,2],[0,1],[1,4],[1,0],[0,1],[1,0],[0,4],[0,1],[0,1],[1,1],[5,8],[3,5],[3,4],[0,2],[0,3],[0,1],[0,2],[1,7],[0,4],[1,1],[2,2],[2,1],[2,2],[1,3],[1,4],[0,4],[-1,7],[0,5],[1,3],[1,1],[3,1],[2,2],[3,9],[4,8],[5,13],[5,12],[4,13],[1,10],[1,3],[2,3],[2,2],[3,8],[2,10],[0,3],[0,3],[0,2],[0,2],[2,5],[0,7],[-2,5],[0,5],[-3,13],[1,8],[0,7],[-5,6],[-3,4],[-2,4],[-3,5],[-4,6],[-7,8],[-3,3]]],"bbox":[-17.1046266,20.7699004,-12,24.6832285],"transform":{"scale":[0.00005104677646776468,0.00003913367233672334],"translate":[-17.1046266,20.7699004]}}
